# Blender 5.0.1
# www.blender.org
mtllib tripo_convert_a51a88c4-5e07-4cb2-a522-38a71ade1d77.mtl
o tripo_part_0
v -0.018784 0.081155 0.380313
v -0.018700 0.109989 0.351164
v -0.018472 0.081433 0.334979
v -0.018456 0.082408 0.422099
v -0.018312 0.083370 0.351565
v -0.018100 0.112905 0.454955
v -0.018100 0.083714 0.385041
v -0.018079 0.111463 0.461745
v -0.018039 0.081667 0.462557
v -0.017990 0.082966 0.454013
v -0.017977 0.112920 0.385024
v -0.017955 0.111797 0.423340
v -0.017824 0.082070 0.345156
v -0.017490 0.114608 0.418248
v -0.017159 0.086226 0.356276
v -0.017004 0.083458 0.391385
v -0.016953 0.048768 0.338591
v -0.016950 0.111038 0.343432
v -0.016943 0.111410 0.391573
v -0.016875 0.109939 0.379859
v -0.016858 0.116390 0.460040
v -0.016638 0.083352 0.428374
v -0.016539 0.116731 0.353522
v -0.016444 0.050352 0.460913
v -0.016418 0.081265 0.394831
v -0.016203 0.081317 0.431138
v -0.016140 0.050641 0.474818
v -0.015962 0.111955 0.358363
v -0.015662 0.112724 0.449065
v -0.015481 0.117660 0.386803
v -0.015126 0.117141 0.343421
v -0.015118 0.083543 0.467890
v -0.014969 0.083415 0.376229
v -0.014953 0.083493 0.412032
v -0.014902 0.114141 0.412274
v -0.014795 0.083462 0.448073
v -0.014722 0.083205 0.339709
v -0.014721 0.111246 0.431231
v -0.014679 0.081253 0.361991
v -0.014662 0.112012 0.376122
v -0.014660 0.085580 0.395564
v -0.014614 0.083332 0.360266
v -0.014597 0.117431 0.380532
v -0.014208 0.117544 0.450778
v -0.014059 0.081170 0.337901
v -0.014049 0.111862 0.339038
v -0.013604 0.109981 0.469546
v -0.013392 0.112087 0.396671
v -0.013033 0.117679 0.393763
v -0.013033 0.116603 0.467860
v -0.012964 0.117530 0.430178
v -0.012484 0.050500 0.326892
v -0.012355 0.079483 0.486895
v -0.012112 0.111707 0.362631
v -0.011511 0.083474 0.434359
v -0.011382 0.079392 0.315745
v -0.010914 0.083399 0.398847
v -0.010640 0.083287 0.372550
v -0.010422 0.112192 0.399083
v -0.010204 0.083341 0.472079
v -0.010152 0.114187 0.444022
v -0.010066 0.081179 0.406324
v -0.010034 0.109859 0.372105
v -0.009877 0.064348 0.474879
v -0.009784 0.118019 0.361006
v -0.009641 0.111158 0.435366
v -0.009598 0.111522 0.407727
v -0.009545 0.117080 0.337802
v -0.009379 0.081256 0.473986
v -0.009336 0.117055 0.373791
v -0.009259 0.083234 0.443667
v -0.009219 0.081245 0.436953
v -0.009170 0.083702 0.335551
v -0.008961 0.083452 0.364329
v -0.008867 0.110973 0.335383
v -0.008864 0.124738 0.460196
v -0.008764 0.081253 0.442000
v -0.008600 0.124576 0.454394
v -0.008569 0.066089 0.324565
v -0.007609 0.125245 0.381955
v -0.007443 0.081182 0.369277
v -0.007392 0.141012 0.384789
v -0.007287 0.126478 0.418521
v -0.007227 0.145276 0.421677
v -0.007212 0.081228 0.402121
v -0.007157 0.126493 0.388402
v -0.007125 0.117582 0.397981
v -0.006891 0.144979 0.388321
v -0.006795 0.139474 0.457789
v -0.006780 0.145700 0.347430
v -0.006728 0.127225 0.347968
v -0.006682 0.145654 0.455172
v -0.006665 0.052240 0.462355
v -0.006613 0.139226 0.350127
v -0.006605 0.083293 0.406287
v -0.006583 0.083431 0.400764
v -0.006538 0.110006 0.365248
v -0.006533 0.142122 0.461081
v -0.006515 0.131425 0.458274
v -0.006464 0.112735 0.473132
v -0.006454 0.125003 0.390623
v -0.006318 0.127218 0.352130
v -0.006261 0.144098 0.353556
v -0.006243 0.066905 0.486857
v -0.006228 0.127241 0.424008
v -0.006227 0.138818 0.420405
v -0.006201 0.139085 0.386739
v -0.006150 0.083385 0.370764
v -0.006079 0.081176 0.333254
v -0.005992 0.129815 0.383587
v -0.005911 0.132596 0.387598
v -0.005511 0.052514 0.327326
v -0.005491 0.116348 0.407727
v -0.005189 0.139371 0.346488
v -0.005080 0.052614 0.473513
v -0.005038 0.139413 0.453997
v -0.004987 0.111221 0.370387
v -0.004886 0.139322 0.418048
v -0.004828 0.130018 0.454116
v -0.004695 0.139017 0.424790
v -0.004675 0.112787 0.401089
v -0.004516 0.065967 0.476565
v -0.004424 0.145288 0.380656
v -0.004398 0.083448 0.437197
v -0.004314 0.145036 0.417096
v -0.004175 0.066284 0.316813
v -0.004050 0.112554 0.442248
v -0.004029 0.054307 0.325846
v -0.003942 0.052877 0.338114
v -0.003857 0.139066 0.381934
v -0.003855 0.083434 0.473910
v -0.003788 0.126634 0.354758
v -0.003686 0.073612 0.486712
v -0.003658 0.064863 0.340373
v -0.003637 0.125018 0.343512
v -0.003595 0.125299 0.463885
v -0.003551 0.116460 0.364287
v -0.003536 0.117879 0.471064
v -0.003407 0.114475 0.436862
v -0.003281 0.145162 0.426018
v -0.003229 0.130948 0.381697
v -0.003187 0.083233 0.365782
v -0.002939 0.131315 0.417191
v -0.002848 0.126748 0.452574
v -0.002829 0.127035 0.426278
v -0.002793 0.116886 0.372025
v -0.002564 0.139272 0.345683
v -0.002556 0.130350 0.461920
v -0.002503 0.139417 0.354384
v -0.002453 0.083579 0.334178
v -0.002373 0.139192 0.389651
v -0.002220 0.069868 0.487139
v -0.002213 0.064735 0.325709
v -0.002184 0.124643 0.379016
v -0.002085 0.139184 0.461714
v -0.002058 0.066190 0.483172
v -0.002022 0.112308 0.334002
v -0.001757 0.124858 0.391800
v -0.001757 0.069320 0.315447
v -0.001740 0.130735 0.389751
v -0.001606 0.081357 0.366770
v -0.001589 0.145368 0.390580
v -0.001580 0.084228 0.370297
v -0.001543 0.054887 0.475253
v -0.001370 0.112062 0.405954
v -0.001112 0.074039 0.315768
v -0.000868 0.118904 0.337329
v -0.000853 0.137502 0.425305
v -0.000847 0.131009 0.345648
v -0.000735 0.145585 0.462287
v -0.000622 0.083238 0.442622
v -0.000527 0.125669 0.415595
v -0.000502 0.139173 0.418114
v -0.000498 0.118251 0.444964
v -0.000431 0.065174 0.460452
v -0.000370 0.083582 0.401050
v -0.000315 0.143678 0.344576
v -0.000229 0.111381 0.473574
v -0.000185 0.145322 0.381232
v 0.000021 0.055051 0.461173
v 0.000376 0.139264 0.454791
v 0.000406 0.130781 0.353045
v 0.000484 0.141366 0.425192
v 0.000536 0.145364 0.353789
v 0.000559 0.145006 0.417435
v 0.000578 0.137250 0.382668
v 0.000622 0.081214 0.318041
v 0.000776 0.139024 0.352271
v 0.000850 0.131666 0.383015
v 0.000877 0.145608 0.453784
v 0.000915 0.117025 0.434676
v 0.000952 0.081154 0.484393
v 0.000993 0.055494 0.339812
v 0.001112 0.125099 0.344790
v 0.001184 0.118902 0.397281
v 0.001201 0.141126 0.382090
v 0.001203 0.111572 0.365424
v 0.001209 0.066213 0.318400
v 0.001261 0.129697 0.423243
v 0.001325 0.139234 0.385167
v 0.001335 0.125202 0.426587
v 0.001413 0.137147 0.387540
v 0.001426 0.139097 0.421485
v 0.001480 0.125028 0.380787
v 0.001632 0.111200 0.400779
v 0.001642 0.145349 0.347365
v 0.001665 0.140916 0.388433
v 0.001674 0.111970 0.442820
v 0.001760 0.139444 0.458377
v 0.001772 0.129186 0.387249
v 0.001796 0.123868 0.391223
v 0.001816 0.131284 0.458026
v 0.001892 0.145234 0.422837
v 0.002111 0.127332 0.383481
v 0.002144 0.125318 0.453520
v 0.002184 0.139688 0.349814
v 0.002298 0.112182 0.370951
v 0.002426 0.145131 0.385316
v 0.002474 0.115505 0.471736
v 0.002617 0.081209 0.405410
v 0.002655 0.126062 0.349040
v 0.002767 0.083226 0.371346
v 0.002819 0.124225 0.354483
v 0.002855 0.066608 0.486552
v 0.002937 0.123920 0.462592
v 0.003103 0.083600 0.407293
v 0.003231 0.112108 0.436068
v 0.003397 0.117559 0.374137
v 0.003418 0.125444 0.419818
v 0.003439 0.083455 0.435897
v 0.003465 0.083736 0.335429
v 0.003620 0.117641 0.409820
v 0.003898 0.083172 0.472361
v 0.004167 0.124486 0.457961
v 0.004196 0.119497 0.467700
v 0.004383 0.117246 0.361830
v 0.004575 0.079587 0.486964
v 0.004875 0.081237 0.436713
v 0.005110 0.081234 0.443354
v 0.005132 0.123460 0.386334
v 0.005327 0.083514 0.363639
v 0.005371 0.083281 0.399207
v 0.005491 0.111871 0.336428
v 0.005918 0.083469 0.445155
v 0.006023 0.110887 0.471003
v 0.006059 0.081179 0.400076
v 0.006180 0.081233 0.472567
v 0.006296 0.112203 0.445147
v 0.006452 0.111883 0.398266
v 0.006607 0.081210 0.371970
v 0.006609 0.066293 0.316203
v 0.007137 0.116786 0.431153
v 0.007307 0.117057 0.448279
v 0.007492 0.081231 0.363349
v 0.007791 0.081198 0.336375
v 0.007940 0.111678 0.410432
v 0.007984 0.117505 0.393934
v 0.008079 0.083355 0.374779
v 0.008320 0.117370 0.377938
v 0.008611 0.116130 0.340567
v 0.008878 0.083484 0.468363
v 0.008951 0.112337 0.375485
v 0.008991 0.117523 0.415608
v 0.009020 0.083286 0.396018
v 0.009079 0.083320 0.411942
v 0.009142 0.111959 0.395760
v 0.009149 0.083462 0.431538
v 0.009357 0.111213 0.360369
v 0.009361 0.109657 0.447863
v 0.009468 0.109435 0.431224
v 0.009498 0.118032 0.355826
v 0.009508 0.118537 0.345694
v 0.009590 0.118225 0.424857
v 0.009672 0.118631 0.460971
v 0.009714 0.056829 0.325015
v 0.009781 0.117935 0.453124
v 0.009937 0.055414 0.326144
v 0.010420 0.110494 0.466609
v 0.010433 0.115816 0.391532
v 0.010492 0.081204 0.411626
v 0.010774 0.117507 0.385827
v 0.010816 0.083310 0.358348
v 0.010948 0.083578 0.450400
v 0.010999 0.108915 0.341540
v 0.011089 0.114120 0.464976
v 0.011270 0.108801 0.392963
v 0.011316 0.112047 0.415280
v 0.011625 0.083443 0.342894
v 0.011654 0.083315 0.392288
v 0.011732 0.083309 0.379853
v 0.011986 0.109244 0.463503
v 0.012150 0.081180 0.429089
v 0.012176 0.081199 0.450408
v 0.012190 0.108608 0.452460
v 0.012270 0.083056 0.417857
v 0.012399 0.082826 0.425496
v 0.012415 0.112176 0.381894
v 0.012491 0.079132 0.315165
v 0.012563 0.083367 0.462454
v 0.012567 0.112171 0.389015
v 0.012708 0.112697 0.423323
v 0.012731 0.108929 0.382157
v 0.012800 0.055818 0.474803
v 0.012804 0.109296 0.388809
v 0.012949 0.112323 0.455214
v 0.012991 0.108354 0.353694
v 0.013101 0.108790 0.422146
v 0.013151 0.109483 0.458235
v 0.013181 0.113788 0.350768
v 0.013185 0.083294 0.456874
v 0.013242 0.083146 0.351760
v 0.013254 0.081201 0.391062
v 0.013265 0.081176 0.380761
v 0.013277 0.084800 0.386847
v 0.013311 0.081183 0.344218
v 0.013418 0.109010 0.349314
v 0.013609 0.056005 0.462580
v 0.013765 0.055974 0.338099
v 0.013803 0.081226 0.354712
v 0.013880 0.081200 0.461234
v 0.013883 0.081188 0.419888
v 0.014551 0.056207 0.327632
v 0.014715 0.057905 0.339774
v 0.014959 0.058366 0.461150
v 0.015386 0.058973 0.476199
v 0.015684 0.059415 0.324648
v 0.015875 0.066198 0.458743
v 0.016466 0.064035 0.476153
v 0.016557 0.064659 0.339694
v 0.016828 0.065221 0.324648
v 0.017008 0.065154 0.461058
v 0.017137 0.065864 0.477229
v 0.017351 0.066209 0.433684
v 0.017351 0.059457 0.474421
v 0.017759 0.066205 0.341689
v 0.017942 0.060678 0.326853
v 0.018064 0.060449 0.462866
v 0.018076 0.060567 0.337580
v 0.018518 0.065448 0.338206
v 0.018522 0.065586 0.474642
v 0.018556 0.065730 0.325900
v 0.018675 0.065795 0.462058
v 0.019811 0.066192 0.356055
v 0.020029 0.081204 0.447379
v 0.020498 0.077501 0.486788
v 0.020601 0.081149 0.482913
v 0.020654 0.081182 0.318751
v 0.021200 0.081169 0.401257
v 0.021234 0.066284 0.317340
v 0.021429 0.068492 0.315043
v 0.021497 0.077302 0.315165
v 0.021517 0.068561 0.486987
v 0.021864 0.081194 0.424943
v 0.021921 0.081240 0.343638
v 0.021982 0.081190 0.468905
v 0.022054 0.066097 0.435183
v 0.022077 0.066202 0.482760
v 0.022104 0.081189 0.384860
v 0.022146 0.081194 0.355284
v 0.022440 0.065996 0.387906
v 0.022821 0.066064 0.408699
v 0.022825 0.070579 0.330790
v 0.022833 0.066093 0.444014
v 0.022955 0.066112 0.329714
v 0.023031 0.080769 0.442881
v 0.023206 0.066202 0.349326
v 0.023256 0.066331 0.456362
v 0.023435 0.080502 0.322833
v 0.023504 0.080530 0.420294
v 0.023687 0.066108 0.360591
v 0.023958 0.066661 0.386109
v 0.024011 0.079921 0.389182
v 0.024030 0.066003 0.422387
v 0.024137 0.076909 0.317622
v 0.024172 0.073434 0.461356
v 0.024175 0.073642 0.425318
v 0.024183 0.079817 0.478587
v 0.024187 0.067562 0.330058
v 0.024194 0.072051 0.328822
v 0.024214 0.073100 0.384160
v 0.024256 0.074355 0.353991
v 0.024301 0.079693 0.452510
v 0.024320 0.068298 0.483706
v 0.024339 0.076717 0.484217
v 0.024351 0.078319 0.469523
v 0.024362 0.068902 0.317942
v 0.024397 0.067932 0.335391
v 0.024400 0.079760 0.338130
v 0.024400 0.070896 0.357173
v 0.024400 0.067945 0.454260
v 0.024404 0.076719 0.447558
v 0.024431 0.078676 0.354693
v 0.024450 0.068363 0.377968
v 0.024458 0.070785 0.352835
v 0.024484 0.078824 0.376267
v 0.024484 0.067933 0.411508
v 0.024488 0.068580 0.434424
v 0.024492 0.079611 0.363772
v 0.024503 0.079285 0.443698
v 0.024503 0.078487 0.414103
v 0.024515 0.067657 0.360930
v 0.024530 0.068292 0.391616
v 0.024545 0.067310 0.349681
v 0.024553 0.078016 0.399975
v -0.019037 0.111545 0.386079
v -0.019088 0.081561 0.352755
v -0.019113 0.081337 0.452811
v -0.019159 0.082528 0.386495
v -0.019303 0.049467 0.340102
v -0.019359 0.110217 0.422316
v -0.019489 0.083248 0.423911
v -0.019798 0.081325 0.417651
v -0.020045 0.083347 0.380751
v -0.020248 0.082735 0.361647
v -0.020262 0.111673 0.391618
v -0.020355 0.083177 0.336436
v -0.020561 0.082466 0.344077
v -0.020581 0.111274 0.378876
v -0.020612 0.114126 0.360896
v -0.020643 0.096580 0.340762
v -0.020680 0.081128 0.441710
v -0.020730 0.083447 0.392431
v -0.020752 0.103089 0.361460
v -0.020766 0.118209 0.336970
v -0.020779 0.081280 0.475550
v -0.020942 0.110744 0.335124
v -0.021061 0.104520 0.347136
v -0.021087 0.082779 0.472468
v -0.021098 0.113939 0.446322
v -0.021112 0.116561 0.471987
v -0.021234 0.082476 0.465647
v -0.021242 0.083177 0.445803
v -0.021389 0.117120 0.421862
v -0.021439 0.081271 0.431658
v -0.021519 0.116977 0.381964
v -0.021583 0.081301 0.332667
v -0.021691 0.081528 0.364894
v -0.021828 0.114028 0.413352
v -0.021863 0.117952 0.387266
v -0.021878 0.103222 0.363070
v -0.021879 0.110752 0.430472
v -0.022081 0.082163 0.444300
v -0.022163 0.082890 0.334010
v -0.022279 0.081184 0.327021
v -0.022289 0.083547 0.430915
v -0.022309 0.119975 0.338297
v -0.022390 0.117227 0.352854
v -0.022441 0.082772 0.363776
v -0.022460 0.113002 0.334117
v -0.022507 0.119497 0.469317
v -0.022641 0.101295 0.444186
v -0.022966 0.109289 0.473734
v -0.023006 0.116266 0.429247
v -0.023086 0.111791 0.396050
v -0.023104 0.113422 0.364009
v -0.023207 0.118333 0.472758
v -0.023670 0.083220 0.410757
v -0.023679 0.116357 0.362147
v -0.023741 0.101043 0.363570
v -0.023793 0.083404 0.374766
v -0.023800 0.115842 0.445456
v -0.023841 0.115495 0.375731
v -0.023854 0.073181 0.486300
v -0.024113 0.046270 0.462222
v -0.024143 0.044210 0.467303
v -0.024146 0.046331 0.327738
v -0.024195 0.046544 0.338297
v -0.024254 0.044011 0.332728
v -0.024258 0.113410 0.443530
v -0.024335 0.046426 0.473628
v -0.024342 0.081240 0.398946
v -0.024640 0.109468 0.373679
v -0.024699 0.082678 0.474032
v -0.024888 0.119569 0.335253
v -0.024978 0.118684 0.349009
v -0.025034 0.043653 0.472987
v -0.025101 0.043920 0.338469
v -0.025129 0.043348 0.463481
v -0.025136 0.039567 0.327891
v -0.025176 0.081181 0.406791
v -0.025275 0.033300 0.338053
v -0.025313 0.031923 0.472567
v -0.025331 0.081156 0.484187
v -0.025356 0.033971 0.469645
v -0.025367 0.031900 0.462187
v -0.025440 0.046731 0.474375
v -0.025448 0.065837 0.458827
v -0.025458 0.031629 0.329318
v -0.025491 0.043630 0.329737
v -0.025668 0.046995 0.339713
v -0.025698 0.118005 0.395157
v -0.025778 0.114763 0.409233
v -0.025814 0.066211 0.342414
v -0.025831 0.046659 0.461020
v -0.026017 0.066242 0.317034
v -0.026034 0.066118 0.324427
v -0.026042 0.117164 0.453280
v -0.026086 0.047033 0.326357
v -0.026132 0.031423 0.467730
v -0.026189 0.031499 0.339301
v -0.026526 0.034536 0.473857
v -0.026826 0.121181 0.469401
v -0.026963 0.122016 0.337374
v -0.027080 0.083660 0.399644
v -0.027089 0.066242 0.477381
v -0.027201 0.123048 0.352133
v -0.027243 0.083470 0.435248
v -0.027267 0.066305 0.484835
v -0.027441 0.124048 0.459532
v -0.027607 0.081158 0.318072
v -0.027807 0.123605 0.345358
v -0.027924 0.112026 0.399707
v -0.027927 0.064569 0.326403
v -0.028077 0.119811 0.341189
v -0.028092 0.081225 0.369874
v -0.028159 0.063796 0.460635
v -0.028217 0.031591 0.326808
v -0.028256 0.064140 0.340224
v -0.028268 0.117542 0.373973
v -0.028291 0.064115 0.474238
v -0.028334 0.114816 0.435195
v -0.028403 0.031339 0.461325
v -0.028437 0.031209 0.458411
v -0.028458 0.031530 0.473933
v -0.028464 0.031461 0.339579
v -0.028477 0.119481 0.466609
v -0.028547 0.047407 0.460669
v -0.028548 0.062868 0.458769
v -0.028585 0.125223 0.384356
v -0.028613 0.038324 0.326625
v -0.028616 0.047529 0.340087
v -0.028620 0.124265 0.388700
v -0.028620 0.124984 0.421528
v -0.028625 0.065818 0.455367
v -0.028628 0.051797 0.342661
v -0.028645 0.031732 0.324412
v -0.028652 0.058751 0.325427
v -0.028658 0.117671 0.335726
v -0.028663 0.030027 0.341582
v -0.028666 0.050752 0.474475
v -0.028879 0.066184 0.480639
v -0.028883 0.032140 0.476611
v -0.029080 0.047662 0.477091
v -0.029196 0.064180 0.343600
v -0.029446 0.081280 0.437426
v -0.029494 0.063375 0.476878
v -0.029677 0.083382 0.406840
v -0.029702 0.116781 0.359133
v -0.029781 0.142141 0.385983
v -0.029894 0.066163 0.453143
v -0.029908 0.050832 0.456202
v -0.029935 0.065961 0.321208
v -0.030061 0.028509 0.474490
v -0.030106 0.065780 0.346957
v -0.030152 0.028676 0.458373
v -0.030206 0.028646 0.324992
v -0.030380 0.122323 0.451262
v -0.030455 0.062242 0.344725
v -0.030592 0.140474 0.422763
v -0.030651 0.046876 0.322390
v -0.030709 0.063863 0.455741
v -0.030792 0.137353 0.385237
v -0.030799 0.131971 0.385213
v -0.030846 0.111587 0.370497
v -0.030874 0.125133 0.425892
v -0.030937 0.145326 0.424584
v -0.030944 0.030927 0.344927
v -0.031072 0.049013 0.478327
v -0.031142 0.031186 0.455962
v -0.031149 0.028493 0.342471
v -0.031265 0.141660 0.350630
v -0.031465 0.138715 0.419978
v -0.031540 0.031545 0.478266
v -0.031575 0.063428 0.322703
v -0.031640 0.083481 0.370345
v -0.031649 0.145242 0.381911
v -0.031862 0.127656 0.460307
v -0.031885 0.145692 0.346888
v -0.031907 0.137899 0.349925
v -0.031967 0.064367 0.477992
v -0.032082 0.128984 0.346675
v -0.032089 0.030332 0.322810
v -0.032171 0.083377 0.437091
v -0.032266 0.139158 0.388459
v -0.032353 0.139516 0.346949
v -0.032357 0.145540 0.388730
v -0.032365 0.078544 0.486453
v -0.032367 0.128759 0.457503
v -0.032368 0.144361 0.455172
v -0.032414 0.028852 0.477252
v -0.032420 0.128698 0.351378
v -0.032532 0.122444 0.357936
v -0.032542 0.142431 0.390285
v -0.032607 0.130437 0.389106
v -0.032706 0.139604 0.460765
v -0.032713 0.131261 0.382168
v -0.032745 0.125711 0.379944
v -0.032749 0.145292 0.417266
v -0.032813 0.111940 0.406150
v -0.033018 0.141088 0.380843
v -0.033036 0.139055 0.382075
v -0.033240 0.124463 0.392012
v -0.033563 0.116903 0.447978
v -0.033579 0.138486 0.424811
v -0.033714 0.116945 0.372019
v -0.033881 0.128637 0.416813
v -0.033888 0.110395 0.401240
v -0.033983 0.113777 0.437033
v -0.034170 0.085956 0.363474
v -0.034202 0.145593 0.352931
v -0.034366 0.115854 0.362643
v -0.034529 0.116310 0.334941
v -0.034733 0.082335 0.334094
v -0.034785 0.116788 0.399607
v -0.034853 0.138685 0.454863
v -0.034960 0.128194 0.470713
v -0.034968 0.111926 0.334384
v -0.035006 0.127328 0.337275
v -0.035122 0.126737 0.426455
v -0.035187 0.129053 0.339106
v -0.035225 0.126691 0.342604
v -0.035263 0.032964 0.345008
v -0.035282 0.139047 0.417676
v -0.035288 0.129419 0.455035
v -0.035420 0.126150 0.464770
v -0.035576 0.101715 0.362818
v -0.035589 0.128362 0.467303
v -0.035630 0.145673 0.344199
v -0.035681 0.139318 0.345202
v -0.035824 0.114534 0.472582
v -0.035832 0.131818 0.381806
v -0.035897 0.125345 0.414963
v -0.035940 0.111270 0.473384
v -0.035996 0.099394 0.334384
v -0.036085 0.139356 0.352404
v -0.036087 0.081883 0.401323
v -0.036103 0.122165 0.449374
v -0.036198 0.130983 0.389136
v -0.036324 0.142129 0.453639
v -0.036383 0.114124 0.335337
v -0.036463 0.145131 0.462786
v -0.036492 0.132001 0.462153
v -0.036595 0.130254 0.345111
v -0.036721 0.116096 0.407275
v -0.036965 0.083300 0.437117
v -0.037070 0.112720 0.370375
v -0.037201 0.139738 0.425383
v -0.037264 0.129079 0.352572
v -0.037449 0.139337 0.388707
v -0.037503 0.144842 0.381327
v -0.037560 0.139120 0.382929
v -0.037630 0.125160 0.380246
v -0.037642 0.097843 0.444586
v -0.037701 0.144971 0.416768
v -0.037861 0.138955 0.461848
v -0.038002 0.112060 0.334460
v -0.038153 0.139230 0.346343
v -0.038477 0.067111 0.485949
v -0.038546 0.117952 0.433974
v -0.038607 0.145875 0.387833
v -0.038702 0.046819 0.477763
v -0.038792 0.139287 0.349963
v -0.038794 0.081366 0.437888
v -0.038798 0.129476 0.455691
v -0.038817 0.131666 0.385390
v -0.038992 0.125360 0.389932
v -0.039231 0.127962 0.345378
v -0.039366 0.131791 0.420737
v -0.039419 0.139219 0.421122
v -0.039465 0.140928 0.384781
v -0.039559 0.047483 0.455332
v -0.039597 0.082205 0.444293
v -0.039625 0.083293 0.406500
v -0.039627 0.145631 0.422511
v -0.039650 0.129392 0.349017
v -0.039652 0.138795 0.457629
v -0.039688 0.129777 0.460204
v -0.039782 0.144578 0.351340
v -0.039786 0.142068 0.346720
v -0.039833 0.112655 0.406761
v -0.040085 0.125024 0.425513
v -0.040337 0.125726 0.383996
v -0.040488 0.111659 0.399979
v -0.040541 0.122732 0.341281
v -0.040613 0.083359 0.371338
v -0.040625 0.144445 0.456751
v -0.041285 0.125289 0.419196
v -0.041432 0.081243 0.370278
v -0.041514 0.117298 0.358515
v -0.041592 0.122522 0.356501
v -0.042074 0.110427 0.372058
v -0.042185 0.030332 0.456053
v -0.042206 0.081232 0.406124
v -0.042378 0.123433 0.452059
v -0.042393 0.116811 0.374102
v -0.042462 0.109589 0.435629
v -0.042746 0.117082 0.449221
v -0.042757 0.121337 0.336024
v -0.042843 0.083298 0.435233
v -0.042965 0.119558 0.466776
v -0.043238 0.119567 0.341204
v -0.043532 0.083281 0.398661
v -0.043879 0.121616 0.338259
v -0.043991 0.063793 0.322970
v -0.044117 0.116886 0.395392
v -0.044174 0.121953 0.470576
v -0.044552 0.123329 0.347319
v -0.044667 0.123697 0.461009
v -0.044720 0.110717 0.397326
v -0.045134 0.116083 0.431687
v -0.045281 0.084976 0.374259
v -0.045340 0.048929 0.322764
v -0.045878 0.118476 0.350974
v -0.045891 0.110525 0.410520
v -0.046395 0.119470 0.472453
v -0.046429 0.118747 0.459693
v -0.046513 0.083173 0.411231
v -0.046641 0.116838 0.361136
v -0.046938 0.111741 0.376189
v -0.047137 0.116643 0.414246
v -0.047154 0.113630 0.364092
v -0.047245 0.113065 0.443392
v -0.047282 0.083345 0.431103
v -0.047404 0.089021 0.334208
v -0.047432 0.053766 0.345893
v -0.047512 0.111919 0.334307
v -0.047514 0.082528 0.444087
v -0.047711 0.116550 0.381281
v -0.047741 0.094545 0.363490
v -0.047768 0.083225 0.377371
v -0.047915 0.119243 0.341307
v -0.047926 0.082242 0.473590
v -0.047961 0.081258 0.396211
v -0.048037 0.118509 0.335063
v -0.048096 0.119275 0.467066
v -0.048115 0.081431 0.332919
v -0.048191 0.116252 0.445967
v -0.048224 0.081361 0.432042
v -0.048296 0.083415 0.393307
v -0.048304 0.095443 0.444167
v -0.048353 0.116285 0.388038
v -0.048447 0.089197 0.473719
v -0.048460 0.083189 0.334353
v -0.048514 0.112646 0.392137
v -0.048517 0.110969 0.429270
v -0.048794 0.117608 0.351073
v -0.049431 0.081239 0.376914
v -0.049555 0.107828 0.335749
v -0.049620 0.074022 0.316676
v -0.049629 0.105950 0.472605
v -0.049658 0.102297 0.362116
v -0.049679 0.111165 0.382321
v -0.049689 0.081927 0.364504
v -0.049732 0.114149 0.361369
v -0.049778 0.118875 0.337275
v -0.049813 0.082910 0.445387
v -0.049841 0.113279 0.445613
v -0.049860 0.083108 0.416550
v -0.049933 0.083174 0.382144
v -0.049935 0.115890 0.349295
v -0.049954 0.111177 0.416876
v -0.049973 0.110795 0.387087
v -0.050017 0.092791 0.349921
v -0.050150 0.082528 0.361346
v -0.050207 0.081437 0.474696
v -0.050219 0.083393 0.425660
v -0.050219 0.082681 0.336581
v -0.050238 0.083375 0.387588
v -0.050291 0.114431 0.423443
v -0.050329 0.118251 0.471255
v -0.050421 0.082858 0.471865
v -0.050612 0.041730 0.476962
v -0.050726 0.081252 0.441863
v -0.050741 0.080840 0.484355
v -0.050783 0.028852 0.344145
v -0.051131 0.082155 0.446345
v -0.051283 0.057626 0.454630
v -0.051344 0.081326 0.386747
v -0.051794 0.081225 0.418278
v -0.052050 0.081448 0.471171
v -0.052332 0.064321 0.454596
v -0.052481 0.081354 0.354926
v -0.052668 0.081299 0.335200
v -0.053797 0.028448 0.457743
v -0.053858 0.079336 0.316638
v -0.053938 0.028516 0.325190
v -0.054064 0.041204 0.455416
v -0.054449 0.030866 0.345183
v -0.054453 0.029920 0.455817
v -0.054487 0.041799 0.345381
v -0.054621 0.031103 0.477114
v -0.054682 0.032041 0.323634
v -0.054762 0.063795 0.476809
v -0.054816 0.028455 0.475314
v -0.055006 0.050699 0.323634
v -0.055201 0.063255 0.346057
v -0.055266 0.050634 0.476954
v -0.055456 0.063506 0.324137
v -0.055571 0.065120 0.455050
v -0.055689 0.028554 0.341277
v -0.055731 0.079173 0.486201
v -0.055887 0.053201 0.455256
v -0.056128 0.065730 0.347403
v -0.056383 0.066055 0.479037
v -0.056784 0.062745 0.344241
v -0.056872 0.031095 0.474688
v -0.056891 0.064115 0.474467
v -0.056914 0.031629 0.342204
v -0.056917 0.031354 0.326022
v -0.056921 0.043336 0.457461
v -0.056929 0.047223 0.343501
v -0.056978 0.063753 0.457499
v -0.056978 0.063451 0.326281
v -0.057020 0.030157 0.459761
v -0.057135 0.064081 0.465464
v -0.057669 0.081173 0.318675
v -0.057963 0.065397 0.457621
v -0.058100 0.065500 0.342631
v -0.058165 0.065656 0.322459
v -0.058802 0.065923 0.475474
v -0.058928 0.067094 0.317668
v -0.059260 0.081143 0.329646
v -0.059847 0.066184 0.422785
v -0.059950 0.081151 0.436095
v -0.059988 0.068855 0.486094
v -0.060019 0.066228 0.349734
v -0.060141 0.066142 0.482592
v -0.060232 0.081142 0.403628
v -0.060232 0.076486 0.486109
v -0.060286 0.081125 0.361125
v -0.060297 0.081012 0.461997
v -0.060343 0.081140 0.380145
v -0.060416 0.066209 0.451811
v -0.060637 0.080855 0.481074
v -0.060663 0.066207 0.439158
v -0.060927 0.066234 0.387261
v -0.061037 0.066413 0.469081
v -0.061453 0.080090 0.340308
v -0.061560 0.081102 0.393971
v -0.061625 0.067045 0.357840
v -0.061659 0.066718 0.333636
v -0.061838 0.080310 0.321879
v -0.061854 0.066791 0.377482
v -0.061938 0.080505 0.427315
v -0.062067 0.067666 0.431288
v -0.062224 0.075075 0.316973
v -0.062285 0.068296 0.483210
v -0.062289 0.078939 0.463481
v -0.062308 0.079108 0.482173
v -0.062323 0.075069 0.484530
v -0.062346 0.067611 0.456710
v -0.062361 0.079215 0.380667
v -0.062369 0.068496 0.319201
v -0.062407 0.074676 0.384465
v -0.062445 0.073259 0.447531
v -0.062472 0.078176 0.353701
v -0.062475 0.068553 0.350894
v -0.062491 0.078876 0.437567
v -0.062495 0.078771 0.405307
v -0.062536 0.067615 0.387781
vt 0.150558 0.183442
vt 0.116655 0.180278
vt 0.126374 0.172367
vt 0.118463 0.173949
vt 0.120949 0.164908
vt 0.154175 0.177905
vt 0.112699 0.166264
vt 0.092244 0.171124
vt 0.093826 0.151460
vt 0.081282 0.153381
vt 0.057098 0.148634
vt 0.062296 0.141176
vt 0.095070 0.141176
vt 0.061505 0.135073
vt 0.092809 0.131683
vt 0.123662 0.154511
vt 0.099929 0.136655
vt 0.098460 0.129422
vt 0.099929 0.112584
vt 0.088402 0.108176
vt 0.103319 0.129761
vt 0.104337 0.112132
vt 0.102754 0.094615
vt 0.086368 0.067040
vt 0.103546 0.086817
vt 0.093939 0.064554
vt 0.106936 0.095067
vt 0.107388 0.083879
vt 0.112812 0.094163
vt 0.108970 0.114279
vt 0.119141 0.049862
vt 0.120045 0.043872
vt 0.124792 0.076420
vt 0.123210 0.047828
vt 0.147620 0.034153
vt 0.126713 0.059694
vt 0.144230 0.040595
vt 0.161408 0.042855
vt 0.174517 0.040708
vt 0.147846 0.064441
vt 0.175534 0.046698
vt 0.176212 0.038674
vt 0.165363 0.052009
vt 0.181750 0.041160
vt 0.175647 0.054156
vt 0.169544 0.081166
vt 0.128634 0.073142
vt 0.149202 0.079810
vt 0.127617 0.077550
vt 0.126148 0.083540
vt 0.179716 0.083201
vt 0.161521 0.088625
vt 0.172370 0.085348
vt 0.217349 0.143210
vt 0.198815 0.035849
vt 0.171805 0.093033
vt 0.164459 0.091563
vt 0.141405 0.089529
vt 0.222547 0.028503
vt 0.212263 0.028842
vt 0.244132 0.003075
vt 0.145699 0.108063
vt 0.175308 0.125693
vt 0.182428 0.148521
vt 0.244019 0.155641
vt 0.230345 0.154398
vt 0.215427 0.153155
vt 0.202996 0.156771
vt 0.216557 0.158580
vt 0.244132 0.161066
vt 0.228989 0.166038
vt 0.177003 0.158919
vt 0.178472 0.150669
vt 0.170788 0.145018
vt 0.158921 0.129422
vt 0.173161 0.152929
vt 0.167849 0.145131
vt 0.149993 0.123320
vt 0.185931 0.163778
vt 0.189548 0.166038
vt 0.160730 0.167281
vt 0.157904 0.158014
vt 0.152141 0.150669
vt 0.154514 0.157675
vt 0.152819 0.168186
vt 0.153158 0.165021
vt 0.136658 0.141063
vt 0.120384 0.147165
vt 0.136093 0.134960
vt 0.124679 0.126371
vt 0.121514 0.113036
vt 0.118350 0.111454
vt 0.136432 0.101395
vt 0.128182 0.104447
vt 0.120610 0.107837
vt 0.115412 0.100491
vt 0.131912 0.100039
vt 0.116203 0.096197
vt 0.119932 0.096084
vt 0.138805 0.095293
vt 0.125131 0.088512
vt 0.120045 0.091563
vt 0.170447 0.271491
vt 0.178132 0.276690
vt 0.169091 0.277707
vt 0.177228 0.285730
vt 0.181183 0.287200
vt 0.230343 0.286183
vt 0.193275 0.293302
vt 0.199491 0.300987
vt 0.179149 0.293980
vt 0.150331 0.278272
vt 0.188868 0.314775
vt 0.230569 0.333648
vt 0.183104 0.316809
vt 0.163327 0.315679
vt 0.180618 0.297484
vt 0.160163 0.308898
vt 0.133266 0.309237
vt 0.136543 0.289234
vt 0.106143 0.305960
vt 0.039014 0.333648
vt 0.112585 0.294771
vt 0.127616 0.286409
vt 0.133379 0.275559
vt 0.159259 0.270813
vt 0.167170 0.265727
vt 0.145019 0.269909
vt 0.133379 0.273638
vt 0.133605 0.240300
vt 0.156886 0.262450
vt 0.161971 0.257477
vt 0.178923 0.241430
vt 0.170899 0.227303
vt 0.158355 0.239961
vt 0.151461 0.218262
vt 0.133266 0.218149
vt 0.152930 0.212499
vt 0.156095 0.219053
vt 0.160841 0.228094
vt 0.056985 0.195647
vt 0.083090 0.183103
vt 0.063200 0.194630
vt 0.106145 0.186267
vt 0.091792 0.189771
vt 0.092696 0.202089
vt 0.113152 0.212938
vt 0.093713 0.218363
vt 0.130781 0.211921
vt 0.123436 0.195534
vt 0.156548 0.205366
vt 0.128069 0.192483
vt 0.149654 0.195421
vt 0.156548 0.195082
vt 0.162312 0.197908
vt 0.175986 0.198247
vt 0.156096 0.182764
vt 0.185705 0.181182
vt 0.174856 0.192483
vt 0.195085 0.189545
vt 0.203900 0.182764
vt 0.210681 0.187059
vt 0.241985 0.171915
vt 0.201188 0.194856
vt 0.188304 0.205931
vt 0.228989 0.205479
vt 0.209890 0.191014
vt 0.227181 0.204236
vt 0.231927 0.213164
vt 0.201414 0.205027
vt 0.193503 0.208531
vt 0.210229 0.210000
vt 0.201866 0.207853
vt 0.033128 0.528953
vt 0.022957 0.520590
vt 0.043525 0.510871
vt 0.024765 0.508950
vt 0.037648 0.506351
vt 0.027703 0.505786
vt 0.020244 0.505899
vt 0.047254 0.507707
vt 0.024426 0.460129
vt 0.058782 0.507481
vt 0.066918 0.510645
vt 0.044429 0.464085
vt 0.053809 0.464876
vt 0.035953 0.462163
vt 0.031320 0.462954
vt 0.035953 0.456513
vt 0.050193 0.458886
vt 0.017419 0.460920
vt 0.011769 0.504995
vt 0.011543 0.454818
vt 0.002502 0.503187
vt 0.005440 0.452105
vt 0.022392 0.453687
vt 0.026686 0.445099
vt 0.037083 0.447811
vt 0.047819 0.451314
vt 0.050193 0.443855
vt 0.045107 0.439900
vt 0.059008 0.456513
vt 0.061381 0.444873
vt 0.058443 0.438544
vt 0.074151 0.458208
vt 0.062850 0.463746
vt 0.072230 0.444081
vt 0.069066 0.507255
vt 0.078559 0.505673
vt 0.074151 0.467023
vt 0.088165 0.508272
vt 0.086469 0.453687
vt 0.077429 0.439335
vt 0.086922 0.461711
vt 0.095284 0.457643
vt 0.099353 0.449619
vt 0.103760 0.454592
vt 0.099805 0.501831
vt 0.103986 0.506238
vt 0.109411 0.502848
vt 0.113818 0.452105
vt 0.118791 0.505221
vt 0.121390 0.507594
vt 0.116079 0.516183
vt 0.111671 0.516296
vt 0.127267 0.511324
vt 0.125911 0.524885
vt 0.131109 0.520590
vt 0.141054 0.528953
vt 0.132352 0.513810
vt 0.136195 0.522173
vt 0.594059 0.039457
vt 0.593268 0.027591
vt 0.597110 0.043525
vt 0.585470 0.057539
vt 0.577559 0.058104
vt 0.575977 0.064772
vt 0.582870 0.063076
vt 0.585357 0.064998
vt 0.623894 0.037649
vt 0.570213 0.093025
vt 0.623894 0.145123
vt 0.583205 0.139698
vt 0.541504 0.123198
vt 0.573938 0.126137
vt 0.551788 0.111445
vt 0.562863 0.112914
vt 0.534271 0.108281
vt 0.542860 0.106133
vt 0.537887 0.101161
vt 0.551449 0.102065
vt 0.567044 0.111332
vt 0.582188 0.131900
vt 0.570096 0.107490
vt 0.578233 0.117322
vt 0.538452 0.089069
vt 0.530994 0.096188
vt 0.554952 0.088843
vt 0.565236 0.094945
vt 0.524778 0.097658
vt 0.528959 0.094380
vt 0.545346 0.076072
vt 0.554613 0.076750
vt 0.536079 0.083757
vt 0.553483 0.059007
vt 0.560490 0.058442
vt 0.539469 0.078898
vt 0.529976 0.087486
vt 0.503984 0.069631
vt 0.495734 0.079689
vt 0.484659 0.083757
vt 0.491213 0.078107
vt 0.498672 0.073360
vt 0.494943 0.072004
vt 0.504549 0.060477
vt 0.500028 0.064319
vt 0.492343 0.065675
vt 0.494491 0.059347
vt 0.484207 0.064093
vt 0.482963 0.052453
vt 0.542295 0.073247
vt 0.499237 0.049062
vt 0.489744 0.046802
vt 0.482850 0.042734
vt 0.491552 0.040587
vt 0.484659 0.036631
vt 0.493700 0.032676
vt 0.509408 0.054035
vt 0.545572 0.065788
vt 0.505679 0.038326
vt 0.510990 0.044655
vt 0.549753 0.057538
vt 0.514607 0.037196
vt 0.508278 0.028381
vt 0.507826 0.017758
vt 0.492343 0.029059
vt 0.518449 0.024765
vt 0.552014 0.049741
vt 0.515624 0.032111
vt 0.515172 0.015611
vt 0.550997 0.042169
vt 0.553483 0.025217
vt 0.519579 0.010186
vt 0.562637 0.019227
vt 0.561959 0.029285
vt 0.556647 0.028268
vt 0.554500 0.035840
vt 0.557890 0.040587
vt 0.569644 0.036631
vt 0.572921 0.040926
vt 0.583205 0.028720
vt 0.578459 0.050419
vt 0.134273 0.583658
vt 0.131787 0.592699
vt 0.131787 0.567949
vt 0.055043 0.217799
vt 0.050523 0.201977
vt 0.051992 0.200847
vt 0.051314 0.195649
vt 0.040126 0.201186
vt 0.054817 0.230569
vt 0.045437 0.194293
vt 0.038770 0.195084
vt 0.050636 0.192145
vt 0.040465 0.193954
vt 0.028938 0.183104
vt 0.017636 0.178132
vt 0.044081 0.174516
vt 0.021366 0.178019
vt 0.026903 0.178584
vt 0.017297 0.165701
vt 0.028372 0.176663
vt 0.012664 0.164570
vt 0.027242 0.166718
vt 0.034362 0.166492
vt 0.053574 0.171690
vt 0.029729 0.160954
vt 0.053009 0.151009
vt 0.015150 0.159372
vt 0.023513 0.159824
vt 0.009160 0.146828
vt 0.024304 0.149088
vt 0.028712 0.137561
vt 0.054139 0.135187
vt 0.009386 0.134396
vt 0.006787 0.141855
vt 0.004414 0.133605
vt 0.001928 0.109421
vt 0.006561 0.072466
vt 0.015828 0.134848
vt 0.019897 0.085688
vt 0.023965 0.124451
vt 0.031876 0.084332
vt 0.031537 0.109195
vt 0.028712 0.073144
vt 0.037865 0.081394
vt 0.045663 0.115975
vt 0.058095 0.126485
vt 0.057191 0.120609
vt 0.053687 0.116766
vt 0.056625 0.116201
vt 0.057756 0.102414
vt 0.054817 0.086705
vt 0.057417 0.087157
vt 0.059677 0.086140
vt 0.056851 0.081620
vt 0.050523 0.073144
vt 0.041708 0.074500
vt 0.052783 0.063538
vt 0.056851 0.051446
vt 0.041030 0.041500
vt 0.023061 0.065798
vt 0.028146 0.053028
vt 0.012890 0.063538
vt 0.027016 0.042631
vt 0.033458 0.037319
vt 0.025547 0.037093
vt 0.040691 0.032573
vt 0.048828 0.002963
vt 0.001928 0.016751
vt 0.044872 0.013248
vt 0.046115 0.003076
vt 0.482387 0.725504
vt 0.461028 0.733980
vt 0.482840 0.721209
vt 0.455039 0.731493
vt 0.449840 0.727764
vt 0.447806 0.723809
vt 0.433679 0.737822
vt 0.456960 0.719853
vt 0.469730 0.715333
vt 0.473121 0.707083
vt 0.445207 0.720531
vt 0.433905 0.730815
vt 0.460689 0.700528
vt 0.427690 0.727086
vt 0.419779 0.737370
vt 0.436279 0.715333
vt 0.439782 0.702223
vt 0.445320 0.696121
vt 0.435601 0.690809
vt 0.437635 0.684029
vt 0.428255 0.676118
vt 0.431984 0.669111
vt 0.431984 0.658827
vt 0.436166 0.667190
vt 0.419779 0.635885
vt 0.429046 0.643683
vt 0.424864 0.632269
vt 0.340882 0.912784
vt 0.330146 0.914818
vt 0.327999 0.912784
vt 0.320540 0.916852
vt 0.337379 0.911428
vt 0.344386 0.909168
vt 0.350827 0.908829
vt 0.351279 0.906116
vt 0.334328 0.888600
vt 0.338961 0.883175
vt 0.344838 0.878089
vt 0.330485 0.888600
vt 0.338848 0.875264
vt 0.322913 0.889956
vt 0.330033 0.884079
vt 0.333084 0.878428
vt 0.320653 0.883514
vt 0.329920 0.871196
vt 0.331841 0.865545
vt 0.324269 0.880350
vt 0.323817 0.870970
vt 0.326643 0.865771
vt 0.325174 0.857747
vt 0.323252 0.859781
vt 0.321105 0.859668
vt 0.322461 0.851984
vt 0.318732 0.873343
vt 0.318054 0.867805
vt 0.318393 0.855939
vt 0.312290 0.853001
vt 0.316133 0.857973
vt 0.313420 0.860912
vt 0.316246 0.861590
vt 0.311386 0.868822
vt 0.313646 0.872891
vt 0.304831 0.880011
vt 0.312290 0.880576
vt 0.309126 0.886904
vt 0.303249 0.886113
vt 0.316133 0.887582
vt 0.303249 0.913688
vt 0.316359 0.914366
vt 0.310256 0.914253
vt 0.306866 0.916626
vt 0.601858 0.268546
vt 0.566598 0.263799
vt 0.605475 0.262895
vt 0.617680 0.261087
vt 0.627625 0.258035
vt 0.628416 0.253063
vt 0.625365 0.236450
vt 0.631354 0.244135
vt 0.640169 0.217125
vt 0.632710 0.213170
vt 0.630224 0.213057
vt 0.612594 0.254758
vt 0.620505 0.239388
vt 0.624800 0.209440
vt 0.632258 0.208310
vt 0.611916 0.231704
vt 0.606944 0.253402
vt 0.608865 0.246395
vt 0.608639 0.229443
vt 0.605927 0.246960
vt 0.603214 0.258035
vt 0.585584 0.259279
vt 0.603101 0.252046
vt 0.590557 0.248768
vt 0.588975 0.254645
vt 0.587732 0.250125
vt 0.577109 0.256453
vt 0.554054 0.263234
vt 0.581064 0.253628
vt 0.588862 0.234303
vt 0.575187 0.232608
vt 0.564112 0.207745
vt 0.560609 0.199382
vt 0.592704 0.228313
vt 0.608978 0.220515
vt 0.593156 0.211927
vt 0.589992 0.209101
vt 0.594173 0.202886
vt 0.610673 0.204468
vt 0.587619 0.197235
vt 0.591687 0.200625
vt 0.607622 0.204581
vt 0.601971 0.201303
vt 0.614063 0.193167
vt 0.595643 0.199156
vt 0.605814 0.200625
vt 0.608639 0.196557
vt 0.612029 0.186499
vt 0.607735 0.187968
vt 0.598694 0.189324
vt 0.597564 0.186725
vt 0.596773 0.182996
vt 0.579708 0.195540
vt 0.614063 0.181639
vt 0.614742 0.183561
vt 0.624687 0.194975
vt 0.640169 0.177684
vt 0.617680 0.180170
vt 0.626834 0.154404
vt 0.620279 0.153160
vt 0.594625 0.174520
vt 0.588975 0.146719
vt 0.595303 0.179718
vt 0.585810 0.153499
vt 0.590783 0.175989
vt 0.580273 0.150674
vt 0.582872 0.145589
vt 0.564112 0.153838
vt 0.586037 0.172146
vt 0.560270 0.170451
vt 0.547047 0.173164
vt 0.567164 0.196783
vt 0.544448 0.173616
vt 0.565355 0.200512
vt 0.567729 0.204242
vt 0.002040 0.834126
vt 0.007351 0.833335
vt 0.007577 0.841133
vt 0.010290 0.834013
vt 0.011081 0.840907
vt 0.005995 0.869612
vt 0.002040 0.868821
vt 0.009612 0.855485
vt 0.028146 0.855146
vt 0.010064 0.868369
vt 0.009838 0.871872
vt 0.024981 0.868256
vt 0.047697 0.869499
vt 0.003961 0.890971
vt 0.046793 0.874019
vt 0.051539 0.871872
vt 0.049618 0.895266
vt 0.045436 0.896735
vt 0.026450 0.896509
vt 0.031988 0.901933
vt 0.006899 0.895831
vt 0.007464 0.893118
vt 0.003848 0.896848
vt 0.479675 0.817850
vt 0.481483 0.829604
vt 0.478884 0.830395
vt 0.481483 0.882945
vt 0.575865 0.286075
vt 0.632031 0.261325
vt 0.556313 0.324386
vt 0.632031 0.381118
vt 0.480014 0.090881
vt 0.477415 0.092690
vt 0.469391 0.058673
vt 0.478432 0.067149
vt 0.469278 0.047259
vt 0.480127 0.019345
vt 0.465209 0.058334
vt 0.456620 0.075851
vt 0.471877 0.110432
vt 0.469165 0.112354
vt 0.473233 0.114727
vt 0.436504 0.121282
vt 0.404861 0.096193
vt 0.471538 0.118230
vt 0.480127 0.155750
vt 0.461254 0.118795
vt 0.475832 0.153603
vt 0.476398 0.160836
vt 0.433566 0.140833
vt 0.436504 0.158463
vt 0.424977 0.162192
vt 0.423282 0.159028
vt 0.418309 0.130210
vt 0.428480 0.142076
vt 0.416049 0.161966
vt 0.393221 0.181743
vt 0.390282 0.177336
vt 0.394351 0.169199
vt 0.410173 0.145579
vt 0.412772 0.157332
vt 0.406330 0.158010
vt 0.395594 0.154846
vt 0.406104 0.144336
vt 0.401810 0.143545
vt 0.391752 0.149309
vt 0.396498 0.147161
vt 0.391413 0.135973
vt 0.391413 0.129871
vt 0.404974 0.128966
vt 0.412998 0.132131
vt 0.397967 0.122751
vt 0.390734 0.112354
vt 0.400906 0.115744
vt 0.395142 0.102635
vt 0.399210 0.100261
vt 0.407686 0.122412
vt 0.412998 0.122864
vt 0.647968 0.575978
vt 0.635537 0.581742
vt 0.629434 0.574848
vt 0.651020 0.566937
vt 0.650228 0.554167
vt 0.634294 0.562417
vt 0.641414 0.556314
vt 0.632938 0.558914
vt 0.624010 0.560270
vt 0.633164 0.533373
vt 0.615082 0.559027
vt 0.615421 0.564225
vt 0.606380 0.558461
vt 0.615308 0.528739
vt 0.591688 0.578691
vt 0.603781 0.565242
vt 0.601407 0.560157
vt 0.602424 0.523767
vt 0.592931 0.561061
vt 0.595192 0.558348
vt 0.589767 0.553150
vt 0.618246 0.582081
vt 0.592253 0.583663
vt 0.629208 0.583550
vt 0.633051 0.583663
vt 0.649663 0.625817
vt 0.636893 0.602197
vt 0.645143 0.626834
vt 0.623558 0.612255
vt 0.598582 0.608300
vt 0.607510 0.622765
vt 0.590784 0.586827
vt 0.593610 0.624460
vt 0.579144 0.586262
vt 0.560836 0.593608
vt 0.543884 0.638813
vt 0.563661 0.587393
vt 0.548631 0.592139
vt 0.543884 0.591574
vt 0.406549 0.961725
vt 0.403385 0.969410
vt 0.397169 0.963759
vt 0.396378 0.976529
vt 0.392423 0.974721
vt 0.395813 0.955622
vt 0.390389 0.963420
vt 0.387563 0.974156
vt 0.380896 0.967601
vt 0.385755 0.956639
vt 0.388128 0.946920
vt 0.413895 0.958673
vt 0.390276 0.942852
vt 0.386207 0.943643
vt 0.380896 0.932003
vt 0.416155 0.953249
vt 0.414121 0.933811
vt 0.417738 0.957317
vt 0.124328 0.464643
vt 0.119694 0.471989
vt 0.123876 0.459332
vt 0.135629 0.459106
vt 0.134273 0.453455
vt 0.124441 0.453907
vt 0.133482 0.447353
vt 0.119694 0.446449
vt 0.120372 0.442606
vt 0.741891 0.751161
vt 0.739857 0.759637
vt 0.731381 0.754213
vt 0.735675 0.743815
vt 0.726408 0.771729
vt 0.715785 0.746302
vt 0.727426 0.759411
vt 0.725052 0.756021
vt 0.719063 0.758959
vt 0.715785 0.765740
vt 0.723470 0.764610
vt 0.806881 0.348794
vt 0.808011 0.355348
vt 0.771508 0.352071
vt 0.768457 0.344725
vt 0.804621 0.338509
vt 0.769361 0.336136
vt 0.807672 0.340770
vt 0.769926 0.327208
vt 0.805412 0.331729
vt 0.809028 0.325287
vt 0.806429 0.321671
vt 0.767892 0.318167
vt 0.813774 0.304832
vt 0.772073 0.309804
vt 0.765405 0.313195
vt 0.808802 0.309465
vt 0.771282 0.300085
vt 0.754895 0.303024
vt 0.810610 0.300085
vt 0.813435 0.290027
vt 0.752183 0.296582
vt 0.772638 0.293079
vt 0.777159 0.282682
vt 0.811401 0.281890
vt 0.768457 0.283247
vt 0.775463 0.272962
vt 0.811514 0.273076
vt 0.809932 0.265391
vt 0.766874 0.265391
vt 0.769022 0.274771
vt 0.755799 0.279856
vt 0.757495 0.287089
vt 0.741786 0.284264
vt 0.742690 0.290479
vt 0.741447 0.295565
vt 0.734666 0.293305
vt 0.732971 0.286298
vt 0.739413 0.287654
vt 0.440234 0.770378
vt 0.415937 0.752635
vt 0.447693 0.760433
vt 0.449953 0.770717
vt 0.440460 0.779645
vt 0.462385 0.759416
vt 0.442721 0.737492
vt 0.459107 0.769361
vt 0.459672 0.784053
vt 0.466679 0.783149
vt 0.469617 0.760433
vt 0.485552 0.728338
vt 0.470974 0.780888
vt 0.476624 0.797162
vt 0.474477 0.799874
vt 0.485552 0.811515
vt 0.463967 0.795015
vt 0.475607 0.806994
vt 0.474364 0.811741
vt 0.474816 0.816487
vt 0.469956 0.802813
vt 0.466905 0.807446
vt 0.459220 0.802926
vt 0.455604 0.792077
vt 0.455039 0.800891
vt 0.440686 0.792755
vt 0.434810 0.786765
vt 0.439330 0.808124
vt 0.432550 0.796710
vt 0.433906 0.805977
vt 0.611584 0.665378
vt 0.609324 0.665943
vt 0.601300 0.666735
vt 0.614071 0.669334
vt 0.624129 0.669786
vt 0.628310 0.678601
vt 0.637238 0.632605
vt 0.630005 0.630119
vt 0.605143 0.661310
vt 0.644471 0.634865
vt 0.620851 0.625824
vt 0.596893 0.657355
vt 0.614410 0.622660
vt 0.633396 0.678262
vt 0.649330 0.643567
vt 0.657354 0.641194
vt 0.640402 0.687529
vt 0.657580 0.649331
vt 0.667751 0.648201
vt 0.643567 0.685269
vt 0.674080 0.640177
vt 0.667412 0.657242
vt 0.651365 0.691145
vt 0.650687 0.694762
vt 0.673628 0.660519
vt 0.658484 0.696005
vt 0.659388 0.700186
vt 0.666734 0.700751
vt 0.669333 0.704707
vt 0.674984 0.703350
vt 0.679053 0.668091
vt 0.689563 0.672046
vt 0.699508 0.670916
vt 0.683347 0.705611
vt 0.700073 0.707984
vt 0.706627 0.667074
vt 0.681991 0.664361
vt 0.675436 0.654303
vt 0.692727 0.662101
vt 0.685720 0.657920
vt 0.681539 0.644810
vt 0.680409 0.635656
vt 0.698717 0.660745
vt 0.691258 0.648540
vt 0.694422 0.645827
vt 0.689789 0.631249
vt 0.687641 0.628650
vt 0.696456 0.624807
vt 0.688772 0.642437
vt 0.696343 0.636221
vt 0.701203 0.636786
vt 0.694083 0.631475
vt 0.699056 0.631701
vt 0.703802 0.630119
vt 0.699169 0.627971
vt 0.704367 0.622660
vt 0.363265 0.746984
vt 0.373210 0.738395
vt 0.384738 0.746080
vt 0.367334 0.720200
vt 0.375923 0.731502
vt 0.381121 0.762580
vt 0.360553 0.759867
vt 0.380669 0.770378
vt 0.392648 0.759754
vt 0.408357 0.750488
vt 0.400107 0.741334
vt 0.412539 0.739186
vt 0.408922 0.752861
vt 0.406097 0.759189
vt 0.360553 0.811062
vt 0.413669 0.767665
vt 0.573153 0.846325
vt 0.575300 0.842031
vt 0.592817 0.846325
vt 0.577335 0.836606
vt 0.596660 0.837171
vt 0.594964 0.832199
vt 0.609543 0.839206
vt 0.578352 0.834233
vt 0.584228 0.826548
vt 0.620279 0.838754
vt 0.591800 0.820559
vt 0.601406 0.825079
vt 0.620505 0.830956
vt 0.620053 0.827905
vt 0.595077 0.820672
vt 0.575187 0.808806
vt 0.574396 0.811292
vt 0.582194 0.809597
vt 0.595982 0.808240
vt 0.587167 0.794566
vt 0.600841 0.792758
vt 0.591800 0.775580
vt 0.600163 0.779083
vt 0.600728 0.802816
vt 0.604683 0.788463
vt 0.608526 0.815360
vt 0.604457 0.792306
vt 0.615533 0.792871
vt 0.625365 0.805980
vt 0.623104 0.829826
vt 0.614176 0.790272
vt 0.623782 0.791402
vt 0.626947 0.793775
vt 0.625026 0.787559
vt 0.628981 0.794905
vt 0.629546 0.788689
vt 0.632823 0.790159
vt 0.628755 0.802929
vt 0.625704 0.823497
vt 0.637344 0.829374
vt 0.640169 0.812761
vt 0.637005 0.799539
vt 0.638587 0.796600
vt 0.639830 0.794001
vt 0.637909 0.782135
vt 0.635649 0.781005
vt 0.630789 0.779083
vt 0.627964 0.784395
vt 0.625139 0.778857
vt 0.626721 0.776371
vt 0.619827 0.783943
vt 0.622087 0.776823
vt 0.628190 0.770042
vt 0.614629 0.787220
vt 0.611238 0.780213
vt 0.606605 0.783378
vt 0.601745 0.774450
vt 0.618923 0.775128
vt 0.613046 0.772981
vt 0.617002 0.770042
vt 0.622765 0.767782
vt 0.625139 0.769138
vt 0.627851 0.767217
vt 0.631241 0.762697
vt 0.626382 0.764166
vt 0.625252 0.758741
vt 0.870744 0.775578
vt 0.867467 0.773657
vt 0.874925 0.771283
vt 0.876847 0.772979
vt 0.882497 0.770266
vt 0.881706 0.799875
vt 0.877186 0.802701
vt 0.882045 0.806317
vt 0.885888 0.797163
vt 0.887696 0.802136
vt 0.896624 0.811290
vt 0.892668 0.794112
vt 0.896511 0.799084
vt 0.888826 0.769475
vt 0.889278 0.767215
vt 0.893798 0.771396
vt 0.897867 0.767893
vt 0.898884 0.765746
vt 0.899901 0.794564
vt 0.904761 0.767441
vt 0.911654 0.764729
vt 0.905326 0.793773
vt 0.905891 0.799310
vt 0.901596 0.810047
vt 0.906117 0.809142
vt 0.905891 0.819992
vt 0.912784 0.797954
vt 0.918887 0.801006
vt 0.918209 0.794451
vt 0.910863 0.792191
vt 0.910298 0.766876
vt 0.917870 0.766989
vt 0.919565 0.764729
vt 0.900918 0.819992
vt 0.898432 0.821800
vt 0.901370 0.826320
vt 0.903743 0.823382
vt 0.906908 0.827337
vt 0.123426 0.879555
vt 0.117436 0.881589
vt 0.115515 0.877973
vt 0.123539 0.876956
vt 0.131337 0.878990
vt 0.116532 0.875373
vt 0.113255 0.875147
vt 0.140151 0.876051
vt 0.141395 0.880685
vt 0.143881 0.877295
vt 0.143203 0.875486
vt 0.122748 0.863733
vt 0.143316 0.856613
vt 0.117662 0.850172
vt 0.145011 0.858309
vt 0.152018 0.872209
vt 0.153261 0.856387
vt 0.143429 0.846781
vt 0.141734 0.856613
vt 0.128737 0.856274
vt 0.139134 0.846216
vt 0.120713 0.843504
vt 0.141621 0.843730
vt 0.146932 0.837627
vt 0.140603 0.837966
vt 0.133145 0.842035
vt 0.115967 0.847798
vt 0.101275 0.856500
vt 0.101275 0.872209
vt 0.105796 0.844860
vt 0.105118 0.842374
vt 0.116419 0.840905
vt 0.111559 0.840453
vt 0.107265 0.840340
vt 0.112577 0.830960
vt 0.121165 0.841131
vt 0.117436 0.837853
vt 0.114498 0.829717
vt 0.122183 0.835932
vt 0.118905 0.828586
vt 0.130206 0.838645
vt 0.126364 0.833559
vt 0.125799 0.827682
vt 0.121618 0.825874
vt 0.133258 0.833785
vt 0.141056 0.831864
vt 0.146367 0.828812
vt 0.131223 0.827908
vt 0.128285 0.820337
vt 0.131902 0.818528
vt 0.125686 0.817963
vt 0.123087 0.818415
vt 0.120713 0.818189
vt 0.123878 0.811522
vt 0.129528 0.815590
vt 0.133145 0.809939
vt 0.127268 0.813104
vt 0.823157 0.797165
vt 0.829260 0.797504
vt 0.821349 0.799312
vt 0.811630 0.792418
vt 0.839544 0.769025
vt 0.802363 0.795809
vt 0.799990 0.794000
vt 0.796147 0.755350
vt 0.815472 0.812873
vt 0.795469 0.807675
vt 0.837962 0.814342
vt 0.830051 0.828243
vt 0.839544 0.840335
vt 0.822818 0.825192
vt 0.813890 0.817055
vt 0.800216 0.815360
vt 0.790271 0.810726
vt 0.757384 0.840900
vt 0.262106 0.838982
vt 0.252274 0.839095
vt 0.255890 0.829941
vt 0.262332 0.831410
vt 0.249222 0.835478
vt 0.262784 0.817283
vt 0.248092 0.822030
vt 0.243233 0.830619
vt 0.229332 0.865313
vt 0.238486 0.824064
vt 0.235887 0.814910
vt 0.257698 0.810051
vt 0.272164 0.810616
vt 0.229332 0.805191
vt 0.236113 0.802818
vt 0.250465 0.802705
vt 0.233740 0.792308
vt 0.257585 0.803157
vt 0.257924 0.792986
vt 0.264818 0.797054
vt 0.267869 0.788013
vt 0.270129 0.802705
vt 0.271712 0.791743
vt 0.277136 0.787448
vt 0.272390 0.798071
vt 0.277136 0.801688
vt 0.284821 0.801010
vt 0.279283 0.796715
vt 0.428025 0.956976
vt 0.422488 0.958898
vt 0.428704 0.943415
vt 0.425313 0.943189
vt 0.430738 0.933018
vt 0.435597 0.940477
vt 0.437066 0.927254
vt 0.424183 0.918552
vt 0.429269 0.910981
vt 0.422488 0.910190
vt 0.438649 0.918213
vt 0.446107 0.924768
vt 0.451419 0.918326
vt 0.453001 0.914145
vt 0.002713 0.029164
vt 0.009494 0.030746
vt 0.002713 0.065102
vt 0.968958 0.163207
vt 0.976529 0.127948
vt 0.976529 0.165467
vt 0.848360 0.443516
vt 0.851638 0.455043
vt 0.831409 0.459111
vt 0.830956 0.450183
vt 0.849716 0.463180
vt 0.825306 0.452218
vt 0.839545 0.476176
vt 0.851751 0.470639
vt 0.845083 0.480810
vt 0.841015 0.488042
vt 0.832087 0.488947
vt 0.848360 0.523528
vt 0.824289 0.468830
vt 0.826888 0.464649
vt 0.812423 0.458546
vt 0.815248 0.453913
vt 0.815813 0.448827
vt 0.807563 0.450975
vt 0.804738 0.454930
vt 0.808806 0.447471
vt 0.805755 0.443516
vt 0.710810 0.002837
vt 0.714087 0.003968
vt 0.706855 0.008940
vt 0.716121 0.007923
vt 0.705159 0.015156
vt 0.714652 0.014252
vt 0.691711 0.013687
vt 0.688434 0.022501
vt 0.704933 0.019337
vt 0.685043 0.018772
vt 0.681653 0.013913
vt 0.678150 0.020015
vt 0.685834 0.030299
vt 0.669222 0.008375
vt 0.669109 0.014478
vt 0.665492 0.009166
vt 0.663232 0.014817
vt 0.659729 0.006454
vt 0.675211 0.026005
vt 0.672612 0.030073
vt 0.676793 0.036967
vt 0.683687 0.048042
vt 0.669900 0.035159
vt 0.676793 0.057761
vt 0.670465 0.052337
vt 0.666283 0.062395
vt 0.672386 0.066011
vt 0.667978 0.067932
vt 0.659729 0.111216
vt 0.605133 0.955398
vt 0.611009 0.954267
vt 0.611235 0.958562
vt 0.603664 0.960596
vt 0.610896 0.985346
vt 0.615756 0.985798
vt 0.615643 0.990092
vt 0.608636 0.987832
vt 0.604907 0.986024
vt 0.595188 0.988171
vt 0.600612 0.984894
vt 0.598578 0.956867
vt 0.602534 0.947713
vt 0.598013 0.948730
vt 0.591571 0.956415
vt 0.596544 0.961613
vt 0.596092 0.985798
vt 0.591345 0.962517
vt 0.585808 0.959466
vt 0.584452 0.954380
vt 0.586599 0.986476
vt 0.582870 0.990092
vt 0.591684 0.986250
vt 0.341899 0.053235
vt 0.347210 0.054366
vt 0.343029 0.062163
vt 0.336474 0.062389
vt 0.335457 0.053009
vt 0.338848 0.044873
vt 0.331163 0.060129
vt 0.335344 0.045890
vt 0.331163 0.048941
vt 0.976643 0.123309
vt 0.970428 0.123422
vt 0.986023 0.114834
vt 0.973705 0.119580
vt 0.964438 0.121727
vt 0.970202 0.118111
vt 0.974948 0.112008
vt 0.967489 0.115399
vt 0.967376 0.107262
vt 0.964438 0.099464
vt 0.976530 0.105567
vt 0.980373 0.099577
vt 0.971671 0.085224
vt 0.972349 0.102063
vt 0.086358 0.809706
vt 0.079126 0.811062
vt 0.079352 0.808011
vt 0.071441 0.810723
vt 0.072684 0.772638
vt 0.081160 0.769361
vt 0.088393 0.770604
vt 0.086471 0.761676
vt 0.094382 0.808011
vt 0.104892 0.811062
vt 0.097547 0.763145
vt 0.096755 0.753087
vt 0.094834 0.770604
vt 0.107153 0.806880
vt 0.119584 0.806880
vt 0.105457 0.752748
vt 0.098564 0.743255
vt 0.102632 0.770152
vt 0.110995 0.763371
vt 0.110769 0.770830
vt 0.119245 0.767213
vt 0.129642 0.802699
vt 0.136536 0.804394
vt 0.125574 0.766648
vt 0.138683 0.799987
vt 0.145916 0.797048
vt 0.148176 0.799083
vt 0.132580 0.760998
vt 0.123878 0.759302
vt 0.138796 0.759528
vt 0.133710 0.754104
vt 0.144560 0.759415
vt 0.114159 0.749696
vt 0.152357 0.796370
vt 0.152470 0.758963
vt 0.158686 0.799422
vt 0.158573 0.796709
vt 0.107492 0.744046
vt 0.111334 0.740768
vt 0.103875 0.745402
vt 0.107266 0.732858
vt 0.111108 0.725286
vt 0.097773 0.737039
vt 0.092461 0.731615
vt 0.101841 0.736361
vt 0.108057 0.726529
vt 0.102632 0.722348
vt 0.104779 0.727433
vt 0.102406 0.732971
vt 0.097999 0.731502
vt 0.095060 0.727094
vt 0.101615 0.729919
vt 0.098677 0.727094
vt 0.754889 0.980034
vt 0.759523 0.984667
vt 0.749239 0.981842
vt 0.746300 0.979129
vt 0.737033 0.981842
vt 0.752064 0.956075
vt 0.757715 0.953024
vt 0.752968 0.950650
vt 0.745509 0.954832
vt 0.748222 0.948842
vt 0.737260 0.979695
vt 0.728219 0.983311
vt 0.728897 0.981390
vt 0.732174 0.979016
vt 0.728219 0.954606
vt 0.734434 0.956414
vt 0.733869 0.950989
vt 0.739633 0.954493
vt 0.742232 0.950198
vt 0.735338 0.942853
vt 0.745622 0.941836
vt 0.912530 0.553584
vt 0.918856 0.564217
vt 0.911797 0.562499
vt 0.917570 0.551922
vt 0.904787 0.551081
vt 0.910930 0.539530
vt 0.915177 0.540950
vt 0.901764 0.542073
vt 0.917440 0.528603
vt 0.904626 0.527186
vt 0.912707 0.524257
vt 0.920346 0.514980
vt 0.909974 0.519517
vt 0.894181 0.529885
vt 0.901533 0.520224
vt 0.918523 0.510259
vt 0.924496 0.511590
vt 0.927703 0.503721
vt 0.906507 0.514327
vt 0.898625 0.515116
vt 0.896584 0.508764
vt 0.883434 0.522146
vt 0.878848 0.507427
vt 0.879435 0.513566
vt 0.870768 0.515039
vt 0.871250 0.509399
vt 0.869911 0.503721
s 1
usemtl Material
f 352/1 133/2 224/3
f 224/3 133/2 152/4
f 224/3 152/4 156/5
f 352/1 224/3 357/6
f 357/6 224/3 156/5
f 156/5 152/4 104/7
f 104/7 152/4 463/8
f 463/8 152/4 133/2
f 156/5 104/7 508/9
f 508/9 104/7 658/10
f 658/10 104/7 463/8
f 658/10 463/8 825/11
f 658/10 825/11 827/12
f 658/10 827/12 508/9
f 508/9 827/12 541/13
f 508/9 541/13 156/5
f 541/13 827/12 804/14
f 541/13 804/14 580/15
f 156/5 541/13 122/16
f 156/5 122/16 357/6
f 541/13 580/15 505/17
f 541/13 505/17 122/16
f 505/17 580/15 546/18
f 546/18 580/15 568/19
f 568/19 580/15 661/20
f 505/17 546/18 520/21
f 505/17 520/21 122/16
f 546/18 568/19 543/22
f 546/18 543/22 520/21
f 568/19 661/20 573/23
f 568/19 573/23 543/22
f 573/23 661/20 791/24
f 573/23 791/24 590/25
f 590/25 791/24 794/26
f 543/22 573/23 542/27
f 542/27 573/23 590/25
f 542/27 590/25 553/28
f 553/28 590/25 794/26
f 543/22 542/27 524/29
f 524/29 542/27 553/28
f 543/22 524/29 540/30
f 543/22 540/30 520/21
f 553/28 794/26 784/31
f 784/31 794/26 814/32
f 553/28 784/31 555/33
f 553/28 555/33 524/29
f 784/31 814/32 789/34
f 789/34 814/32 810/35
f 784/31 789/34 692/36
f 784/31 692/36 555/33
f 789/34 810/35 787/37
f 789/34 787/37 692/36
f 787/37 810/35 802/38
f 802/38 810/35 812/39
f 692/36 787/37 671/40
f 802/38 812/39 799/41
f 799/41 812/39 817/42
f 787/37 802/38 777/43
f 777/43 802/38 799/41
f 787/37 777/43 671/40
f 799/41 817/42 833/44
f 777/43 799/41 781/45
f 781/45 799/41 833/44
f 671/40 777/43 561/46
f 561/46 777/43 781/45
f 569/47 692/36 671/40
f 692/36 569/47 555/33
f 569/47 671/40 551/48
f 551/48 671/40 561/46
f 555/33 569/47 523/49
f 523/49 569/47 551/48
f 555/33 523/49 522/50
f 550/51 561/46 781/45
f 550/51 781/45 833/44
f 551/48 561/46 528/52
f 551/48 528/52 523/49
f 561/46 550/51 534/53
f 561/46 534/53 528/52
f 550/51 833/44 333/54
f 333/54 833/44 835/55
f 534/53 550/51 487/56
f 487/56 550/51 333/54
f 528/52 534/53 516/57
f 516/57 534/53 487/56
f 527/58 523/49 528/52
f 527/58 528/52 516/57
f 523/49 527/58 522/50
f 823/59 333/54 835/55
f 823/59 835/55 845/60
f 823/59 845/60 836/61
f 527/58 516/57 24/62
f 175/63 516/57 487/56
f 516/57 175/63 24/62
f 327/64 487/56 333/54
f 487/56 327/64 175/63
f 361/65 373/66 333/54
f 333/54 373/66 356/67
f 327/64 333/54 363/68
f 363/68 333/54 356/67
f 356/67 373/66 397/69
f 356/67 397/69 363/68
f 397/69 373/66 396/70
f 397/69 396/70 376/71
f 327/64 363/68 342/72
f 331/73 175/63 327/64
f 331/73 327/64 342/72
f 175/63 331/73 324/74
f 175/63 324/74 180/75
f 175/63 180/75 24/62
f 324/74 331/73 337/76
f 337/76 331/73 342/72
f 180/75 324/74 317/77
f 317/77 324/74 337/76
f 24/62 180/75 93/78
f 93/78 180/75 317/77
f 367/79 342/72 363/68
f 367/79 363/68 390/80
f 390/80 363/68 397/69
f 342/72 367/79 357/6
f 357/6 367/79 390/80
f 340/81 337/76 342/72
f 340/81 342/72 357/6
f 334/82 317/77 337/76
f 334/82 337/76 340/81
f 317/77 334/82 303/83
f 317/77 303/83 93/78
f 334/82 340/81 325/84
f 334/82 325/84 303/83
f 340/81 357/6 332/85
f 332/85 357/6 122/16
f 340/81 332/85 328/86
f 340/81 328/86 325/84
f 328/86 332/85 122/16
f 303/83 325/84 164/87
f 164/87 325/84 328/86
f 328/86 122/16 64/88
f 328/86 64/88 164/87
f 64/88 122/16 520/21
f 303/83 164/87 115/89
f 303/83 115/89 93/78
f 164/87 64/88 27/90
f 27/90 64/88 520/21
f 164/87 27/90 115/89
f 93/78 115/89 470/91
f 470/91 115/89 27/90
f 27/90 520/21 486/92
f 27/90 486/92 470/91
f 486/92 520/21 540/30
f 93/78 470/91 464/93
f 93/78 464/93 24/62
f 464/93 470/91 465/94
f 470/91 486/92 476/95
f 470/91 476/95 465/94
f 486/92 540/30 501/96
f 486/92 501/96 476/95
f 501/96 540/30 524/29
f 465/94 476/95 478/97
f 465/94 478/97 464/93
f 476/95 501/96 482/98
f 482/98 501/96 524/29
f 478/97 476/95 484/99
f 484/99 476/95 482/98
f 464/93 478/97 494/100
f 464/93 494/100 24/62
f 24/62 494/100 527/58
f 527/58 494/100 522/50
f 522/50 524/29 555/33
f 494/100 478/97 485/101
f 494/100 485/101 522/50
f 485/101 478/97 484/99
f 524/29 522/50 499/102
f 499/102 522/50 485/101
f 499/102 485/101 484/99
f 524/29 499/102 482/98
f 482/98 499/102 484/99
f 827/103 825/104 847/105
f 847/105 825/104 850/106
f 850/106 825/104 829/107
f 829/107 825/104 463/108
f 829/107 463/108 801/109
f 829/107 801/109 774/110
f 850/106 829/107 849/111
f 850/106 849/111 847/105
f 849/111 829/107 774/110
f 837/112 827/103 847/105
f 765/113 774/110 425/114
f 774/110 765/113 780/115
f 774/110 780/115 831/116
f 774/110 831/116 834/117
f 774/110 834/117 849/111
f 849/111 834/117 831/116
f 849/111 831/116 848/118
f 849/111 848/118 855/119
f 849/111 855/119 847/105
f 847/105 855/119 851/120
f 847/105 851/120 837/112
f 851/120 855/119 845/121
f 845/121 855/119 860/122
f 851/120 845/121 835/123
f 851/120 835/123 833/124
f 851/120 833/124 837/112
f 837/112 833/124 817/125
f 837/112 817/125 820/126
f 837/112 820/126 827/103
f 827/103 820/126 804/127
f 820/126 817/125 815/128
f 815/128 817/125 812/129
f 815/128 812/129 810/130
f 820/126 815/128 807/131
f 820/126 807/131 804/127
f 807/131 815/128 810/130
f 804/127 807/131 793/132
f 804/127 793/132 580/133
f 580/133 793/132 661/134
f 793/132 807/131 797/135
f 793/132 797/135 661/134
f 807/131 810/130 806/136
f 807/131 806/136 797/135
f 806/136 810/130 814/137
f 806/136 814/137 794/138
f 806/136 794/138 791/139
f 806/136 791/139 797/135
f 772/140 791/139 661/134
f 791/139 772/140 797/135
f 797/135 772/140 661/134
f 801/141 463/8 587/142
f 801/141 587/142 774/143
f 587/142 463/8 53/144
f 774/143 587/142 483/145
f 483/145 587/142 53/144
f 53/144 463/8 133/2
f 774/143 483/145 425/146
f 425/146 483/145 69/147
f 425/146 69/147 9/148
f 69/147 483/145 247/149
f 247/149 483/145 192/150
f 192/150 483/145 53/144
f 247/149 192/150 346/151
f 192/150 53/144 237/152
f 237/152 53/144 133/2
f 192/150 237/152 346/151
f 237/152 133/2 345/153
f 237/152 345/153 346/151
f 345/153 133/2 352/1
f 346/151 345/153 384/154
f 384/154 345/153 352/1
f 346/151 384/154 377/155
f 346/151 377/155 355/156
f 384/154 352/1 383/157
f 383/157 352/1 357/6
f 383/157 357/6 390/80
f 383/157 390/80 375/158
f 383/157 375/158 384/154
f 375/158 390/80 397/69
f 385/159 377/155 384/154
f 377/155 385/159 355/156
f 385/159 384/154 375/158
f 375/158 397/69 376/71
f 355/156 385/159 382/160
f 382/160 385/159 375/158
f 375/158 376/71 391/161
f 375/158 391/161 382/160
f 391/161 376/71 399/162
f 399/162 376/71 400/163
f 382/160 391/161 344/164
f 382/160 344/164 355/156
f 344/164 391/161 399/162
f 355/156 344/164 320/165
f 369/166 365/167 399/162
f 399/162 365/167 344/164
f 344/164 365/167 353/168
f 344/164 353/168 321/169
f 320/165 344/164 293/170
f 320/165 293/170 310/171
f 293/170 344/164 239/172
f 310/171 293/170 283/173
f 283/173 293/170 239/172
f 346/174 355/175 247/176
f 247/176 355/175 320/177
f 247/176 320/177 261/178
f 261/178 320/177 299/179
f 299/179 320/177 310/180
f 247/176 261/178 233/181
f 299/179 310/180 308/182
f 247/176 233/181 131/183
f 247/176 131/183 69/184
f 233/181 261/178 245/185
f 131/183 233/181 178/186
f 178/186 233/181 245/185
f 278/187 261/178 299/179
f 261/178 278/187 245/185
f 278/187 299/179 291/188
f 291/188 299/179 308/182
f 278/187 291/188 285/189
f 278/187 285/189 245/185
f 285/189 291/188 308/182
f 219/190 178/186 245/185
f 219/190 245/185 285/189
f 294/191 308/182 310/180
f 294/191 310/180 283/192
f 294/191 283/192 269/193
f 294/191 269/193 308/182
f 269/193 283/192 244/194
f 269/193 244/194 248/195
f 308/182 269/193 305/196
f 308/182 305/196 285/189
f 285/189 305/196 276/197
f 285/189 276/197 274/198
f 285/189 274/198 235/199
f 285/189 235/199 219/190
f 235/199 274/198 225/200
f 225/200 274/198 234/201
f 219/190 235/199 138/202
f 235/199 225/200 136/203
f 235/199 136/203 138/202
f 136/203 225/200 148/204
f 219/190 138/202 178/186
f 138/202 136/203 50/205
f 178/186 138/202 100/206
f 100/206 138/202 50/205
f 178/186 100/206 131/183
f 50/205 136/203 76/207
f 131/183 100/206 60/208
f 131/183 60/208 69/184
f 69/184 60/208 32/209
f 60/208 100/206 47/210
f 60/208 47/210 32/209
f 47/210 100/206 50/205
f 69/184 32/209 9/211
f 9/211 32/209 47/210
f 21/212 50/205 76/207
f 21/212 76/207 78/213
f 47/210 50/205 8/214
f 8/214 50/205 21/212
f 47/210 8/214 9/211
f 8/214 21/212 6/215
f 6/215 21/212 44/216
f 6/215 44/216 29/217
f 8/214 6/215 10/218
f 8/214 10/218 9/211
f 10/218 6/215 29/217
f 9/211 10/218 407/219
f 10/218 29/217 36/220
f 10/218 36/220 407/219
f 36/220 29/217 61/221
f 36/220 61/221 71/222
f 36/220 71/222 77/223
f 36/220 77/223 407/219
f 407/219 77/223 421/224
f 407/219 421/224 442/225
f 421/224 77/223 72/226
f 421/224 72/226 434/227
f 434/227 72/226 26/228
f 434/227 26/228 4/229
f 26/228 72/226 55/230
f 4/229 26/228 22/231
f 22/231 26/228 55/230
f 396/232 373/233 361/234
f 396/232 361/234 402/235
f 396/232 402/235 380/236
f 380/236 402/235 393/237
f 393/237 402/235 371/238
f 393/237 371/238 360/239
f 360/239 371/238 402/235
f 360/239 402/235 361/234
f 360/239 361/234 333/240
f 360/239 333/240 343/241
f 343/241 333/240 554/242
f 396/243 380/244 376/245
f 376/245 380/244 404/246
f 376/245 404/246 400/247
f 404/246 380/244 395/248
f 404/246 395/248 372/249
f 372/249 395/248 358/250
f 404/246 372/249 348/251
f 348/251 372/249 358/250
f 400/247 404/246 369/252
f 400/247 369/252 399/253
f 369/252 404/246 348/251
f 369/252 348/251 353/254
f 369/252 353/254 365/255
f 348/251 358/250 312/256
f 312/256 358/250 313/257
f 353/254 348/251 280/258
f 280/258 348/251 312/256
f 353/254 280/258 321/259
f 258/260 290/261 313/257
f 313/257 290/261 312/256
f 280/258 312/256 246/262
f 280/258 246/262 220/263
f 312/256 290/261 289/264
f 220/263 246/262 85/265
f 220/263 85/265 62/266
f 246/262 312/256 264/267
f 264/267 312/256 289/264
f 289/264 290/261 314/268
f 264/267 289/264 286/269
f 314/268 290/261 302/270
f 302/270 290/261 262/271
f 302/270 262/271 297/272
f 314/268 302/270 304/273
f 304/273 302/270 297/272
f 314/268 304/273 289/264
f 289/264 304/273 286/269
f 304/273 297/272 300/274
f 249/275 264/267 286/269
f 249/275 286/269 304/273
f 304/273 300/274 266/276
f 304/273 266/276 249/275
f 266/276 300/274 279/277
f 266/276 279/277 257/278
f 266/276 257/278 249/275
f 257/278 279/277 281/279
f 257/278 281/279 240/280
f 242/281 264/267 249/275
f 264/267 242/281 246/262
f 249/275 257/278 195/282
f 257/278 240/280 211/283
f 257/278 211/283 195/282
f 211/283 240/280 210/284
f 211/283 210/284 158/285
f 211/283 158/285 195/282
f 158/285 210/284 160/286
f 158/285 160/286 101/287
f 205/288 242/281 249/275
f 205/288 249/275 195/282
f 176/289 246/262 242/281
f 176/289 242/281 205/288
f 246/262 176/289 85/265
f 87/290 195/282 158/285
f 87/290 158/285 101/287
f 205/288 195/282 121/291
f 121/291 195/282 87/290
f 205/288 121/291 176/289
f 176/289 121/291 96/292
f 176/289 96/292 85/265
f 121/291 87/290 59/293
f 121/291 59/293 96/292
f 87/290 101/287 49/294
f 87/290 49/294 59/293
f 49/294 101/287 30/295
f 30/295 101/287 86/296
f 49/294 30/295 19/297
f 96/292 59/293 57/298
f 96/292 57/298 85/265
f 59/293 49/294 48/299
f 48/299 49/294 19/297
f 59/293 48/299 57/298
f 19/297 30/295 11/300
f 48/299 19/297 41/301
f 48/299 41/301 57/298
f 19/297 11/300 7/302
f 7/302 11/300 20/303
f 7/302 20/303 33/304
f 7/302 33/304 1/305
f 7/302 1/305 408/306
f 41/301 19/297 16/307
f 16/307 19/297 7/302
f 16/307 7/302 408/306
f 41/301 16/307 57/298
f 16/307 408/306 25/308
f 16/307 25/308 57/298
f 57/298 25/308 85/265
f 25/308 408/306 471/309
f 85/265 25/308 480/310
f 480/310 25/308 471/309
f 480/310 471/309 636/311
f 85/265 480/310 62/266
f 62/266 480/310 412/312
f 393/313 360/314 370/315
f 393/316 370/317 401/318
f 401/318 370/317 389/319
f 389/319 370/317 343/320
f 343/320 370/317 360/321
f 389/319 343/320 394/322
f 394/322 343/320 366/323
f 389/319 394/322 381/324
f 394/322 366/323 403/325
f 394/322 403/325 381/324
f 403/325 366/323 387/326
f 403/325 387/326 381/324
f 387/326 366/323 364/327
f 381/324 387/326 388/328
f 387/326 364/327 378/329
f 387/326 378/329 362/330
f 378/329 364/327 386/331
f 387/326 362/330 379/332
f 379/332 362/330 378/329
f 387/326 379/332 388/328
f 379/332 378/329 386/331
f 386/331 364/327 349/333
f 388/328 379/332 374/334
f 374/334 379/332 386/331
f 388/328 374/334 368/335
f 388/328 368/335 354/336
f 354/336 368/335 347/337
f 347/337 368/335 374/334
f 354/336 347/337 255/338
f 386/331 349/333 350/339
f 374/334 386/331 351/340
f 374/334 351/340 347/337
f 351/340 386/331 350/339
f 350/339 349/333 251/341
f 347/337 351/340 298/342
f 255/338 347/337 187/343
f 187/343 347/337 298/342
f 255/338 187/343 109/344
f 350/339 251/341 159/345
f 159/345 251/341 198/346
f 159/345 198/346 126/347
f 159/345 126/347 495/348
f 159/345 495/348 821/349
f 166/350 351/340 350/339
f 166/350 350/339 159/345
f 351/340 166/350 298/342
f 166/350 159/345 749/351
f 749/351 159/345 821/349
f 298/342 166/350 56/352
f 56/352 166/350 749/351
f 298/342 56/352 187/343
f 56/352 749/351 785/353
f 187/343 56/352 510/354
f 510/354 56/352 785/353
f 785/353 749/351 846/355
f 846/355 749/351 821/349
f 510/354 785/353 816/356
f 816/356 785/353 846/355
f 187/343 510/354 444/357
f 444/357 510/354 816/356
f 187/343 444/357 109/344
f 109/344 444/357 45/358
f 45/358 444/357 3/359
f 3/359 444/357 436/360
f 3/359 436/360 443/361
f 443/361 436/360 613/362
f 613/362 436/360 736/363
f 736/363 436/360 444/357
f 613/362 736/363 743/364
f 743/364 736/363 767/365
f 767/365 736/363 783/366
f 783/366 736/363 822/367
f 822/367 736/363 444/357
f 822/367 444/357 816/356
f 822/367 816/356 842/368
f 822/367 842/368 838/369
f 838/369 842/368 856/370
f 842/368 816/356 846/355
f 842/368 846/355 856/370
f 856/370 846/355 857/371
f 857/371 846/355 853/372
f 853/372 846/355 821/349
f 853/372 821/349 841/373
f 853/372 841/373 857/371
f 841/373 821/349 819/374
f 841/373 819/374 818/375
f 841/373 818/375 826/376
f 826/376 818/375 803/377
f 857/371 841/373 840/378
f 840/378 841/373 826/376
f 857/371 840/378 860/379
f 826/376 803/377 554/380
f 860/379 840/378 843/381
f 843/381 840/378 826/376
f 843/381 826/376 836/382
f 836/382 826/376 554/380
f 393/383 401/384 380/385
f 380/385 401/384 389/386
f 380/385 389/386 381/387
f 380/385 381/387 392/388
f 392/388 381/387 388/389
f 380/385 392/388 398/390
f 380/385 398/390 395/391
f 395/391 398/390 358/392
f 398/390 392/388 359/393
f 359/393 392/388 388/389
f 398/390 359/393 358/392
f 359/393 388/389 354/394
f 358/392 359/393 313/395
f 315/396 354/394 255/397
f 354/394 315/396 319/398
f 354/394 319/398 359/393
f 359/393 319/398 254/399
f 359/393 254/399 313/395
f 313/395 254/399 250/400
f 250/400 254/399 161/401
f 250/400 161/401 81/402
f 81/402 161/401 39/403
f 81/402 39/403 437/404
f 81/402 437/404 515/405
f 81/402 515/405 1/406
f 515/405 437/404 753/407
f 515/405 753/407 688/408
f 688/408 753/407 747/409
f 319/410 315/411 288/412
f 288/412 315/411 255/413
f 319/410 288/412 311/414
f 319/410 311/414 282/415
f 319/410 282/415 254/416
f 254/416 282/415 241/417
f 282/415 311/414 306/418
f 241/417 282/415 268/419
f 268/419 282/415 306/418
f 241/417 268/419 197/420
f 306/418 311/414 316/421
f 316/421 311/414 288/412
f 306/418 316/421 268/419
f 197/420 268/419 236/422
f 316/421 288/412 284/423
f 268/419 316/421 309/424
f 309/424 316/421 284/423
f 268/419 309/424 271/425
f 268/419 271/425 236/422
f 309/424 284/423 260/426
f 236/422 271/425 223/427
f 236/422 223/427 132/428
f 271/425 309/424 272/429
f 272/429 309/424 260/426
f 223/427 271/425 221/430
f 221/430 271/425 272/429
f 132/428 223/427 182/431
f 182/431 223/427 221/430
f 132/428 182/431 149/432
f 149/432 182/431 188/433
f 188/433 182/431 221/430
f 149/432 188/433 216/434
f 216/434 188/433 221/430
f 149/432 216/434 184/435
f 194/436 221/430 272/429
f 194/436 272/429 260/426
f 221/430 194/436 169/437
f 221/430 169/437 216/434
f 184/435 216/434 206/438
f 184/435 206/438 90/439
f 90/439 206/438 177/440
f 177/440 206/438 216/434
f 90/439 177/440 114/441
f 177/440 216/434 147/442
f 177/440 147/442 114/441
f 147/442 216/434 169/437
f 114/441 147/442 91/443
f 91/443 147/442 169/437
f 91/443 169/437 135/444
f 135/444 169/437 194/436
f 91/443 135/444 68/445
f 135/444 194/436 167/446
f 135/444 167/446 68/445
f 167/446 194/436 260/426
f 68/445 167/446 157/447
f 68/445 157/447 75/448
f 167/446 260/426 243/449
f 167/446 243/449 157/447
f 243/449 260/426 284/423
f 75/448 157/447 73/450
f 243/449 284/423 231/451
f 243/449 231/451 157/447
f 231/451 284/423 288/412
f 231/451 288/412 255/413
f 157/447 231/451 150/452
f 150/452 231/451 255/413
f 157/447 150/452 73/450
f 150/452 255/413 109/453
f 150/452 109/453 73/450
f 364/454 366/455 341/456
f 364/454 341/456 349/457
f 251/458 349/457 198/459
f 198/459 349/457 79/460
f 198/459 79/460 126/461
f 495/462 126/461 496/463
f 496/463 126/461 79/460
f 496/463 79/460 513/464
f 79/460 349/457 330/465
f 330/465 349/457 341/456
f 513/464 79/460 153/466
f 153/466 79/460 330/465
f 513/464 153/466 537/467
f 513/464 537/467 574/468
f 153/466 330/465 128/469
f 153/466 128/469 537/467
f 330/465 341/456 326/470
f 128/469 330/465 275/471
f 275/471 330/465 326/470
f 128/469 275/471 112/472
f 275/471 326/470 277/473
f 275/471 277/473 112/472
f 326/470 341/456 336/474
f 336/474 341/456 339/475
f 277/473 326/470 322/476
f 322/476 326/470 336/474
f 112/472 277/473 318/477
f 318/477 277/473 322/476
f 339/475 341/456 366/455
f 322/476 336/474 338/478
f 322/476 338/478 318/477
f 338/478 336/474 339/475
f 318/477 338/478 323/479
f 323/479 338/478 339/475
f 339/475 366/455 335/480
f 335/480 366/455 343/481
f 323/479 339/475 329/482
f 329/482 339/475 335/480
f 318/477 323/479 193/483
f 193/483 323/479 329/482
f 329/482 335/480 134/484
f 329/482 134/484 193/483
f 335/480 343/481 493/485
f 335/480 493/485 134/484
f 493/485 343/481 554/486
f 318/477 193/483 129/487
f 318/477 129/487 112/472
f 112/472 129/487 52/488
f 112/472 52/488 128/469
f 129/487 193/483 17/489
f 129/487 17/489 52/488
f 17/489 193/483 409/490
f 409/490 193/483 134/484
f 52/488 17/489 467/491
f 467/491 17/489 409/490
f 128/469 52/488 498/492
f 409/490 134/484 531/493
f 128/469 498/492 537/467
f 409/490 531/493 490/494
f 409/490 490/494 467/491
f 52/488 467/491 466/495
f 52/488 466/495 498/492
f 466/495 467/491 468/496
f 537/467 498/492 530/497
f 468/496 467/491 477/498
f 477/498 467/491 490/494
f 466/495 468/496 489/499
f 489/499 468/496 477/498
f 498/492 466/495 479/500
f 479/500 466/495 489/499
f 530/497 498/492 517/501
f 517/501 498/492 479/500
f 479/500 489/499 488/502
f 488/502 489/499 477/498
f 479/500 488/502 517/501
f 488/502 477/498 481/503
f 481/503 477/498 500/504
f 481/503 500/504 488/502
f 500/504 477/498 490/494
f 517/501 488/502 525/505
f 525/505 488/502 500/504
f 500/504 490/494 531/493
f 500/504 531/493 525/505
f 525/505 531/493 535/506
f 517/501 525/505 556/507
f 536/508 530/497 517/501
f 536/508 517/501 556/507
f 530/497 536/508 537/467
f 537/467 536/508 560/509
f 537/467 560/509 574/468
f 574/468 560/509 712/510
f 560/509 536/508 582/511
f 560/509 582/511 712/510
f 582/511 536/508 556/507
f 712/510 582/511 792/512
f 792/512 582/511 786/513
f 786/513 582/511 556/507
f 786/513 556/507 570/514
f 786/513 570/514 800/515
f 539/516 556/507 525/505
f 556/507 539/516 570/514
f 539/516 525/505 535/506
f 800/515 570/514 775/517
f 570/514 539/516 567/518
f 570/514 567/518 775/517
f 567/518 539/516 535/506
f 800/515 775/517 788/519
f 788/519 775/517 567/518
f 800/515 788/519 808/520
f 808/520 788/519 790/521
f 788/519 567/518 622/522
f 790/521 788/519 725/523
f 725/523 788/519 622/522
f 790/521 725/523 796/524
f 622/522 567/518 558/525
f 622/522 558/525 725/523
f 558/525 567/518 535/506
f 725/523 558/525 796/524
f 796/524 558/525 554/486
f 796/524 554/486 803/526
f 554/486 558/525 544/527
f 544/527 558/525 535/506
f 554/486 544/527 493/485
f 544/527 535/506 518/528
f 544/527 518/528 493/485
f 518/528 535/506 531/493
f 493/485 518/528 134/484
f 134/484 518/528 531/493
f 495/529 496/530 552/531
f 552/531 496/530 513/532
f 552/531 513/532 574/533
f 495/529 552/531 819/534
f 495/529 819/534 821/535
f 552/531 574/533 704/536
f 552/531 704/536 819/534
f 704/536 574/533 712/537
f 819/534 704/536 798/538
f 798/538 704/536 712/537
f 819/534 798/538 813/539
f 798/538 712/537 795/540
f 798/538 795/540 813/539
f 795/540 712/537 792/541
f 819/534 813/539 818/542
f 795/540 792/541 809/543
f 795/540 809/543 813/539
f 809/543 792/541 786/544
f 809/543 786/544 800/545
f 809/543 800/545 808/546
f 809/543 808/546 811/547
f 809/543 811/547 813/539
f 811/547 808/546 790/548
f 811/547 790/548 796/549
f 813/539 811/547 805/550
f 805/550 811/547 796/549
f 813/539 805/550 818/542
f 805/550 796/549 803/551
f 805/550 803/551 818/542
f 843/552 836/553 860/554
f 860/554 836/553 845/555
f 836/556 554/557 823/558
f 823/558 554/557 333/559
f 848/560 831/561 858/562
f 848/560 858/562 855/563
f 855/563 858/562 844/564
f 855/563 844/564 859/565
f 844/564 858/562 824/566
f 824/566 858/562 831/561
f 824/566 831/561 776/567
f 776/567 831/561 780/568
f 776/567 780/568 771/569
f 771/569 780/568 765/570
f 776/567 771/569 750/571
f 776/567 750/571 757/572
f 771/569 765/570 732/573
f 732/573 765/570 425/574
f 771/569 732/573 742/575
f 771/569 742/575 750/571
f 732/573 425/574 473/576
f 732/573 473/576 742/575
f 473/576 425/574 428/577
f 750/571 742/575 633/578
f 633/578 742/575 473/576
f 473/576 428/577 452/579
f 473/576 452/579 633/578
f 452/579 428/577 430/580
f 633/578 452/579 456/581
f 456/581 452/579 430/580
f 750/571 633/578 715/582
f 633/578 456/581 630/583
f 633/578 630/583 715/582
f 456/581 430/580 450/584
f 450/584 430/580 429/585
f 450/584 429/585 461/586
f 450/584 461/586 497/587
f 715/582 630/583 616/588
f 616/588 630/583 456/581
f 456/581 450/584 502/589
f 456/581 502/589 616/588
f 450/584 497/587 526/590
f 450/584 526/590 502/589
f 526/590 497/587 509/591
f 616/588 502/589 627/592
f 627/592 502/589 526/590
f 526/590 509/591 625/593
f 526/590 625/593 627/592
f 588/594 577/595 509/591
f 509/591 577/595 625/593
f 625/593 577/595 642/596
f 625/593 642/596 677/597
f 627/592 625/593 700/598
f 700/598 625/593 677/597
f 706/599 616/588 627/592
f 706/599 627/592 700/598
f 616/588 706/599 715/582
f 700/598 677/597 708/600
f 708/600 677/597 694/601
f 708/600 694/601 716/602
f 708/600 716/602 700/598
f 716/602 694/601 697/603
f 716/602 697/603 737/604
f 700/598 716/602 735/605
f 735/605 716/602 737/604
f 700/598 735/605 706/599
f 770/606 715/582 706/599
f 770/606 706/599 735/605
f 770/606 735/605 737/604
f 715/582 770/606 750/571
f 770/606 737/604 757/572
f 770/606 757/572 750/571
f 824/607 776/608 773/609
f 824/607 773/609 844/610
f 844/610 773/609 779/611
f 779/611 773/609 738/612
f 779/611 738/612 766/613
f 766/613 738/612 723/614
f 723/614 738/612 699/615
f 723/614 699/615 696/616
f 696/616 699/615 645/617
f 699/615 738/612 663/618
f 699/615 663/618 645/617
f 663/618 738/612 773/609
f 645/617 663/618 583/619
f 645/617 583/619 608/620
f 663/618 773/609 421/621
f 583/619 663/618 545/622
f 545/622 663/618 421/621
f 583/619 545/622 507/623
f 583/619 507/623 521/624
f 507/623 545/622 434/625
f 434/625 545/622 421/621
f 507/623 434/625 445/626
f 445/626 434/625 411/627
f 672/628 421/621 773/609
f 421/621 672/628 442/629
f 672/628 773/609 727/630
f 727/630 773/609 776/608
f 727/630 776/608 756/631
f 756/631 776/608 757/632
f 756/631 757/632 740/633
f 756/631 740/633 727/630
f 740/633 757/632 722/634
f 740/633 722/634 653/635
f 740/633 653/635 727/630
f 727/630 653/635 672/628
f 672/628 653/635 451/636
f 672/628 451/636 442/629
f 451/636 653/635 469/637
f 442/629 451/636 432/638
f 432/638 451/636 429/639
f 442/629 432/638 407/640
f 432/638 429/639 431/641
f 432/638 431/641 407/640
f 431/641 429/639 430/642
f 407/640 431/641 9/643
f 431/641 430/642 428/644
f 431/641 428/644 9/643
f 9/643 428/644 425/645
f 697/646 694/647 637/648
f 637/648 694/647 664/649
f 637/648 664/649 624/650
f 697/646 637/648 603/651
f 637/648 624/650 557/652
f 637/648 557/652 603/651
f 557/652 624/650 588/653
f 557/652 588/653 509/654
f 557/652 509/654 497/655
f 557/652 497/655 603/651
f 603/651 497/655 461/656
f 697/646 603/651 737/657
f 737/657 603/651 461/656
f 737/657 461/656 469/658
f 469/658 461/656 429/659
f 469/658 429/659 451/660
f 737/657 469/658 722/661
f 722/661 469/658 653/662
f 737/657 722/661 757/663
f 664/664 694/665 677/666
f 664/664 677/666 676/667
f 676/667 677/666 655/668
f 655/668 677/666 642/669
f 655/668 642/669 595/670
f 595/670 642/669 577/671
f 595/670 577/671 588/672
f 624/673 664/674 615/675
f 624/673 615/675 588/676
f 615/675 664/674 676/677
f 588/676 615/675 595/678
f 615/675 676/677 639/679
f 595/678 615/675 589/680
f 589/680 615/675 639/679
f 595/678 589/680 641/681
f 595/678 641/681 655/682
f 589/680 639/679 686/683
f 589/680 686/683 641/681
f 686/683 639/679 676/677
f 641/681 686/683 655/682
f 655/682 686/683 676/677
f 766/684 723/685 745/686
f 766/684 745/686 769/687
f 766/684 769/687 758/688
f 758/688 769/687 761/689
f 766/684 758/688 779/690
f 758/688 761/689 714/691
f 779/690 758/688 717/692
f 717/692 758/688 714/691
f 779/690 717/692 693/693
f 717/692 714/691 673/694
f 717/692 673/694 693/693
f 673/694 714/691 680/695
f 693/693 673/694 480/696
f 673/694 680/695 599/697
f 599/697 680/695 644/698
f 480/696 673/694 547/699
f 547/699 673/694 599/697
f 599/697 644/698 492/700
f 599/697 492/700 547/699
f 492/700 644/698 632/701
f 480/696 547/699 457/702
f 457/702 547/699 492/700
f 480/696 457/702 412/703
f 492/700 632/701 606/704
f 457/702 492/700 438/705
f 457/702 438/705 412/703
f 438/705 492/700 606/704
f 412/703 438/705 410/706
f 412/703 410/706 411/707
f 438/705 606/704 433/708
f 438/705 433/708 410/706
f 411/707 410/706 441/709
f 411/707 441/709 445/710
f 445/710 441/709 507/711
f 507/711 441/709 521/712
f 441/709 410/706 453/713
f 441/709 453/713 521/712
f 453/713 410/706 433/708
f 521/712 453/713 565/714
f 565/714 453/713 433/708
f 565/714 433/708 533/715
f 533/715 433/708 606/704
f 565/714 533/715 604/716
f 533/715 606/704 572/717
f 533/715 572/717 604/716
f 572/717 606/704 623/718
f 572/717 623/718 598/719
f 572/717 598/719 566/720
f 604/716 572/717 559/721
f 559/721 572/717 566/720
f 559/721 566/720 604/716
f 745/722 723/723 696/724
f 745/722 696/724 710/725
f 745/722 710/725 769/726
f 710/725 696/724 608/727
f 608/727 696/724 645/728
f 710/725 608/727 659/729
f 769/726 710/725 681/730
f 681/730 710/725 659/729
f 659/729 608/727 619/731
f 659/729 619/731 681/730
f 521/732 608/727 583/733
f 608/727 521/732 619/731
f 619/731 521/732 565/734
f 619/731 565/734 604/735
f 619/731 604/735 647/736
f 647/736 604/735 566/737
f 681/730 619/731 668/738
f 668/738 619/731 647/736
f 647/736 566/737 674/739
f 674/739 566/737 654/740
f 654/740 566/737 598/741
f 647/736 674/739 669/742
f 669/742 674/739 654/740
f 647/736 669/742 668/738
f 654/740 598/741 623/743
f 654/740 623/743 669/742
f 669/742 623/743 668/738
f 668/738 623/743 606/744
f 687/745 681/730 668/738
f 687/745 668/738 606/744
f 681/730 687/745 769/726
f 687/745 606/744 632/746
f 769/726 687/745 720/747
f 720/747 687/745 632/746
f 769/726 720/747 761/748
f 720/747 632/746 644/749
f 761/748 720/747 714/750
f 720/747 644/749 680/751
f 720/747 680/751 714/750
f 4/752 411/753 434/754
f 411/753 4/752 412/755
f 412/755 4/752 34/756
f 412/755 34/756 62/757
f 34/756 4/752 14/758
f 14/758 4/752 12/759
f 12/759 4/752 22/760
f 34/756 14/758 35/761
f 12/759 22/760 38/762
f 38/762 22/760 55/763
f 38/762 55/763 66/764
f 95/765 62/757 34/756
f 34/756 35/761 67/766
f 34/756 67/766 95/765
f 67/766 35/761 113/767
f 62/757 95/765 220/768
f 67/766 113/767 165/769
f 67/766 165/769 95/765
f 165/769 113/767 232/770
f 220/768 95/765 226/771
f 226/771 95/765 165/769
f 232/770 113/767 172/772
f 226/771 165/769 256/773
f 256/773 165/769 232/770
f 220/768 226/771 265/774
f 265/774 226/771 256/773
f 220/768 265/774 280/775
f 256/773 232/770 287/776
f 256/773 287/776 265/774
f 280/775 265/774 295/777
f 295/777 265/774 287/776
f 280/775 295/777 321/778
f 321/778 295/777 296/779
f 321/778 296/779 292/780
f 292/780 296/779 267/781
f 296/779 295/777 307/782
f 307/782 295/777 287/776
f 267/781 296/779 270/783
f 270/783 296/779 307/782
f 267/781 270/783 227/784
f 267/781 227/784 230/785
f 230/785 227/784 124/786
f 124/786 227/784 139/787
f 307/782 287/776 301/788
f 307/782 301/788 270/783
f 301/788 287/776 263/789
f 263/789 287/776 232/770
f 270/783 301/788 252/790
f 270/783 252/790 227/784
f 301/788 263/789 273/791
f 301/788 273/791 252/790
f 263/789 232/770 229/792
f 263/789 229/792 273/791
f 229/792 232/770 172/772
f 229/792 172/772 143/793
f 227/784 252/790 191/794
f 227/784 191/794 139/787
f 252/790 273/791 201/795
f 201/795 273/791 229/792
f 252/790 201/795 191/794
f 139/787 191/794 145/796
f 145/796 191/794 201/795
f 229/792 143/793 173/797
f 173/797 143/793 118/798
f 173/797 118/798 185/799
f 201/795 229/792 199/800
f 201/795 199/800 145/796
f 199/800 229/792 173/797
f 145/796 199/800 168/801
f 145/796 168/801 120/802
f 199/800 173/797 203/803
f 199/800 203/803 168/801
f 203/803 173/797 185/799
f 168/801 203/803 120/802
f 120/802 203/803 183/804
f 120/802 183/804 140/805
f 203/803 185/799 213/806
f 203/803 213/806 183/804
f 183/804 213/806 140/805
f 213/806 185/799 84/807
f 213/806 84/807 140/805
f 779/808 693/809 733/810
f 480/811 636/812 693/809
f 693/809 636/812 733/810
f 779/808 733/810 828/813
f 779/808 828/813 844/814
f 844/814 828/813 859/815
f 828/813 733/810 839/816
f 828/813 839/816 859/815
f 839/816 733/810 832/817
f 832/817 733/810 778/818
f 832/817 778/818 747/819
f 839/816 832/817 852/820
f 839/816 852/820 859/815
f 859/815 852/820 854/821
f 859/815 854/821 855/822
f 855/822 854/821 860/823
f 860/824 854/825 857/826
f 857/826 854/825 852/827
f 857/826 852/827 856/828
f 856/828 852/827 830/829
f 856/828 830/829 838/830
f 830/829 852/827 832/831
f 830/829 832/831 747/832
f 838/830 830/829 822/833
f 830/829 747/832 753/834
f 822/833 830/829 782/835
f 782/835 830/829 753/834
f 822/833 782/835 783/836
f 783/836 782/835 767/837
f 767/837 782/835 764/838
f 764/838 782/835 753/834
f 448/839 753/834 437/840
f 753/834 448/839 609/841
f 753/834 609/841 729/842
f 753/834 729/842 764/838
f 729/842 609/841 626/843
f 729/842 626/843 721/844
f 721/844 626/843 455/845
f 721/844 455/845 611/846
f 729/842 721/844 751/847
f 729/842 751/847 764/838
f 721/844 611/846 718/848
f 764/838 751/847 763/849
f 764/838 763/849 767/837
f 751/847 721/844 754/850
f 754/850 721/844 718/848
f 763/849 751/847 760/851
f 760/851 751/847 754/850
f 767/837 763/849 748/852
f 748/852 763/849 760/851
f 767/837 748/852 743/853
f 760/851 754/850 746/854
f 746/854 754/850 718/848
f 760/851 746/854 731/855
f 760/851 731/855 755/856
f 760/851 755/856 748/852
f 731/855 746/854 701/857
f 748/852 755/856 734/858
f 755/856 731/855 703/859
f 703/859 731/855 701/857
f 734/858 755/856 698/860
f 698/860 755/856 703/859
f 748/852 734/858 726/861
f 726/861 734/858 698/860
f 724/862 743/853 748/852
f 724/862 748/852 726/861
f 743/853 724/862 613/863
f 613/863 724/862 634/864
f 634/864 724/862 726/861
f 634/864 726/861 656/865
f 656/865 726/861 698/860
f 634/864 656/865 640/866
f 640/866 656/865 698/860
f 640/866 698/860 612/867
f 612/867 698/860 618/868
f 618/868 698/860 620/869
f 620/869 698/860 703/859
f 620/869 703/859 621/870
f 621/870 703/859 684/871
f 684/871 703/859 701/857
f 621/870 684/871 667/872
f 621/870 667/872 643/873
f 684/871 701/857 707/874
f 684/871 707/874 667/872
f 643/873 667/872 675/875
f 675/875 667/872 707/874
f 643/873 675/875 657/876
f 707/874 701/857 713/877
f 713/877 701/857 746/854
f 713/877 746/854 718/848
f 707/874 713/877 690/878
f 707/874 690/878 675/875
f 713/877 718/848 689/879
f 713/877 689/879 690/878
f 689/879 718/848 611/846
f 689/879 611/846 548/880
f 689/879 548/880 690/878
f 675/875 690/878 648/881
f 648/881 690/878 592/882
f 648/881 592/882 591/883
f 648/881 591/883 635/884
f 675/875 648/881 662/885
f 662/885 648/881 635/884
f 675/875 662/885 657/876
f 657/876 662/885 679/886
f 657/876 679/886 628/887
f 662/885 635/884 678/888
f 662/885 678/888 679/886
f 679/886 678/888 628/887
f 678/888 635/884 610/889
f 678/888 610/889 628/887
f 73/890 109/891 45/892
f 73/890 45/892 37/893
f 37/893 45/892 13/894
f 73/890 37/893 46/895
f 73/890 46/895 75/896
f 75/896 46/895 68/897
f 46/895 37/893 18/898
f 18/898 37/893 13/894
f 68/897 46/895 31/899
f 31/899 46/895 18/898
f 68/897 31/899 91/900
f 18/898 13/894 2/901
f 18/898 2/901 31/899
f 91/900 31/899 23/902
f 23/902 31/899 2/901
f 2/901 13/894 5/903
f 5/903 13/894 406/904
f 2/901 5/903 15/905
f 5/903 406/904 42/906
f 5/903 42/906 15/905
f 42/906 406/904 39/907
f 2/901 15/905 28/908
f 28/908 15/905 42/906
f 2/901 28/908 23/902
f 42/906 39/907 74/909
f 74/909 39/907 161/910
f 28/908 42/906 54/911
f 54/911 42/906 74/909
f 23/902 28/908 65/912
f 65/912 28/908 54/911
f 23/902 65/912 102/913
f 23/902 102/913 91/900
f 102/913 65/912 132/914
f 102/913 132/914 149/915
f 132/914 65/912 137/916
f 137/916 65/912 54/911
f 132/914 137/916 236/917
f 236/917 137/916 197/918
f 137/916 54/911 97/919
f 137/916 97/919 197/918
f 97/919 54/911 74/909
f 197/918 97/919 142/920
f 142/920 97/919 74/909
f 142/920 74/909 161/910
f 197/918 142/920 241/921
f 241/921 142/920 161/910
f 241/921 161/910 254/922
f 94/923 91/900 102/913
f 94/923 102/913 149/915
f 91/900 94/923 114/924
f 114/924 94/923 90/925
f 94/923 149/915 103/926
f 94/923 103/926 90/925
f 103/926 149/915 184/927
f 103/926 184/927 90/925
f 13/928 45/929 3/930
f 13/928 3/930 417/931
f 13/928 417/931 406/932
f 417/931 3/930 416/933
f 416/933 3/930 443/934
f 406/932 417/931 414/935
f 406/932 414/935 39/936
f 39/936 414/935 437/937
f 437/937 414/935 448/938
f 414/935 417/931 420/939
f 420/939 417/931 416/933
f 448/938 414/935 440/940
f 416/933 443/934 426/941
f 416/933 426/941 420/939
f 448/938 440/940 459/942
f 448/938 459/942 609/943
f 609/943 459/942 626/944
f 626/944 459/942 455/945
f 455/945 459/942 440/940
f 423/946 440/940 414/935
f 423/946 414/935 420/939
f 440/940 423/946 455/945
f 423/946 420/939 427/947
f 455/945 423/946 419/948
f 419/948 423/946 427/947
f 427/947 420/939 424/949
f 427/947 424/949 419/948
f 424/949 420/939 426/941
f 455/945 419/948 458/950
f 455/945 458/950 611/951
f 611/951 458/950 548/952
f 458/950 419/948 447/953
f 447/953 419/948 424/949
f 458/950 447/953 548/952
f 424/949 426/941 449/954
f 449/954 426/941 443/934
f 449/954 443/934 634/955
f 634/955 443/934 613/956
f 449/954 634/955 617/957
f 617/957 634/955 640/958
f 424/949 449/954 474/959
f 474/959 449/954 617/957
f 617/957 640/958 538/960
f 617/957 538/960 474/959
f 538/960 640/958 612/961
f 538/960 612/961 618/962
f 538/960 618/962 474/959
f 424/949 474/959 446/963
f 424/949 446/963 447/953
f 474/959 618/962 503/964
f 474/959 503/964 446/963
f 503/964 618/962 620/965
f 503/964 620/965 514/966
f 503/964 514/966 446/963
f 514/966 620/965 621/967
f 447/953 446/963 475/968
f 475/968 446/963 514/966
f 447/953 475/968 548/952
f 475/968 514/966 511/969
f 514/966 621/967 581/970
f 514/966 581/970 511/969
f 581/970 621/967 643/971
f 475/968 511/969 506/972
f 475/968 506/972 548/952
f 506/972 511/969 581/970
f 548/952 506/972 592/973
f 548/952 592/973 690/974
f 592/973 506/972 591/975
f 591/975 506/972 581/970
f 591/975 581/970 579/976
f 591/975 579/976 635/977
f 579/976 581/970 585/978
f 579/976 585/978 635/977
f 629/979 581/970 643/971
f 581/970 629/979 585/978
f 629/979 643/971 657/980
f 629/979 657/980 628/981
f 629/979 628/981 585/978
f 635/977 585/978 571/982
f 635/977 571/982 610/983
f 585/978 628/981 578/984
f 578/984 628/981 610/983
f 585/978 578/984 571/982
f 571/982 578/984 610/983
f 244/985 283/986 239/987
f 244/985 239/987 171/988
f 244/985 171/988 208/989
f 171/988 239/987 77/990
f 171/988 77/990 71/991
f 171/988 71/991 127/992
f 77/990 239/987 238/993
f 77/990 238/993 72/994
f 238/993 239/987 344/995
f 292/996 344/995 321/997
f 344/995 292/996 238/993
f 238/993 292/996 267/998
f 238/993 267/998 230/999
f 238/993 230/999 124/1000
f 238/993 124/1000 72/994
f 72/994 124/1000 55/1001
f 55/1001 124/1000 66/1002
f 305/1003 269/1004 253/1005
f 305/1003 253/1005 276/1006
f 253/1005 269/1004 248/1007
f 276/1006 253/1005 215/1008
f 253/1005 248/1007 174/1009
f 253/1005 174/1009 215/1008
f 208/1010 248/1007 244/1011
f 248/1007 208/1010 174/1009
f 174/1009 208/1010 127/1012
f 174/1009 127/1012 61/1013
f 215/1008 174/1009 144/1014
f 144/1014 174/1009 61/1013
f 215/1008 144/1014 212/1015
f 29/1016 44/1017 61/1013
f 61/1013 44/1017 78/1018
f 78/1018 44/1017 21/1019
f 61/1013 78/1018 144/1014
f 144/1014 78/1018 119/1020
f 119/1020 78/1018 99/1021
f 119/1020 99/1021 116/1022
f 119/1020 116/1022 144/1014
f 116/1022 99/1021 89/1023
f 144/1014 116/1022 181/1024
f 144/1014 181/1024 212/1015
f 116/1022 89/1023 92/1025
f 92/1025 89/1023 98/1026
f 181/1024 116/1022 190/1027
f 190/1027 116/1022 92/1025
f 212/1015 181/1024 209/1028
f 209/1028 181/1024 190/1027
f 212/1015 209/1028 155/1029
f 92/1025 98/1026 170/1030
f 92/1025 170/1030 190/1027
f 170/1030 98/1026 155/1029
f 190/1027 170/1030 209/1028
f 209/1028 170/1030 155/1029
f 274/1031 276/1032 234/1033
f 234/1033 276/1032 215/1034
f 234/1033 215/1034 212/1035
f 234/1033 212/1035 225/1036
f 225/1036 212/1035 148/1037
f 148/1037 212/1035 155/1038
f 148/1037 155/1038 89/1039
f 89/1039 155/1038 98/1040
f 148/1037 89/1039 99/1041
f 148/1037 99/1041 136/1042
f 136/1042 99/1041 76/1043
f 76/1043 99/1041 78/1044
f 127/1045 208/1046 171/1047
f 127/1048 71/1049 61/1050
f 113/1051 35/1052 83/1053
f 113/1051 83/1053 172/1054
f 83/1053 35/1052 14/1055
f 172/1054 83/1053 143/1056
f 83/1053 14/1055 51/1057
f 51/1057 14/1055 12/1058
f 51/1057 12/1058 38/1059
f 51/1057 38/1059 66/1060
f 51/1057 66/1060 139/1061
f 139/1061 66/1060 124/1062
f 51/1057 139/1061 145/1063
f 51/1057 145/1063 105/1064
f 51/1057 105/1064 83/1053
f 105/1064 145/1063 120/1065
f 83/1053 105/1064 106/1066
f 83/1053 106/1066 143/1056
f 106/1066 105/1064 120/1065
f 143/1056 106/1066 118/1067
f 106/1066 120/1065 84/1068
f 106/1066 84/1068 118/1067
f 84/1068 120/1065 140/1069
f 118/1067 84/1068 125/1070
f 118/1067 125/1070 185/1071
f 185/1071 125/1070 84/1068
f 279/1072 300/1073 281/1074
f 281/1074 300/1073 297/1075
f 281/1074 297/1075 259/1076
f 259/1076 297/1075 262/1077
f 281/1074 259/1076 240/1078
f 240/1078 259/1076 204/1079
f 204/1079 259/1076 228/1080
f 240/1078 204/1079 214/1081
f 240/1078 214/1081 210/1082
f 214/1081 204/1079 189/1083
f 214/1081 189/1083 210/1082
f 189/1083 204/1079 154/1084
f 210/1082 189/1083 202/1085
f 202/1085 189/1083 186/1086
f 202/1085 186/1086 200/1087
f 200/1087 186/1086 130/1088
f 200/1087 130/1088 196/1089
f 186/1086 189/1083 141/1090
f 186/1086 141/1090 130/1088
f 141/1090 189/1083 154/1084
f 130/1088 141/1090 110/1091
f 141/1090 154/1084 80/1092
f 141/1090 80/1092 110/1091
f 80/1092 154/1084 70/1093
f 110/1091 80/1092 86/1094
f 80/1092 70/1093 43/1095
f 86/1094 80/1092 30/1096
f 30/1096 80/1092 43/1095
f 30/1096 43/1095 11/1097
f 11/1097 43/1095 40/1098
f 11/1097 40/1098 20/1099
f 20/1099 40/1098 33/1100
f 228/1101 259/1102 262/1103
f 228/1101 262/1103 217/1104
f 258/1105 262/1103 290/1106
f 262/1103 258/1105 217/1104
f 313/1107 250/1108 258/1105
f 258/1105 250/1108 222/1109
f 258/1105 222/1109 217/1104
f 222/1109 250/1108 81/1110
f 217/1104 222/1109 163/1111
f 146/1112 228/1101 217/1104
f 228/1101 146/1112 204/1113
f 204/1113 146/1112 154/1114
f 154/1114 146/1112 70/1115
f 146/1112 217/1104 117/1116
f 117/1116 217/1104 163/1111
f 146/1112 117/1116 70/1115
f 108/1117 163/1111 222/1109
f 163/1111 108/1117 117/1116
f 108/1117 222/1109 81/1110
f 70/1115 117/1116 63/1118
f 63/1118 117/1116 108/1117
f 70/1115 63/1118 40/1119
f 70/1115 40/1119 43/1120
f 40/1119 63/1118 33/1121
f 1/1122 33/1121 81/1110
f 63/1118 108/1117 58/1123
f 63/1118 58/1123 33/1121
f 58/1123 108/1117 81/1110
f 58/1123 81/1110 33/1121
f 160/1124 210/1125 202/1126
f 160/1124 202/1126 151/1127
f 160/1124 151/1127 111/1128
f 160/1124 111/1128 101/1129
f 111/1128 151/1127 107/1130
f 101/1129 111/1128 86/1131
f 111/1128 107/1130 110/1132
f 111/1128 110/1132 86/1131
f 202/1133 200/1134 151/1135
f 151/1135 200/1134 207/1136
f 207/1136 200/1134 196/1137
f 207/1136 196/1137 218/1138
f 151/1135 207/1136 162/1139
f 162/1139 207/1136 218/1138
f 218/1138 196/1137 179/1140
f 218/1138 179/1140 162/1139
f 179/1140 196/1137 123/1141
f 179/1140 123/1141 162/1139
f 123/1141 196/1137 130/1142
f 151/1135 162/1139 88/1143
f 88/1143 162/1139 123/1141
f 151/1135 88/1143 107/1144
f 110/1145 107/1144 130/1142
f 88/1143 123/1141 82/1146
f 88/1143 82/1146 107/1144
f 82/1146 123/1141 130/1142
f 82/1146 130/1142 107/1144
f 408/1147 1/1148 413/1149
f 413/1149 1/1148 460/1150
f 413/1149 460/1150 418/1151
f 413/1149 418/1151 405/1152
f 413/1149 405/1152 408/1147
f 408/1147 405/1152 415/1153
f 415/1153 405/1152 439/1154
f 408/1147 415/1153 422/1155
f 408/1147 422/1155 471/1156
f 415/1153 439/1154 491/1157
f 491/1157 439/1154 532/1158
f 422/1155 415/1153 454/1159
f 454/1159 415/1153 491/1157
f 471/1156 422/1155 504/1160
f 504/1160 422/1155 454/1159
f 471/1156 504/1160 636/1161
f 491/1157 532/1158 602/1162
f 602/1162 532/1158 563/1163
f 454/1159 491/1157 512/1164
f 454/1159 512/1164 504/1160
f 512/1164 491/1157 614/1165
f 614/1165 491/1157 602/1162
f 504/1160 512/1164 607/1166
f 504/1160 607/1166 636/1161
f 607/1166 512/1164 614/1165
f 636/1161 607/1166 683/1167
f 683/1167 607/1166 614/1165
f 636/1161 683/1167 702/1168
f 636/1161 702/1168 733/1169
f 702/1168 683/1167 709/1170
f 733/1169 702/1168 739/1171
f 739/1171 702/1168 709/1170
f 733/1169 739/1171 768/1172
f 733/1169 768/1172 778/1173
f 739/1171 709/1170 744/1174
f 739/1171 744/1174 768/1172
f 709/1170 683/1167 705/1175
f 709/1170 705/1175 744/1174
f 705/1175 683/1167 614/1165
f 768/1172 744/1174 762/1176
f 762/1176 744/1174 741/1177
f 741/1177 744/1174 705/1175
f 768/1172 762/1176 752/1178
f 741/1177 705/1175 666/1179
f 666/1179 705/1175 614/1165
f 666/1179 614/1165 602/1162
f 768/1172 752/1178 759/1180
f 768/1172 759/1180 778/1173
f 759/1180 752/1178 719/1181
f 778/1173 759/1180 747/1182
f 759/1180 719/1181 730/1183
f 759/1180 730/1183 747/1182
f 666/1179 602/1162 638/1184
f 666/1179 638/1184 665/1185
f 638/1184 602/1162 594/1186
f 594/1186 602/1162 563/1163
f 665/1185 638/1184 649/1187
f 649/1187 638/1184 594/1186
f 665/1185 649/1187 651/1188
f 594/1186 563/1163 562/1189
f 562/1189 563/1163 601/1190
f 594/1186 562/1189 584/1191
f 584/1191 562/1189 601/1190
f 594/1186 584/1191 649/1187
f 651/1188 649/1187 670/1192
f 651/1188 670/1192 650/1193
f 670/1192 649/1187 660/1194
f 670/1192 660/1194 650/1193
f 649/1187 584/1191 593/1195
f 649/1187 593/1195 660/1194
f 584/1191 601/1190 549/1196
f 584/1191 549/1196 593/1195
f 549/1196 601/1190 600/1197
f 660/1194 593/1195 586/1198
f 586/1198 593/1195 549/1196
f 576/1199 650/1193 660/1194
f 650/1193 576/1199 600/1197
f 576/1199 660/1194 586/1198
f 600/1197 576/1199 549/1196
f 549/1196 576/1199 586/1198
f 460/1200 1/1201 515/1202
f 460/1200 515/1202 575/1203
f 575/1203 515/1202 688/1204
f 460/1200 575/1203 472/1205
f 460/1200 472/1205 418/1206
f 418/1206 472/1205 462/1207
f 462/1207 472/1205 564/1208
f 564/1208 472/1205 575/1203
f 462/1207 564/1208 519/1209
f 575/1203 688/1204 685/1210
f 685/1210 688/1204 747/1211
f 685/1210 747/1211 730/1212
f 685/1210 730/1212 711/1213
f 711/1213 730/1212 719/1214
f 711/1213 719/1214 691/1215
f 711/1213 691/1215 685/1210
f 691/1215 719/1214 695/1216
f 575/1203 685/1210 646/1217
f 646/1217 685/1210 691/1215
f 575/1203 646/1217 564/1208
f 646/1217 691/1215 695/1216
f 564/1208 646/1217 605/1218
f 605/1218 646/1217 695/1216
f 564/1208 605/1218 519/1209
f 605/1218 695/1216 652/1219
f 519/1209 605/1218 597/1220
f 435/1221 405/1222 418/1223
f 405/1222 435/1221 439/1224
f 435/1221 418/1223 462/1225
f 439/1224 435/1221 529/1226
f 529/1226 435/1221 462/1225
f 439/1224 529/1226 532/1227
f 529/1226 462/1225 519/1228
f 532/1227 529/1226 563/1229
f 529/1226 519/1228 597/1230
f 529/1226 597/1230 563/1229
f 563/1229 597/1230 596/1231
f 563/1229 596/1231 601/1232
f 596/1231 597/1230 631/1233
f 596/1231 631/1233 601/1232
f 605/1234 652/1235 597/1230
f 597/1230 652/1235 631/1233
f 601/1232 631/1233 651/1236
f 601/1232 651/1236 600/1237
f 600/1237 651/1236 650/1238
f 651/1236 631/1233 665/1239
f 631/1233 652/1235 682/1240
f 631/1233 682/1240 665/1239
f 665/1239 682/1240 666/1241
f 682/1240 652/1235 695/1242
f 666/1241 682/1240 741/1243
f 682/1240 695/1242 728/1244
f 682/1240 728/1244 741/1243
f 728/1244 695/1242 719/1245
f 728/1244 719/1245 752/1246
f 728/1244 752/1246 741/1243
f 741/1243 752/1246 762/1247
o tripo_part_1
v 0.011098 0.280640 -0.009558
v 0.011132 0.305722 0.008048
v 0.011240 0.318734 -0.026930
v 0.012305 0.298509 -0.019875
v 0.012416 0.319402 0.012438
v 0.012614 0.291001 -0.016982
v 0.012724 0.332341 -0.027746
v 0.012994 0.331979 0.013617
v 0.013175 0.293382 0.003838
v 0.013779 0.380868 0.008315
v 0.014079 0.383485 -0.018770
v 0.014189 0.383790 0.002030
v 0.014358 0.286446 -0.012502
v 0.014724 0.378723 0.035956
v 0.014888 0.381864 -0.023004
v 0.015003 0.286866 -0.001990
v 0.015296 0.369943 0.015352
v 0.015385 0.378980 -0.053423
v 0.015573 0.371430 -0.029318
v 0.015812 0.346175 0.016665
v 0.016036 0.374832 -0.043123
v 0.016052 0.346995 -0.030803
v 0.016098 0.371349 0.037474
v 0.016565 0.286576 -0.007414
v 0.016675 0.370824 -0.051008
v 0.016825 0.387101 -0.018558
v 0.016989 0.336453 -0.028545
v 0.017146 0.385196 0.010786
v 0.017150 0.388301 0.007867
v 0.017156 0.384690 -0.043482
v 0.017593 0.380310 0.046553
v 0.017681 0.386102 0.030169
v 0.017763 0.333798 0.013487
v 0.017780 0.378454 0.012997
v 0.017947 0.373118 0.019245
v 0.018079 0.373600 -0.033735
v 0.018103 0.384892 -0.008917
v 0.018120 0.302552 0.003232
v 0.018359 0.359804 -0.032419
v 0.018360 0.377711 -0.060171
v 0.018650 0.301888 -0.016519
v 0.019397 0.389592 -0.062277
v 0.019436 0.380613 -0.031544
v 0.019470 0.360206 0.018572
v 0.019722 0.391816 0.048949
v 0.019868 0.391215 0.005764
v 0.020175 0.381325 0.016617
v 0.020244 0.371504 0.043818
v 0.020346 0.381575 -0.028341
v 0.020565 0.396767 -0.025867
v 0.020804 0.364366 -0.034469
v 0.020907 0.396562 0.016434
v 0.020991 0.389367 -0.016529
v 0.021148 0.393359 0.052942
v 0.021215 0.395841 -0.066507
v 0.021223 0.365314 0.022564
v 0.021521 0.308858 0.004313
v 0.021598 0.308873 -0.018207
v 0.021758 0.385476 0.015391
v 0.021882 0.365308 0.033602
v 0.021893 0.378095 0.039515
v 0.021914 0.364674 -0.036985
v 0.022114 0.401517 0.011435
v 0.022116 0.389903 -0.065855
v 0.022233 0.392135 -0.053224
v 0.022235 0.322930 -0.021691
v 0.022257 0.301652 -0.001370
v 0.022410 0.392079 0.038206
v 0.022471 0.377352 -0.052648
v 0.022475 0.389748 0.027800
v 0.022565 0.369727 -0.056177
v 0.022718 0.370175 0.042277
v 0.022773 0.390033 -0.042112
v 0.022799 0.379036 0.047919
v 0.022858 0.395820 0.049750
v 0.023036 0.397576 -0.031221
v 0.023105 0.327393 -0.024286
v 0.023209 0.377680 -0.061422
v 0.023709 0.364895 -0.048292
v 0.023768 0.387690 -0.000425
v 0.023945 0.392035 0.050554
v 0.024462 0.398410 0.018339
v 0.024527 0.385337 -0.031025
v 0.024531 0.337067 -0.031526
v 0.025052 0.391126 0.002686
v 0.025102 0.306012 -0.012050
v 0.025103 0.392081 -0.063295
v 0.025107 0.399567 -0.021280
v 0.025398 0.333009 0.015637
v 0.025506 0.368961 0.036150
v 0.025594 0.304391 -0.007037
v 0.025942 0.388116 0.043890
v 0.026066 0.372309 0.027907
v 0.026276 0.393977 0.044275
v 0.026881 0.364257 0.031252
v 0.026932 0.318330 0.004170
v 0.027123 0.340867 0.019362
v 0.027291 0.340621 -0.033361
v 0.027321 0.361549 -0.035946
v 0.027413 0.393594 -0.058840
v 0.027424 0.362334 0.023089
v 0.027674 0.358613 0.020125
v 0.027688 0.311429 -0.000141
v 0.028292 0.405572 0.014002
v 0.028319 0.399331 0.004554
v 0.028401 0.316716 -0.016384
v 0.028510 0.390811 0.043703
v 0.028546 0.390513 -0.043634
v 0.028731 0.385730 0.018845
v 0.028805 0.366138 -0.044439
v 0.029046 0.387940 0.017760
v 0.029189 0.373409 -0.038584
v 0.029318 0.388717 -0.014920
v 0.029412 0.384665 -0.031347
v 0.029547 0.358973 -0.034471
v 0.029677 0.394502 -0.032924
v 0.029917 0.394933 -0.017482
v 0.030100 0.386195 -0.008599
v 0.030381 0.388577 0.026655
v 0.030541 0.311410 -0.005892
v 0.030673 0.406682 0.009016
v 0.030737 0.316602 0.003025
v 0.031109 0.376337 0.026781
v 0.031662 0.389163 0.001551
v 0.031826 0.314408 -0.013230
v 0.031949 0.403611 -0.033197
v 0.032141 0.362777 0.020779
v 0.032551 0.409394 -0.028072
v 0.033326 0.364148 -0.034620
v 0.033350 0.393054 0.017864
v 0.033528 0.366573 0.020870
v 0.033913 0.407201 -0.024448
v 0.034014 0.383130 0.012943
v 0.034186 0.367595 -0.034698
v 0.034546 0.313596 -0.004925
v 0.034548 0.381350 0.033983
v 0.034768 0.381120 -0.027412
v 0.034787 0.398505 0.017105
v 0.034947 0.388913 -0.018784
v 0.034968 0.385690 -0.049242
v 0.035134 0.387910 0.015486
v 0.035323 0.355355 -0.035028
v 0.035513 0.383801 0.034579
v 0.035616 0.355705 0.021134
v 0.035988 0.368443 0.020472
v 0.036204 0.384841 -0.026260
v 0.036234 0.378531 0.014563
v 0.036271 0.385024 -0.040415
v 0.036274 0.381152 -0.046728
v 0.036326 0.384948 0.028475
v 0.036932 0.385939 0.003940
v 0.037270 0.387389 0.005948
v 0.037516 0.375849 -0.031410
v 0.037535 0.319615 -0.023506
v 0.037652 0.385960 -0.018601
v 0.037745 0.374594 0.017885
v 0.037798 0.369648 -0.032987
v 0.038050 0.379046 0.026552
v 0.038174 0.386351 -0.024910
v 0.038933 0.332562 0.015457
v 0.038947 0.401994 0.012057
v 0.038992 0.386626 0.012213
v 0.039324 0.330014 -0.028549
v 0.039402 0.392733 0.003535
v 0.039422 0.318284 0.008827
v 0.040064 0.394637 -0.018986
v 0.040484 0.368271 0.018557
v 0.040680 0.314351 -0.017865
v 0.040846 0.391187 -0.033970
v 0.041058 0.314362 0.003711
v 0.041071 0.384093 -0.005958
v 0.041739 0.375215 -0.028982
v 0.042185 0.319314 -0.023735
v 0.042243 0.397475 0.006226
v 0.042483 0.343783 -0.031984
v 0.042998 0.398661 -0.030723
v 0.043189 0.384229 -0.013656
v 0.043238 0.399579 -0.023155
v 0.043864 0.399999 0.015181
v 0.043940 0.373937 0.014977
v 0.044264 0.388081 0.017361
v 0.044314 0.404214 0.016480
v 0.044383 0.387759 -0.031112
v 0.044547 0.389882 -0.021449
v 0.044676 0.394114 -0.032890
v 0.044775 0.389874 0.007928
v 0.045359 0.393309 0.020495
v 0.045626 0.383281 0.000139
v 0.045649 0.404782 -0.030212
v 0.046690 0.336655 0.015579
v 0.047221 0.398820 -0.025932
v 0.047606 0.325982 0.012972
v 0.048754 0.403298 0.017369
v 0.049002 0.360865 -0.031912
v 0.049033 0.400487 0.013788
v 0.049094 0.397578 -0.035299
v 0.049136 0.360178 0.017966
v 0.049319 0.373520 0.014239
v 0.049395 0.334309 -0.027986
v 0.049471 0.396905 0.025725
v 0.049929 0.312837 -0.010275
v 0.050044 0.318375 0.008248
v 0.050150 0.326314 -0.026415
v 0.050375 0.346053 0.017042
v 0.050730 0.312989 -0.002757
v 0.050745 0.344857 -0.030447
v 0.050932 0.386941 0.020600
v 0.051283 0.372704 -0.026600
v 0.051486 0.447976 0.027651
v 0.051936 0.392001 -0.024111
v 0.051962 0.352644 0.018816
v 0.052340 0.399045 0.021317
v 0.052523 0.368153 0.013794
v 0.052538 0.447961 -0.041731
v 0.052619 0.354839 -0.032608
v 0.052664 0.439294 -0.039964
v 0.052866 0.378927 -0.015846
v 0.053381 0.316815 -0.019739
v 0.053545 0.387835 -0.035211
v 0.053748 0.376212 -0.006944
v 0.053763 0.396844 -0.046999
v 0.053927 0.401494 -0.030407
v 0.054118 0.402833 0.035914
v 0.054537 0.314462 0.001702
v 0.054663 0.377388 0.003478
v 0.054732 0.374024 0.009758
v 0.055090 0.401437 0.016766
v 0.055418 0.374586 -0.022213
v 0.055563 0.349793 -0.031675
v 0.055598 0.387698 0.020436
v 0.055792 0.405419 -0.052889
v 0.055987 0.437638 -0.037065
v 0.056269 0.430703 0.031100
v 0.056342 0.349202 0.017187
v 0.056372 0.395415 0.035311
v 0.056395 0.398072 0.020481
v 0.056487 0.318173 0.005539
v 0.056780 0.392686 0.013619
v 0.056788 0.361890 -0.032366
v 0.056952 0.430093 -0.045244
v 0.057330 0.386868 -0.025665
v 0.057646 0.398456 -0.060110
v 0.057654 0.402219 0.047327
v 0.057875 0.317487 -0.019772
v 0.057909 0.396933 -0.033525
v 0.057951 0.437425 -0.045328
v 0.057971 0.395413 -0.028414
v 0.057978 0.367516 -0.026016
v 0.057997 0.357589 0.018419
v 0.058318 0.389197 -0.032350
v 0.058398 0.359883 0.019480
v 0.058650 0.390235 0.019678
v 0.058688 0.408563 -0.051698
v 0.058692 0.367538 0.012062
v 0.058997 0.406735 0.034193
v 0.059107 0.362066 0.018467
v 0.059157 0.393811 -0.047384
v 0.059298 0.440827 -0.038355
v 0.059355 0.393342 0.018122
v 0.059393 0.438226 0.022925
v 0.059508 0.358225 -0.031986
v 0.059527 0.324143 0.008407
v 0.059729 0.353180 -0.031338
v 0.059733 0.411767 0.041365
v 0.059760 0.407395 -0.059492
v 0.059855 0.407430 0.046320
v 0.059897 0.350098 -0.022280
v 0.059931 0.310235 -0.007163
v 0.060359 0.350493 0.008425
v 0.060481 0.398570 0.053198
v 0.060854 0.393807 0.032324
v 0.060946 0.395385 -0.035293
v 0.061148 0.350938 0.014828
v 0.061625 0.407315 -0.068857
v 0.061770 0.344773 0.010201
v 0.062037 0.311761 -0.015149
v 0.062064 0.369781 0.002087
v 0.062144 0.311276 0.000139
v 0.062190 0.435059 -0.047258
v 0.062190 0.344218 -0.023460
v 0.062354 0.328858 -0.023090
v 0.062380 0.430909 -0.040708
v 0.062426 0.434358 0.035677
v 0.062632 0.465936 0.049429
v 0.062663 0.421616 0.044718
v 0.062975 0.424554 -0.066198
v 0.062991 0.368699 -0.013783
v 0.062998 0.421113 -0.058752
v 0.062998 0.352504 -0.024526
v 0.063029 0.427709 0.053263
v 0.063368 0.402165 -0.074400
v 0.063509 0.411805 0.067194
v 0.063754 0.463654 -0.059637
v 0.063906 0.434190 -0.068262
v 0.063952 0.432092 -0.062940
v 0.064032 0.408326 -0.048006
v 0.064154 0.433083 0.048891
v 0.064288 0.463433 -0.066377
v 0.064379 0.362090 -0.028631
v 0.064768 0.339625 -0.022117
v 0.064795 0.414327 0.052187
v 0.064887 0.428338 0.031561
v 0.064890 0.408212 0.053435
v 0.064909 0.361404 0.014487
v 0.065180 0.407365 -0.061426
v 0.065329 0.356107 0.013966
v 0.065444 0.356807 -0.028642
v 0.065718 0.361784 -0.021844
v 0.065760 0.349328 -0.021527
v 0.065848 0.332932 0.008517
v 0.065909 0.360400 0.007797
v 0.066046 0.418416 -0.081373
v 0.066317 0.315404 0.007324
v 0.066508 0.408288 0.035746
v 0.066599 0.413400 -0.086439
v 0.066634 0.345981 0.006397
v 0.066672 0.362295 -0.006307
v 0.066889 0.429246 -0.048258
v 0.067187 0.416871 0.064760
v 0.067282 0.457520 0.056994
v 0.067420 0.404973 0.046168
v 0.067423 0.420602 -0.055055
v 0.067500 0.304170 -0.007350
v 0.067549 0.458955 0.045584
v 0.067572 0.397076 -0.065664
v 0.067626 0.408810 -0.068964
v 0.067816 0.399083 0.037863
v 0.067862 0.398398 -0.049818
v 0.067915 0.406583 0.068659
v 0.068385 0.397197 0.048212
v 0.068564 0.431115 -0.087148
v 0.068785 0.320191 0.009487
v 0.068793 0.432427 -0.058340
v 0.069155 0.358586 -0.014564
v 0.069258 0.415181 -0.065912
v 0.069262 0.349156 -0.017961
v 0.069327 0.430253 0.068697
v 0.069369 0.467309 -0.057661
v 0.069380 0.400658 -0.055048
v 0.069392 0.319001 -0.023096
v 0.069438 0.357689 0.001662
v 0.069525 0.431062 0.074465
v 0.069556 0.432839 0.046122
v 0.069571 0.430978 -0.070791
v 0.069636 0.304261 -0.013005
v 0.069735 0.406224 -0.081724
v 0.069884 0.420590 0.042048
v 0.069895 0.315976 0.005741
v 0.069899 0.432687 0.057871
v 0.069968 0.332864 -0.021439
v 0.070197 0.453156 -0.071188
v 0.070296 0.439309 -0.060434
v 0.070315 0.304391 -0.000160
v 0.070952 0.412423 0.050173
v 0.071314 0.416386 -0.078398
v 0.071486 0.408746 0.059473
v 0.071883 0.313962 -0.017938
v 0.072009 0.422395 0.075663
v 0.072031 0.410241 0.044142
v 0.072073 0.341323 0.004003
v 0.072100 0.468194 -0.063806
v 0.072337 0.469231 0.047236
v 0.072756 0.342463 -0.016713
v 0.072897 0.346122 -0.011033
v 0.072985 0.346217 -0.000402
v 0.073309 0.309857 0.003704
v 0.073508 0.309110 -0.017245
v 0.073744 0.412671 -0.055704
v 0.073866 0.411328 0.070452
v 0.074042 0.417859 0.067019
v 0.074141 0.420472 -0.064321
v 0.074561 0.450692 -0.063459
v 0.074606 0.420213 0.046969
v 0.074698 0.421597 -0.059938
v 0.074751 0.436776 0.054953
v 0.074851 0.412625 -0.082182
v 0.074866 0.432031 -0.082067
v 0.074866 0.442414 -0.068395
v 0.074996 0.313294 0.007652
v 0.076018 0.314225 -0.021857
v 0.076422 0.429692 -0.087919
v 0.076659 0.431657 0.069910
v 0.077246 0.310437 0.000743
v 0.078078 0.325253 -0.021210
v 0.078627 0.336072 -0.016071
v 0.079375 0.311128 -0.017051
v 0.079779 0.325227 0.007199
v 0.080367 0.336297 -0.002316
v 0.080718 0.308930 -0.007607
v 0.080763 0.311738 -0.006539
v 0.080870 0.333070 0.002633
v 0.081061 0.310975 -0.008852
v 0.082358 0.311261 0.002259
v 0.084120 0.332925 -0.011632
v 0.084837 0.320287 -0.011444
v 0.085822 0.314080 -0.008191
v 0.086569 0.321832 0.000720
v 0.087019 0.324754 -0.020420
v 0.087119 0.314774 -0.003881
v 0.087210 0.321858 0.006362
v 0.087256 0.316308 0.003628
v 0.087470 0.314870 -0.016157
v 0.090102 0.325944 -0.017526
v 0.090224 0.326653 0.003350
v 0.090872 0.323758 -0.017305
v 0.092055 0.319184 -0.000227
v 0.092833 0.325997 -0.007602
v 0.093131 0.318444 -0.008034
v 0.010056 0.338359 -0.029253
v 0.009923 0.354803 0.016470
v 0.009683 0.280503 -0.002791
v 0.008579 0.352360 -0.030281
v 0.007678 0.380336 -0.006227
v 0.007037 0.340958 0.015661
v 0.006911 0.300591 -0.023126
v 0.006083 0.368817 0.011872
v 0.006006 0.293580 0.007332
v 0.005979 0.370377 -0.025013
v 0.005715 0.361818 -0.027923
v 0.005363 0.374418 -0.021131
v 0.004767 0.337289 -0.030168
v 0.004516 0.282616 -0.017972
v 0.004507 0.283112 0.004216
v 0.004433 0.345204 -0.029783
v 0.004091 0.373238 0.006397
v 0.004085 0.325726 0.017060
v 0.004010 0.323716 -0.031107
v 0.003258 0.375752 -0.014202
v 0.003245 0.375682 -0.000371
v 0.003173 0.308446 -0.028757
v 0.003139 0.276315 -0.011829
v 0.002906 0.310395 0.015328
v 0.001523 0.374395 -0.007727
v 0.001096 0.344378 0.015393
v 0.000704 0.278924 -0.016975
v 0.000583 0.289636 -0.023340
v -0.000050 0.353007 -0.027162
v -0.000065 0.298196 0.013436
v -0.000141 0.296967 -0.027315
v -0.000320 0.272447 -0.005769
v -0.000795 0.277429 0.002091
v -0.000906 0.351296 0.013214
v -0.001537 0.331502 0.018643
v -0.001945 0.338374 -0.030716
v -0.002630 0.290666 0.011206
v -0.003482 0.360590 0.005906
v -0.003772 0.277230 -0.015772
v -0.004239 0.357869 -0.021283
v -0.004287 0.332314 -0.033403
v -0.004310 0.305776 0.018770
v -0.004343 0.295426 -0.028496
v -0.005005 0.272134 -0.009165
v -0.005052 0.362918 -0.000758
v -0.005243 0.346413 -0.027555
v -0.005466 0.363029 -0.009782
v -0.006191 0.360194 -0.015598
v -0.006296 0.355324 0.006909
v -0.006458 0.315034 -0.036794
v -0.007001 0.271699 -0.006671
v -0.007015 0.336352 0.018063
v -0.007339 0.324063 -0.037079
v -0.008060 0.359211 -0.000228
v -0.008148 0.343247 0.014427
v -0.008598 0.314309 0.023571
v -0.008768 0.349975 -0.023594
v -0.008867 0.298043 0.017515
v -0.009351 0.340581 -0.029941
v -0.009365 0.297418 -0.031706
v -0.009601 0.283044 0.006611
v -0.009723 0.326074 0.023743
v -0.009847 0.309346 -0.037243
v -0.011442 0.347155 0.010578
v -0.011615 0.358311 -0.008419
v -0.011636 0.307176 0.022597
v -0.011667 0.282830 -0.020087
v -0.011722 0.278252 -0.002126
v -0.011903 0.329518 -0.037777
v -0.012458 0.354071 -0.016586
v -0.012836 0.280541 -0.015148
v -0.013572 0.355303 0.000094
v -0.013841 0.334992 -0.034557
v -0.014249 0.291489 -0.028545
v -0.014350 0.292062 0.014757
v -0.014623 0.279298 -0.006760
v -0.015016 0.345473 -0.024986
v -0.015804 0.340249 0.015780
v -0.016836 0.309049 -0.038755
v -0.017030 0.302720 0.021507
v -0.017036 0.322404 0.026346
v -0.017143 0.300629 -0.034891
v -0.017158 0.311223 0.024981
v -0.019243 0.342391 -0.059782
v -0.020263 0.325890 -0.058237
v -0.020269 0.360040 -0.064287
v -0.020275 0.346751 -0.059145
v -0.020282 0.290963 -0.046442
v -0.020292 0.266358 -0.030893
v -0.020299 0.324963 -0.063467
v -0.020311 0.358019 -0.057066
v -0.020317 0.328587 -0.052873
v -0.020366 0.364589 -0.054006
v -0.020372 0.282563 -0.008900
v -0.020376 0.341695 -0.064913
v -0.020378 0.374278 -0.058759
v -0.020378 0.245271 -0.008916
v -0.020380 0.304360 -0.036762
v -0.020385 0.322224 -0.041464
v -0.020385 0.307725 -0.050531
v -0.020402 0.334618 -0.061285
v -0.020404 0.293374 -0.029638
v -0.020414 0.368885 -0.029087
v -0.020416 0.331635 -0.038812
v -0.020423 0.368070 -0.022444
v -0.020425 0.287560 -0.051092
v -0.020435 0.341933 -0.057760
v -0.020439 0.401624 -0.032656
v -0.020458 0.269387 -0.036648
v -0.020460 0.336022 -0.035040
v -0.020462 0.385365 -0.051252
v -0.020463 0.385247 -0.008733
v -0.020467 0.347892 -0.020882
v -0.020467 0.258210 0.010432
v -0.020469 0.397588 -0.038858
v -0.020471 0.404183 -0.026191
v -0.020475 0.351466 -0.015083
v -0.020475 0.284425 -0.020188
v -0.020488 0.267617 0.021359
v -0.020500 0.283296 0.002293
v -0.020504 0.309136 -0.059507
v -0.020505 0.410573 -0.009187
v -0.020505 0.260056 -0.025854
v -0.020511 0.302812 -0.046530
v -0.020517 0.366201 -0.058351
v -0.020519 0.353413 -0.009001
v -0.020528 0.252396 0.002803
v -0.020530 0.405888 -0.022614
v -0.020545 0.271363 -0.028400
v -0.020549 0.284203 -0.043054
v -0.020549 0.282365 -0.005793
v -0.020561 0.399686 -0.028988
v -0.020561 0.276086 0.021792
v -0.020574 0.263284 0.011490
v -0.020591 0.321042 0.036577
v -0.020593 0.306626 0.023154
v -0.020595 0.274041 0.027163
v -0.020597 0.352371 -0.000913
v -0.020605 0.288133 0.010124
v -0.020612 0.347506 0.007259
v -0.020622 0.343764 0.027575
v -0.020624 0.342996 0.039156
v -0.020633 0.299142 0.019352
v -0.020637 0.337846 0.050234
v -0.020639 0.385676 -0.005778
v -0.020647 0.331326 0.024626
v -0.020647 0.245850 -0.005536
v -0.020648 0.362882 0.050017
v -0.020648 0.287019 0.036471
v -0.020660 0.377364 -0.020315
v -0.020679 0.361427 0.016175
v -0.020683 0.302285 0.044211
v -0.020690 0.353397 -0.005735
v -0.020692 0.336270 0.042677
v -0.020700 0.282327 0.024122
v -0.020704 0.340546 0.015991
v -0.020708 0.320237 0.026362
v -0.020711 0.353190 0.030020
v -0.020717 0.365282 0.042402
v -0.020738 0.379230 0.039816
v -0.020765 0.410565 -0.005029
v -0.020780 0.277757 -0.044866
v -0.020792 0.374571 0.016428
v -0.020799 0.408711 0.004656
v -0.020826 0.382525 0.027102
v -0.020830 0.388944 0.033629
v -0.020853 0.368186 0.026736
v -0.020868 0.336713 0.029158
v -0.020875 0.342776 -0.051130
v -0.020891 0.404504 0.016644
v -0.020895 0.262055 0.017559
v -0.021440 0.307103 -0.048784
v -0.021524 0.330377 0.039408
v -0.021547 0.361202 0.040995
v -0.021638 0.288522 -0.044710
v -0.021696 0.426400 -0.007523
v -0.021734 0.259354 -0.026329
v -0.021833 0.282929 -0.007301
v -0.021852 0.271600 0.026793
v -0.021860 0.407956 0.011109
v -0.022123 0.358781 -0.066541
v -0.022157 0.354165 -0.007042
v -0.022180 0.341346 -0.066705
v -0.022184 0.379734 -0.057058
v -0.022188 0.327989 -0.065626
v -0.022245 0.249490 -0.015398
v -0.022279 0.402577 -0.007056
v -0.022291 0.389752 0.035208
v -0.022336 0.398299 -0.055528
v -0.022371 0.260384 -0.007036
v -0.022386 0.274049 -0.043573
v -0.022432 0.377144 -0.007167
v -0.022485 0.282281 -0.049936
v -0.022569 0.382837 0.040598
v -0.022577 0.410489 -0.018435
v -0.022596 0.411454 0.000872
v -0.022619 0.365957 0.051275
v -0.022748 0.342357 0.052679
v -0.022752 0.398900 -0.040487
v -0.022821 0.255578 0.010050
v -0.022840 0.401807 -0.029064
v -0.022935 0.303208 0.046461
v -0.022958 0.396367 0.041933
v -0.023023 0.404240 0.019493
v -0.023115 0.396813 -0.050894
v -0.023141 0.352790 0.052958
v -0.023183 0.426190 -0.012208
v -0.023187 0.366189 -0.064707
v -0.023195 0.420522 -0.008053
v -0.023199 0.403497 -0.033951
v -0.023199 0.278787 0.033259
v -0.023218 0.399873 0.025480
v -0.023244 0.243287 -0.007032
v -0.023271 0.395223 0.035513
v -0.023313 0.392909 -0.047239
v -0.023321 0.407159 -0.026840
v -0.023405 0.430177 -0.007159
v -0.023416 0.428868 -0.011102
v -0.023530 0.321175 0.050482
v -0.023550 0.306580 -0.061209
v -0.023557 0.294244 -0.056898
v -0.023561 0.292443 0.042711
v -0.023588 0.413247 -0.007221
v -0.023637 0.262803 -0.030243
v -0.023733 0.272958 0.023270
v -0.023752 0.401791 0.039984
v -0.023859 0.422925 -0.004137
v -0.023881 0.401620 -0.052343
v -0.024080 0.391877 -0.052152
v -0.024099 0.391719 0.033549
v -0.024137 0.268739 0.023779
v -0.024263 0.371675 -0.061918
v -0.024278 0.399953 0.044466
v -0.024400 0.391631 0.038786
v -0.024484 0.396737 0.044260
v -0.024663 0.427617 -0.003791
v -0.024789 0.397733 0.035250
v -0.024850 0.259332 0.014691
v -0.025072 0.400731 -0.058294
v -0.025239 0.431687 -0.010489
v -0.025403 0.394488 -0.045233
v -0.025407 0.393647 -0.059110
v -0.025510 0.398337 -0.059229
v -0.025560 0.408971 0.030855
v -0.025640 0.392497 0.045561
v -0.025640 0.407952 -0.044031
v -0.025648 0.417531 0.022017
v -0.025671 0.415826 -0.034860
v -0.025697 0.420758 -0.026891
v -0.025766 0.424939 0.002938
v -0.025793 0.332753 -0.065779
v -0.025800 0.420720 0.012539
v -0.025842 0.401139 -0.050554
v -0.025877 0.415444 -0.007848
v -0.025892 0.401212 0.037104
v -0.026002 0.418172 -0.007275
v -0.026098 0.426453 -0.012988
v -0.026128 0.426427 -0.003172
v -0.026170 0.414971 0.021887
v -0.026216 0.423344 -0.002800
v -0.026220 0.423005 0.015036
v -0.026300 0.422273 0.004783
v -0.026380 0.422650 -0.012711
v -0.026578 0.395806 0.048144
v -0.026605 0.404023 -0.054891
v -0.026647 0.424001 -0.024776
v -0.026689 0.426244 0.006711
v -0.026727 0.412454 -0.011293
v -0.026872 0.413220 0.030848
v -0.026899 0.411023 -0.044309
v -0.026926 0.403241 0.039267
v -0.026960 0.413091 -0.004445
v -0.027067 0.394158 -0.062784
v -0.027105 0.394881 0.030619
v -0.027227 0.431847 -0.004150
v -0.027315 0.410203 -0.036539
v -0.027372 0.418778 -0.023033
v -0.027380 0.391944 -0.054899
v -0.027483 0.403104 -0.043577
v -0.027521 0.388413 -0.050691
v -0.027616 0.420567 0.022593
v -0.027875 0.418748 -0.035934
v -0.028036 0.418469 0.011040
v -0.028055 0.428830 -0.003241
v -0.028165 0.423192 -0.028538
v -0.028295 0.417878 -0.011247
v -0.028341 0.398280 -0.047983
v -0.028413 0.398877 0.034765
v -0.028505 0.421285 0.001466
v -0.028509 0.428529 -0.012702
v -0.028577 0.408158 0.036890
v -0.028631 0.416402 0.028525
v -0.028680 0.391873 0.041823
v -0.028699 0.404031 0.042120
v -0.028722 0.424641 0.014895
v -0.028757 0.430817 -0.012608
v -0.028894 0.406670 0.028025
v -0.028974 0.427533 0.006940
v -0.029096 0.388169 0.036772
v -0.029165 0.412347 0.021076
v -0.029264 0.420716 -0.012303
v -0.029279 0.403771 -0.052362
v -0.029386 0.324353 0.050646
v -0.029901 0.389977 -0.057333
v -0.029947 0.433946 -0.008055
v -0.029966 0.411557 -0.045152
v -0.030279 0.390050 0.045206
v -0.030294 0.421475 -0.004024
v -0.030344 0.417310 -0.003259
v -0.030450 0.389991 -0.061743
v -0.030523 0.418908 -0.020008
v -0.030569 0.412503 0.032438
v -0.030763 0.398047 -0.059881
v -0.030897 0.404183 -0.057638
v -0.030942 0.425755 -0.022533
v -0.031007 0.426034 0.010884
v -0.031114 0.398139 0.046961
v -0.031175 0.419389 -0.034727
v -0.031183 0.422704 0.018538
v -0.031190 0.391625 -0.063413
v -0.031213 0.411061 -0.034591
v -0.031259 0.398724 0.034949
v -0.031396 0.418347 0.025171
v -0.031415 0.391654 0.050703
v -0.031438 0.400941 -0.059866
v -0.031633 0.416955 0.013697
v -0.031663 0.403924 0.039408
v -0.031709 0.398194 -0.048292
v -0.031774 0.420495 0.004379
v -0.031946 0.412259 -0.011921
v -0.031988 0.427796 0.002197
v -0.032110 0.419705 -0.004286
v -0.032163 0.427579 -0.012605
v -0.032182 0.417828 -0.010740
v -0.032354 0.403169 0.044359
v -0.032495 0.421437 -0.012245
v -0.032590 0.432771 -0.010831
v -0.032659 0.403775 0.031851
v -0.032873 0.412118 0.030730
v -0.032991 0.427312 -0.003090
v -0.033109 0.405858 0.036375
v -0.033159 0.422448 -0.026140
v -0.033262 0.413571 0.021828
v -0.033315 0.418931 -0.024193
v -0.033342 0.413159 -0.004896
v -0.033353 0.404069 -0.044657
v -0.033475 0.408330 -0.045366
v -0.033552 0.423158 -0.002748
v -0.033689 0.411534 -0.037302
v -0.033727 0.418153 -0.006409
v -0.033800 0.432694 -0.005827
v -0.033819 0.419507 0.013302
v -0.033849 0.400765 -0.050413
v -0.033864 0.415913 -0.034912
v -0.033929 0.396365 0.031660
v -0.033964 0.401254 0.036337
v -0.034006 0.422543 0.011290
v -0.034017 0.424935 0.002422
v -0.034021 0.418023 0.020569
v -0.034029 0.394893 -0.044935
v -0.034048 0.424275 -0.012867
v -0.034074 0.411679 0.026789
v -0.034086 0.422086 -0.022117
v -0.034189 0.429803 -0.003541
v -0.034414 0.419644 -0.011905
v -0.034421 0.279382 0.033751
v -0.034570 0.403542 0.039713
v -0.034685 0.310155 0.047678
v -0.034700 0.403890 -0.053476
v -0.034708 0.388844 0.036589
v -0.034708 0.412927 -0.009167
v -0.034784 0.334618 -0.066217
v -0.034967 0.323598 0.050745
v -0.035081 0.388657 -0.050672
v -0.035081 0.366490 0.051047
v -0.035131 0.392419 -0.060182
v -0.035242 0.391410 0.045252
v -0.035314 0.395530 0.048887
v -0.035356 0.409802 0.005650
v -0.035413 0.359663 -0.066492
v -0.035440 0.428517 -0.012151
v -0.035482 0.397599 -0.060076
v -0.035501 0.355804 0.053023
v -0.035547 0.394025 -0.056215
v -0.035581 0.369197 -0.063551
v -0.035619 0.381735 -0.055864
v -0.035627 0.348651 -0.066999
v -0.035673 0.396891 0.045557
v -0.035703 0.410062 -0.020368
v -0.035787 0.305997 -0.060961
v -0.035795 0.319512 -0.064012
v -0.035821 0.250634 0.003008
v -0.035863 0.338570 0.052664
v -0.035863 0.284974 -0.052114
v -0.035879 0.291428 0.042227
v -0.035898 0.398530 -0.040872
v -0.036020 0.412991 -0.005816
v -0.036069 0.397315 0.033797
v -0.036069 0.273240 -0.042990
v -0.036188 0.394122 0.031477
v -0.036211 0.293382 -0.056726
v -0.036260 0.404900 -0.031603
v -0.036272 0.299279 0.045195
v -0.036542 0.395427 0.043062
v -0.036565 0.380924 0.042048
v -0.036588 0.400449 0.044626
v -0.036630 0.401521 0.023554
v -0.036653 0.392838 -0.046057
v -0.036890 0.400109 -0.057726
v -0.036996 0.259126 -0.026529
v -0.037008 0.243523 -0.006853
v -0.037027 0.391642 0.033503
v -0.037088 0.424252 -0.004497
v -0.037138 0.430352 -0.007747
v -0.037179 0.421082 -0.008712
v -0.037183 0.257783 0.012495
v -0.037290 0.370911 -0.061144
v -0.037347 0.331231 0.050623
v -0.037351 0.313264 0.046553
v -0.037374 0.263856 0.018566
v -0.037378 0.371481 0.047056
v -0.037405 0.308343 -0.059320
v -0.037412 0.288155 0.039194
v -0.037420 0.399205 -0.037971
v -0.037420 0.361826 0.050829
v -0.037424 0.249535 -0.000010
v -0.037431 0.357937 -0.064333
v -0.037431 0.347833 0.051932
v -0.037435 0.410962 -0.002692
v -0.037435 0.339301 -0.064531
v -0.037439 0.285943 -0.050764
v -0.037446 0.388280 -0.048700
v -0.037446 0.405877 0.016205
v -0.037450 0.323293 -0.063547
v -0.037450 0.272179 -0.039869
v -0.037454 0.328889 0.041315
v -0.037458 0.344172 0.000065
v -0.037466 0.409036 -0.018378
v -0.037466 0.248666 -0.014528
v -0.037481 0.408372 0.005069
v -0.037488 0.388825 0.035177
v -0.037515 0.424416 -0.011150
v -0.037546 0.396895 0.028013
v -0.037588 0.399445 0.037817
v -0.038354 0.399899 -0.052706
v -0.038408 0.395432 0.037737
v -0.038461 0.395858 -0.054666
v -0.038770 0.425382 -0.008116
vt 0.962063 0.502848
vt 0.964323 0.515844
vt 0.956186 0.510985
vt 0.953361 0.487252
vt 0.956073 0.517540
vt 0.953361 0.533022
vt 0.961271 0.531553
vt 0.488159 0.802254
vt 0.499687 0.806436
vt 0.504546 0.821805
vt 0.498104 0.820449
vt 0.512683 0.818980
vt 0.517882 0.811973
vt 0.503755 0.833559
vt 0.494036 0.828812
vt 0.517995 0.837288
vt 0.502512 0.842261
vt 0.526470 0.830733
vt 0.508841 0.847459
vt 0.502512 0.848928
vt 0.502173 0.857969
vt 0.505563 0.856952
vt 0.521159 0.851867
vt 0.509519 0.861134
vt 0.488159 0.878876
vt 0.503755 0.870062
vt 0.534607 0.850397
vt 0.545456 0.857630
vt 0.548621 0.856387
vt 0.542066 0.847233
vt 0.552915 0.855709
vt 0.560148 0.855370
vt 0.558114 0.852206
vt 0.550655 0.847685
vt 0.555175 0.844973
vt 0.534720 0.830507
vt 0.545909 0.833220
vt 0.522967 0.806662
vt 0.538450 0.827117
vt 0.534155 0.820223
vt 0.911542 0.730590
vt 0.911316 0.717820
vt 0.919453 0.720871
vt 0.919453 0.729912
vt 0.909847 0.743247
vt 0.926347 0.701659
vt 0.911994 0.706744
vt 0.926234 0.691601
vt 0.906456 0.700755
vt 0.926347 0.684368
vt 0.831072 0.855483
vt 0.841017 0.854127
vt 0.845877 0.876164
vt 0.822370 0.861811
vt 0.827230 0.871304
vt 0.871417 0.875147
vt 0.850171 0.833332
vt 0.865315 0.840339
vt 0.874808 0.866106
vt 0.873564 0.839322
vt 0.873790 0.827682
vt 0.866106 0.821466
vt 0.850623 0.827343
vt 0.856387 0.815363
vt 0.874808 0.811747
vt 0.847911 0.812990
vt 0.842825 0.809713
vt 0.855822 0.806210
vt 0.857517 0.802028
vt 0.871304 0.802480
vt 0.808349 0.212938
vt 0.784165 0.206496
vt 0.792980 0.201862
vt 0.787216 0.189318
vt 0.808349 0.182424
vt 0.781677 0.711602
vt 0.785633 0.702448
vt 0.796143 0.713976
vt 0.796143 0.701657
vt 0.794109 0.728328
vt 0.207513 0.027126
vt 0.201072 0.007575
vt 0.215424 0.020684
vt 0.215650 0.007575
vt 0.812418 0.945335
vt 0.808350 0.952116
vt 0.801795 0.937651
vt 0.799987 0.948161
vt 0.806655 0.929514
vt 0.790042 0.920360
vt 0.785973 0.942171
vt 0.786312 0.920134
vt 0.786990 0.915839
vt 0.785973 0.902165
vt 0.792415 0.909059
vt 0.795014 0.914483
vt 0.795805 0.919682
vt 0.799196 0.916517
vt 0.804733 0.915500
vt 0.832541 0.927478
vt 0.824743 0.919680
vt 0.831523 0.919680
vt 0.831523 0.914255
vt 0.834914 0.917759
vt 0.843729 0.923523
vt 0.838417 0.914143
vt 0.840677 0.907701
vt 0.849944 0.910978
vt 0.831636 0.903858
vt 0.855256 0.915273
vt 0.857629 0.922957
vt 0.849266 0.929060
vt 0.857742 0.929851
vt 0.864636 0.931772
vt 0.863393 0.937197
vt 0.869382 0.935163
vt 0.863958 0.923862
vt 0.862941 0.915386
vt 0.864862 0.916403
vt 0.867348 0.927817
vt 0.860454 0.902615
vt 0.850848 0.899903
vt 0.862037 0.896626
vt 0.869382 0.891766
vt 0.845537 0.897304
vt 0.854691 0.892218
vt 0.862150 0.881595
vt 0.855030 0.880917
vt 0.840677 0.886794
vt 0.828133 0.897078
vt 0.813894 0.902389
vt 0.828472 0.885098
vt 0.823161 0.892218
vt 0.358977 0.391520
vt 0.357847 0.386547
vt 0.372425 0.381914
vt 0.374685 0.390276
vt 0.356943 0.395249
vt 0.370165 0.376150
vt 0.357169 0.381687
vt 0.379093 0.383044
vt 0.373103 0.398865
vt 0.356830 0.399204
vt 0.383161 0.390841
vt 0.353891 0.408358
vt 0.349597 0.411862
vt 0.363384 0.408132
vt 0.356039 0.414687
vt 0.363384 0.413105
vt 0.385083 0.403273
vt 0.375477 0.410732
vt 0.363610 0.419094
vt 0.357847 0.424519
vt 0.372086 0.418529
vt 0.389603 0.418868
vt 0.397288 0.411297
vt 0.402373 0.419094
vt 0.417517 0.412427
vt 0.403391 0.403047
vt 0.417743 0.401352
vt 0.430174 0.412540
vt 0.430287 0.424519
vt 0.445996 0.418303
vt 0.443058 0.409262
vt 0.456506 0.414574
vt 0.432774 0.403951
vt 0.421359 0.395136
vt 0.413223 0.391633
vt 0.396271 0.398639
vt 0.393332 0.391633
vt 0.440232 0.395249
vt 0.398757 0.391180
vt 0.389151 0.385191
vt 0.426784 0.382592
vt 0.391298 0.383383
vt 0.386778 0.374003
vt 0.407007 0.386773
vt 0.412771 0.383383
vt 0.402034 0.382592
vt 0.393785 0.382027
vt 0.402486 0.377393
vt 0.396158 0.374681
vt 0.403051 0.370273
vt 0.412544 0.362815
vt 0.386665 0.357503
vt 0.425202 0.360102
vt 0.374685 0.368126
vt 0.367227 0.368691
vt 0.414692 0.352982
vt 0.401130 0.343602
vt 0.409945 0.338291
vt 0.392541 0.333092
vt 0.377850 0.356599
vt 0.407459 0.329589
vt 0.432661 0.348575
vt 0.435486 0.336483
vt 0.435599 0.360441
vt 0.370730 0.364397
vt 0.433678 0.372647
vt 0.439441 0.348575
vt 0.440910 0.381801
vt 0.439893 0.367222
vt 0.444979 0.363267
vt 0.445544 0.377732
vt 0.445996 0.338856
vt 0.448821 0.357503
vt 0.454359 0.354226
vt 0.451534 0.370386
vt 0.457636 0.366205
vt 0.440571 0.330719
vt 0.460123 0.378636
vt 0.464756 0.373777
vt 0.455150 0.383383
vt 0.447013 0.334336
vt 0.458314 0.388920
vt 0.467920 0.393441
vt 0.447239 0.381801
vt 0.465095 0.394684
vt 0.449838 0.387790
vt 0.456506 0.393780
vt 0.453342 0.401352
vt 0.446222 0.402143
vt 0.460349 0.403951
vt 0.465321 0.403273
vt 0.450177 0.405985
vt 0.453003 0.410506
vt 0.210225 0.729915
vt 0.209660 0.753308
vt 0.202314 0.741103
vt 0.203557 0.753760
vt 0.208869 0.763366
vt 0.200845 0.723586
vt 0.204235 0.709573
vt 0.192030 0.765062
vt 0.195534 0.757942
vt 0.191804 0.752743
vt 0.198246 0.741894
vt 0.181859 0.764158
vt 0.182989 0.767661
vt 0.179712 0.766079
vt 0.182650 0.752630
vt 0.181181 0.744945
vt 0.175530 0.747432
vt 0.171914 0.752065
vt 0.189205 0.734096
vt 0.175530 0.736809
vt 0.186041 0.720309
vt 0.173270 0.720987
vt 0.160500 0.731949
vt 0.197116 0.712963
vt 0.184006 0.710364
vt 0.196099 0.703470
vt 0.205479 0.695220
vt 0.203105 0.687874
vt 0.155301 0.729576
vt 0.183780 0.703470
vt 0.159031 0.742911
vt 0.162760 0.705504
vt 0.192030 0.699741
vt 0.195307 0.686631
vt 0.198472 0.680981
vt 0.187397 0.696463
vt 0.191126 0.692395
vt 0.188527 0.681094
vt 0.187397 0.675782
vt 0.185249 0.686744
vt 0.178243 0.682563
vt 0.176322 0.674991
vt 0.179034 0.689457
vt 0.170671 0.693525
vt 0.160274 0.690361
vt 0.158579 0.673522
vt 0.140158 0.685275
vt 0.129309 0.671601
vt 0.148747 0.704261
vt 0.158127 0.714884
vt 0.144904 0.718388
vt 0.139593 0.715562
vt 0.134281 0.688101
vt 0.123997 0.685388
vt 0.124788 0.701549
vt 0.124901 0.718501
vt 0.138349 0.725281
vt 0.125918 0.724829
vt 0.123997 0.734548
vt 0.144791 0.737713
vt 0.151911 0.749918
vt 0.141627 0.745624
vt 0.159822 0.760089
vt 0.165133 0.756360
vt 0.162986 0.770373
vt 0.254759 0.777381
vt 0.244362 0.777155
vt 0.248995 0.763820
vt 0.230574 0.775234
vt 0.262557 0.774443
vt 0.238824 0.752292
vt 0.215205 0.767436
vt 0.249786 0.749354
vt 0.220629 0.754327
vt 0.213171 0.759073
vt 0.226732 0.723813
vt 0.269677 0.762464
vt 0.276683 0.781223
vt 0.261992 0.743816
vt 0.237355 0.720197
vt 0.223003 0.684033
vt 0.213171 0.702115
vt 0.239389 0.706636
vt 0.248430 0.725961
vt 0.252047 0.709913
vt 0.261427 0.716807
vt 0.276231 0.733645
vt 0.760207 0.897978
vt 0.756930 0.887807
vt 0.762581 0.884756
vt 0.768909 0.889390
vt 0.777046 0.874811
vt 0.779985 0.896848
vt 0.770944 0.907358
vt 0.786539 0.897526
vt 0.781002 0.887129
vt 0.791512 0.886225
vt 0.809142 0.907358
vt 0.811515 0.895379
vt 0.788574 0.873455
vt 0.763485 0.855938
vt 0.798858 0.870517
vt 0.820556 0.879558
vt 0.796597 0.860911
vt 0.816035 0.856616
vt 0.812871 0.854582
vt 0.813549 0.847010
vt 0.805638 0.840907
vt 0.786539 0.843281
vt 0.760094 0.843733
vt 0.775799 0.188751
vt 0.751614 0.174850
vt 0.754553 0.147953
vt 0.747433 0.166713
vt 0.774669 0.157785
vt 0.781223 0.189881
vt 0.765854 0.135861
vt 0.740200 0.134618
vt 0.730707 0.143094
vt 0.747885 0.132923
vt 0.769244 0.117892
vt 0.781223 0.108625
vt 0.780884 0.092238
vt 0.751614 0.113146
vt 0.769583 0.106026
vt 0.747772 0.104331
vt 0.171588 0.400679
vt 0.171136 0.388586
vt 0.188200 0.397175
vt 0.181420 0.403617
vt 0.175656 0.404408
vt 0.189105 0.406329
vt 0.212046 0.406442
vt 0.176786 0.411415
vt 0.165937 0.406781
vt 0.187635 0.411867
vt 0.198598 0.417065
vt 0.175882 0.415483
vt 0.161643 0.413675
vt 0.169101 0.419665
vt 0.186053 0.421021
vt 0.176221 0.428254
vt 0.188087 0.431418
vt 0.191026 0.420456
vt 0.195320 0.433565
vt 0.213176 0.431079
vt 0.216679 0.417969
vt 0.208656 0.441476
vt 0.192608 0.449952
vt 0.227529 0.425315
vt 0.226964 0.412658
vt 0.207639 0.450743
vt 0.225042 0.402487
vt 0.218940 0.395593
vt 0.225720 0.394915
vt 0.219844 0.385987
vt 0.232049 0.403278
vt 0.230806 0.437521
vt 0.233857 0.446335
vt 0.238943 0.409042
vt 0.244706 0.402148
vt 0.252052 0.392542
vt 0.238378 0.421360
vt 0.241090 0.429949
vt 0.246854 0.415257
vt 0.251148 0.427575
vt 0.255782 0.400566
vt 0.267422 0.393220
vt 0.265049 0.405312
vt 0.255103 0.408816
vt 0.261093 0.414805
vt 0.326866 0.436955
vt 0.326414 0.443962
vt 0.288329 0.439103
vt 0.260189 0.433791
vt 0.283356 0.443171
vt 0.315226 0.446562
vt 0.286521 0.453229
vt 0.313870 0.471085
vt 0.245384 0.441589
vt 0.258042 0.442945
vt 0.256912 0.451647
vt 0.291380 0.471989
vt 0.243350 0.453907
vt 0.233631 0.455602
vt 0.211368 0.460123
vt 0.199389 0.466226
vt 0.211820 0.471989
vt 0.800667 0.442265
vt 0.784845 0.450289
vt 0.787670 0.419436
vt 0.805978 0.434693
vt 0.811629 0.390392
vt 0.795242 0.390618
vt 0.802023 0.379204
vt 0.821687 0.363269
vt 0.830050 0.369033
vt 0.822252 0.392652
vt 0.818184 0.413899
vt 0.826999 0.416498
vt 0.819879 0.428929
vt 0.830050 0.443282
vt 0.829824 0.425991
vt 0.244370 0.582643
vt 0.244935 0.574619
vt 0.265616 0.585582
vt 0.265164 0.613043
vt 0.285054 0.601064
vt 0.299633 0.612478
vt 0.310595 0.594283
vt 0.260869 0.569534
vt 0.229000 0.563318
vt 0.262904 0.563318
vt 0.274544 0.568969
vt 0.285506 0.575862
vt 0.314098 0.584112
vt 0.313985 0.574506
vt 0.340430 0.579140
vt 0.336587 0.588068
vt 0.348567 0.598013
vt 0.572355 0.437293
vt 0.570547 0.455714
vt 0.555855 0.422036
vt 0.565461 0.414690
vt 0.558567 0.404858
vt 0.548170 0.407345
vt 0.558906 0.349483
vt 0.572355 0.346431
vt 0.538564 0.390619
vt 0.534383 0.403163
vt 0.514606 0.414125
vt 0.535287 0.369373
vt 0.552239 0.339650
vt 0.548283 0.326993
vt 0.856160 0.335916
vt 0.865314 0.367560
vt 0.848362 0.373436
vt 0.841694 0.346539
vt 0.833218 0.348574
vt 0.838530 0.374453
vt 0.833218 0.407905
vt 0.842598 0.410956
vt 0.028257 0.810385
vt 0.022267 0.819200
vt 0.016052 0.794337
vt 0.026675 0.775351
vt 0.036620 0.807446
vt 0.036620 0.763259
vt 0.022945 0.735910
vt 0.014809 0.760885
vt 0.002490 0.789703
vt 0.003168 0.743369
vt 0.898321 0.902050
vt 0.918550 0.934484
vt 0.888376 0.934484
vt 0.878770 0.909848
vt 0.877187 0.888263
vt 0.931320 0.912334
vt 0.909961 0.876170
vt 0.918324 0.904197
vt 0.913916 0.895043
vt 0.922505 0.894930
vt 0.934484 0.891201
vt 0.914481 0.887358
vt 0.346312 0.079685
vt 0.335915 0.068271
vt 0.356031 0.068497
vt 0.373774 0.080137
vt 0.382702 0.079120
vt 0.328004 0.077199
vt 0.320319 0.060247
vt 0.351962 0.092456
vt 0.365298 0.098558
vt 0.377503 0.108503
vt 0.389256 0.103644
vt 0.397393 0.087935
vt 0.355579 0.106582
vt 0.343826 0.099575
vt 0.332072 0.092908
vt 0.345182 0.107260
vt 0.327213 0.097654
vt 0.314668 0.084093
vt 0.303593 0.084997
vt 0.316251 0.068949
vt 0.308679 0.078555
vt 0.308340 0.071322
vt 0.292518 0.073809
vt 0.292857 0.057309
vt 0.292970 0.097654
vt 0.290823 0.093247
vt 0.268673 0.083415
vt 0.280991 0.102288
vt 0.265169 0.069401
vt 0.266751 0.060134
vt 0.287546 0.066350
vt 0.281443 0.055049
vt 0.234091 0.066915
vt 0.251834 0.082850
vt 0.224372 0.074487
vt 0.255450 0.090647
vt 0.272515 0.108051
vt 0.254433 0.108503
vt 0.527941 0.876282
vt 0.517770 0.860686
vt 0.531218 0.863285
vt 0.547492 0.863851
vt 0.549413 0.870857
vt 0.554725 0.880237
vt 0.559132 0.875830
vt 0.570998 0.883741
vt 0.570094 0.874700
vt 0.555855 0.894477
vt 0.551334 0.901710
vt 0.565687 0.905778
vt 0.525907 0.887809
vt 0.541728 0.902840
vt 0.517770 0.897302
vt 0.545119 0.916514
vt 0.535852 0.909620
vt 0.531331 0.922278
vt 0.032216 0.829036
vt 0.022158 0.828245
vt 0.034702 0.816153
vt 0.048603 0.823160
vt 0.050298 0.806773
vt 0.037753 0.847005
vt 0.020124 0.841919
vt 0.057191 0.812310
vt 0.058322 0.842032
vt 0.059339 0.805756
vt 0.057530 0.799766
vt 0.067815 0.787109
vt 0.058887 0.789030
vt 0.055383 0.822820
vt 0.064989 0.821803
vt 0.059565 0.832200
vt 0.060243 0.843389
vt 0.067589 0.855255
vt 0.064311 0.856498
vt 0.067815 0.859888
vt 0.840448 0.011763
vt 0.840900 0.043519
vt 0.832537 0.043632
vt 0.837849 0.053351
vt 0.828582 0.024872
vt 0.824514 0.007242
vt 0.806206 0.015718
vt 0.791627 0.001931
vt 0.785863 0.022951
vt 0.779648 0.008599
vt 0.822818 0.041033
vt 0.800442 0.034930
vt 0.786089 0.039225
vt 0.804849 0.046910
vt 0.790158 0.053916
vt 0.827113 0.047927
vt 0.807562 0.055159
vt 0.802024 0.067139
vt 0.779648 0.074823
vt 0.791740 0.088159
vt 0.288328 0.223573
vt 0.278835 0.231258
vt 0.285842 0.201197
vt 0.293301 0.220296
vt 0.321441 0.139266
vt 0.309575 0.145595
vt 0.296239 0.172266
vt 0.300195 0.155992
vt 0.303585 0.150115
vt 0.313982 0.135424
vt 0.311948 0.126722
vt 0.302229 0.131468
vt 0.315338 0.118359
vt 0.310592 0.121297
vt 0.287424 0.134859
vt 0.294657 0.151132
vt 0.286068 0.140057
vt 0.268664 0.144352
vt 0.292623 0.163903
vt 0.286181 0.154749
vt 0.273637 0.158591
vt 0.261771 0.176334
vt 0.278044 0.159721
vt 0.285164 0.171136
vt 0.264257 0.176447
vt 0.255555 0.184923
vt 0.272959 0.176673
vt 0.261206 0.190687
vt 0.269003 0.179385
vt 0.253295 0.190348
vt 0.269794 0.185149
vt 0.267873 0.207977
vt 0.253295 0.198710
vt 0.259058 0.204248
vt 0.242559 0.220522
vt 0.236343 0.220409
vt 0.251826 0.231145
vt 0.219391 0.230580
vt 0.218939 0.217583
vt 0.248887 0.229337
vt 0.221990 0.240525
vt 0.214306 0.246514
vt 0.201083 0.229450
vt 0.233631 0.242220
vt 0.196337 0.239282
vt 0.216566 0.254877
vt 0.190912 0.252730
vt 0.192607 0.239282
vt 0.184696 0.254199
vt 0.212158 0.258720
vt 0.233744 0.245497
vt 0.229223 0.251826
vt 0.213967 0.269795
vt 0.250921 0.236682
vt 0.259849 0.249227
vt 0.269568 0.248097
vt 0.252278 0.264370
vt 0.221538 0.277367
vt 0.246401 0.278836
vt 0.261658 0.256686
vt 0.259397 0.271603
vt 0.254538 0.285278
vt 0.249678 0.289007
vt 0.260754 0.299291
vt 0.268325 0.300421
vt 0.277931 0.255103
vt 0.268890 0.268213
vt 0.272959 0.276463
vt 0.274541 0.288216
vt 0.273072 0.299969
vt 0.289346 0.274541
vt 0.285503 0.255216
vt 0.293640 0.249792
vt 0.301438 0.266292
vt 0.312852 0.262901
vt 0.314321 0.272168
vt 0.278383 0.280079
vt 0.304376 0.278836
vt 0.289459 0.286521
vt 0.292397 0.294997
vt 0.316355 0.291154
vt 0.320989 0.289911
vt 0.318390 0.304716
vt 0.300082 0.301099
vt 0.307088 0.300873
vt 0.309123 0.311383
vt 0.321441 0.313531
vt 0.287763 0.301664
vt 0.288215 0.310705
vt 0.278835 0.314096
vt 0.291606 0.318164
vt 0.309575 0.318842
vt 0.294092 0.325284
vt 0.317825 0.322345
vt 0.320198 0.325510
vt 0.451308 0.325973
vt 0.447804 0.319870
vt 0.455376 0.304274
vt 0.443623 0.315463
vt 0.438198 0.322130
vt 0.431304 0.332753
vt 0.407007 0.323938
vt 0.420794 0.317384
vt 0.434808 0.309925
vt 0.446787 0.305178
vt 0.451308 0.292069
vt 0.458653 0.296590
vt 0.454698 0.284045
vt 0.442267 0.297946
vt 0.440119 0.286870
vt 0.433791 0.293312
vt 0.423620 0.302353
vt 0.409267 0.311281
vt 0.423846 0.291391
vt 0.429722 0.283593
vt 0.434808 0.275004
vt 0.419099 0.284271
vt 0.413223 0.290826
vt 0.400678 0.297720
vt 0.400904 0.308908
vt 0.404069 0.287097
vt 0.397062 0.287210
vt 0.394350 0.304048
vt 0.388247 0.307665
vt 0.389942 0.317158
vt 0.413562 0.280542
vt 0.407007 0.279412
vt 0.395480 0.321904
vt 0.382257 0.329702
vt 0.378415 0.341568
vt 0.381918 0.349931
vt 0.373668 0.345976
vt 0.376155 0.351513
vt 0.366888 0.350722
vt 0.369374 0.353435
vt 0.359768 0.352417
vt 0.363836 0.354339
vt 0.372651 0.359537
vt 0.363836 0.359311
vt 0.364401 0.362702
vt 0.355699 0.366657
vt 0.360898 0.368465
vt 0.354343 0.367900
vt 0.357621 0.371516
vt 0.355134 0.372421
vt 0.363610 0.372194
vt 0.356039 0.377506
vt 0.358073 0.372647
vt 0.298841 0.772077
vt 0.302006 0.770156
vt 0.303249 0.776711
vt 0.299971 0.777954
vt 0.307543 0.784283
vt 0.310030 0.778858
vt 0.310821 0.788238
vt 0.303588 0.784509
vt 0.299745 0.785865
vt 0.302684 0.788690
vt 0.307995 0.788012
vt 0.305396 0.790272
vt 0.310143 0.796601
vt 0.304831 0.797279
vt 0.315680 0.795132
vt 0.316132 0.791176
vt 0.327433 0.794906
vt 0.316697 0.800782
vt 0.307091 0.805868
vt 0.319636 0.798522
vt 0.339526 0.817621
vt 0.344950 0.813327
vt 0.340091 0.821350
vt 0.329807 0.811179
vt 0.318731 0.799991
vt 0.335005 0.820672
vt 0.317601 0.821802
vt 0.308786 0.818186
vt 0.329920 0.823498
vt 0.317714 0.823159
vt 0.313533 0.824967
vt 0.319636 0.835816
vt 0.338961 0.831069
vt 0.347210 0.835025
vt 0.332745 0.832878
vt 0.344724 0.835816
vt 0.307769 0.841015
vt 0.298841 0.851751
vt 0.305396 0.840788
vt 0.302797 0.829939
vt 0.307091 0.823611
vt 0.300198 0.831408
vt 0.310369 0.822480
vt 0.863845 0.290364
vt 0.863054 0.306525
vt 0.855821 0.294207
vt 0.857064 0.281888
vt 0.847571 0.313984
vt 0.844407 0.292285
vt 0.855708 0.322799
vt 0.868026 0.318617
vt 0.867461 0.326189
vt 0.857516 0.329127
vt 0.849944 0.331727
vt 0.841694 0.329466
vt 0.843729 0.336360
vt 0.833444 0.331953
vt 0.839208 0.315453
vt 0.830732 0.316470
vt 0.841694 0.299179
vt 0.832653 0.299292
vt 0.823160 0.323138
vt 0.821013 0.336360
vt 0.812989 0.334891
vt 0.823160 0.312967
vt 0.816041 0.315114
vt 0.821352 0.298049
vt 0.823951 0.289912
vt 0.834010 0.294094
vt 0.825647 0.279063
vt 0.822143 0.279402
vt 0.831523 0.278724
vt 0.834462 0.286635
vt 0.840677 0.273978
vt 0.849379 0.281888
vt 0.854239 0.272508
vt 0.852883 0.267762
vt 0.861810 0.274317
vt 0.860906 0.259399
vt 0.867574 0.263354
vt 0.928384 0.160272
vt 0.929062 0.180502
vt 0.919004 0.177337
vt 0.919456 0.163211
vt 0.927254 0.152249
vt 0.923977 0.151571
vt 0.933809 0.144790
vt 0.919004 0.146598
vt 0.937425 0.150553
vt 0.952230 0.144225
vt 0.936521 0.162307
vt 0.939685 0.183440
vt 0.950873 0.148858
vt 0.956185 0.147841
vt 0.955959 0.161290
vt 0.945562 0.168409
vt 0.951551 0.172026
vt 0.935391 0.186830
vt 0.951325 0.185248
vt 0.942511 0.187621
vt 0.938781 0.192255
vt 0.952117 0.187621
vt 0.951325 0.198018
vt 0.962854 0.562752
vt 0.968505 0.571906
vt 0.961724 0.571001
vt 0.955169 0.554276
vt 0.944320 0.562639
vt 0.940365 0.554841
vt 0.941721 0.569645
vt 0.958899 0.574279
vt 0.944998 0.575861
vt 0.959690 0.578686
vt 0.943981 0.578573
vt 0.940365 0.588179
vt 0.944094 0.594960
vt 0.967375 0.576200
vt 0.971104 0.575183
vt 0.967714 0.590327
vt 0.958108 0.590214
vt 0.952909 0.599481
vt 0.062052 0.302681
vt 0.071206 0.300646
vt 0.074596 0.307992
vt 0.062052 0.318728
vt 0.623674 0.416728
vt 0.626952 0.409157
vt 0.644242 0.410287
vt 0.653057 0.379887
vt 0.624352 0.399777
vt 0.622431 0.395030
vt 0.655431 0.402941
vt 0.682327 0.377061
vt 0.683571 0.389493
vt 0.635201 0.427578
vt 0.623787 0.434697
vt 0.655205 0.418085
vt 0.668879 0.410400
vt 0.620623 0.445885
vt 0.617685 0.442269
vt 0.633619 0.435036
vt 0.628421 0.454474
vt 0.648198 0.429386
vt 0.679276 0.414355
vt 0.649328 0.448598
vt 0.639835 0.456057
vt 0.678372 0.429612
vt 0.680745 0.427126
vt 0.681762 0.414016
vt 0.683571 0.451423
vt 0.677807 0.452327
vt 0.664359 0.444981
vt 0.646729 0.458543
vt 0.668427 0.445998
vt 0.658369 0.465210
vt 0.640852 0.490977
vt 0.055721 0.895948
vt 0.056851 0.898209
vt 0.054930 0.898096
vt 0.046567 0.921715
vt 0.044985 0.930530
vt 0.028711 0.937763
vt 0.020687 0.945335
vt 0.056964 0.945335
vt 0.670008 0.583205
vt 0.668199 0.582866
vt 0.662549 0.556760
vt 0.661532 0.546024
vt 0.648535 0.532011
vt 0.645823 0.524326
vt 0.638703 0.523535
vt 0.655994 0.516980
vt 0.649327 0.518562
vt 0.656785 0.509182
vt 0.634974 0.504888
vt 0.663227 0.502175
vt 0.644693 0.493587
vt 0.661080 0.498446
vt 0.652039 0.485111
vt 0.663453 0.488840
vt 0.670008 0.477087
vt 0.668878 0.474827
vt 0.666843 0.476296
vt 0.663453 0.480251
vt 0.657689 0.474149
vt 0.659385 0.473131
vt 0.664696 0.472905
vt 0.667182 0.474940
vt 0.920921 0.442722
vt 0.920921 0.501828
vt 0.902048 0.457414
vt 0.905552 0.447017
vt 0.595412 0.748672
vt 0.569193 0.712283
vt 0.581059 0.701547
vt 0.574956 0.704259
vt 0.573487 0.697139
vt 0.586936 0.691489
vt 0.568289 0.706519
vt 0.561734 0.709683
vt 0.582754 0.744152
vt 0.560604 0.702338
vt 0.581737 0.668095
vt 0.594621 0.668773
vt 0.560943 0.676006
vt 0.545121 0.705276
vt 0.582076 0.662896
vt 0.595412 0.643345
vt 0.543087 0.682334
vt 0.547155 0.676571
vt 0.523649 0.674650
vt 0.529639 0.679848
vt 0.532577 0.684934
vt 0.546025 0.710814
vt 0.527943 0.706180
vt 0.514156 0.709909
vt 0.501725 0.706632
vt 0.518224 0.700077
vt 0.532577 0.700981
vt 0.522067 0.700642
vt 0.525909 0.694653
vt 0.526022 0.687872
vt 0.270019 0.832429
vt 0.267758 0.819659
vt 0.273070 0.835481
vt 0.267306 0.837289
vt 0.275669 0.838984
vt 0.270697 0.844183
vt 0.275330 0.845426
vt 0.283241 0.842601
vt 0.271488 0.849155
vt 0.281320 0.855258
vt 0.289796 0.852320
vt 0.274765 0.853337
vt 0.269793 0.851302
vt 0.267532 0.861134
vt 0.274200 0.866107
vt 0.286744 0.858874
vt 0.277478 0.862265
vt 0.281659 0.861700
vt 0.277704 0.869045
vt 0.270584 0.874583
vt 0.273861 0.874922
vt 0.305165 0.860682
vt 0.295559 0.860795
vt 0.299402 0.869610
vt 0.286857 0.865994
vt 0.285501 0.873453
vt 0.277138 0.874696
vt 0.275330 0.878312
vt 0.267306 0.887014
vt 0.860568 0.184125
vt 0.876164 0.185142
vt 0.858534 0.188080
vt 0.850058 0.191018
vt 0.850962 0.193618
vt 0.876051 0.259052
vt 0.837853 0.194748
vt 0.823274 0.219384
vt 0.829829 0.206840
vt 0.830281 0.200850
vt 0.825195 0.212491
vt 0.389255 0.222666
vt 0.389255 0.301097
vt 0.342016 0.294203
vt 0.321561 0.272957
vt 0.317267 0.255666
vt 0.315572 0.231933
vt 0.317041 0.164917
vt 0.379988 0.113497
vt 0.403165 0.265963
vt 0.397288 0.263251
vt 0.419438 0.257939
vt 0.392880 0.258505
vt 0.415370 0.275004
vt 0.421359 0.276699
vt 0.423846 0.271388
vt 0.436842 0.266528
vt 0.447578 0.275456
vt 0.445205 0.262460
vt 0.464530 0.273083
vt 0.460236 0.267771
vt 0.745960 0.071099
vt 0.745621 0.076862
vt 0.726861 0.066126
vt 0.740987 0.058554
vt 0.729008 0.071099
vt 0.720984 0.072794
vt 0.723697 0.090763
vt 0.721323 0.067821
vt 0.719402 0.071325
vt 0.714769 0.067256
vt 0.718272 0.081383
vt 0.719967 0.108958
vt 0.732398 0.131334
vt 0.717707 0.098222
vt 0.704259 0.081722
vt 0.716690 0.110992
vt 0.715899 0.127040
vt 0.708440 0.130656
vt 0.703919 0.118112
vt 0.703806 0.106020
vt 0.704145 0.097431
vt 0.700642 0.120146
vt 0.697365 0.129074
vt 0.700981 0.092006
vt 0.691036 0.131560
vt 0.697817 0.059911
vt 0.691036 0.036517
vt 0.710361 0.054147
vt 0.696574 0.051435
vt 0.695105 0.039682
vt 0.709570 0.047027
vt 0.704598 0.026120
vt 0.711039 0.039229
vt 0.713073 0.047366
vt 0.717707 0.050983
vt 0.739518 0.048044
vt 0.715108 0.057198
vt 0.718272 0.062736
vt 0.855594 0.971104
vt 0.855594 0.934488
vt 0.859888 0.951101
vt 0.816600 0.104443
vt 0.819200 0.123994
vt 0.814340 0.127158
vt 0.807898 0.106929
vt 0.812984 0.138911
vt 0.815922 0.150552
vt 0.812306 0.153264
vt 0.799083 0.140381
vt 0.797275 0.121960
vt 0.799083 0.105912
vt 0.803943 0.093029
vt 0.795015 0.114388
vt 0.791512 0.096193
vt 0.784053 0.112919
vt 0.795919 0.131679
vt 0.795354 0.147161
vt 0.784279 0.178240
vt 0.797614 0.152473
vt 0.808463 0.175527
vt 0.793320 0.158010
vt 0.790608 0.169086
vt 0.789590 0.179709
vt 0.784053 0.181743
vt 0.624123 0.975173
vt 0.623558 0.964211
vt 0.635538 0.968279
vt 0.622089 0.961273
vt 0.652941 0.967149
vt 0.639041 0.963194
vt 0.628644 0.960029
vt 0.621750 0.953927
vt 0.616552 0.953475
vt 0.621072 0.947598
vt 0.618021 0.942626
vt 0.626271 0.942287
vt 0.623332 0.939687
vt 0.617795 0.929064
vt 0.629548 0.935732
vt 0.628418 0.952345
vt 0.631582 0.953362
vt 0.631582 0.946581
vt 0.635651 0.936749
vt 0.640510 0.932455
vt 0.633842 0.930646
vt 0.641075 0.939800
vt 0.645370 0.935619
vt 0.650568 0.933133
vt 0.643787 0.929177
vt 0.649212 0.945338
vt 0.641301 0.946694
vt 0.651472 0.941043
vt 0.654298 0.941157
vt 0.654976 0.933020
vt 0.656445 0.943304
vt 0.654637 0.950536
vt 0.652150 0.952571
vt 0.655428 0.957204
vt 0.656445 0.960482
vt 0.649099 0.960029
vt 0.647969 0.952684
vt 0.645483 0.952684
vt 0.646161 0.957656
vt 0.642092 0.959238
vt 0.638024 0.958447
vt 0.642092 0.954492
vt 0.636555 0.953475
vt 0.839657 0.758732
vt 0.836832 0.759523
vt 0.838075 0.747883
vt 0.843613 0.748561
vt 0.840675 0.737486
vt 0.834685 0.752855
vt 0.836154 0.737938
vt 0.832538 0.758619
vt 0.838301 0.725167
vt 0.829034 0.743814
vt 0.827113 0.755454
vt 0.831408 0.737712
vt 0.834233 0.728218
vt 0.834685 0.717030
vt 0.837849 0.714205
vt 0.835589 0.707876
vt 0.831069 0.725958
vt 0.832312 0.707989
vt 0.836719 0.705277
vt 0.828130 0.733756
vt 0.838414 0.702113
vt 0.824740 0.746979
vt 0.824175 0.758619
vt 0.828695 0.722229
vt 0.819767 0.747431
vt 0.816038 0.753759
vt 0.822141 0.737372
vt 0.822706 0.729236
vt 0.817168 0.740650
vt 0.813439 0.744266
vt 0.809709 0.757602
vt 0.806771 0.746187
vt 0.816264 0.732739
vt 0.810726 0.733417
vt 0.806771 0.734095
vt 0.810839 0.722229
vt 0.806206 0.721325
vt 0.814908 0.724489
vt 0.819315 0.724263
vt 0.823045 0.720082
vt 0.820898 0.715222
vt 0.814004 0.711380
vt 0.825418 0.710476
vt 0.828921 0.712171
vt 0.828017 0.705390
vt 0.820898 0.704034
vt 0.817055 0.714657
vt 0.832990 0.702113
vt 0.816603 0.704373
vt 0.810613 0.713188
vt 0.807675 0.709006
vt 0.812648 0.704712
vt 0.807336 0.703582
vt 0.812422 0.701435
vt 0.817055 0.701887
vt 0.815134 0.697027
vt 0.811405 0.696688
vt 0.821124 0.700305
vt 0.818411 0.696688
vt 0.816490 0.691264
vt 0.814343 0.689003
vt 0.819541 0.687873
vt 0.818524 0.691942
vt 0.824514 0.687986
vt 0.820785 0.693298
vt 0.825079 0.689907
vt 0.824288 0.696236
vt 0.832651 0.689003
vt 0.829147 0.678945
vt 0.826887 0.693411
vt 0.832538 0.692055
vt 0.827000 0.698722
vt 0.830504 0.697027
vt 0.827791 0.702339
vt 0.834233 0.697818
vt 0.835589 0.695106
vt 0.837849 0.698044
vt 0.843613 0.698383
vt 0.837284 0.692281
vt 0.839657 0.682336
vt 0.840562 0.692394
vt 0.840675 0.695784
vt 0.009055 0.541728
vt 0.009620 0.538563
vt 0.029059 0.542745
vt 0.024086 0.536077
vt 0.054712 0.535173
vt 0.033014 0.550316
vt 0.005665 0.549412
vt 0.058329 0.541728
vt 0.027137 0.555628
vt 0.002614 0.554046
vt 0.021261 0.563765
vt 0.033805 0.559583
vt 0.046575 0.564217
vt 0.048610 0.557210
vt 0.070082 0.560488
vt 0.050757 0.549977
vt 0.068952 0.553707
vt 0.089068 0.556871
vt 0.070873 0.547152
vt 0.088955 0.545344
vt 0.076637 0.539128
vt 0.087147 0.531443
vt 0.088390 0.536190
vt 0.095510 0.556984
vt 0.097883 0.539580
vt 0.094153 0.547717
vt 0.101838 0.548395
vt 0.103646 0.554498
vt 0.103646 0.562635
vt 0.111444 0.560827
vt 0.107489 0.552351
vt 0.107828 0.538337
vt 0.105342 0.533139
vt 0.114270 0.532574
vt 0.115739 0.538337
vt 0.127040 0.531217
vt 0.132916 0.547265
vt 0.114496 0.558905
vt 0.126475 0.564217
vt 0.114722 0.545683
vt 0.124102 0.546248
vt 0.126927 0.553707
vt 0.121050 0.550656
vt 0.114835 0.551221
vt 0.120824 0.553594
vt 0.711943 0.164346
vt 0.711943 0.150898
vt 0.718046 0.169206
vt 0.716803 0.190904
vt 0.720758 0.162651
vt 0.722679 0.193842
vt 0.719515 0.222208
vt 0.725956 0.185818
vt 0.723131 0.211246
vt 0.726409 0.167511
vt 0.724261 0.144795
vt 0.731494 0.159826
vt 0.732624 0.181976
vt 0.729573 0.207291
vt 0.737371 0.203674
vt 0.736580 0.221191
vt 0.726183 0.222773
vt 0.713864 0.230119
vt 0.733189 0.228085
vt 0.743247 0.225034
vt 0.742343 0.232040
vt 0.726861 0.231927
vt 0.711943 0.236109
vt 0.733302 0.237691
vt 0.742456 0.238821
vt 0.734545 0.243794
vt 0.725278 0.239273
vt 0.712282 0.246845
vt 0.725730 0.244698
vt 0.043401 0.759523
vt 0.037299 0.746300
vt 0.040689 0.744266
vt 0.036960 0.733530
vt 0.021025 0.725732
vt 0.040576 0.722681
vt 0.035264 0.717369
vt 0.024754 0.715561
vt 0.037864 0.704373
vt 0.035603 0.699627
vt 0.020347 0.710250
vt 0.020799 0.684935
vt 0.036056 0.684031
vt 0.039107 0.686404
vt 0.043401 0.659055
vt 0.038203 0.668774
vt 0.023398 0.668322
vt 0.040915 0.658038
vt 0.184350 0.623333
vt 0.206048 0.667295
vt 0.139032 0.667295
vt 0.250914 0.660401
vt 0.789361 0.218369
vt 0.749355 0.275327
vt 0.749355 0.179041
s 1
usemtl Material
f 1218/1248 1242/1249 1202/1250
f 1218/1248 1202/1250 1152/1251
f 1152/1251 1202/1250 1197/1252
f 1197/1252 1202/1250 1242/1249
f 1152/1251 1197/1252 1179/1253
f 1179/1253 1197/1252 1242/1249
f 1179/1253 1242/1249 1230/1254
f 1242/1255 1218/1256 1229/1257
f 1242/1255 1229/1257 1230/1258
f 1229/1257 1218/1256 1189/1259
f 1189/1259 1218/1256 1152/1260
f 1230/1258 1229/1257 1216/1261
f 1230/1258 1216/1261 1179/1262
f 1229/1257 1189/1259 1190/1263
f 1229/1257 1190/1263 1216/1261
f 1179/1262 1216/1261 1163/1264
f 1190/1263 1189/1259 1130/1265
f 1130/1265 1189/1259 1152/1260
f 1163/1264 1216/1261 1181/1266
f 1163/1264 1181/1266 1126/1267
f 1126/1267 1181/1266 1161/1268
f 1161/1268 1181/1266 1214/1269
f 1181/1266 1216/1261 1187/1270
f 1181/1266 1187/1270 1214/1269
f 1187/1270 1216/1261 1190/1263
f 1214/1269 1187/1270 1219/1271
f 1214/1269 1219/1271 1235/1272
f 1235/1272 1219/1271 1233/1273
f 1187/1270 1190/1263 1131/1274
f 1131/1274 1190/1263 1130/1265
f 1187/1270 1131/1274 1112/1275
f 1112/1275 1131/1274 1090/1276
f 1090/1276 1131/1274 1095/1277
f 1095/1277 1131/1274 1130/1265
f 1090/1276 1095/1277 1067/1278
f 1067/1278 1095/1277 1041/1279
f 1041/1279 1095/1277 1047/1280
f 1047/1280 1095/1277 1060/1281
f 1047/1280 1060/1281 1072/1282
f 1095/1277 1130/1265 1103/1283
f 1095/1277 1103/1283 1060/1281
f 1103/1283 1130/1265 1152/1260
f 1060/1281 1103/1283 1083/1284
f 1103/1283 1152/1260 1179/1285
f 1083/1284 1103/1283 1126/1286
f 1103/1283 1179/1285 1163/1287
f 1103/1283 1163/1287 1126/1286
f 1083/1288 1126/1289 1124/1290
f 1083/1288 1124/1290 1115/1291
f 1083/1288 1115/1291 1060/1292
f 1124/1290 1126/1289 1150/1293
f 1150/1293 1126/1289 1161/1294
f 1150/1293 1161/1294 1209/1295
f 1209/1295 1161/1294 1214/1296
f 1209/1295 1214/1296 1235/1297
f 1209/1298 1235/1299 1180/1300
f 1209/1298 1180/1300 1150/1301
f 1150/1301 1180/1300 1157/1302
f 1180/1300 1235/1299 1222/1303
f 1222/1303 1235/1299 1233/1304
f 1222/1303 1233/1304 1203/1305
f 1222/1303 1203/1305 1184/1306
f 1184/1306 1203/1305 1157/1307
f 1157/1307 1203/1305 1143/1308
f 1143/1308 1203/1305 1162/1309
f 1162/1309 1203/1305 1233/1304
f 1162/1309 1233/1304 1207/1310
f 1162/1309 1207/1310 1145/1311
f 1162/1309 1145/1311 1093/1312
f 1145/1311 1207/1310 1124/1313
f 1124/1313 1207/1310 1115/1314
f 1145/1311 1124/1313 1150/1315
f 1145/1311 1150/1315 1093/1312
f 1093/1312 1150/1315 1157/1316
f 1093/1312 1157/1316 1143/1317
f 1180/1318 1222/1319 1144/1320
f 1144/1320 1222/1319 1184/1321
f 1180/1318 1144/1320 1157/1322
f 1157/1322 1144/1320 1184/1321
f 1143/1323 1162/1324 1120/1325
f 1120/1325 1162/1324 1093/1326
f 1143/1323 1120/1325 1069/1327
f 1143/1328 1069/1329 1093/1330
f 1093/1330 1069/1329 1120/1331
f 1207/1332 1233/1333 1174/1334
f 1174/1334 1233/1333 1219/1335
f 1207/1332 1174/1334 1115/1336
f 1174/1334 1219/1335 1119/1337
f 1119/1337 1219/1335 1187/1338
f 1119/1337 1187/1338 1112/1339
f 1119/1337 1112/1339 1098/1340
f 1034/1341 1055/1342 1098/1340
f 1098/1340 1055/1342 1087/1343
f 1098/1340 1087/1343 1119/1337
f 1174/1334 1119/1337 1096/1344
f 1096/1344 1119/1337 1087/1343
f 1174/1334 1096/1344 1115/1336
f 1096/1344 1087/1343 1072/1345
f 1096/1344 1072/1345 1115/1336
f 1115/1336 1072/1345 1060/1346
f 1072/1347 1087/1348 1053/1349
f 1053/1349 1087/1348 1055/1350
f 1072/1347 1053/1349 1042/1351
f 1042/1351 1053/1349 1055/1350
f 1072/1347 1042/1351 1047/1352
f 1042/1351 1055/1350 1039/1353
f 1042/1351 1039/1353 1047/1352
f 1039/1353 1055/1350 1021/1354
f 1047/1352 1039/1353 998/1355
f 998/1355 1039/1353 1021/1354
f 1021/1354 1055/1350 1034/1356
f 1047/1352 998/1355 990/1357
f 1047/1352 990/1357 1001/1358
f 1047/1352 1001/1358 1041/1359
f 1041/1359 1001/1358 1022/1360
f 1022/1360 1001/1358 1012/1361
f 1022/1360 1012/1361 1046/1362
f 1046/1362 1012/1361 1024/1363
f 1012/1361 1001/1358 993/1364
f 1001/1358 990/1357 971/1365
f 1001/1358 971/1365 993/1364
f 993/1364 971/1365 969/1366
f 993/1364 969/1366 1007/1367
f 971/1365 990/1357 942/1368
f 942/1368 990/1357 998/1355
f 942/1368 998/1355 964/1369
f 964/1369 998/1355 1021/1354
f 942/1368 964/1369 912/1370
f 942/1368 912/1370 919/1371
f 964/1369 1021/1354 981/1372
f 981/1372 1021/1354 1034/1356
f 912/1370 964/1369 923/1373
f 923/1373 964/1369 981/1372
f 912/1370 923/1373 889/1374
f 889/1374 923/1373 906/1375
f 906/1375 923/1373 965/1376
f 965/1376 923/1373 981/1372
f 965/1376 981/1372 1034/1356
f 965/1376 1034/1356 1024/1377
f 1024/1377 1034/1356 1098/1378
f 965/1376 1024/1377 984/1379
f 984/1379 1024/1377 1012/1380
f 1090/1381 1067/1382 1058/1383
f 1090/1381 1058/1383 1086/1384
f 1090/1381 1086/1384 1112/1385
f 1058/1383 1067/1382 1040/1386
f 1040/1386 1067/1382 1041/1387
f 1086/1384 1058/1383 1073/1388
f 1073/1388 1058/1383 1040/1386
f 1112/1385 1086/1384 1085/1389
f 1112/1385 1085/1389 1098/1390
f 1086/1384 1073/1388 1114/1391
f 1046/1392 1024/1393 1098/1390
f 1046/1392 1098/1390 1048/1394
f 1048/1394 1098/1390 1085/1389
f 1046/1392 1048/1394 1011/1395
f 1011/1395 1048/1394 1031/1396
f 1031/1396 1048/1394 1085/1389
f 1137/1397 1085/1389 1086/1384
f 1137/1397 1086/1384 1114/1391
f 1031/1396 1085/1389 1080/1398
f 1080/1398 1085/1389 1137/1397
f 1037/1399 1015/1400 1031/1396
f 1037/1399 1031/1396 1080/1398
f 1037/1399 1080/1398 1077/1401
f 1077/1401 1080/1398 1147/1402
f 1147/1402 1080/1398 1177/1403
f 1177/1403 1080/1398 1137/1397
f 1147/1402 1177/1403 1194/1404
f 1194/1404 1177/1403 1224/1405
f 1177/1403 1137/1397 1201/1406
f 1224/1405 1177/1403 1225/1407
f 1225/1407 1177/1403 1201/1406
f 1224/1405 1225/1407 1248/1408
f 1224/1405 1248/1408 1254/1409
f 1254/1409 1248/1408 1267/1410
f 1267/1410 1248/1408 1264/1411
f 1267/1410 1264/1411 1268/1412
f 1248/1408 1225/1407 1251/1413
f 1248/1408 1251/1413 1264/1411
f 1225/1407 1201/1406 1220/1414
f 1225/1407 1220/1414 1251/1413
f 1220/1414 1201/1406 1176/1415
f 1171/1416 1201/1406 1137/1397
f 1201/1406 1171/1416 1176/1415
f 1171/1416 1137/1397 1114/1391
f 1171/1416 1114/1391 1164/1417
f 1251/1413 1220/1414 1247/1418
f 1251/1413 1247/1418 1264/1411
f 1171/1416 1164/1417 1166/1419
f 1171/1416 1166/1419 1176/1415
f 1164/1417 1114/1391 1116/1420
f 1164/1417 1116/1420 1166/1419
f 1116/1420 1114/1391 1073/1388
f 1170/1421 1220/1414 1176/1415
f 1220/1414 1170/1421 1247/1418
f 1166/1419 1116/1420 1111/1422
f 1116/1420 1073/1388 1057/1423
f 1116/1420 1057/1423 1111/1422
f 1129/1424 1176/1415 1166/1419
f 1129/1424 1166/1419 1111/1422
f 1176/1415 1129/1424 1135/1425
f 1176/1415 1135/1425 1170/1421
f 1129/1424 1111/1422 1133/1426
f 1133/1426 1111/1422 1109/1427
f 1129/1424 1133/1426 1094/1428
f 1094/1428 1133/1426 1109/1427
f 1129/1424 1094/1428 1135/1425
f 1109/1427 1111/1422 1071/1429
f 1109/1427 1071/1429 1094/1428
f 1071/1429 1111/1422 1057/1423
f 1094/1428 1071/1429 1064/1430
f 1094/1428 1064/1430 1135/1425
f 1064/1430 1071/1429 1057/1423
f 1135/1425 1064/1430 1050/1431
f 1135/1425 1050/1431 1170/1421
f 1064/1430 1057/1423 1004/1432
f 1064/1430 1004/1432 1050/1431
f 1170/1421 1050/1431 1052/1433
f 1057/1423 1073/1388 1040/1386
f 1057/1423 1040/1386 1027/1434
f 1057/1423 1027/1434 1004/1432
f 1027/1434 1040/1386 1016/1435
f 1052/1433 1050/1431 1020/1436
f 1020/1436 1050/1431 957/1437
f 957/1437 1050/1431 1004/1432
f 1020/1436 957/1437 949/1438
f 1020/1436 949/1438 1052/1433
f 957/1437 1004/1432 880/1439
f 987/1440 1004/1432 1027/1434
f 949/1438 957/1437 893/1441
f 893/1441 957/1437 880/1439
f 1052/1433 949/1438 1025/1442
f 949/1438 893/1441 982/1443
f 949/1438 982/1443 1025/1442
f 1052/1433 1025/1442 1062/1444
f 987/1440 1027/1434 1005/1445
f 1005/1445 1027/1434 1016/1435
f 1052/1433 1062/1444 1122/1446
f 1052/1433 1122/1446 1170/1421
f 1062/1444 1025/1442 1030/1447
f 1030/1447 1025/1442 982/1443
f 1170/1421 1122/1446 1192/1448
f 1122/1446 1062/1444 1097/1449
f 1122/1446 1097/1449 1192/1448
f 1097/1449 1062/1444 1084/1450
f 1084/1450 1062/1444 1030/1447
f 1097/1449 1084/1450 1173/1451
f 1097/1449 1173/1451 1192/1448
f 1170/1421 1192/1448 1247/1418
f 995/1452 1030/1447 982/1443
f 1084/1450 1030/1447 1065/1453
f 1065/1453 1030/1447 995/1452
f 1065/1453 995/1452 1061/1454
f 1084/1450 1065/1453 1138/1455
f 1084/1450 1138/1455 1173/1451
f 1138/1455 1065/1453 1128/1456
f 995/1452 982/1443 963/1457
f 1138/1455 1128/1456 1213/1458
f 1138/1455 1213/1458 1173/1451
f 1213/1458 1128/1456 1183/1459
f 1173/1451 1213/1458 1226/1460
f 995/1452 963/1457 980/1461
f 1226/1460 1213/1458 1243/1462
f 1243/1462 1213/1458 1249/1463
f 1173/1451 1226/1460 1208/1464
f 1208/1464 1226/1460 1243/1462
f 1173/1451 1208/1464 1192/1448
f 1243/1462 1249/1463 1250/1465
f 1192/1448 1208/1464 1239/1466
f 1239/1466 1208/1464 1243/1462
f 1192/1448 1239/1466 1247/1418
f 1243/1462 1250/1465 1253/1467
f 1243/1462 1253/1467 1239/1466
f 1239/1466 1253/1467 1261/1468
f 1261/1468 1253/1467 1250/1465
f 1239/1466 1261/1468 1247/1418
f 1247/1418 1261/1468 1260/1469
f 1247/1418 1260/1469 1264/1411
f 1261/1468 1250/1465 1259/1470
f 1259/1470 1250/1465 1256/1471
f 1260/1469 1261/1468 1257/1472
f 1260/1469 1257/1472 1264/1411
f 1257/1472 1261/1468 1259/1470
f 1264/1411 1257/1472 1266/1473
f 1266/1473 1257/1472 1259/1470
f 1264/1411 1266/1473 1268/1412
f 1259/1470 1256/1471 1268/1412
f 1259/1470 1268/1412 1266/1473
f 1254/1474 1267/1475 1263/1476
f 1263/1476 1267/1475 1265/1477
f 1265/1477 1267/1475 1268/1478
f 1254/1474 1263/1476 1245/1479
f 1254/1474 1245/1479 1224/1480
f 1265/1477 1268/1478 1256/1481
f 1265/1477 1256/1481 1255/1482
f 1265/1477 1255/1482 1262/1483
f 1262/1483 1255/1482 1256/1481
f 1263/1476 1265/1477 1258/1484
f 1258/1484 1265/1477 1262/1483
f 1262/1483 1256/1481 1252/1485
f 1252/1485 1256/1481 1250/1486
f 1252/1485 1250/1486 1249/1487
f 1262/1483 1252/1485 1246/1488
f 1258/1484 1262/1483 1240/1489
f 1240/1489 1262/1483 1246/1488
f 1246/1488 1252/1485 1217/1490
f 1246/1488 1217/1490 1240/1489
f 1252/1485 1249/1487 1227/1491
f 1252/1485 1227/1491 1217/1490
f 1258/1484 1240/1489 1244/1492
f 1258/1484 1244/1492 1263/1476
f 1240/1489 1217/1490 1200/1493
f 1240/1489 1200/1493 1244/1492
f 1200/1493 1217/1490 1227/1491
f 1263/1476 1244/1492 1210/1494
f 1263/1476 1210/1494 1245/1479
f 1244/1492 1200/1493 1141/1495
f 1244/1492 1141/1495 1210/1494
f 1200/1493 1227/1491 1104/1496
f 1200/1493 1104/1496 1141/1495
f 1245/1479 1210/1494 1223/1497
f 1245/1479 1223/1497 1224/1480
f 1223/1497 1210/1494 1160/1498
f 1160/1498 1210/1494 1141/1495
f 1224/1480 1223/1497 1196/1499
f 1196/1499 1223/1497 1160/1498
f 1224/1480 1196/1499 1194/1500
f 1194/1500 1196/1499 1168/1501
f 1078/1502 1141/1495 1104/1496
f 1196/1499 1160/1498 1140/1503
f 1136/1504 1104/1496 1227/1491
f 1104/1496 1136/1504 1078/1502
f 1059/1505 1160/1498 1141/1495
f 1160/1498 1059/1505 1140/1503
f 1169/1506 1168/1501 1196/1499
f 1169/1506 1196/1499 1140/1503
f 1168/1501 1169/1506 1167/1507
f 1168/1501 1167/1507 1159/1508
f 1169/1506 1140/1503 1127/1509
f 1167/1507 1169/1506 1149/1510
f 1149/1510 1169/1506 1127/1509
f 1159/1508 1167/1507 1121/1511
f 1121/1511 1167/1507 1149/1510
f 1159/1508 1121/1511 1099/1512
f 1121/1511 1149/1510 1123/1513
f 1099/1512 1121/1511 1075/1514
f 1075/1514 1121/1511 1123/1513
f 1099/1512 1075/1514 1054/1515
f 1123/1513 1149/1510 1089/1516
f 1089/1516 1149/1510 1127/1509
f 1123/1513 1089/1516 1075/1514
f 1089/1516 1127/1509 1140/1503
f 1075/1514 1089/1516 1066/1517
f 1066/1517 1089/1516 1140/1503
f 1075/1514 1066/1517 1054/1515
f 1066/1517 1140/1503 1059/1505
f 1054/1515 1066/1517 1035/1518
f 1035/1518 1066/1517 1059/1505
f 1054/1515 1035/1518 1002/1519
f 1002/1519 1035/1518 958/1520
f 1002/1519 958/1520 882/1521
f 1035/1518 1059/1505 1023/1522
f 1035/1518 1023/1522 958/1520
f 1023/1522 1059/1505 1063/1523
f 1063/1523 1059/1505 1141/1495
f 1063/1523 1141/1495 1078/1502
f 1023/1522 1063/1523 1033/1524
f 1033/1524 1063/1523 1078/1502
f 958/1520 1023/1522 1014/1525
f 1014/1525 1023/1522 1033/1524
f 944/1526 882/1521 958/1520
f 944/1526 958/1520 1014/1525
f 882/1521 944/1526 887/1527
f 887/1527 944/1526 937/1528
f 937/1528 944/1526 1014/1525
f 937/1528 1014/1525 966/1529
f 1014/1525 1033/1524 1028/1530
f 1014/1525 1028/1530 966/1529
f 1028/1530 1033/1524 1078/1502
f 966/1529 1028/1530 985/1531
f 985/1531 1028/1530 995/1532
f 995/1532 1028/1530 1061/1533
f 1061/1533 1028/1530 1078/1502
f 1061/1533 1078/1502 1136/1504
f 1061/1533 1136/1504 1128/1534
f 1061/1533 1128/1534 1065/1535
f 1128/1534 1136/1504 1183/1536
f 1183/1536 1136/1504 1205/1537
f 1183/1536 1205/1537 1213/1538
f 1205/1537 1136/1504 1227/1491
f 1213/1538 1205/1537 1249/1487
f 1249/1487 1205/1537 1227/1491
f 1159/1539 1099/1540 1108/1541
f 1108/1541 1099/1540 1054/1542
f 1159/1539 1108/1541 1168/1543
f 1108/1541 1054/1542 1068/1544
f 1068/1544 1054/1542 1017/1545
f 1168/1543 1108/1541 1088/1546
f 1088/1546 1108/1541 1068/1544
f 1068/1544 1017/1545 1032/1547
f 1032/1547 1017/1545 1013/1548
f 1068/1544 1032/1547 1079/1549
f 1147/1550 1194/1551 1168/1543
f 1147/1550 1168/1543 1088/1546
f 1147/1550 1088/1546 1077/1552
f 1088/1546 1068/1544 1110/1553
f 1110/1553 1068/1544 1079/1549
f 1110/1553 1079/1549 1188/1554
f 1188/1554 1079/1549 1117/1555
f 1110/1553 1188/1554 1132/1556
f 1088/1546 1110/1553 1101/1557
f 1101/1557 1110/1553 1132/1556
f 1088/1546 1101/1557 1077/1552
f 1101/1557 1132/1556 1107/1558
f 1101/1557 1107/1558 1070/1559
f 1101/1557 1070/1559 1077/1552
f 1077/1552 1070/1559 1037/1560
f 1107/1561 1132/1562 1105/1563
f 1107/1561 1105/1563 1082/1564
f 1082/1564 1105/1563 1056/1565
f 1107/1561 1082/1564 1051/1566
f 1107/1561 1051/1566 1070/1567
f 1070/1567 1051/1566 1038/1568
f 1051/1566 1082/1564 1049/1569
f 1049/1569 1082/1564 1056/1565
f 1038/1568 1051/1566 1036/1570
f 1036/1570 1051/1566 1049/1569
f 1036/1570 1049/1569 1056/1565
f 1038/1568 1036/1570 988/1571
f 988/1571 1036/1570 986/1572
f 1036/1570 1056/1565 1045/1573
f 1036/1570 1045/1573 986/1572
f 1045/1573 1056/1565 1081/1574
f 986/1572 1045/1573 1029/1575
f 986/1572 1029/1575 976/1576
f 1029/1575 1045/1573 1043/1577
f 1029/1575 1043/1577 976/1576
f 1043/1577 1045/1573 1081/1574
f 976/1576 1043/1577 1006/1578
f 1006/1578 1043/1577 1019/1579
f 1019/1579 1043/1577 997/1580
f 997/1580 1043/1577 1032/1581
f 1032/1581 1043/1577 1079/1582
f 1079/1582 1043/1577 1081/1574
f 1079/1582 1081/1574 1117/1583
f 1132/1584 1188/1585 1228/1586
f 1228/1586 1188/1585 1199/1587
f 1156/1588 1105/1589 1132/1584
f 1156/1588 1132/1584 1228/1586
f 1156/1588 1228/1586 1182/1590
f 1228/1586 1199/1587 1231/1591
f 1231/1591 1199/1587 1195/1592
f 1228/1586 1231/1591 1234/1593
f 1228/1586 1234/1593 1182/1590
f 1182/1590 1234/1593 1178/1594
f 1182/1590 1178/1594 1142/1595
f 1142/1595 1178/1594 1118/1596
f 1178/1594 1234/1593 1193/1597
f 1118/1596 1178/1594 1139/1598
f 1139/1598 1178/1594 1193/1597
f 1139/1598 1193/1597 1155/1599
f 1017/1600 1054/1601 1002/1602
f 1017/1600 1002/1602 989/1603
f 1017/1600 989/1603 994/1604
f 989/1603 1002/1602 975/1605
f 975/1605 1002/1602 882/1606
f 994/1604 989/1603 970/1607
f 994/1604 970/1607 972/1608
f 989/1603 975/1605 959/1609
f 989/1603 959/1609 970/1607
f 975/1605 882/1606 899/1610
f 975/1605 899/1610 959/1609
f 970/1607 959/1609 939/1611
f 970/1607 939/1611 931/1612
f 931/1612 939/1611 885/1613
f 885/1613 939/1611 922/1614
f 922/1614 939/1611 959/1609
f 885/1613 922/1614 881/1615
f 881/1615 922/1614 896/1616
f 922/1614 959/1609 911/1617
f 922/1614 911/1617 896/1616
f 911/1617 959/1609 899/1610
f 896/1616 911/1617 879/1618
f 879/1618 911/1617 899/1610
f 879/1618 899/1610 1279/1619
f 1279/1619 899/1610 1272/1620
f 1272/1620 899/1610 882/1606
f 879/1618 1279/1619 1278/1621
f 879/1618 1278/1621 875/1622
f 1279/1619 1272/1620 1297/1623
f 1279/1619 1297/1623 1278/1621
f 1272/1620 882/1606 1284/1624
f 1272/1620 1284/1624 1297/1623
f 875/1622 1278/1621 1280/1625
f 1284/1624 882/1606 1269/1626
f 1269/1626 882/1606 887/1627
f 1269/1626 887/1627 867/1628
f 867/1628 887/1627 937/1629
f 1269/1626 867/1628 1281/1630
f 1269/1626 1281/1630 1284/1624
f 1280/1625 1278/1621 1308/1631
f 1308/1631 1278/1621 1297/1623
f 1280/1625 1308/1631 1316/1632
f 1284/1624 1281/1630 1304/1633
f 1284/1624 1304/1633 1297/1623
f 1304/1633 1281/1630 1309/1634
f 1309/1634 1281/1630 1321/1635
f 1297/1623 1304/1633 1314/1636
f 1308/1631 1297/1623 1325/1637
f 1325/1637 1297/1623 1314/1636
f 1308/1631 1325/1637 1316/1632
f 1314/1636 1304/1633 1327/1638
f 1327/1638 1304/1633 1309/1634
f 1325/1637 1314/1636 1345/1639
f 1345/1639 1314/1636 1327/1638
f 1337/1640 1309/1634 1321/1635
f 1337/1640 1321/1635 1367/1641
f 1337/1640 1367/1641 1372/1642
f 1309/1634 1337/1640 1341/1643
f 1341/1643 1337/1640 1372/1642
f 1309/1634 1341/1643 1327/1638
f 1327/1638 1341/1643 1345/1639
f 1341/1643 1372/1642 1378/1644
f 1341/1643 1378/1644 1345/1639
f 1383/1645 1376/1646 1378/1644
f 1378/1644 1376/1646 1371/1647
f 1345/1639 1378/1644 1381/1648
f 1381/1648 1378/1644 1371/1647
f 1373/1649 1371/1647 1400/1650
f 1371/1647 1373/1649 1381/1648
f 1381/1648 1373/1649 1418/1651
f 1418/1651 1373/1649 1396/1652
f 1345/1639 1381/1648 1338/1653
f 1345/1639 1338/1653 1325/1637
f 1381/1648 1418/1651 1385/1654
f 1381/1648 1385/1654 1338/1653
f 1385/1654 1418/1651 1394/1655
f 1394/1655 1418/1651 1380/1656
f 1385/1654 1394/1655 1333/1657
f 1385/1654 1333/1657 1338/1653
f 1325/1637 1338/1653 1316/1632
f 1316/1632 1338/1653 1333/1657
f 1316/1632 1333/1657 1315/1658
f 1316/1632 1315/1658 1288/1659
f 1316/1632 1288/1659 1280/1625
f 1280/1625 1288/1659 871/1660
f 871/1660 1288/1659 1273/1661
f 1188/1662 1117/1663 1185/1664
f 1188/1662 1185/1664 1199/1665
f 1199/1665 1185/1664 1236/1666
f 1236/1666 1185/1664 1206/1667
f 1236/1666 1206/1667 1175/1668
f 1236/1666 1175/1668 1241/1669
f 1236/1666 1241/1669 1237/1670
f 1236/1666 1237/1670 1215/1671
f 1236/1666 1215/1671 1186/1672
f 1236/1666 1186/1672 1199/1665
f 1186/1672 1215/1671 1134/1673
f 1199/1665 1186/1672 1165/1674
f 1165/1674 1186/1672 1134/1673
f 1199/1665 1165/1674 1195/1675
f 1165/1674 1134/1673 1125/1676
f 1165/1674 1125/1676 1195/1675
f 1117/1677 1081/1678 1102/1679
f 1117/1677 1102/1679 1185/1680
f 1185/1680 1102/1679 1151/1681
f 1185/1680 1151/1681 1206/1682
f 1206/1682 1151/1681 1175/1683
f 1175/1683 1151/1681 1102/1679
f 1102/1679 1081/1678 1091/1684
f 1091/1684 1081/1678 1056/1685
f 1091/1684 1056/1685 1113/1686
f 1091/1684 1113/1686 1125/1687
f 1091/1684 1125/1687 1134/1688
f 1091/1684 1134/1688 1102/1679
f 1102/1679 1134/1688 1175/1683
f 1175/1683 1134/1688 1172/1689
f 1172/1689 1134/1688 1215/1690
f 1172/1689 1215/1690 1237/1691
f 1175/1683 1172/1689 1191/1692
f 1191/1692 1172/1689 1237/1691
f 1175/1683 1191/1692 1241/1693
f 1241/1693 1191/1692 1237/1691
f 1195/1694 1125/1695 1146/1696
f 1195/1694 1146/1696 1204/1697
f 1204/1697 1146/1696 1154/1698
f 1154/1698 1146/1696 1155/1699
f 1154/1698 1155/1699 1153/1700
f 1154/1698 1153/1700 1158/1701
f 1153/1700 1155/1699 1212/1702
f 1212/1702 1155/1699 1193/1703
f 1212/1702 1193/1703 1234/1704
f 1212/1702 1234/1704 1232/1705
f 1153/1700 1212/1702 1198/1706
f 1198/1706 1212/1702 1232/1705
f 1153/1700 1198/1706 1158/1701
f 1198/1706 1232/1705 1221/1707
f 1198/1706 1221/1707 1158/1701
f 1146/1708 1125/1709 1113/1710
f 1146/1708 1113/1710 1148/1711
f 1148/1711 1113/1710 1182/1712
f 1182/1712 1113/1710 1156/1713
f 1156/1713 1113/1710 1105/1714
f 1105/1714 1113/1710 1056/1715
f 1231/1716 1195/1717 1204/1718
f 1231/1716 1204/1718 1238/1719
f 1231/1716 1238/1719 1234/1720
f 1234/1720 1238/1719 1232/1721
f 1232/1721 1238/1719 1221/1722
f 1238/1719 1204/1718 1211/1723
f 1238/1719 1211/1723 1221/1722
f 1211/1723 1204/1718 1154/1724
f 1221/1722 1211/1723 1158/1725
f 1158/1725 1211/1723 1154/1724
f 1100/1726 1155/1727 1146/1728
f 1100/1726 1146/1728 1148/1729
f 1100/1726 1148/1729 1182/1730
f 1155/1727 1100/1726 1139/1731
f 1100/1726 1182/1730 1142/1732
f 1139/1731 1100/1726 1106/1733
f 1106/1733 1100/1726 1076/1734
f 1139/1731 1106/1733 1074/1735
f 1074/1735 1106/1733 1076/1734
f 1139/1731 1074/1735 1118/1736
f 1076/1734 1100/1726 1092/1737
f 1076/1734 1092/1737 1074/1735
f 1092/1737 1100/1726 1142/1732
f 1074/1735 1092/1737 1118/1736
f 1118/1736 1092/1737 1142/1732
f 1026/1738 1070/1739 1038/1740
f 1026/1738 1038/1740 992/1741
f 992/1741 1038/1740 988/1742
f 1070/1739 1026/1738 1044/1743
f 1070/1739 1044/1743 1037/1744
f 1026/1738 992/1741 977/1745
f 1026/1738 977/1745 1044/1743
f 992/1741 988/1742 948/1746
f 992/1741 948/1746 977/1745
f 948/1746 988/1742 910/1747
f 910/1747 988/1742 936/1748
f 936/1748 988/1742 986/1749
f 977/1745 948/1746 913/1750
f 977/1745 913/1750 973/1751
f 977/1745 973/1751 999/1752
f 999/1752 973/1751 978/1753
f 977/1745 999/1752 1044/1743
f 999/1752 978/1753 1015/1754
f 999/1752 1015/1754 1019/1755
f 999/1752 1019/1755 1044/1743
f 1044/1743 1019/1755 997/1756
f 1015/1757 1037/1744 1044/1743
f 1015/1757 1044/1743 1006/1758
f 1006/1758 1044/1743 997/1756
f 1015/1757 1006/1758 1019/1759
f 1006/1758 997/1756 974/1760
f 1006/1758 974/1760 976/1761
f 1032/1762 1013/1763 997/1756
f 997/1756 1013/1763 974/1760
f 974/1760 1013/1763 1008/1764
f 1008/1764 1013/1763 1017/1765
f 974/1760 1008/1764 968/1766
f 974/1760 968/1766 933/1767
f 974/1760 933/1767 943/1768
f 943/1768 933/1767 903/1769
f 968/1766 1008/1764 960/1770
f 960/1770 1008/1764 1000/1771
f 960/1770 1000/1771 947/1772
f 1008/1764 1017/1765 1009/1773
f 1008/1764 1009/1773 1000/1771
f 1000/1771 1009/1773 947/1772
f 1009/1773 1017/1765 994/1774
f 947/1772 1009/1773 972/1775
f 972/1775 1009/1773 994/1774
f 936/1776 986/1777 976/1778
f 974/1779 943/1780 976/1778
f 976/1778 943/1780 936/1776
f 936/1776 943/1780 909/1781
f 909/1781 943/1780 903/1782
f 909/1781 903/1782 879/1783
f 879/1783 903/1782 896/1784
f 909/1781 879/1783 875/1785
f 909/1781 875/1785 936/1776
f 936/1776 875/1785 871/1786
f 871/1786 875/1785 1280/1787
f 936/1776 871/1786 910/1788
f 910/1788 871/1786 886/1789
f 910/1788 886/1789 948/1790
f 886/1789 871/1786 897/1791
f 948/1790 886/1789 913/1792
f 913/1792 886/1789 897/1791
f 913/1792 897/1791 973/1793
f 978/1794 973/1795 897/1796
f 978/1794 897/1796 940/1797
f 940/1797 897/1796 872/1798
f 1031/1799 1015/1800 978/1794
f 1031/1799 978/1794 940/1797
f 940/1797 872/1798 906/1801
f 1031/1799 940/1797 1011/1802
f 906/1801 872/1798 889/1803
f 889/1803 872/1798 888/1804
f 889/1803 888/1804 912/1805
f 912/1805 888/1804 919/1806
f 940/1797 906/1801 945/1807
f 945/1807 906/1801 965/1808
f 945/1807 965/1808 984/1809
f 945/1807 984/1809 940/1797
f 940/1797 984/1809 1011/1802
f 1011/1802 984/1809 1012/1810
f 1011/1802 1012/1810 993/1811
f 1011/1802 993/1811 1046/1812
f 1046/1812 993/1811 1022/1813
f 968/1814 960/1815 915/1816
f 915/1816 960/1815 947/1817
f 968/1814 915/1816 925/1818
f 968/1814 925/1818 933/1819
f 933/1819 925/1818 890/1820
f 933/1819 890/1820 903/1821
f 903/1821 890/1820 881/1822
f 903/1821 881/1822 896/1823
f 890/1820 925/1818 902/1824
f 902/1824 925/1818 915/1816
f 881/1822 890/1820 878/1825
f 878/1825 890/1820 902/1824
f 881/1822 878/1825 885/1826
f 885/1826 878/1825 900/1827
f 900/1827 878/1825 902/1824
f 885/1826 900/1827 931/1828
f 902/1824 915/1816 924/1829
f 902/1824 924/1829 900/1827
f 924/1829 915/1816 947/1817
f 900/1827 924/1829 938/1830
f 900/1827 938/1830 931/1828
f 938/1830 924/1829 947/1817
f 931/1828 938/1830 929/1831
f 929/1831 938/1830 947/1817
f 931/1828 929/1831 970/1832
f 929/1831 947/1817 972/1833
f 929/1831 972/1833 970/1832
f 1372/1834 1367/1835 1437/1836
f 1372/1834 1437/1836 1378/1837
f 1378/1837 1437/1836 1383/1838
f 1383/1838 1437/1836 1379/1839
f 1379/1839 1437/1836 1361/1840
f 1379/1839 1361/1840 1364/1841
f 1379/1839 1364/1841 1452/1842
f 1548/1843 1452/1842 1642/1844
f 1642/1844 1452/1842 1654/1845
f 1642/1844 1654/1845 1676/1846
f 1676/1846 1654/1845 1700/1847
f 1700/1847 1654/1845 1685/1848
f 1654/1845 1452/1842 1500/1849
f 1500/1849 1452/1842 1364/1841
f 1685/1848 1654/1845 1653/1850
f 1653/1850 1654/1845 1500/1849
f 1685/1848 1653/1850 1648/1851
f 1500/1849 1364/1841 1393/1852
f 1393/1852 1364/1841 1361/1840
f 1653/1850 1500/1849 1476/1853
f 1476/1853 1500/1849 1393/1852
f 1653/1850 1476/1853 1648/1851
f 1648/1851 1476/1853 1449/1854
f 1648/1851 1449/1854 1451/1855
f 1476/1853 1393/1852 1354/1856
f 1476/1853 1354/1856 1449/1854
f 1354/1856 1393/1852 1359/1857
f 1359/1857 1393/1852 1361/1840
f 1451/1855 1449/1854 1363/1858
f 1363/1858 1449/1854 1354/1856
f 1451/1855 1363/1858 1519/1859
f 1354/1856 1359/1857 1355/1860
f 1355/1860 1359/1857 1361/1840
f 1354/1856 1355/1860 1363/1858
f 1519/1859 1363/1858 1369/1861
f 1363/1858 1355/1860 1352/1862
f 1519/1859 1369/1861 1453/1863
f 1352/1862 1355/1860 1375/1864
f 1352/1862 1375/1864 1363/1858
f 1375/1864 1355/1860 1361/1840
f 1363/1858 1375/1864 1369/1861
f 1375/1864 1361/1840 1360/1865
f 1375/1864 1360/1865 1369/1861
f 1360/1865 1361/1840 1437/1836
f 1358/1866 1453/1863 1369/1861
f 1358/1866 1369/1861 1353/1867
f 1353/1867 1369/1861 1360/1865
f 1453/1863 1358/1866 1389/1868
f 1389/1868 1358/1866 1353/1867
f 1389/1868 1353/1867 1360/1865
f 1453/1863 1389/1868 1488/1869
f 1440/1870 1360/1865 1437/1836
f 1488/1869 1389/1868 1489/1871
f 1488/1869 1489/1871 1658/1872
f 1389/1868 1360/1865 1368/1873
f 1368/1873 1360/1865 1440/1870
f 1489/1871 1389/1868 1374/1874
f 1374/1874 1389/1868 1368/1873
f 1489/1871 1374/1874 1461/1875
f 1489/1871 1461/1875 1669/1876
f 1374/1874 1368/1873 1356/1877
f 1356/1877 1368/1873 1440/1870
f 1669/1876 1461/1875 1662/1878
f 1374/1874 1356/1877 1430/1879
f 1374/1874 1430/1879 1461/1875
f 1662/1878 1461/1875 1667/1880
f 1662/1878 1667/1880 1699/1881
f 1699/1881 1667/1880 1703/1882
f 1667/1880 1461/1875 1459/1883
f 1459/1883 1461/1875 1430/1879
f 1430/1879 1356/1877 1443/1884
f 1443/1884 1356/1877 1440/1870
f 1430/1879 1443/1884 1398/1885
f 1430/1879 1398/1885 1377/1886
f 1443/1884 1440/1870 1392/1887
f 1443/1884 1392/1887 1398/1885
f 1392/1887 1440/1870 1437/1836
f 1377/1886 1398/1885 1366/1888
f 1366/1888 1398/1885 1392/1887
f 1392/1887 1437/1836 1367/1835
f 1392/1887 1367/1835 1366/1888
f 1366/1888 1367/1835 1347/1889
f 1377/1886 1366/1888 1370/1890
f 1377/1886 1370/1890 1397/1891
f 1397/1891 1370/1890 1386/1892
f 1370/1890 1366/1888 1350/1893
f 1350/1893 1366/1888 1347/1889
f 1386/1892 1370/1890 1342/1894
f 1342/1894 1370/1890 1350/1893
f 1335/1895 1339/1896 1386/1892
f 1335/1895 1386/1892 1342/1894
f 1335/1895 1342/1894 1307/1897
f 1307/1897 1342/1894 1295/1898
f 1350/1893 1347/1889 1331/1899
f 1331/1899 1347/1889 1367/1835
f 1342/1894 1350/1893 1328/1900
f 1328/1900 1350/1893 1331/1899
f 1342/1894 1328/1900 1311/1901
f 1342/1894 1311/1901 1295/1898
f 1311/1901 1328/1900 1331/1899
f 1295/1898 1311/1901 1296/1902
f 1295/1898 1296/1902 1282/1903
f 1311/1901 1331/1899 1290/1904
f 1318/1905 1331/1899 1367/1835
f 1331/1899 1318/1905 1290/1904
f 1318/1905 1367/1835 1321/1906
f 1318/1905 1321/1906 1287/1907
f 1318/1905 1287/1907 1290/1904
f 1287/1907 1321/1906 1281/1908
f 1287/1907 1281/1908 867/1909
f 1299/1910 1311/1901 1290/1904
f 1311/1901 1299/1910 1296/1902
f 1290/1904 1287/1907 863/1911
f 863/1911 1287/1907 867/1909
f 1299/1910 1290/1904 1275/1912
f 1299/1910 1275/1912 1296/1902
f 1275/1912 1290/1904 863/1911
f 1296/1902 1275/1912 864/1913
f 863/1911 867/1909 926/1914
f 926/1914 867/1909 937/1915
f 926/1914 937/1915 966/1916
f 1275/1912 863/1911 901/1917
f 1275/1912 901/1917 864/1913
f 863/1911 926/1914 918/1918
f 918/1918 926/1914 966/1916
f 863/1911 918/1918 901/1917
f 918/1918 966/1916 946/1919
f 918/1918 946/1919 901/1917
f 946/1919 966/1916 985/1920
f 866/1921 1296/1902 864/1913
f 866/1921 864/1913 901/1917
f 1296/1902 866/1921 1282/1903
f 866/1921 901/1917 873/1922
f 866/1921 873/1922 1282/1903
f 873/1922 901/1917 946/1919
f 1282/1903 873/1922 861/1923
f 861/1923 873/1922 884/1924
f 884/1924 873/1922 946/1919
f 884/1924 946/1919 951/1925
f 884/1924 951/1925 876/1926
f 951/1925 946/1919 980/1927
f 980/1927 946/1919 985/1920
f 980/1927 985/1920 995/1928
f 951/1929 980/1461 927/1930
f 927/1930 980/1461 963/1457
f 951/1929 927/1930 876/1931
f 927/1930 963/1457 898/1932
f 927/1930 898/1932 876/1931
f 898/1932 963/1457 917/1933
f 917/1933 963/1457 956/1934
f 956/1934 963/1457 982/1443
f 956/1934 982/1443 893/1441
f 956/1934 893/1441 868/1935
f 917/1933 956/1934 865/1936
f 865/1936 956/1934 868/1935
f 898/1932 917/1933 862/1937
f 862/1937 917/1933 865/1936
f 869/1938 876/1931 898/1932
f 869/1938 898/1932 862/1937
f 876/1931 869/1938 1283/1939
f 876/1931 1283/1939 1271/1940
f 1271/1940 1283/1939 1301/1941
f 1283/1939 869/1938 1277/1942
f 1277/1942 869/1938 862/1937
f 1301/1941 1283/1939 1305/1943
f 1305/1943 1283/1939 1277/1942
f 1305/1943 1277/1942 1298/1944
f 1298/1944 1277/1942 862/1937
f 1298/1944 862/1937 1292/1945
f 1292/1945 862/1937 865/1936
f 1292/1945 865/1936 1286/1946
f 1286/1946 865/1936 868/1935
f 1298/1944 1292/1945 1310/1947
f 1310/1947 1292/1945 1286/1946
f 1305/1943 1298/1944 1326/1948
f 1326/1948 1298/1944 1310/1947
f 1305/1943 1326/1948 1343/1949
f 1305/1943 1343/1949 1301/1941
f 1326/1948 1310/1947 1334/1950
f 1326/1948 1334/1950 1343/1949
f 1310/1947 1286/1946 1324/1951
f 1310/1947 1324/1951 1334/1950
f 1324/1951 1286/1946 1330/1952
f 1330/1952 1286/1946 1303/1953
f 1303/1953 1286/1946 868/1935
f 1324/1951 1330/1952 1349/1954
f 1349/1954 1330/1952 1414/1955
f 1330/1952 1303/1953 1320/1956
f 1320/1956 1303/1953 1323/1957
f 1323/1957 1303/1953 1294/1958
f 1324/1951 1349/1954 1351/1959
f 1324/1951 1351/1959 1334/1950
f 1351/1959 1349/1954 1425/1960
f 1294/1958 1303/1953 1274/1961
f 1274/1961 1303/1953 868/1935
f 1294/1958 1274/1961 1270/1962
f 1274/1961 868/1935 880/1439
f 1274/1961 880/1439 1270/1962
f 880/1439 868/1935 893/1441
f 1270/1962 880/1439 904/1963
f 904/1963 880/1439 962/1964
f 962/1964 880/1439 1004/1432
f 904/1963 962/1964 916/1965
f 962/1964 1004/1432 987/1440
f 916/1965 962/1964 961/1966
f 961/1966 962/1964 987/1440
f 916/1965 961/1966 920/1967
f 920/1967 961/1966 955/1968
f 955/1968 961/1966 987/1440
f 920/1967 955/1968 932/1969
f 932/1969 955/1968 950/1970
f 955/1968 987/1440 991/1971
f 955/1968 991/1971 950/1970
f 950/1970 991/1971 953/1972
f 953/1972 991/1971 983/1973
f 991/1971 987/1440 1005/1445
f 991/1971 1005/1445 983/1973
f 983/1973 1005/1445 996/1974
f 996/1974 1005/1445 1018/1975
f 996/1974 1018/1975 1003/1976
f 1003/1976 1018/1975 1010/1977
f 1018/1975 1005/1445 1016/1435
f 1018/1975 1016/1435 1010/1977
f 969/1978 1016/1435 1007/1979
f 1007/1979 1016/1435 1040/1386
f 1007/1979 1040/1386 1041/1387
f 1007/1979 1041/1387 1022/1980
f 1007/1979 1022/1980 993/1981
f 884/1982 876/1983 1271/1984
f 884/1982 1271/1984 861/1985
f 861/1985 1271/1984 1300/1986
f 1300/1986 1271/1984 1301/1987
f 1300/1986 1301/1987 1319/1988
f 861/1985 1300/1986 1291/1989
f 861/1985 1291/1989 1282/1990
f 1282/1990 1291/1989 1295/1991
f 1291/1989 1300/1986 1312/1992
f 1291/1989 1312/1992 1295/1991
f 1312/1992 1300/1986 1319/1988
f 1295/1991 1312/1992 1307/1993
f 1307/1993 1312/1992 1339/1994
f 1339/1994 1312/1992 1319/1988
f 1307/1993 1339/1994 1335/1995
f 1339/1994 1319/1988 1344/1996
f 1344/1996 1319/1988 1336/1997
f 1344/1996 1336/1997 1388/1998
f 1339/1994 1344/1996 1362/1999
f 1339/1994 1362/1999 1386/2000
f 1344/1996 1388/1998 1399/2001
f 1344/1996 1399/2001 1362/1999
f 1399/2001 1388/1998 1415/2002
f 1415/2002 1388/1998 1395/2003
f 1415/2002 1395/2003 1481/2004
f 1399/2001 1415/2002 1458/2005
f 1458/2005 1415/2002 1481/2004
f 1399/2001 1458/2005 1446/2006
f 1399/2001 1446/2006 1362/1999
f 1362/1999 1446/2006 1458/2005
f 1362/1999 1458/2005 1365/2007
f 1365/2007 1458/2005 1481/2004
f 1391/2008 1386/2000 1362/1999
f 1391/2008 1362/1999 1365/2007
f 1386/2000 1391/2008 1397/2009
f 1365/2007 1481/2004 1454/2010
f 1365/2007 1454/2010 1391/2008
f 1397/2009 1391/2008 1445/2011
f 1445/2011 1391/2008 1454/2010
f 1397/2009 1445/2011 1492/2012
f 1445/2011 1454/2010 1678/2013
f 1445/2011 1678/2013 1492/2012
f 1454/2010 1481/2004 1679/2014
f 1679/2014 1481/2004 1660/2015
f 1454/2010 1679/2014 1707/2016
f 1454/2010 1707/2016 1678/2013
f 1679/2014 1660/2015 1694/2017
f 1679/2014 1694/2017 1707/2016
f 1707/2016 1694/2017 1678/2013
f 1678/2013 1694/2017 1703/2018
f 1703/2018 1694/2017 1699/2019
f 1678/2013 1703/2018 1667/2020
f 1678/2013 1667/2020 1492/2012
f 1492/2012 1667/2020 1459/2021
f 1492/2012 1459/2021 1377/2022
f 1377/2022 1459/2021 1430/2023
f 1492/2012 1377/2022 1357/2024
f 1492/2012 1357/2024 1397/2009
f 1397/2009 1357/2024 1377/2022
f 1294/2025 1270/2026 1302/2027
f 1294/2025 1302/2027 1323/2028
f 1302/2027 1270/2026 1276/2029
f 1323/2028 1302/2027 1317/2030
f 1317/2030 1302/2027 1276/2029
f 1276/2029 1270/2026 877/2031
f 877/2031 1270/2026 904/2032
f 877/2031 904/2032 916/2033
f 877/2031 916/2033 895/2034
f 877/2031 895/2034 894/2035
f 877/2031 894/2035 1276/2029
f 1276/2029 894/2035 870/2036
f 870/2036 894/2035 888/2037
f 870/2036 888/2037 872/2038
f 1276/2029 870/2036 1285/2039
f 870/2036 872/2038 1289/2040
f 870/2036 1289/2040 1285/2039
f 1276/2029 1285/2039 1306/2041
f 1276/2029 1306/2041 1317/2030
f 1285/2039 1289/2040 1313/2042
f 1285/2039 1313/2042 1306/2041
f 1289/2040 872/2038 1273/2043
f 1273/2043 872/2038 897/2044
f 1273/2043 897/2044 871/2045
f 1289/2040 1273/2043 1293/2046
f 1289/2040 1293/2046 1313/2042
f 1293/2046 1273/2043 1288/2047
f 1293/2046 1288/2047 1315/2048
f 1293/2046 1315/2048 1313/2042
f 1313/2042 1315/2048 1333/2049
f 1322/2050 1306/2041 1313/2042
f 1306/2041 1322/2050 1317/2030
f 1322/2050 1313/2042 1333/2049
f 1421/2051 1333/2049 1394/2052
f 1333/2049 1421/2051 1406/2053
f 1322/2050 1333/2049 1340/2054
f 1340/2054 1333/2049 1406/2053
f 1322/2050 1340/2054 1317/2030
f 1340/2054 1406/2053 1408/2055
f 1317/2030 1340/2054 1332/2056
f 1332/2056 1340/2054 1408/2055
f 1317/2030 1332/2056 1323/2028
f 1332/2056 1408/2055 1346/2057
f 1332/2056 1346/2057 1323/2028
f 1346/2057 1408/2055 1424/2058
f 1323/2028 1346/2057 1320/2059
f 1346/2057 1424/2058 1414/2060
f 1346/2057 1414/2060 1320/2059
f 1320/2059 1414/2060 1330/2061
f 883/2062 895/2063 916/2064
f 883/2062 916/2064 920/2065
f 883/2062 920/2065 908/2066
f 908/2066 920/2065 932/2067
f 908/2066 932/2067 934/2068
f 934/2068 932/2067 950/2069
f 908/2066 934/2068 891/2070
f 908/2066 891/2070 883/2062
f 891/2070 934/2068 914/2071
f 874/2072 895/2063 883/2062
f 874/2072 883/2062 891/2070
f 895/2063 874/2072 907/2073
f 891/2070 914/2071 905/2074
f 891/2070 905/2074 874/2072
f 905/2074 914/2071 935/2075
f 905/2074 935/2075 928/2076
f 874/2072 905/2074 892/2077
f 892/2077 905/2074 928/2076
f 874/2072 892/2077 907/2073
f 892/2077 928/2076 930/2078
f 892/2077 930/2078 907/2073
f 894/2079 895/2063 907/2073
f 907/2073 930/2078 969/2080
f 894/2079 907/2073 919/2081
f 919/2081 907/2073 969/2080
f 894/2079 919/2081 888/2082
f 919/2081 969/2080 971/2083
f 919/2081 971/2083 942/2084
f 928/2085 935/2086 954/2087
f 928/2085 954/2087 930/2088
f 930/2088 954/2087 979/2089
f 930/2088 979/2089 969/2090
f 979/2089 954/2087 1010/2091
f 1010/2091 954/2087 967/2092
f 967/2092 954/2087 935/2086
f 1010/2091 967/2092 1003/2093
f 1003/2093 967/2092 952/2094
f 1003/2093 952/2094 996/2095
f 996/2095 952/2094 983/2096
f 983/2096 952/2094 953/2097
f 967/2092 935/2086 941/2098
f 967/2092 941/2098 952/2094
f 941/2098 935/2086 914/2099
f 941/2098 914/2099 934/2100
f 952/2094 941/2098 921/2101
f 952/2094 921/2101 953/2097
f 921/2101 941/2098 934/2100
f 953/2097 921/2101 950/2102
f 950/2102 921/2101 934/2100
f 969/2103 979/2104 1010/2105
f 969/2103 1010/2105 1016/2106
f 1424/2107 1408/2108 1419/2109
f 1419/2109 1408/2108 1413/2110
f 1413/2110 1408/2108 1406/2111
f 1413/2110 1406/2111 1421/2112
f 1419/2109 1413/2110 1431/2113
f 1431/2113 1413/2110 1432/2114
f 1431/2113 1432/2114 1438/2115
f 1424/2107 1419/2109 1409/2116
f 1424/2107 1409/2116 1414/2117
f 1419/2109 1431/2113 1435/2118
f 1419/2109 1435/2118 1409/2116
f 1431/2113 1438/2115 1433/2119
f 1431/2113 1433/2119 1435/2118
f 1414/2117 1409/2116 1425/2120
f 1414/2117 1425/2120 1349/2121
f 1425/2120 1409/2116 1436/2122
f 1436/2122 1409/2116 1435/2118
f 1425/2120 1436/2122 1403/2123
f 1436/2122 1435/2118 1426/2124
f 1436/2122 1426/2124 1403/2123
f 1426/2124 1435/2118 1433/2119
f 1434/2125 1433/2119 1438/2115
f 1433/2119 1434/2125 1426/2124
f 1403/2123 1426/2124 1410/2126
f 1403/2123 1410/2126 1441/2127
f 1426/2124 1434/2125 1428/2128
f 1426/2124 1428/2128 1410/2126
f 1462/2129 1434/2125 1456/2130
f 1434/2125 1462/2129 1428/2128
f 1428/2128 1462/2129 1465/2131
f 1428/2128 1465/2131 1416/2132
f 1441/2127 1410/2126 1442/2133
f 1442/2133 1410/2126 1428/2128
f 1441/2127 1442/2133 1422/2134
f 1428/2128 1416/2132 1427/2135
f 1428/2128 1427/2135 1442/2133
f 1442/2133 1427/2135 1422/2134
f 1427/2135 1416/2132 1412/2136
f 1427/2135 1412/2136 1422/2134
f 1422/2134 1412/2136 1420/2137
f 1421/2138 1394/2139 1450/2140
f 1450/2140 1394/2139 1460/2141
f 1460/2141 1394/2139 1380/2142
f 1460/2141 1380/2142 1455/2143
f 1455/2143 1380/2142 1390/2144
f 1390/2144 1380/2142 1418/2145
f 1421/2146 1450/2147 1460/2148
f 1421/2146 1460/2148 1413/2149
f 1413/2149 1460/2148 1455/2150
f 1413/2149 1455/2150 1429/2151
f 1429/2151 1455/2150 1491/2152
f 1413/2149 1429/2151 1432/2153
f 1429/2151 1491/2152 1464/2154
f 1429/2151 1464/2154 1432/2153
f 1432/2153 1464/2154 1448/2155
f 1448/2155 1464/2154 1647/2156
f 1432/2153 1448/2155 1438/2157
f 1448/2155 1647/2156 1701/2158
f 1448/2155 1701/2158 1472/2159
f 1448/2155 1472/2159 1438/2157
f 1472/2159 1701/2158 1675/2160
f 1438/2157 1472/2159 1480/2161
f 1480/2161 1472/2159 1675/2160
f 1438/2157 1480/2161 1434/2162
f 1434/2162 1480/2161 1456/2163
f 1456/2163 1480/2161 1498/2164
f 1498/2164 1480/2161 1542/2165
f 1542/2165 1480/2161 1675/2160
f 1542/2165 1675/2160 1668/2166
f 1542/2165 1668/2166 1623/2167
f 1542/2165 1623/2167 1590/2168
f 1542/2165 1590/2168 1556/2169
f 1390/2170 1418/2171 1396/2172
f 1390/2170 1396/2172 1463/2173
f 1373/2174 1400/2175 1396/2176
f 1396/2176 1400/2175 1384/2177
f 1396/2176 1384/2177 1484/2178
f 1396/2176 1484/2178 1463/2179
f 1384/2177 1400/2175 1469/2180
f 1384/2177 1469/2180 1484/2178
f 1469/2180 1400/2175 1376/2181
f 1376/2181 1400/2175 1371/2182
f 1484/2178 1469/2180 1478/2183
f 1478/2183 1469/2180 1376/2181
f 1463/2179 1484/2178 1657/2184
f 1463/2179 1657/2184 1598/2185
f 1484/2178 1478/2183 1670/2186
f 1484/2178 1670/2186 1657/2184
f 1478/2183 1376/2181 1467/2187
f 1657/2184 1670/2186 1706/2188
f 1657/2184 1706/2188 1665/2189
f 1670/2186 1478/2183 1664/2190
f 1664/2190 1478/2183 1467/2187
f 1706/2188 1670/2186 1692/2191
f 1692/2191 1670/2186 1664/2190
f 1706/2188 1692/2191 1700/2192
f 1700/2192 1692/2191 1676/2193
f 1676/2193 1692/2191 1664/2190
f 1676/2193 1664/2190 1628/2194
f 1628/2194 1664/2190 1467/2187
f 1383/2195 1467/2187 1376/2181
f 1467/2187 1383/2195 1483/2196
f 1483/2196 1383/2195 1379/2197
f 1483/2196 1379/2197 1452/2198
f 1483/2196 1452/2198 1548/2199
f 1467/2187 1483/2196 1509/2200
f 1467/2187 1509/2200 1628/2194
f 1509/2200 1483/2196 1473/2201
f 1509/2200 1473/2201 1555/2202
f 1509/2200 1555/2202 1628/2194
f 1628/2194 1555/2202 1596/2203
f 1598/2204 1657/2205 1639/2206
f 1598/2204 1639/2206 1602/2207
f 1639/2206 1657/2205 1665/2208
f 1602/2207 1639/2206 1618/2209
f 1639/2206 1665/2208 1613/2210
f 1639/2206 1613/2210 1618/2209
f 1613/2210 1665/2208 1647/2211
f 1618/2209 1613/2210 1600/2212
f 1613/2210 1647/2211 1540/2213
f 1540/2213 1647/2211 1464/2214
f 1600/2212 1613/2210 1577/2215
f 1577/2215 1613/2210 1540/2213
f 1600/2212 1577/2215 1576/2216
f 1576/2216 1577/2215 1495/2217
f 1495/2217 1577/2215 1477/2218
f 1540/2213 1464/2214 1491/2219
f 1477/2218 1577/2215 1524/2220
f 1577/2215 1540/2213 1522/2221
f 1577/2215 1522/2221 1524/2220
f 1522/2221 1540/2213 1491/2219
f 1477/2218 1524/2220 1554/2222
f 1554/2222 1524/2220 1522/2221
f 1477/2218 1554/2222 1531/2223
f 1531/2223 1554/2222 1569/2224
f 1455/2225 1390/2226 1491/2219
f 1491/2219 1390/2226 1463/2227
f 1522/2221 1491/2219 1536/2228
f 1536/2228 1491/2219 1463/2227
f 1522/2221 1536/2228 1554/2222
f 1536/2228 1463/2227 1598/2229
f 1536/2228 1598/2229 1602/2230
f 1536/2228 1602/2230 1554/2222
f 1554/2222 1602/2230 1569/2224
f 1569/2224 1602/2230 1604/2231
f 1569/2224 1604/2231 1579/2232
f 1665/2233 1706/2234 1697/2235
f 1665/2233 1697/2235 1647/2236
f 1697/2235 1706/2234 1708/2237
f 1697/2235 1708/2237 1647/2236
f 1708/2237 1706/2234 1705/2238
f 1647/2236 1708/2237 1701/2239
f 1708/2237 1705/2238 1709/2240
f 1701/2239 1708/2237 1711/2241
f 1711/2241 1708/2237 1709/2240
f 1701/2239 1711/2241 1675/2242
f 1711/2241 1709/2240 1668/2243
f 1711/2241 1668/2243 1675/2242
f 1705/2244 1706/2245 1700/2246
f 1685/2247 1695/2248 1700/2246
f 1700/2246 1695/2248 1698/2249
f 1700/2246 1698/2249 1705/2244
f 1705/2244 1698/2249 1699/2250
f 1705/2244 1699/2250 1694/2251
f 1403/2252 1441/2253 1417/2254
f 1417/2254 1441/2253 1422/2255
f 1403/2252 1417/2254 1425/1960
f 1425/1960 1417/2254 1404/2256
f 1425/1960 1404/2256 1351/1959
f 1351/1959 1404/2256 1348/2257
f 1351/1959 1348/2257 1334/1950
f 1348/2257 1404/2256 1411/2258
f 1334/1950 1348/2257 1343/1949
f 1343/1949 1348/2257 1411/2258
f 1343/1949 1411/2258 1407/2259
f 1343/1949 1407/2259 1329/2260
f 1343/1949 1329/2260 1301/1941
f 1329/2260 1407/2259 1388/2261
f 1301/1941 1329/2260 1319/2262
f 1329/2260 1388/2261 1336/2263
f 1329/2260 1336/2263 1319/2262
f 1411/2264 1404/2265 1401/2266
f 1411/2264 1401/2266 1407/2267
f 1401/2266 1404/2265 1423/2268
f 1423/2268 1404/2265 1405/2269
f 1405/2269 1404/2265 1417/2270
f 1401/2266 1423/2268 1493/2271
f 1493/2271 1423/2268 1447/2272
f 1447/2272 1423/2268 1405/2269
f 1401/2266 1493/2271 1499/2273
f 1499/2273 1493/2271 1447/2272
f 1447/2272 1405/2269 1479/2274
f 1479/2274 1405/2269 1417/2270
f 1447/2272 1479/2274 1499/2273
f 1420/2275 1417/2270 1422/2276
f 1479/2274 1417/2270 1490/2277
f 1490/2277 1417/2270 1420/2275
f 1479/2274 1490/2277 1634/2278
f 1479/2274 1634/2278 1499/2273
f 1490/2277 1420/2275 1470/2279
f 1470/2279 1420/2275 1487/2280
f 1470/2279 1487/2280 1571/2281
f 1470/2279 1571/2281 1636/2282
f 1490/2277 1470/2279 1671/2283
f 1671/2283 1470/2279 1636/2282
f 1490/2277 1671/2283 1663/2284
f 1490/2277 1663/2284 1634/2278
f 1671/2283 1636/2282 1687/2285
f 1687/2285 1636/2282 1641/2286
f 1663/2284 1671/2283 1691/2287
f 1691/2287 1671/2283 1687/2285
f 1663/2284 1691/2287 1634/2278
f 1691/2287 1687/2285 1704/2288
f 1634/2278 1691/2287 1688/2289
f 1688/2289 1691/2287 1694/2290
f 1634/2278 1688/2289 1506/2291
f 1634/2278 1506/2291 1499/2273
f 1688/2289 1694/2290 1684/2292
f 1688/2289 1684/2292 1506/2291
f 1684/2292 1694/2290 1660/2293
f 1684/2292 1660/2293 1468/2294
f 1684/2292 1468/2294 1506/2291
f 1468/2294 1660/2293 1481/2295
f 1468/2294 1481/2295 1395/2296
f 1468/2294 1395/2296 1382/2297
f 1468/2294 1382/2297 1402/2298
f 1402/2298 1382/2297 1395/2296
f 1468/2294 1402/2298 1506/2291
f 1402/2298 1395/2296 1388/2299
f 1402/2298 1388/2299 1407/2267
f 1506/2291 1402/2298 1439/2300
f 1439/2300 1402/2298 1407/2267
f 1506/2291 1439/2300 1499/2273
f 1439/2300 1407/2267 1401/2266
f 1499/2273 1439/2300 1387/2301
f 1499/2273 1387/2301 1401/2266
f 1401/2266 1387/2301 1439/2300
f 1420/2302 1412/2303 1487/2304
f 1487/2305 1412/2306 1466/2307
f 1487/2305 1466/2307 1571/2308
f 1466/2307 1412/2306 1474/2309
f 1474/2309 1412/2306 1416/2310
f 1474/2309 1416/2310 1465/2311
f 1466/2307 1474/2309 1651/2312
f 1651/2312 1474/2309 1465/2311
f 1571/2308 1466/2307 1661/2313
f 1661/2313 1466/2307 1651/2312
f 1571/2308 1661/2313 1641/2314
f 1571/2308 1641/2314 1636/2315
f 1641/2314 1661/2313 1686/2316
f 1641/2314 1686/2316 1687/2317
f 1687/2317 1686/2316 1704/2318
f 1686/2316 1661/2313 1696/2319
f 1686/2316 1696/2319 1704/2318
f 1696/2319 1661/2313 1651/2312
f 1704/2318 1696/2319 1693/2320
f 1693/2320 1696/2319 1651/2312
f 1704/2318 1693/2320 1709/2321
f 1643/2322 1651/2312 1465/2311
f 1651/2312 1643/2322 1693/2320
f 1643/2322 1465/2311 1462/2323
f 1709/2321 1693/2320 1689/2324
f 1689/2324 1693/2320 1643/2322
f 1689/2324 1643/2322 1673/2325
f 1673/2325 1643/2322 1462/2323
f 1689/2324 1673/2325 1709/2321
f 1673/2325 1462/2323 1638/2326
f 1673/2325 1638/2326 1709/2321
f 1709/2321 1638/2326 1680/2327
f 1462/2328 1456/2329 1567/2330
f 1567/2330 1456/2329 1498/2331
f 1462/2328 1567/2330 1638/2332
f 1638/2332 1567/2330 1561/2333
f 1567/2330 1498/2331 1502/2334
f 1567/2330 1502/2334 1561/2333
f 1502/2334 1498/2331 1482/2335
f 1482/2335 1498/2331 1542/2336
f 1482/2335 1542/2336 1505/2337
f 1505/2337 1542/2336 1556/2338
f 1482/2335 1505/2337 1494/2339
f 1505/2337 1556/2338 1523/2340
f 1505/2337 1523/2340 1494/2339
f 1523/2340 1556/2338 1512/2341
f 1523/2340 1512/2341 1539/2342
f 1523/2340 1539/2342 1494/2339
f 1471/2343 1502/2334 1482/2335
f 1471/2343 1482/2335 1494/2339
f 1502/2334 1471/2343 1503/2344
f 1502/2334 1503/2344 1561/2333
f 1471/2343 1494/2339 1501/2345
f 1471/2343 1501/2345 1503/2344
f 1494/2339 1539/2342 1562/2346
f 1494/2339 1562/2346 1501/2345
f 1562/2346 1539/2342 1595/2347
f 1595/2347 1539/2342 1559/2348
f 1501/2345 1562/2346 1603/2349
f 1562/2346 1595/2347 1635/2350
f 1562/2346 1635/2350 1603/2349
f 1635/2350 1595/2347 1624/2351
f 1624/2351 1595/2347 1609/2352
f 1603/2349 1635/2350 1674/2353
f 1501/2345 1603/2349 1585/2354
f 1501/2345 1585/2354 1503/2344
f 1585/2354 1603/2349 1674/2353
f 1635/2350 1624/2351 1712/2355
f 1635/2350 1712/2355 1674/2353
f 1712/2355 1624/2351 1666/2356
f 1666/2356 1624/2351 1590/2357
f 1666/2356 1590/2357 1623/2358
f 1666/2356 1623/2358 1668/2359
f 1712/2355 1666/2356 1714/2360
f 1714/2360 1666/2356 1668/2359
f 1712/2355 1714/2360 1674/2353
f 1714/2360 1668/2359 1680/2361
f 1680/2361 1668/2359 1709/2362
f 1714/2360 1680/2361 1638/2332
f 1714/2360 1638/2332 1672/2363
f 1714/2360 1672/2363 1674/2353
f 1672/2363 1638/2332 1561/2333
f 1674/2353 1672/2363 1656/2364
f 1674/2353 1656/2364 1585/2354
f 1585/2354 1656/2364 1646/2365
f 1656/2364 1672/2363 1645/2366
f 1656/2364 1645/2366 1646/2365
f 1672/2363 1561/2333 1575/2367
f 1672/2363 1575/2367 1645/2366
f 1575/2367 1561/2333 1513/2368
f 1513/2368 1561/2333 1503/2344
f 1645/2366 1575/2367 1592/2369
f 1645/2366 1592/2369 1646/2365
f 1592/2369 1575/2367 1513/2368
f 1646/2365 1592/2369 1585/2354
f 1513/2368 1503/2344 1532/2370
f 1513/2368 1532/2370 1592/2369
f 1532/2370 1503/2344 1585/2354
f 1532/2370 1585/2354 1592/2369
f 1556/2371 1590/2372 1565/2373
f 1556/2371 1565/2373 1512/2374
f 1512/2374 1565/2373 1527/2375
f 1565/2373 1590/2372 1606/2376
f 1527/2375 1565/2373 1568/2377
f 1568/2377 1565/2373 1606/2376
f 1606/2376 1590/2372 1624/2378
f 1527/2375 1568/2377 1551/2379
f 1606/2376 1624/2378 1630/2380
f 1630/2380 1624/2378 1609/2381
f 1568/2377 1606/2376 1611/2382
f 1611/2382 1606/2376 1630/2380
f 1551/2379 1568/2377 1594/2383
f 1594/2383 1568/2377 1611/2382
f 1551/2379 1594/2383 1597/2384
f 1551/2379 1597/2384 1557/2385
f 1557/2385 1597/2384 1576/2386
f 1597/2384 1594/2383 1620/2387
f 1620/2387 1594/2383 1611/2382
f 1576/2386 1597/2384 1616/2388
f 1616/2388 1597/2384 1620/2387
f 1576/2386 1616/2388 1600/2389
f 1620/2387 1611/2382 1627/2390
f 1627/2390 1611/2382 1630/2380
f 1600/2389 1616/2388 1618/2391
f 1607/2392 1630/2380 1609/2381
f 1630/2380 1607/2392 1627/2390
f 1607/2392 1609/2381 1595/2393
f 1620/2387 1627/2390 1625/2394
f 1620/2387 1625/2394 1616/2388
f 1607/2392 1595/2393 1580/2395
f 1580/2395 1595/2393 1559/2396
f 1627/2390 1607/2392 1591/2397
f 1591/2397 1607/2392 1580/2395
f 1627/2390 1591/2397 1587/2398
f 1627/2390 1587/2398 1625/2394
f 1591/2397 1580/2395 1560/2399
f 1560/2399 1580/2395 1559/2396
f 1591/2397 1560/2399 1587/2398
f 1560/2399 1559/2396 1537/2400
f 1537/2400 1559/2396 1539/2401
f 1537/2400 1539/2401 1512/2402
f 1560/2399 1537/2400 1549/2403
f 1560/2399 1549/2403 1587/2398
f 1537/2400 1512/2402 1515/2404
f 1537/2400 1515/2404 1549/2403
f 1515/2404 1512/2402 1527/2405
f 1515/2404 1527/2405 1520/2406
f 1520/2406 1527/2405 1551/2407
f 1549/2403 1515/2404 1529/2408
f 1529/2408 1515/2404 1520/2406
f 1563/2409 1587/2398 1549/2403
f 1563/2409 1549/2403 1529/2408
f 1587/2398 1563/2409 1584/2410
f 1587/2398 1584/2410 1625/2394
f 1563/2409 1529/2408 1566/2411
f 1563/2409 1566/2411 1584/2410
f 1529/2408 1520/2406 1518/2412
f 1625/2394 1584/2410 1599/2413
f 1599/2413 1584/2410 1566/2411
f 1625/2394 1599/2413 1626/2414
f 1625/2394 1626/2414 1616/2388
f 1626/2414 1599/2413 1608/2415
f 1626/2414 1608/2415 1616/2388
f 1599/2413 1566/2411 1552/2416
f 1599/2413 1552/2416 1608/2415
f 1535/2417 1566/2411 1529/2408
f 1535/2417 1529/2408 1518/2412
f 1566/2411 1535/2417 1552/2416
f 1616/2388 1608/2415 1681/2418
f 1616/2388 1681/2418 1618/2391
f 1535/2417 1518/2412 1526/2419
f 1535/2417 1526/2419 1552/2416
f 1526/2419 1518/2412 1530/2420
f 1530/2420 1518/2412 1520/2406
f 1530/2420 1520/2406 1551/2407
f 1530/2420 1551/2407 1557/2421
f 1530/2420 1557/2421 1528/2422
f 1530/2420 1528/2422 1526/2419
f 1528/2422 1557/2421 1576/2423
f 1528/2422 1576/2423 1495/2424
f 1526/2419 1528/2422 1504/2425
f 1504/2425 1528/2422 1495/2424
f 1526/2419 1504/2425 1552/2416
f 1504/2425 1495/2424 1444/2426
f 1444/2426 1495/2424 1477/2427
f 1552/2416 1504/2425 1543/2428
f 1504/2425 1444/2426 1485/2429
f 1504/2425 1485/2429 1543/2428
f 1444/2426 1477/2427 1475/2430
f 1475/2430 1477/2427 1531/2431
f 1475/2430 1531/2431 1525/2432
f 1444/2426 1475/2430 1486/2433
f 1486/2433 1475/2430 1525/2432
f 1444/2426 1486/2433 1485/2429
f 1486/2433 1525/2432 1558/2434
f 1485/2429 1486/2433 1508/2435
f 1485/2429 1508/2435 1543/2428
f 1486/2433 1558/2434 1564/2436
f 1486/2433 1564/2436 1508/2435
f 1543/2428 1508/2435 1573/2437
f 1564/2436 1558/2434 1601/2438
f 1601/2438 1558/2434 1583/2439
f 1508/2435 1564/2436 1605/2440
f 1508/2435 1605/2440 1573/2437
f 1564/2436 1601/2438 1649/2441
f 1564/2436 1649/2441 1605/2440
f 1573/2437 1605/2440 1619/2442
f 1573/2437 1619/2442 1543/2428
f 1619/2442 1605/2440 1682/2443
f 1682/2443 1605/2440 1649/2441
f 1543/2428 1619/2442 1632/2444
f 1632/2444 1619/2442 1682/2443
f 1543/2428 1632/2444 1552/2416
f 1552/2416 1632/2444 1608/2415
f 1608/2415 1632/2444 1681/2418
f 1681/2418 1632/2444 1682/2443
f 1682/2443 1649/2441 1716/2445
f 1682/2443 1716/2445 1681/2418
f 1716/2445 1649/2441 1710/2446
f 1681/2418 1716/2445 1683/2447
f 1683/2447 1716/2445 1710/2446
f 1681/2418 1683/2447 1618/2391
f 1618/2391 1683/2447 1602/2448
f 1710/2446 1649/2441 1629/2449
f 1710/2446 1629/2449 1683/2447
f 1629/2449 1649/2441 1601/2438
f 1629/2449 1601/2438 1631/2450
f 1629/2449 1631/2450 1604/2451
f 1602/2448 1683/2447 1633/2452
f 1602/2448 1633/2452 1604/2451
f 1633/2452 1683/2447 1629/2449
f 1633/2452 1629/2449 1604/2451
f 1531/2453 1569/2454 1545/2455
f 1545/2455 1569/2454 1579/2456
f 1545/2455 1579/2456 1589/2457
f 1531/2453 1545/2455 1517/2458
f 1531/2453 1517/2458 1525/2459
f 1545/2455 1589/2457 1544/2460
f 1525/2459 1517/2458 1534/2461
f 1525/2459 1534/2461 1558/2462
f 1558/2462 1534/2461 1583/2463
f 1583/2463 1534/2461 1553/2464
f 1583/2463 1553/2464 1586/2465
f 1553/2464 1534/2461 1550/2466
f 1553/2464 1550/2466 1586/2465
f 1550/2466 1534/2461 1517/2458
f 1586/2465 1550/2466 1574/2467
f 1516/2468 1517/2458 1545/2455
f 1517/2458 1516/2468 1550/2466
f 1516/2468 1545/2455 1544/2460
f 1574/2467 1550/2466 1538/2469
f 1538/2469 1550/2466 1516/2468
f 1574/2467 1538/2469 1570/2470
f 1516/2468 1544/2460 1514/2471
f 1516/2468 1514/2471 1538/2469
f 1570/2470 1538/2469 1521/2472
f 1521/2472 1538/2469 1514/2471
f 1514/2471 1544/2460 1547/2473
f 1514/2471 1547/2473 1521/2472
f 1547/2473 1544/2460 1589/2457
f 1547/2473 1589/2457 1596/2474
f 1547/2473 1596/2474 1555/2475
f 1547/2473 1555/2475 1521/2472
f 1570/2470 1521/2472 1533/2476
f 1521/2472 1555/2475 1473/2477
f 1533/2476 1521/2472 1496/2478
f 1496/2478 1521/2472 1473/2477
f 1533/2476 1496/2478 1457/2479
f 1457/2479 1496/2478 1473/2477
f 1533/2476 1457/2479 1507/2480
f 1533/2476 1507/2480 1582/2481
f 1582/2481 1507/2480 1593/2482
f 1507/2480 1457/2479 1511/2483
f 1507/2480 1511/2483 1593/2482
f 1457/2479 1473/2477 1497/2484
f 1497/2484 1473/2477 1483/2485
f 1497/2484 1483/2485 1548/2486
f 1457/2479 1497/2484 1546/2487
f 1546/2487 1497/2484 1548/2486
f 1457/2479 1546/2487 1511/2483
f 1546/2487 1548/2486 1642/2488
f 1546/2487 1642/2488 1652/2489
f 1581/2490 1593/2482 1511/2483
f 1593/2482 1581/2490 1650/2491
f 1511/2483 1546/2487 1510/2492
f 1546/2487 1652/2489 1572/2493
f 1546/2487 1572/2493 1510/2492
f 1572/2493 1652/2489 1644/2494
f 1644/2494 1652/2489 1650/2491
f 1510/2492 1572/2493 1578/2495
f 1578/2495 1572/2493 1644/2494
f 1511/2483 1510/2492 1541/2496
f 1511/2483 1541/2496 1581/2490
f 1541/2496 1510/2492 1578/2495
f 1588/2497 1650/2491 1581/2490
f 1650/2491 1588/2497 1644/2494
f 1588/2497 1581/2490 1541/2496
f 1644/2494 1588/2497 1578/2495
f 1578/2495 1588/2497 1541/2496
f 1579/2498 1604/2499 1612/2500
f 1579/2498 1612/2500 1589/2501
f 1612/2500 1604/2499 1631/2502
f 1589/2501 1612/2500 1617/2503
f 1589/2501 1617/2503 1596/2504
f 1612/2500 1631/2502 1622/2505
f 1612/2500 1622/2505 1617/2503
f 1596/2504 1617/2503 1614/2506
f 1622/2505 1631/2502 1610/2507
f 1610/2507 1631/2502 1601/2508
f 1610/2507 1601/2508 1583/2509
f 1610/2507 1583/2509 1586/2510
f 1610/2507 1586/2510 1622/2505
f 1617/2503 1622/2505 1615/2511
f 1615/2511 1622/2505 1586/2510
f 1617/2503 1615/2511 1614/2506
f 1615/2511 1586/2510 1574/2512
f 1615/2511 1574/2512 1570/2513
f 1614/2506 1615/2511 1621/2514
f 1614/2506 1621/2514 1596/2504
f 1621/2514 1615/2511 1570/2513
f 1596/2504 1621/2514 1628/2515
f 1621/2514 1570/2513 1637/2516
f 1637/2516 1570/2513 1533/2517
f 1637/2516 1533/2517 1582/2518
f 1628/2515 1621/2514 1713/2519
f 1713/2519 1621/2514 1637/2516
f 1628/2515 1713/2519 1676/2520
f 1637/2516 1582/2518 1677/2521
f 1637/2516 1677/2521 1713/2519
f 1677/2521 1582/2518 1593/2522
f 1677/2521 1593/2522 1650/2523
f 1713/2519 1677/2521 1715/2524
f 1713/2519 1715/2524 1676/2520
f 1715/2524 1677/2521 1650/2523
f 1676/2520 1715/2524 1642/2525
f 1715/2524 1650/2523 1652/2526
f 1715/2524 1652/2526 1642/2525
f 1685/2527 1648/2528 1695/2529
f 1695/2529 1648/2528 1655/2530
f 1655/2530 1648/2528 1451/2531
f 1695/2529 1655/2530 1698/2532
f 1655/2530 1451/2531 1640/2533
f 1655/2530 1640/2533 1698/2532
f 1640/2533 1451/2531 1519/2534
f 1698/2532 1640/2533 1702/2535
f 1640/2533 1519/2534 1659/2536
f 1640/2533 1659/2536 1702/2535
f 1659/2536 1519/2534 1453/2537
f 1659/2536 1453/2537 1488/2538
f 1659/2536 1488/2538 1658/2539
f 1698/2532 1702/2535 1690/2540
f 1690/2540 1702/2535 1659/2536
f 1690/2540 1659/2536 1658/2539
f 1698/2532 1690/2540 1699/2541
f 1690/2540 1658/2539 1669/2542
f 1690/2540 1669/2542 1699/2541
f 1669/2542 1658/2539 1489/2543
f 1699/2541 1669/2542 1662/2544
f 1705/2545 1704/2546 1709/2547
f 1704/2546 1705/2545 1691/2548
f 1691/2549 1705/2550 1694/2551
o tripo_part_2
v -0.029270 0.104803 -0.214612
v -0.029246 0.148834 -0.269806
v -0.029217 0.159256 -0.259494
v -0.028991 0.171997 -0.253950
v -0.028856 0.089872 -0.216928
v -0.028640 0.141033 -0.241612
v -0.028378 0.115469 -0.230085
v -0.028362 0.044956 -0.272649
v -0.028258 0.102752 -0.299665
v -0.028240 0.138027 -0.234809
v -0.027894 0.158653 -0.248929
v -0.027766 0.145901 -0.263873
v -0.027734 0.119144 -0.276185
v -0.027650 0.174599 -0.252033
v -0.027581 0.135250 -0.238376
v -0.027562 0.119278 -0.282357
v -0.027507 0.054192 -0.212362
v -0.027485 0.135574 -0.270849
v -0.027449 0.099191 -0.285867
v -0.027433 0.145935 -0.243986
v -0.027327 0.141678 -0.242215
v -0.027225 0.049862 -0.208989
v -0.027164 0.186714 -0.256403
v -0.027146 0.194893 -0.261028
v -0.026948 0.160591 -0.243198
v -0.026813 0.094869 -0.295739
v -0.026745 0.087077 -0.209428
v -0.026735 0.145416 -0.237642
v -0.026718 0.063454 -0.211961
v -0.026652 0.142448 -0.236915
v -0.026274 0.102525 -0.294229
v -0.026269 0.046562 -0.210019
v -0.025971 0.125408 -0.277690
v -0.025878 0.034523 -0.211858
v -0.025723 0.082441 -0.288167
v -0.025557 0.092958 -0.289113
v -0.025429 0.096991 -0.213166
v -0.025405 0.175652 -0.251409
v -0.025399 0.124416 -0.231515
v -0.025374 0.160004 -0.262458
v -0.025322 0.142197 -0.270327
v -0.025303 0.103412 -0.227445
v -0.025151 0.044506 -0.214460
v -0.025056 0.049942 -0.215379
v -0.024967 0.118334 -0.219342
v -0.024816 0.083192 -0.219011
v -0.024782 0.096097 -0.220269
v -0.024630 0.079958 -0.215032
v -0.024587 0.090578 -0.204374
v -0.024501 0.158539 -0.255449
v -0.024471 0.084498 -0.297693
v -0.024437 0.056007 -0.206945
v -0.024413 0.124390 -0.283675
v -0.024413 0.082273 -0.221467
v -0.024029 0.057117 -0.216016
v -0.024013 0.068678 -0.214666
v -0.023952 0.064049 -0.208089
v -0.023907 0.050640 -0.276721
v -0.023832 0.089431 -0.306943
v -0.023677 0.030193 -0.247450
v -0.023573 0.081668 -0.209527
v -0.023572 0.191200 -0.250685
v -0.023488 0.041809 -0.247930
v -0.023427 0.041302 -0.261226
v -0.023377 0.029095 -0.259566
v -0.023336 0.118099 -0.230865
v -0.023312 0.035988 -0.262849
v -0.023029 0.103559 -0.225723
v -0.022907 0.048050 -0.208089
v -0.022703 0.117908 -0.298890
v -0.022366 0.040012 -0.254068
v -0.022352 0.108507 -0.220605
v -0.022141 0.104004 -0.224427
v -0.021911 0.055511 -0.237125
v -0.021823 0.115742 -0.278365
v -0.021790 0.032261 -0.251953
v -0.021729 0.071989 -0.211301
v -0.021507 0.068481 -0.283626
v -0.021325 0.162338 -0.250396
v -0.021310 0.089293 -0.222570
v -0.021132 0.060696 -0.216653
v -0.021072 0.172600 -0.256964
v -0.021014 0.068474 -0.227073
v -0.020653 0.032532 -0.258488
v -0.020276 0.052292 -0.215654
v -0.020212 0.098540 -0.288053
v -0.020134 0.044884 -0.240827
v -0.020011 0.104712 -0.294534
v -0.019990 0.106071 -0.210267
v -0.019856 0.095120 -0.209363
v -0.019769 0.067322 -0.214704
v -0.019654 0.050728 -0.233905
v -0.019479 0.040154 -0.292310
v -0.019464 0.058830 -0.207120
v -0.019283 0.109932 -0.291021
v -0.019268 0.091349 -0.286697
v -0.018706 0.045521 -0.295957
v -0.018610 0.097600 -0.209337
v -0.018529 0.097986 -0.294267
v -0.018393 0.094352 -0.301702
v -0.018332 0.086925 -0.294935
v -0.018323 0.104902 -0.213960
v -0.018289 0.050846 -0.294652
v -0.018229 0.082709 -0.208791
v -0.018219 0.116692 -0.218126
v -0.018213 0.065672 -0.211011
v -0.017995 0.048698 -0.205980
v -0.017859 0.118328 -0.285579
v -0.017747 0.143948 -0.251214
v -0.017698 0.160294 -0.256443
v -0.017641 0.083353 -0.289228
v -0.017564 0.058683 -0.295167
v -0.017554 0.056316 -0.291032
v -0.017496 0.143192 -0.257099
v -0.017330 0.081527 -0.216230
v -0.016964 0.110842 -0.218774
v -0.016758 0.082047 -0.294763
v -0.016592 0.049335 -0.211904
v -0.016552 0.058245 -0.212625
v -0.016550 0.055222 -0.268592
v -0.016501 0.096769 -0.218889
v -0.016258 0.048084 -0.290673
v -0.016216 0.066298 -0.294469
v -0.016191 0.055077 -0.276422
v -0.016041 0.087423 -0.210309
v -0.015789 0.051308 -0.288972
v -0.015686 0.102287 -0.282001
v -0.015404 0.119701 -0.290006
v -0.015281 0.048088 -0.299531
v -0.015258 0.097994 -0.298440
v -0.015135 0.091631 -0.299207
v -0.015030 0.116320 -0.273511
v -0.014968 0.050640 -0.275247
v -0.014690 0.120567 -0.225721
v -0.014648 0.089166 -0.221650
v -0.014591 0.088989 -0.218801
v -0.014123 0.096907 -0.297261
v -0.014068 0.072002 -0.293382
v -0.013884 0.103289 -0.231345
v -0.013666 0.066517 -0.289617
v -0.013362 0.044079 -0.299478
v -0.013231 0.078099 -0.290761
v -0.013221 0.098411 -0.283174
v -0.013107 0.108437 -0.293863
v -0.013002 0.044693 -0.258084
v -0.012470 0.120686 -0.275632
v -0.012418 0.056034 -0.288602
v -0.012277 0.087036 -0.283983
v -0.012264 0.123589 -0.283715
v -0.012249 0.115974 -0.237483
v -0.012142 0.110229 -0.284360
v -0.012125 0.060436 -0.297891
v -0.011961 0.098190 -0.227441
v -0.011755 0.067137 -0.296247
v -0.011631 0.054585 -0.236705
v -0.011495 0.115347 -0.220437
v -0.011455 0.132996 -0.252786
v -0.011432 0.145123 -0.255215
v -0.011314 0.071442 -0.280679
v -0.011201 0.052738 -0.299344
v -0.010883 0.055367 -0.254891
v -0.010631 0.137554 -0.257568
v -0.010604 0.083975 -0.296163
v -0.010458 0.102374 -0.205205
v -0.010410 0.091601 -0.216535
v -0.010389 0.141758 -0.251477
v -0.010080 0.103928 -0.291787
v -0.009967 0.100619 -0.293416
v -0.009967 0.082508 -0.302755
v -0.009866 0.108702 -0.222707
v -0.009731 0.080595 -0.292295
v -0.009710 0.101716 -0.216508
v -0.009702 0.101631 -0.281230
v -0.009668 0.106707 -0.218282
v -0.009517 0.046871 -0.297742
v -0.009487 0.047005 -0.290384
v -0.009239 0.066099 -0.291394
v -0.009189 0.096133 -0.299020
v -0.009021 0.104065 -0.231771
v -0.008861 0.085526 -0.218244
v -0.008644 0.099562 -0.291936
v -0.008642 0.088577 -0.227058
v -0.008640 0.115772 -0.265602
v -0.008501 0.101823 -0.276956
v -0.008274 0.095639 -0.230266
v -0.008117 0.055687 -0.291353
v -0.007873 0.125866 -0.251198
v -0.007602 0.088611 -0.285789
v -0.007577 0.083824 -0.288388
v -0.007570 0.119835 -0.267605
v -0.007202 0.052139 -0.296602
v -0.007070 0.083951 -0.302713
v -0.006856 0.104067 -0.288675
v -0.006650 0.118101 -0.285457
v -0.006183 0.090702 -0.296972
v -0.006147 0.094563 -0.290204
v -0.006147 0.116070 -0.246054
v -0.006090 0.126057 -0.256896
v -0.006067 0.095052 -0.285403
v -0.005809 0.094222 -0.279113
v -0.005706 0.116138 -0.253464
v -0.005535 0.055275 -0.253820
v -0.005493 0.096992 -0.220639
v -0.005472 0.052921 -0.264624
v -0.005298 0.051472 -0.250832
v -0.005174 0.093292 -0.297014
v -0.005170 0.010330 -0.230327
v -0.005100 0.108368 -0.289552
v -0.005069 0.064260 -0.267313
v -0.004753 0.104521 -0.237592
v -0.004425 0.097020 -0.226480
v -0.004295 0.080180 -0.232677
v -0.004104 0.117840 -0.231263
v -0.004085 0.065031 -0.242637
v -0.004043 0.091514 -0.227823
v -0.004037 0.017365 -0.233258
v -0.004024 0.098240 -0.295747
v -0.003957 0.104147 -0.260444
v -0.003830 0.110126 -0.279845
v -0.003732 0.010422 -0.233014
v -0.003654 0.100559 -0.261195
v -0.003629 0.118763 -0.284398
v -0.003538 0.043930 -0.231805
v -0.003490 0.103759 -0.270276
v -0.003469 0.114399 -0.259806
v -0.003303 0.053585 -0.230968
v -0.003179 0.083171 -0.212178
v -0.003135 0.065157 -0.260340
v -0.003015 0.092612 -0.292863
v -0.002725 0.087911 -0.236379
v -0.002695 0.091560 -0.295236
v -0.002443 0.018761 -0.226146
v -0.002317 0.024178 -0.231965
v -0.002302 0.009613 -0.226104
v -0.001796 0.049862 -0.235015
v -0.001720 0.120655 -0.243260
v -0.001668 0.079472 -0.229182
v -0.001665 0.082513 -0.226308
v -0.001651 0.103761 -0.262326
v -0.001562 0.103425 -0.264501
v -0.001419 0.094847 -0.214700
v -0.001319 0.123970 -0.277816
v -0.001173 0.033512 -0.229646
v -0.001022 0.092226 -0.222276
v -0.000982 0.041161 -0.226608
v -0.000883 0.119724 -0.255037
v -0.000688 0.061411 -0.228612
v -0.000616 0.121937 -0.252553
v -0.000528 0.098524 -0.286174
v -0.000373 0.050636 -0.226588
v -0.000372 0.006508 -0.232902
v -0.000354 0.082720 -0.271940
v -0.000227 0.035332 -0.233466
v 0.000004 0.079651 -0.214772
v 0.000245 0.101316 -0.224054
v 0.000300 0.067694 -0.231408
v 0.000325 0.104408 -0.285167
v 0.000666 0.078111 -0.241568
v 0.000679 0.098710 -0.275010
v 0.000704 0.097088 -0.236650
v 0.000720 0.100414 -0.263449
v 0.000725 0.057882 -0.235383
v 0.000811 0.100637 -0.245460
v 0.000819 0.083388 -0.284856
v 0.001000 0.099792 -0.292985
v 0.001048 0.101141 -0.257930
v 0.001111 0.121372 -0.263169
v 0.001162 0.093900 -0.276357
v 0.001332 0.108076 -0.230945
v 0.001364 0.019714 -0.233745
v 0.001473 0.117996 -0.233806
v 0.001721 0.012527 -0.233735
v 0.001725 0.111725 -0.220914
v 0.001732 0.000000 -0.228862
v 0.001751 0.076420 -0.232427
v 0.001845 0.086698 -0.224180
v 0.001910 0.041553 -0.235639
v 0.001914 0.092748 -0.277927
v 0.002177 0.093137 -0.224557
v 0.002272 0.100820 -0.277627
v 0.002329 0.085257 -0.274024
v 0.002577 0.067362 -0.232867
v 0.002852 0.023392 -0.229223
v 0.002894 0.097104 -0.268969
v 0.002947 0.110804 -0.238273
v 0.003008 0.099948 -0.263986
v 0.003214 0.118095 -0.260776
v 0.003317 0.057447 -0.278047
v 0.003333 0.066729 -0.229415
v 0.003424 0.035091 -0.228973
v 0.003455 0.047939 -0.278550
v 0.003821 0.008881 -0.230352
v 0.004038 0.080813 -0.256987
v 0.004046 0.117151 -0.269885
v 0.004115 0.093830 -0.280870
v 0.004157 0.009407 -0.226062
v 0.004256 0.083190 -0.292764
v 0.004279 0.040218 -0.275428
v 0.004488 0.107315 -0.262494
v 0.004614 0.079303 -0.236226
v 0.004740 0.049770 -0.272305
v 0.004759 0.058491 -0.227950
v 0.004767 0.083125 -0.277967
v 0.004824 0.042591 -0.228566
v 0.004839 0.110258 -0.272407
v 0.004843 0.014832 -0.230066
v 0.004965 0.111479 -0.265728
v 0.005064 0.122673 -0.247482
v 0.005209 0.052162 -0.227473
v 0.005461 0.092510 -0.238815
v 0.005484 0.067102 -0.273101
v 0.005549 0.085340 -0.269964
v 0.005598 0.101086 -0.237001
v 0.005797 0.051479 -0.233413
v 0.006018 0.080157 -0.226480
v 0.006041 0.119095 -0.255017
v 0.006052 0.097105 -0.247911
v 0.006106 0.058762 -0.234262
v 0.006125 0.089013 -0.253068
v 0.006361 0.068153 -0.278518
v 0.006453 0.056473 -0.271817
v 0.006464 0.118153 -0.242500
v 0.006735 0.086973 -0.237111
v 0.006812 0.095815 -0.234876
v 0.007204 0.079323 -0.232116
v 0.007288 0.107365 -0.251362
v 0.007315 0.096820 -0.229503
v 0.007483 0.088930 -0.221311
v 0.007494 0.060843 -0.280576
v 0.007647 0.106918 -0.278939
v 0.007971 0.078342 -0.273753
v 0.008002 0.116177 -0.280954
v 0.008055 0.112820 -0.252829
v 0.008078 0.094162 -0.279002
v 0.008223 0.090331 -0.268059
v 0.008234 0.095202 -0.246864
v 0.008582 0.105600 -0.275485
v 0.008589 0.097944 -0.240087
v 0.009104 0.051476 -0.280940
v 0.009264 0.071449 -0.276050
v 0.009291 0.083837 -0.278825
v 0.009322 0.102799 -0.264892
v 0.009684 0.097063 -0.260433
v 0.009692 0.066141 -0.272527
v 0.009894 0.087468 -0.231622
v 0.009913 0.097016 -0.225637
v 0.009951 0.086207 -0.283584
v 0.010336 0.042717 -0.279102
v 0.010355 0.099902 -0.285016
v 0.010539 0.045395 -0.275010
v 0.011084 0.104864 -0.244838
v 0.011122 0.083224 -0.272962
v 0.011507 0.090567 -0.235843
v 0.011752 0.054611 -0.272821
v 0.012248 0.062204 -0.275529
v 0.012412 0.096263 -0.272234
v 0.012663 0.114630 -0.259324
v 0.012778 0.094726 -0.270614
v 0.013010 0.052959 -0.278665
v 0.013300 0.095913 -0.252018
v 0.013743 0.103062 -0.252093
v 0.013930 0.089700 -0.275371
v 0.014460 0.118423 -0.250713
v 0.014677 0.085591 -0.229236
v 0.014811 0.090430 -0.260380
v 0.014903 0.103226 -0.235214
v 0.016516 0.089284 -0.248083
v 0.018156 0.082354 -0.237663
v 0.018698 0.102350 -0.273130
v 0.019091 0.100406 -0.269081
v 0.020049 0.082187 -0.268322
v 0.020091 0.084259 -0.248377
v 0.020098 0.089140 -0.260798
v -0.029734 0.098677 -0.212598
v -0.029951 0.127502 -0.277602
v -0.030029 0.118896 -0.288747
v -0.030277 0.171906 -0.258418
v -0.030320 0.094783 -0.298806
v -0.030384 0.092609 -0.293672
v -0.030413 0.126541 -0.275602
v -0.030478 0.105267 -0.206521
v -0.030566 0.059523 -0.278405
v -0.030731 0.172493 -0.252471
v -0.030778 0.172958 -0.246604
v -0.030838 0.097169 -0.218480
v -0.030897 0.152756 -0.266682
v -0.030906 0.055012 -0.230415
v -0.030910 0.053871 -0.280437
v -0.030919 0.142738 -0.273275
v -0.031114 0.141155 -0.266210
v -0.031549 0.189980 -0.253652
v -0.031584 0.050808 -0.230125
v -0.031645 0.143360 -0.236734
v -0.031694 0.122971 -0.220044
v -0.031760 0.136368 -0.271397
v -0.031796 0.110455 -0.289773
v -0.031849 0.123848 -0.234794
v -0.031939 0.122227 -0.282050
v -0.031960 0.115767 -0.279115
v -0.032053 0.100019 -0.291055
v -0.032288 0.103893 -0.208642
v -0.032402 0.106829 -0.289914
v -0.032597 0.190392 -0.256858
v -0.032779 0.174095 -0.256700
v -0.032836 0.142212 -0.240972
v -0.032907 0.161919 -0.263672
v -0.033050 0.159164 -0.245362
v -0.033419 0.122173 -0.228297
v -0.034242 0.093150 -0.292035
v -0.034254 0.074396 -0.286321
v -0.034393 0.117092 -0.210599
v -0.034550 0.115574 -0.229724
v -0.034693 0.110704 -0.216829
v -0.034750 0.041710 -0.247711
v -0.034821 0.041553 -0.261370
v -0.034850 0.178329 -0.254262
v -0.034862 0.100252 -0.285602
v -0.034885 0.155632 -0.254431
v -0.035035 0.029465 -0.261512
v -0.035226 0.123253 -0.286807
v -0.035288 0.040810 -0.255094
v -0.035336 0.116455 -0.295499
v -0.035446 0.094378 -0.298429
v -0.035697 0.031342 -0.248795
v -0.036110 0.104052 -0.298875
v -0.036314 0.096571 -0.213811
v -0.036356 0.115854 -0.263108
v -0.036447 0.098207 -0.224637
v -0.036529 0.098815 -0.297212
v -0.036752 0.034523 -0.259440
v -0.037221 0.104246 -0.227479
v -0.038225 0.069908 -0.226400
v -0.038289 0.163406 -0.250821
v -0.038868 0.115778 -0.276662
v -0.038931 0.119652 -0.278875
v -0.039290 0.080313 -0.212060
v -0.039609 0.112020 -0.290799
v -0.039796 0.044460 -0.242425
v -0.040254 0.143040 -0.252691
v -0.040351 0.100469 -0.296113
v -0.040655 0.157784 -0.256100
v -0.040822 0.114315 -0.221002
v -0.041241 0.120270 -0.287572
v -0.041441 0.107323 -0.219171
v -0.041593 0.095404 -0.218202
v -0.041763 0.060490 -0.234826
v -0.041869 0.087030 -0.285543
v -0.041968 0.099721 -0.216298
v -0.042161 0.104408 -0.290948
v -0.042357 0.050621 -0.273780
v -0.042463 0.120674 -0.226016
v -0.042525 0.108868 -0.287860
v -0.042549 0.055851 -0.269725
v -0.042890 0.097729 -0.206880
v -0.043201 0.069275 -0.281139
v -0.043259 0.087573 -0.224679
v -0.043291 0.086482 -0.288789
v -0.043354 0.094028 -0.291318
v -0.043869 0.119579 -0.290338
v -0.043911 0.100863 -0.295831
v -0.043954 0.098744 -0.283628
v -0.044101 0.081322 -0.287011
v -0.044678 0.081477 -0.220079
v -0.044772 0.116476 -0.273029
v -0.044787 0.142242 -0.258390
v -0.044840 0.044842 -0.260190
v -0.044940 0.099712 -0.227288
v -0.045425 0.050751 -0.239362
v -0.045456 0.048927 -0.289651
v -0.045890 0.124752 -0.278960
v -0.045938 0.115902 -0.237678
v -0.046062 0.061453 -0.217057
v -0.046131 0.055294 -0.287786
v -0.046165 0.045605 -0.293439
v -0.046197 0.059694 -0.290727
v -0.046320 0.055000 -0.247898
v -0.046421 0.082079 -0.293206
v -0.046575 0.053188 -0.293142
v -0.046722 0.089793 -0.301111
v -0.046829 0.085136 -0.209119
v -0.046905 0.098726 -0.291692
v -0.047016 0.086900 -0.226579
v -0.047039 0.052135 -0.216233
v -0.047115 0.055008 -0.238014
v -0.047132 0.053135 -0.273546
v -0.047134 0.066685 -0.287452
v -0.047166 0.045750 -0.218812
v -0.047449 0.130554 -0.252499
v -0.047714 0.083436 -0.214803
v -0.047733 0.057949 -0.284854
v -0.047866 0.045406 -0.286779
v -0.047872 0.044811 -0.290460
v -0.047916 0.027351 -0.289033
v -0.047960 0.111467 -0.284105
v -0.047992 0.057571 -0.223672
v -0.048004 0.120945 -0.274572
v -0.048046 0.016693 -0.288976
v -0.048193 0.114189 -0.285537
v -0.048231 0.094166 -0.295751
v -0.048366 0.050297 -0.284843
v -0.048439 0.109089 -0.216855
v -0.048576 0.049110 -0.224225
v -0.048690 0.109789 -0.227746
v -0.048816 0.141056 -0.253899
v -0.048816 0.085201 -0.282182
v -0.048885 0.038677 -0.290746
v -0.048963 0.063833 -0.293210
v -0.049099 0.070148 -0.232417
v -0.049165 0.091675 -0.212980
v -0.049463 0.076744 -0.290368
v -0.049530 0.020561 -0.285417
v -0.049835 0.079853 -0.287196
v -0.049966 0.101522 -0.218721
v -0.050005 0.087483 -0.295514
v -0.050090 0.105732 -0.228561
v -0.050272 0.090500 -0.226928
v -0.050334 0.099863 -0.211396
v -0.050394 0.080526 -0.217088
v -0.050405 0.058401 -0.294351
v -0.050409 0.118963 -0.257245
v -0.050514 0.082938 -0.226119
v -0.050540 0.067490 -0.222776
v -0.050560 0.049240 -0.294477
v -0.050605 0.122757 -0.292169
v -0.050790 0.038754 -0.287067
v -0.050836 0.019463 -0.294004
v -0.050930 0.069279 -0.216726
v -0.051132 0.071224 -0.288068
v -0.051181 0.117512 -0.292619
v -0.051269 0.068584 -0.292329
v -0.051311 0.027191 -0.293786
v -0.051359 0.045414 -0.293924
v -0.051374 0.116379 -0.246002
v -0.051656 0.108934 -0.282029
v -0.051822 0.038719 -0.218930
v -0.051847 0.055275 -0.260759
v -0.051879 0.026802 -0.285196
v -0.052007 0.118761 -0.280359
v -0.052137 0.099786 -0.287666
v -0.052200 0.123024 -0.227153
v -0.052545 0.062906 -0.286201
v -0.052627 0.114609 -0.268325
v -0.052766 0.080745 -0.220083
v -0.052867 0.120491 -0.231090
v -0.052904 0.063044 -0.215925
v -0.053058 0.101790 -0.235452
v -0.053073 0.054253 -0.215738
v -0.053089 0.095403 -0.276677
v -0.053152 0.097021 -0.223962
v -0.053192 0.046627 -0.215322
v -0.053207 0.051292 -0.253631
v -0.053407 0.082067 -0.291494
v -0.053413 0.038651 -0.290403
v -0.053426 0.032860 -0.291009
v -0.053558 0.044312 -0.219377
v -0.053646 0.066397 -0.289163
v -0.053657 0.031696 -0.287334
v -0.053684 0.057901 -0.224103
v -0.053789 0.104626 -0.222711
v -0.053985 0.084209 -0.286292
v -0.054048 0.072334 -0.273542
v -0.054159 0.104891 -0.284290
v -0.054218 0.098140 -0.283599
v -0.054239 0.059114 -0.292669
v -0.054281 0.089463 -0.233161
v -0.054395 0.089477 -0.283857
v -0.054422 0.066666 -0.242081
v -0.054445 0.049206 -0.222753
v -0.054590 0.083635 -0.209485
v -0.054874 0.108923 -0.231668
v -0.055019 0.042538 -0.287967
v -0.055074 0.086791 -0.291158
v -0.055162 0.114807 -0.258196
v -0.055164 0.020874 -0.284950
v -0.055172 0.050770 -0.292455
v -0.055185 0.057396 -0.220155
v -0.055212 0.057877 -0.287620
v -0.055257 0.052673 -0.287257
v -0.055320 0.120930 -0.266630
v -0.055536 0.020706 -0.293180
v -0.055679 0.122150 -0.278098
v -0.055717 0.119610 -0.253410
v -0.055753 0.064081 -0.258154
v -0.055803 0.087484 -0.223981
v -0.055822 0.047871 -0.287360
v -0.055873 0.120872 -0.242694
v -0.056142 0.011566 -0.289426
v -0.056350 0.094427 -0.288968
v -0.056587 0.026066 -0.291879
v -0.056591 0.103876 -0.243065
v -0.056625 0.100992 -0.294656
v -0.056682 0.104671 -0.267875
v -0.056831 0.101927 -0.217111
v -0.056854 0.022644 -0.288060
v -0.056905 0.103933 -0.263879
v -0.057014 0.044014 -0.293618
v -0.057016 0.111439 -0.278566
v -0.057409 0.123363 -0.253116
v -0.057439 0.120075 -0.271040
v -0.057907 0.115099 -0.286044
v -0.057912 0.092604 -0.220475
v -0.058124 0.089406 -0.294362
v -0.058206 0.093496 -0.290990
v -0.058261 0.107960 -0.236768
v -0.058778 0.087484 -0.276338
v -0.059158 0.105064 -0.260309
v -0.059370 0.080690 -0.241927
v -0.060110 0.088029 -0.266476
v -0.060117 0.098291 -0.243010
v -0.060688 0.107031 -0.251848
v -0.060846 0.098547 -0.230296
v -0.060949 0.095508 -0.234349
v -0.061109 0.116749 -0.274162
v -0.061147 0.095881 -0.252384
v -0.061163 0.096054 -0.273540
v -0.061395 0.097828 -0.284501
v -0.061590 0.076349 -0.258551
v -0.061594 0.101681 -0.228751
v -0.061639 0.092518 -0.229394
v -0.061674 0.118330 -0.238527
v -0.062028 0.118626 -0.244610
v -0.062051 0.100524 -0.278800
v -0.062162 0.106874 -0.275192
v -0.062208 0.123699 -0.243718
v -0.062360 0.110651 -0.265565
v -0.063180 0.114067 -0.283590
v -0.063303 0.110353 -0.248028
v -0.063467 0.113445 -0.226823
v -0.063615 0.109859 -0.271873
v -0.063768 0.079771 -0.288793
v -0.063947 0.086305 -0.250701
v -0.063970 0.097047 -0.251847
v -0.064409 0.104942 -0.229367
v -0.064737 0.089754 -0.294706
v -0.064760 0.122715 -0.259458
v -0.064825 0.093422 -0.283527
v -0.065202 0.118578 -0.251551
v -0.065218 0.079517 -0.231635
v -0.065309 0.120312 -0.263592
v -0.065317 0.101977 -0.285707
v -0.065332 0.096679 -0.257054
v -0.065370 0.097642 -0.265995
v -0.065382 0.090902 -0.237941
v -0.065416 0.107546 -0.261935
v -0.065473 0.118664 -0.232360
v -0.066072 0.085451 -0.258732
v -0.066217 0.118202 -0.272540
v -0.066274 0.094303 -0.218621
v -0.066309 0.051380 -0.253159
v -0.066351 0.090905 -0.278054
v -0.066404 0.111076 -0.255069
v -0.066835 0.089024 -0.279260
v -0.066843 0.086677 -0.222730
v -0.067140 0.103509 -0.233768
v -0.067403 0.096745 -0.241730
v -0.067545 0.057232 -0.253469
v -0.067579 0.044106 -0.247412
v -0.067842 0.045486 -0.252723
v -0.068121 0.038364 -0.259331
v -0.068136 0.095150 -0.290258
v -0.068178 0.117102 -0.252504
v -0.068208 0.078775 -0.253199
v -0.068426 0.099339 -0.271864
v -0.068574 0.048069 -0.257820
v -0.068800 0.102421 -0.266779
v -0.069353 0.104399 -0.247520
v -0.069414 0.098209 -0.255013
v -0.069700 0.083946 -0.246623
v -0.069891 0.120281 -0.252745
v -0.070100 0.115377 -0.241508
v -0.070207 0.103001 -0.255873
v -0.070322 0.099687 -0.250647
v -0.070337 0.063162 -0.257194
v -0.070417 0.097882 -0.254834
v -0.070478 0.069035 -0.253898
v -0.070650 0.104385 -0.251687
v -0.070917 0.051846 -0.259881
v -0.071016 0.060575 -0.248847
v -0.071149 0.106543 -0.262495
v -0.071416 0.105188 -0.247723
v -0.071531 0.054146 -0.248446
v -0.072156 0.076677 -0.274991
v -0.072168 0.047375 -0.247790
v -0.072797 0.092021 -0.265439
v -0.072881 0.096409 -0.255418
v -0.072904 0.103498 -0.234933
v -0.073133 0.090311 -0.260605
v -0.073164 0.079666 -0.256954
v -0.073389 0.095682 -0.256351
v -0.073720 0.082653 -0.247897
v -0.073938 0.067497 -0.250581
v -0.074136 0.114201 -0.260725
v -0.074628 0.042728 -0.257061
v -0.074758 0.068342 -0.254052
v -0.074941 0.044506 -0.258924
v -0.075426 0.090628 -0.241929
v -0.075792 0.044804 -0.249908
v -0.075986 0.101712 -0.271682
v -0.076013 0.059145 -0.256801
v -0.076208 0.100741 -0.251993
v -0.076582 0.093739 -0.252532
v -0.076585 0.049721 -0.249354
v -0.076597 0.082383 -0.253038
v -0.076948 0.031235 -0.253765
v -0.076974 0.090334 -0.250772
v -0.077100 0.050362 -0.258307
v -0.077138 0.059767 -0.251788
v -0.077737 0.098075 -0.243860
v -0.078245 0.054287 -0.253911
v -0.078924 0.081670 -0.260155
v -0.078950 0.044174 -0.253687
v -0.079687 0.038582 -0.252474
v -0.079763 0.092107 -0.263156
vt 0.238030 0.040689
vt 0.239103 0.037581
vt 0.242776 0.036281
vt 0.239894 0.033908
vt 0.241759 0.031987
vt 0.237691 0.036394
vt 0.235487 0.035999
vt 0.237464 0.031987
vt 0.239838 0.029953
vt 0.242324 0.028879
vt 0.241646 0.024585
vt 0.232435 0.038654
vt 0.238256 0.028257
vt 0.240177 0.022211
vt 0.237577 0.025884
vt 0.233396 0.035886
vt 0.233622 0.027918
vt 0.233227 0.025206
vt 0.229441 0.028257
vt 0.235204 0.029557
vt 0.230853 0.030631
vt 0.235261 0.033060
vt 0.232379 0.033286
vt 0.230514 0.033964
vt 0.228763 0.034247
vt 0.230006 0.035942
vt 0.228141 0.040689
vt 0.103078 0.047018
vt 0.101722 0.050183
vt 0.099405 0.044702
vt 0.099405 0.049844
vt 0.485780 0.285217
vt 0.487870 0.281488
vt 0.489905 0.283861
vt 0.489057 0.289286
vt 0.488435 0.277928
vt 0.490865 0.276233
vt 0.493690 0.278098
vt 0.498324 0.276290
vt 0.498719 0.280019
vt 0.491430 0.280867
vt 0.495329 0.281658
vt 0.499115 0.284596
vt 0.494934 0.284539
vt 0.490696 0.287308
vt 0.492617 0.287195
vt 0.495668 0.289568
vt 0.491826 0.292959
vt 0.499115 0.290416
vt 0.061033 0.062389
vt 0.058038 0.060864
vt 0.061033 0.059395
vt 0.058208 0.058660
vt 0.059112 0.056004
vt 0.582358 0.274876
vt 0.579815 0.277588
vt 0.576368 0.275271
vt 0.578628 0.280413
vt 0.572752 0.282108
vt 0.574673 0.276514
vt 0.572752 0.271485
vt 0.573995 0.268886
vt 0.577611 0.270299
vt 0.582188 0.270355
vt 0.584279 0.272163
vt 0.585918 0.274424
vt 0.164620 0.395585
vt 0.165467 0.400106
vt 0.161851 0.397789
vt 0.164168 0.393438
vt 0.158574 0.394568
vt 0.165467 0.390726
vt 0.505162 0.552859
vt 0.505896 0.561504
vt 0.501602 0.558171
vt 0.499850 0.553989
vt 0.497421 0.558001
vt 0.495160 0.554554
vt 0.494708 0.553028
vt 0.496969 0.549469
vt 0.500754 0.551616
vt 0.505896 0.549130
vt 0.123369 0.493239
vt 0.123256 0.488888
vt 0.125742 0.487814
vt 0.124273 0.494312
vt 0.123256 0.499115
vt 0.127946 0.501489
vt 0.133822 0.493239
vt 0.136026 0.503184
vt 0.140659 0.494312
vt 0.131110 0.483124
vt 0.125177 0.483802
vt 0.124047 0.478830
vt 0.123482 0.474705
vt 0.134557 0.474309
vt 0.139021 0.486402
vt 0.147836 0.491883
vt 0.144332 0.483181
vt 0.139134 0.480751
vt 0.141620 0.476005
vt 0.150831 0.450289
vt 0.153261 0.451532
vt 0.146932 0.451476
vt 0.148797 0.446786
vt 0.153091 0.446899
vt 0.141564 0.443509
vt 0.143485 0.451532
vt 0.144954 0.455431
vt 0.141847 0.455770
vt 0.141564 0.457070
vt 0.109974 0.636893
vt 0.110482 0.633107
vt 0.113759 0.641131
vt 0.117884 0.632711
vt 0.109465 0.646951
vt 0.119354 0.646951
vt 0.360491 0.507592
vt 0.359643 0.510078
vt 0.354558 0.508214
vt 0.357779 0.503580
vt 0.360773 0.499342
vt 0.356874 0.499173
vt 0.355688 0.495161
vt 0.352467 0.505897
vt 0.351563 0.507705
vt 0.353597 0.510926
vt 0.349416 0.511322
vt 0.351337 0.497760
vt 0.349416 0.496404
vt 0.616434 0.512453
vt 0.617112 0.522172
vt 0.605529 0.514826
vt 0.597053 0.512566
vt 0.593662 0.518330
vt 0.601347 0.504599
vt 0.614400 0.507706
vt 0.611405 0.501491
vt 0.609880 0.499965
vt 0.603946 0.496744
vt 0.593662 0.493523
vt 0.006781 0.004013
vt 0.006781 0.010285
vt 0.003730 0.010850
vt 0.002431 0.007290
vt 0.089515 0.055891
vt 0.086803 0.059677
vt 0.086068 0.055891
vt 0.542516 0.189881
vt 0.535849 0.189768
vt 0.535679 0.185982
vt 0.534718 0.189598
vt 0.540765 0.184795
vt 0.536244 0.183270
vt 0.542516 0.179088
vt 0.532854 0.185134
vt 0.535623 0.177449
vt 0.531893 0.181631
vt 0.533701 0.174285
vt 0.536470 0.173946
vt 0.785972 0.494821
vt 0.784559 0.490188
vt 0.788288 0.497477
vt 0.788288 0.491262
vt 0.793995 0.487250
vt 0.796143 0.492335
vt 0.796143 0.484594
vt 0.795408 0.499963
vt 0.787441 0.500076
vt 0.785463 0.499003
vt 0.792187 0.507253
vt 0.293771 0.417252
vt 0.292350 0.416630
vt 0.297028 0.413563
vt 0.297028 0.421806
vt 0.127491 0.232378
vt 0.123592 0.232209
vt 0.125909 0.229949
vt 0.121219 0.228592
vt 0.120485 0.237351
vt 0.117546 0.232604
vt 0.127039 0.226728
vt 0.123027 0.223168
vt 0.117942 0.224807
vt 0.125005 0.221642
vt 0.125062 0.218195
vt 0.127491 0.217969
vt 0.966924 0.741891
vt 0.961160 0.740478
vt 0.963251 0.737258
vt 0.972405 0.733980
vt 0.961612 0.733246
vt 0.968506 0.729347
vt 0.958561 0.735110
vt 0.962912 0.728443
vt 0.957939 0.737484
vt 0.958335 0.741043
vt 0.954266 0.737653
vt 0.955622 0.734884
vt 0.960651 0.724939
vt 0.967602 0.726295
vt 0.977886 0.731211
vt 0.961951 0.721944
vt 0.960030 0.720080
vt 0.964211 0.719684
vt 0.959917 0.709570
vt 0.963816 0.711152
vt 0.958052 0.714034
vt 0.957035 0.710474
vt 0.964776 0.704767
vt 0.956413 0.705614
vt 0.959691 0.704428
vt 0.954266 0.703015
vt 0.959860 0.701207
vt 0.961386 0.699455
vt 0.955622 0.698721
vt 0.956357 0.700585
vt 0.330031 0.370213
vt 0.333648 0.378802
vt 0.327771 0.374508
vt 0.327319 0.380949
vt 0.332065 0.390612
vt 0.319917 0.373660
vt 0.324663 0.363828
vt 0.333648 0.360890
vt 0.073127 0.527597
vt 0.069455 0.526354
vt 0.073975 0.525732
vt 0.070020 0.522964
vt 0.073805 0.521946
vt 0.069568 0.520477
vt 0.077535 0.523020
vt 0.080021 0.527428
vt 0.077987 0.518104
vt 0.073240 0.518669
vt 0.074766 0.514996
vt 0.070867 0.514996
vt 0.071432 0.516917
vt 0.351279 0.357666
vt 0.345064 0.367555
vt 0.343368 0.357666
vt 0.960877 0.618245
vt 0.953813 0.611069
vt 0.958503 0.612086
vt 0.964719 0.618245
vt 0.957769 0.622539
vt 0.963476 0.612255
vt 0.963250 0.601067
vt 0.967544 0.605248
vt 0.969748 0.596547
vt 0.968166 0.627568
vt 0.969748 0.623613
vt 0.960990 0.628020
vt 0.958051 0.631693
vt 0.967657 0.630224
vt 0.967883 0.638813
vt 0.142411 0.520816
vt 0.138116 0.514091
vt 0.142411 0.507311
vt 0.136308 0.510362
vt 0.056964 0.030374
vt 0.055577 0.042045
vt 0.048827 0.030374
vt 0.530367 0.619825
vt 0.533306 0.612197
vt 0.541160 0.617000
vt 0.536696 0.607111
vt 0.541160 0.605020
vt 0.552406 0.131958
vt 0.551898 0.142977
vt 0.542574 0.139474
vt 0.539806 0.137213
vt 0.535342 0.155973
vt 0.549751 0.152244
vt 0.556079 0.155973
vt 0.227914 0.558792
vt 0.227914 0.546643
vt 0.233282 0.554045
vt 0.232773 0.544270
vt 0.486852 0.762577
vt 0.490977 0.771505
vt 0.477924 0.770092
vt 0.481202 0.774613
vt 0.477924 0.785292
vt 0.484762 0.778681
vt 0.487135 0.784049
vt 0.515390 0.670857
vt 0.514656 0.683571
vt 0.511831 0.676677
vt 0.504654 0.675490
vt 0.508214 0.667692
vt 0.504654 0.666845
vt 0.509005 0.660403
vt 0.509344 0.651419
vt 0.107378 0.046114
vt 0.107260 0.040691
vt 0.109860 0.040691
vt 0.337040 0.863844
vt 0.338340 0.855368
vt 0.343821 0.863957
vt 0.342408 0.852656
vt 0.347098 0.860623
vt 0.352014 0.857742
vt 0.356704 0.863957
vt 0.346985 0.848305
vt 0.341504 0.846497
vt 0.344895 0.840846
vt 0.351732 0.847005
vt 0.355122 0.853786
vt 0.348230 0.331783
vt 0.346874 0.330540
vt 0.354615 0.327941
vt 0.345122 0.328223
vt 0.358797 0.322460
vt 0.355180 0.333930
vt 0.347778 0.337716
vt 0.361679 0.335061
vt 0.366369 0.330597
vt 0.371624 0.335117
vt 0.369646 0.329071
vt 0.363374 0.323477
vt 0.366143 0.316357
vt 0.363713 0.313080
vt 0.371624 0.303304
vt 0.597899 0.683348
vt 0.597955 0.689055
vt 0.594283 0.688207
vt 0.593774 0.694480
vt 0.599142 0.695384
vt 0.595808 0.699791
vt 0.604906 0.707476
vt 0.596656 0.704933
vt 0.593774 0.714765
vt 0.982577 0.656559
vt 0.975401 0.657180
vt 0.980712 0.649834
vt 0.990092 0.664582
vt 0.975683 0.649891
vt 0.967546 0.656728
vt 0.963873 0.649043
vt 0.972745 0.642997
vt 0.977830 0.642206
vt 0.990092 0.627797
vt 0.975005 0.637064
vt 0.592699 0.003957
vt 0.591286 0.009551
vt 0.586709 0.002884
vt 0.585918 0.010229
vt 0.592699 0.017632
vt 0.283578 0.965738
vt 0.288890 0.971954
vt 0.265722 0.961274
vt 0.288325 0.987380
vt 0.266683 0.987380
vt 0.338395 0.501943
vt 0.341729 0.497027
vt 0.344498 0.502565
vt 0.338904 0.514205
vt 0.344498 0.515674
vt 0.337943 0.523585
vt 0.344441 0.526071
vt 0.333423 0.515957
vt 0.331501 0.501830
vt 0.332349 0.526241
vt 0.328168 0.514205
vt 0.328337 0.524094
vt 0.950327 0.374336
vt 0.948753 0.368836
vt 0.952866 0.369845
vt 0.956185 0.356718
vt 0.950824 0.356089
vt 0.954973 0.344497
vt 0.944902 0.359919
vt 0.942002 0.371017
vt 0.938993 0.367422
vt 0.941402 0.354792
vt 0.948963 0.346178
vt 0.950159 0.335738
vt 0.943483 0.341197
vt 0.938993 0.343405
vt 0.947318 0.327511
vt 0.009212 0.689225
vt 0.011190 0.698153
vt 0.004748 0.693181
vt 0.002940 0.709398
vt 0.009721 0.708833
vt 0.014919 0.708833
vt 0.006556 0.713014
vt 0.002940 0.721547
vt 0.709793 0.387564
vt 0.716630 0.405928
vt 0.710189 0.402933
vt 0.706233 0.401012
vt 0.705499 0.408697
vt 0.709454 0.409149
vt 0.717478 0.419094
vt 0.691372 0.419094
vt 0.691768 0.415251
vt 0.461818 0.324606
vt 0.457354 0.326866
vt 0.457354 0.313418
vt 0.462213 0.314830
vt 0.465265 0.314096
vt 0.467920 0.318729
vt 0.319520 0.605133
vt 0.316920 0.601177
vt 0.321441 0.599934
vt 0.318051 0.606376
vt 0.321441 0.613043
vt 0.315395 0.608579
vt 0.313700 0.607901
vt 0.334214 0.573315
vt 0.334214 0.558963
vt 0.338565 0.571903
vt 0.340090 0.566365
vt 0.343142 0.573711
vt 0.454584 0.463512
vt 0.452889 0.453115
vt 0.457918 0.452833
vt 0.449103 0.462721
vt 0.447973 0.450460
vt 0.459783 0.463851
vt 0.459783 0.452550
vt 0.339638 0.617170
vt 0.343142 0.626606
vt 0.335344 0.617339
vt 0.339073 0.606151
vt 0.343142 0.602591
vt 0.333931 0.605021
vt 0.329467 0.617113
vt 0.327376 0.603721
vt 0.324269 0.617961
vt 0.203444 0.546585
vt 0.193103 0.545512
vt 0.197850 0.531046
vt 0.190560 0.530424
vt 0.203444 0.521892
vt 0.438760 0.455262
vt 0.437630 0.458483
vt 0.433505 0.456618
vt 0.442151 0.459783
vt 0.437235 0.449838
vt 0.442151 0.449894
vt 0.437574 0.446221
vt 0.433618 0.446730
vt 0.435766 0.248372
vt 0.439213 0.244021
vt 0.439778 0.249954
vt 0.440964 0.246338
vt 0.441869 0.246790
vt 0.444863 0.251367
vt 0.437857 0.250915
vt 0.444468 0.254135
vt 0.439043 0.257243
vt 0.435766 0.257017
vt 0.440230 0.257695
vt 0.526637 0.412823
vt 0.529067 0.413388
vt 0.526129 0.418586
vt 0.523360 0.416891
vt 0.529349 0.421242
vt 0.533022 0.411297
vt 0.533022 0.420225
vt 0.531158 0.423389
vt 0.529462 0.427232
vt 0.122349 0.570774
vt 0.126135 0.576764
vt 0.122349 0.585918
vt 0.242720 0.387899
vt 0.239781 0.386374
vt 0.242776 0.383209
vt 0.238934 0.382362
vt 0.242776 0.377898
vt 0.074596 0.048318
vt 0.074596 0.054252
vt 0.072223 0.051200
vt 0.067626 0.248732
vt 0.072247 0.243850
vt 0.073114 0.247897
vt 0.077309 0.242103
vt 0.077309 0.253626
vt 0.578232 0.649268
vt 0.574447 0.653732
vt 0.573599 0.650003
vt 0.568005 0.651189
vt 0.563541 0.651415
vt 0.570152 0.648082
vt 0.569248 0.646047
vt 0.565293 0.648308
vt 0.576763 0.644013
vt 0.581284 0.647912
vt 0.582640 0.644296
vt 0.582414 0.637515
vt 0.579532 0.639549
vt 0.573938 0.640510
vt 0.576707 0.641753
vt 0.566705 0.640058
vt 0.576029 0.635650
vt 0.583205 0.632599
vt 0.572638 0.637684
vt 0.566536 0.637119
vt 0.563541 0.637063
vt 0.384566 0.500586
vt 0.390104 0.493636
vt 0.390951 0.501095
vt 0.381345 0.505559
vt 0.390499 0.508327
vt 0.396037 0.509175
vt 0.395698 0.518103
vt 0.392138 0.516803
vt 0.385018 0.516916
vt 0.383549 0.513074
vt 0.376034 0.510870
vt 0.383210 0.515843
vt 0.377390 0.518103
vt 0.195363 0.508723
vt 0.202087 0.505672
vt 0.201974 0.516182
vt 0.198414 0.515108
vt 0.195363 0.518103
vt 0.399597 0.006217
vt 0.401462 0.009494
vt 0.395529 0.006104
vt 0.396885 0.004408
vt 0.401462 0.001809
vt 0.198132 0.270016
vt 0.200731 0.276683
vt 0.192707 0.272502
vt 0.192820 0.265382
vt 0.200731 0.259619
vt 0.462326 0.024641
vt 0.462495 0.041197
vt 0.458201 0.033174
vt 0.453567 0.042045
vt 0.454980 0.024641
vt 0.367330 0.956187
vt 0.358911 0.962572
vt 0.361284 0.941552
vt 0.351678 0.947598
vt 0.344558 0.972461
vt 0.344558 0.930364
vt 0.368573 0.946976
vt 0.359702 0.936353
vt 0.365579 0.937935
vt 0.358515 0.931946
vt 0.351170 0.928725
vt 0.372303 0.950875
vt 0.374393 0.948559
vt 0.377388 0.956526
vt 0.381118 0.950932
vt 0.371003 0.316412
vt 0.378405 0.316978
vt 0.376936 0.321215
vt 0.369421 0.322967
vt 0.374280 0.326866
vt 0.378405 0.326697
vt 0.184456 0.230569
vt 0.179114 0.226066
vt 0.183581 0.225162
vt 0.181164 0.217518
vt 0.173460 0.217531
vt 0.184456 0.210926
vt 0.010795 0.627963
vt 0.007461 0.624346
vt 0.017632 0.623951
vt 0.011812 0.617057
vt 0.007065 0.617057
vt 0.002149 0.625476
vt 0.012094 0.612423
vt 0.002149 0.606716
vt 0.003166 0.616887
vt 0.276683 0.025883
vt 0.268546 0.027126
vt 0.270129 0.023170
vt 0.275045 0.016446
vt 0.268546 0.016107
vt 0.447576 0.582868
vt 0.445598 0.590665
vt 0.437292 0.583320
vt 0.436501 0.588462
vt 0.432545 0.583941
vt 0.441021 0.595468
vt 0.432545 0.595525
vt 0.436105 0.598124
vt 0.049731 0.522116
vt 0.048883 0.517822
vt 0.051539 0.514601
vt 0.042894 0.519856
vt 0.042837 0.530140
vt 0.051539 0.530310
vt 0.390669 0.074596
vt 0.385245 0.069058
vt 0.388239 0.068098
vt 0.398749 0.072731
vt 0.380781 0.063577
vt 0.390387 0.063069
vt 0.394794 0.062673
vt 0.396433 0.054084
vt 0.386036 0.059961
vt 0.398749 0.045213
vt 0.389596 0.053915
vt 0.386544 0.051542
vt 0.383436 0.053632
vt 0.381459 0.053971
vt 0.377616 0.059000
vt 0.374508 0.053689
vt 0.373209 0.062165
vt 0.370327 0.066685
vt 0.324094 0.447894
vt 0.329579 0.454189
vt 0.324667 0.452345
vt 0.317121 0.459616
vt 0.317273 0.465208
vt 0.329579 0.462499
vt 0.091212 0.030971
vt 0.096976 0.029897
vt 0.097880 0.036282
vt 0.102231 0.033061
vt 0.092173 0.039164
vt 0.097371 0.039390
vt 0.104434 0.037073
vt 0.092738 0.042159
vt 0.091382 0.042554
vt 0.091212 0.050183
vt 0.095337 0.048318
vt 0.193893 0.224523
vt 0.189260 0.231926
vt 0.191576 0.223676
vt 0.195306 0.221981
vt 0.192537 0.218873
vt 0.189260 0.212770
vt 0.187055 0.327093
vt 0.189824 0.330823
vt 0.185812 0.333987
vt 0.189881 0.337716
vt 0.185078 0.327545
vt 0.186999 0.322290
vt 0.189881 0.322516
vt 0.189768 0.319634
vt 0.185021 0.321217
vt 0.180670 0.322403
vt 0.182252 0.327093
vt 0.183043 0.329241
vt 0.182422 0.333761
vt 0.178693 0.331840
vt 0.178975 0.328562
vt 0.179823 0.335513
vt 0.246845 0.546350
vt 0.244950 0.554694
vt 0.237813 0.558792
vt 0.240167 0.548997
vt 0.237813 0.545952
vt 0.512113 0.098445
vt 0.516747 0.099745
vt 0.513074 0.102796
vt 0.509175 0.100197
vt 0.508440 0.094320
vt 0.508440 0.106751
vt 0.513300 0.107147
vt 0.017632 0.040689
vt 0.011642 0.040689
vt 0.016219 0.034247
vt 0.499060 0.303754
vt 0.501150 0.302737
vt 0.502168 0.305110
vt 0.501433 0.311326
vt 0.504767 0.308670
vt 0.509739 0.313360
vt 0.511322 0.308727
vt 0.504541 0.312343
vt 0.501885 0.314603
vt 0.499060 0.315225
vt 0.501716 0.318728
vt 0.504823 0.316242
vt 0.509005 0.318615
vt 0.058320 0.004747
vt 0.054026 0.008138
vt 0.057642 0.003165
vt 0.054026 0.001979
vt 0.041649 0.354331
vt 0.039446 0.354388
vt 0.041480 0.349246
vt 0.037807 0.348567
vt 0.036507 0.355348
vt 0.042045 0.346364
vt 0.039785 0.343877
vt 0.041932 0.342408
vt 0.037751 0.343991
vt 0.035547 0.344443
vt 0.035660 0.340261
vt 0.038598 0.340261
vt 0.042045 0.338905
vt 0.039220 0.337718
vt 0.361629 0.737075
vt 0.356548 0.739178
vt 0.356866 0.730758
vt 0.366199 0.734351
vt 0.361023 0.721537
vt 0.356548 0.717254
vt 0.361915 0.716675
vt 0.167645 0.902337
vt 0.173054 0.890199
vt 0.179408 0.901582
vt 0.167048 0.918209
vt 0.186056 0.889799
vt 0.197801 0.899442
vt 0.198135 0.882041
vt 0.184499 0.878929
vt 0.170550 0.878187
vt 0.177108 0.864652
vt 0.167048 0.860286
vt 0.190166 0.868773
vt 0.201809 0.864174
vt 0.208705 0.872964
vt 0.211959 0.870349
vt 0.212775 0.872846
vt 0.208888 0.867428
vt 0.208854 0.861155
vt 0.205635 0.856593
vt 0.217007 0.855551
vt 0.216999 0.865044
vt 0.097089 0.626665
vt 0.105791 0.624462
vt 0.097993 0.639266
vt 0.101044 0.638362
vt 0.085788 0.633615
vt 0.103022 0.644069
vt 0.085788 0.645538
vt 0.096976 0.642487
vt 0.104491 0.648081
vt 0.089913 0.648307
vt 0.606206 0.844742
vt 0.619585 0.850116
vt 0.607482 0.855157
vt 0.590843 0.857087
vt 0.621483 0.856244
vt 0.599262 0.865787
vt 0.592024 0.879141
vt 0.612298 0.862906
vt 0.618474 0.870276
vt 0.630675 0.862016
vt 0.607195 0.872785
vt 0.625641 0.875343
vt 0.622623 0.881407
vt 0.608608 0.881393
vt 0.598547 0.890246
vt 0.615006 0.893457
vt 0.630675 0.892249
vt 0.629786 0.899753
vt 0.624850 0.905566
vt 0.608303 0.904728
vt 0.596498 0.895645
vt 0.623661 0.910071
vt 0.895082 0.421219
vt 0.894733 0.402566
vt 0.900108 0.411783
vt 0.889795 0.438562
vt 0.882495 0.439438
vt 0.899399 0.429067
vt 0.903381 0.417020
vt 0.906065 0.429257
vt 0.902483 0.401922
vt 0.913787 0.426069
vt 0.926347 0.439438
vt 0.913293 0.410184
vt 0.918813 0.416577
vt 0.917937 0.423914
vt 0.907543 0.399211
vt 0.900738 0.391503
vt 0.903000 0.386500
vt 0.908198 0.386617
vt 0.900158 0.378217
vt 0.894646 0.380865
vt 0.888753 0.382210
vt 0.579136 0.418586
vt 0.578289 0.427232
vt 0.577384 0.419208
vt 0.574898 0.426328
vt 0.574898 0.414122
vt 0.679677 0.851827
vt 0.687579 0.852758
vt 0.676166 0.857893
vt 0.682510 0.861859
vt 0.660939 0.855077
vt 0.664720 0.860937
vt 0.677073 0.868414
vt 0.687639 0.879205
vt 0.681252 0.879364
vt 0.673499 0.875101
vt 0.675727 0.883544
vt 0.669443 0.879240
vt 0.672554 0.884302
vt 0.661593 0.878818
vt 0.662079 0.870177
vt 0.649261 0.880044
vt 0.647465 0.868102
vt 0.654826 0.861342
vt 0.644691 0.863213
vt 0.649055 0.856704
vt 0.660531 0.850891
vt 0.652819 0.842673
vt 0.647305 0.845723
vt 0.666870 0.839148
vt 0.685367 0.837364
vt 0.670633 0.825229
vt 0.651717 0.829268
vt 0.664119 0.826687
vt 0.655685 0.811962
vt 0.644948 0.811962
vt 0.070246 0.277251
vt 0.080021 0.275669
vt 0.071715 0.280585
vt 0.075783 0.281771
vt 0.078326 0.285896
vt 0.073071 0.286687
vt 0.077591 0.295954
vt 0.064256 0.288439
vt 0.058549 0.280867
vt 0.062109 0.270018
vt 0.051542 0.276799
vt 0.049338 0.265328
vt 0.049338 0.288609
vt 0.058549 0.289456
vt 0.058944 0.295163
vt 0.053689 0.299740
vt 0.952851 0.057250
vt 0.954490 0.064991
vt 0.948613 0.056741
vt 0.952286 0.055442
vt 0.950365 0.068720
vt 0.956185 0.084090
vt 0.945279 0.059623
vt 0.940420 0.064482
vt 0.942850 0.055555
vt 0.936408 0.060753
vt 0.936351 0.054311
vt 0.937538 0.048265
vt 0.952004 0.045553
vt 0.947879 0.043349
vt 0.951665 0.039168
vt 0.956185 0.037586
vt 0.393438 0.203840
vt 0.398750 0.203840
vt 0.395303 0.212938
vt 0.177844 0.450176
vt 0.174849 0.450289
vt 0.176940 0.445768
vt 0.179935 0.446503
vt 0.181291 0.445373
vt 0.181687 0.440965
vt 0.182817 0.442660
vt 0.174849 0.438309
vt 0.179031 0.432828
vt 0.183099 0.436784
vt 0.950648 0.658200
vt 0.950591 0.648933
vt 0.953360 0.651928
vt 0.953360 0.658822
vt 0.957598 0.658935
vt 0.951270 0.666394
vt 0.946580 0.663229
vt 0.955677 0.665546
vt 0.960819 0.665433
vt 0.946580 0.670067
vt 0.956525 0.671027
vt 0.961610 0.670293
vt 0.960480 0.677864
vt 0.950365 0.672835
vt 0.947992 0.677751
vt 0.943472 0.673118
vt 0.953925 0.679051
vt 0.952513 0.684250
vt 0.958107 0.684193
vt 0.961610 0.686001
vt 0.957372 0.693065
vt 0.952739 0.692782
vt 0.481653 0.112911
vt 0.478941 0.113928
vt 0.479788 0.109012
vt 0.477415 0.110312
vt 0.482274 0.110086
vt 0.482839 0.105735
vt 0.480184 0.104661
vt 0.481144 0.100989
vt 0.477415 0.105622
vt 0.965397 0.041819
vt 0.961103 0.044758
vt 0.961950 0.035773
vt 0.963985 0.034134
vt 0.963646 0.025037
vt 0.972856 0.021986
vt 0.967036 0.019386
vt 0.971274 0.012606
vt 0.961442 0.019217
vt 0.956695 0.021308
vt 0.968731 0.013340
vt 0.973817 0.005712
vt 0.963589 0.013849
vt 0.959295 0.011871
vt 0.956695 0.003678
vt 0.958673 0.002039
vt 0.966019 0.010854
vt 0.966132 0.007068
vt 0.074484 0.352636
vt 0.075614 0.345798
vt 0.077535 0.348737
vt 0.079682 0.342465
vt 0.076857 0.341786
vt 0.074484 0.341447
vt 0.080021 0.340543
vt 0.013620 0.524095
vt 0.009212 0.528333
vt 0.010569 0.520817
vt 0.002658 0.524264
vt 0.002149 0.535735
vt 0.002149 0.511550
vt 0.013789 0.513358
vt 0.017632 0.517314
vt 0.580492 0.023057
vt 0.566983 0.023057
vt 0.575021 0.012871
vt 0.576551 0.002007
vt 0.082847 0.051539
vt 0.075275 0.042272
vt 0.084090 0.040803
vt 0.075275 0.031027
vt 0.083016 0.034192
vt 0.484196 0.478771
vt 0.478206 0.473572
vt 0.482444 0.472159
vt 0.478658 0.468600
vt 0.482049 0.470238
vt 0.481371 0.466848
vt 0.484196 0.464701
vt 0.477359 0.467187
vt 0.476737 0.462327
vt 0.474533 0.465944
vt 0.489621 0.420846
vt 0.489056 0.424519
vt 0.479789 0.417964
vt 0.480467 0.424123
vt 0.484705 0.415591
vt 0.483631 0.411466
vt 0.479676 0.408980
vt 0.473686 0.423841
vt 0.476060 0.414009
vt 0.474703 0.406211
vt 0.471200 0.413557
vt 0.466284 0.420112
vt 0.467075 0.424519
vt 0.468601 0.409827
vt 0.472387 0.399882
vt 0.451872 0.174849
vt 0.451194 0.166769
vt 0.461139 0.170668
vt 0.452380 0.180896
vt 0.461139 0.183099
vt 0.957262 0.311947
vt 0.959353 0.291153
vt 0.963421 0.296690
vt 0.971614 0.290136
vt 0.973762 0.294882
vt 0.986023 0.291718
vt 0.979073 0.287480
vt 0.973197 0.284202
vt 0.980260 0.278213
vt 0.983933 0.279230
vt 0.968620 0.281151
vt 0.962856 0.282281
vt 0.967998 0.275840
vt 0.957262 0.269567
vt 0.566478 0.080926
vt 0.563709 0.088159
vt 0.561506 0.078835
vt 0.562636 0.074541
vt 0.569530 0.070812
vt 0.573711 0.076067
vt 0.561506 0.067365
vt 0.438479 0.002658
vt 0.442491 0.010568
vt 0.440061 0.009664
vt 0.438479 0.016275
vt 0.449384 0.014693
vt 0.450289 0.009834
vt 0.607732 0.014356
vt 0.613666 0.002264
vt 0.614683 0.007236
vt 0.606263 0.009666
vt 0.618469 0.011700
vt 0.616095 0.015317
vt 0.616943 0.021419
vt 0.611462 0.015486
vt 0.612818 0.024470
vt 0.618469 0.027239
vt 0.607280 0.022719
vt 0.606998 0.028200
vt 0.611010 0.031195
vt 0.600613 0.029160
vt 0.602477 0.022041
vt 0.603551 0.015712
vt 0.598296 0.020402
vt 0.598522 0.012265
vt 0.522342 0.488378
vt 0.526241 0.493690
vt 0.520647 0.490525
vt 0.514488 0.484931
vt 0.518952 0.492673
vt 0.520421 0.484705
vt 0.519856 0.481654
vt 0.518726 0.477642
vt 0.525280 0.478829
vt 0.526241 0.485440
vt 0.057177 0.976207
vt 0.063746 0.986023
vt 0.057688 0.982259
vt 0.050336 0.979236
vt 0.053334 0.981570
vt 0.053492 0.973896
vt 0.058118 0.972969
vt 0.045668 0.975313
vt 0.039209 0.982782
vt 0.059898 0.962944
vt 0.060331 0.969157
vt 0.063746 0.961002
vt 0.974495 0.491090
vt 0.961951 0.492334
vt 0.969523 0.486344
vt 0.964155 0.483236
vt 0.979242 0.482275
vt 0.966020 0.480298
vt 0.976021 0.473122
vt 0.969014 0.472952
vt 0.964889 0.472669
vt 0.971727 0.466849
vt 0.963985 0.459786
vt 0.966980 0.457300
vt 0.961951 0.452271
vt 0.069171 0.340205
vt 0.069171 0.356309
vt 0.062277 0.345912
vt 0.064368 0.356704
vt 0.062729 0.339244
vt 0.058209 0.350319
vt 0.052954 0.341843
vt 0.056966 0.347551
vt 0.301097 0.819257
vt 0.294372 0.823100
vt 0.291660 0.817562
vt 0.295276 0.813268
vt 0.289004 0.824569
vt 0.294824 0.830050
vt 0.288439 0.810160
vt 0.299797 0.807843
vt 0.285218 0.817675
vt 0.279398 0.826829
vt 0.279398 0.809934
vt 0.595921 0.124610
vt 0.598124 0.131560
vt 0.586371 0.130713
vt 0.586371 0.116417
vt 0.636102 0.372980
vt 0.636836 0.359871
vt 0.645708 0.359871
vt 0.646951 0.368742
vt 0.055608 0.364842
vt 0.054082 0.360435
vt 0.055608 0.354502
vt 0.135912 0.564217
vt 0.134726 0.557775
vt 0.142411 0.561109
vt 0.142411 0.548621
vt 0.136985 0.374336
vt 0.126318 0.374336
vt 0.131981 0.363639
vt 0.198754 0.213900
vt 0.206156 0.213900
vt 0.200958 0.216781
vt 0.205252 0.225144
vt 0.304883 0.200506
vt 0.310591 0.193443
vt 0.310591 0.204801
vt 0.305223 0.204575
vt 0.308669 0.211581
vt 0.738557 0.120710
vt 0.738444 0.113195
vt 0.743247 0.113308
vt 0.738727 0.097994
vt 0.732229 0.099690
vt 0.739292 0.093078
vt 0.733472 0.089688
vt 0.743247 0.092570
vt 0.742626 0.089688
vt 0.444355 0.199375
vt 0.444355 0.185644
vt 0.450289 0.190729
vt 0.324325 0.299799
vt 0.332744 0.302680
vt 0.329693 0.303754
vt 0.326698 0.307710
vt 0.332970 0.308614
vt 0.335118 0.309461
vt 0.333818 0.317372
vt 0.340147 0.308727
vt 0.341785 0.299799
vt 0.270921 0.138342
vt 0.265553 0.134330
vt 0.272051 0.132578
vt 0.275328 0.135460
vt 0.271090 0.127153
vt 0.265553 0.125628
vt 0.275893 0.130826
vt 0.266852 0.120147
vt 0.279057 0.134556
vt 0.284821 0.130713
vt 0.280809 0.127945
vt 0.273746 0.119977
vt 0.265553 0.113310
vt 0.274141 0.117152
vt 0.280583 0.114892
vt 0.276063 0.125176
vt 0.281431 0.124046
vt 0.277814 0.120994
vt 0.362978 0.631356
vt 0.367159 0.632712
vt 0.359192 0.638476
vt 0.357440 0.633390
vt 0.354502 0.635368
vt 0.364560 0.638532
vt 0.368120 0.637233
vt 0.367216 0.642149
vt 0.353146 0.639549
vt 0.349756 0.636385
vt 0.348117 0.641979
vt 0.351903 0.643561
vt 0.350490 0.648647
vt 0.355011 0.644409
vt 0.360605 0.643787
vt 0.364108 0.642996
vt 0.359814 0.648421
vt 0.356762 0.651585
vt 0.354446 0.654749
vt 0.348117 0.651924
vt 0.359531 0.655088
vt 0.364052 0.649664
vt 0.366707 0.651472
vt 0.368911 0.646669
vt 0.356365 0.340939
vt 0.356704 0.346533
vt 0.354840 0.344612
vt 0.353088 0.343482
vt 0.351901 0.340939
vt 0.353653 0.347437
vt 0.351675 0.345233
vt 0.348907 0.349132
vt 0.347833 0.346759
vt 0.351280 0.352071
vt 0.353879 0.352636
vt 0.348003 0.351845
vt 0.059903 0.523755
vt 0.056908 0.519065
vt 0.059451 0.516014
vt 0.062616 0.518161
vt 0.059734 0.526919
vt 0.063746 0.525450
vt 0.063689 0.529745
vt 0.061090 0.530310
vt 0.057304 0.530310
vt 0.054422 0.526298
vt 0.057191 0.524603
vt 0.078835 0.638531
vt 0.076687 0.639774
vt 0.075162 0.632937
vt 0.081377 0.636723
vt 0.079626 0.633219
vt 0.073071 0.637457
vt 0.074992 0.641526
vt 0.072450 0.639491
vt 0.066573 0.634010
vt 0.071771 0.634575
vt 0.068833 0.632654
vt 0.068777 0.627173
vt 0.070980 0.631185
vt 0.073467 0.626325
vt 0.076857 0.630507
vt 0.079230 0.628755
vt 0.077535 0.626325
vt 0.081377 0.626721
vt 0.368855 0.107431
vt 0.370267 0.113646
vt 0.366199 0.111273
vt 0.362752 0.116641
vt 0.362752 0.105961
vt 0.250462 0.176714
vt 0.248711 0.170837
vt 0.256339 0.175979
vt 0.255435 0.170724
vt 0.256339 0.167673
vt 0.253853 0.179030
vt 0.248824 0.178974
vt 0.348002 0.386543
vt 0.347945 0.380553
vt 0.349075 0.382474
vt 0.349923 0.383096
vt 0.349923 0.376993
vt 0.347493 0.379762
vt 0.330935 0.293524
vt 0.330370 0.294089
vt 0.327262 0.294315
vt 0.327262 0.284144
vt 0.987845 0.696606
vt 0.981972 0.696334
vt 0.991449 0.694448
vt 0.979239 0.691866
vt 0.974112 0.699685
vt 0.985048 0.689500
vt 0.985883 0.685300
vt 0.991449 0.682291
vt 0.979968 0.681926
vt 0.982604 0.671434
vt 0.973501 0.688802
vt 0.966398 0.688430
vt 0.968671 0.699846
vt 0.973696 0.681677
vt 0.975302 0.670353
vt 0.979635 0.670988
vt 0.981435 0.665848
vt 0.974865 0.663814
vt 0.296221 0.464019
vt 0.305165 0.472488
vt 0.297865 0.470089
vt 0.296221 0.480127
vt 0.714598 0.273237
vt 0.709061 0.276853
vt 0.709795 0.270072
vt 0.714485 0.266682
vt 0.709061 0.259393
vt 0.721097 0.269959
vt 0.722735 0.279396
vt 0.726747 0.274649
vt 0.712734 0.258771
vt 0.713807 0.252725
vt 0.716463 0.259901
vt 0.717876 0.256568
vt 0.720588 0.263970
vt 0.724035 0.262614
vt 0.726465 0.253516
vt 0.722848 0.257472
vt 0.727708 0.264591
vt 0.727708 0.256228
vt 0.733358 0.269903
vt 0.732963 0.278096
vt 0.738444 0.270694
vt 0.731663 0.261144
vt 0.736410 0.264083
vt 0.739178 0.259223
vt 0.732228 0.253347
vt 0.731663 0.248318
vt 0.737144 0.253799
vt 0.404459 0.089515
vt 0.404459 0.072168
vt 0.410674 0.079062
vt 0.413443 0.073411
vt 0.416381 0.079118
vt 0.365182 0.007178
vt 0.368911 0.005878
vt 0.368911 0.016275
vt 0.361904 0.010738
vt 0.393982 0.275327
vt 0.394733 0.266317
vt 0.400106 0.275327
vt 0.056287 0.773255
vt 0.051653 0.774442
vt 0.051427 0.766927
vt 0.048376 0.773538
vt 0.047924 0.763988
vt 0.048263 0.758338
vt 0.056400 0.762689
vt 0.061316 0.772238
vt 0.062389 0.761446
vt 0.053687 0.758677
vt 0.058377 0.757490
vt 0.062220 0.755456
vt 0.055383 0.752518
vt 0.056852 0.744720
vt 0.053348 0.743477
vt 0.051540 0.753817
vt 0.049619 0.745963
vt 0.047924 0.746472
vt 0.002318 0.819200
vt 0.003957 0.811063
vt 0.010850 0.812588
vt 0.010398 0.802813
vt 0.002318 0.801344
vt 0.008703 0.796032
vt 0.701882 0.612424
vt 0.708324 0.598975
vt 0.708889 0.603100
vt 0.713070 0.604456
vt 0.716122 0.604400
vt 0.711036 0.612593
vt 0.709736 0.618526
vt 0.712166 0.615136
vt 0.710075 0.623103
vt 0.716122 0.630675
vt 0.270526 0.399599
vt 0.273746 0.394344
vt 0.279058 0.399034
vt 0.282674 0.392931
vt 0.276459 0.402990
vt 0.270469 0.401125
vt 0.288890 0.400786
vt 0.286404 0.392818
vt 0.284369 0.408019
vt 0.275950 0.411691
vt 0.283974 0.410957
vt 0.287986 0.410900
vt 0.284595 0.414686
vt 0.282053 0.417738
vt 0.288607 0.417738
vt 0.357497 0.064367
vt 0.353767 0.051767
vt 0.360039 0.051880
vt 0.363373 0.054705
vt 0.366199 0.065102
vt 0.366199 0.047472
vt 0.241816 0.199997
vt 0.232266 0.202087
vt 0.232210 0.195872
vt 0.238482 0.190560
vt 0.244132 0.182988
vt 0.235600 0.183158
vt 0.230345 0.182988
vt 0.070810 0.162587
vt 0.073240 0.165582
vt 0.067759 0.166938
vt 0.071545 0.171572
vt 0.059791 0.161966
vt 0.060695 0.166486
vt 0.068154 0.174454
vt 0.060017 0.173211
vt 0.059791 0.181743
vt 0.568795 0.828073
vt 0.569982 0.838188
vt 0.563709 0.834119
vt 0.573259 0.829712
vt 0.570886 0.832029
vt 0.573711 0.824852
vt 0.569643 0.821857
vt 0.573711 0.821631
vt 0.563031 0.825643
vt 0.566026 0.810613
vt 0.556872 0.814964
vt 0.559923 0.829429
vt 0.562297 0.837849
vt 0.551561 0.832198
vt 0.555686 0.826773
vt 0.554838 0.821462
vt 0.550374 0.814512
vt 0.548396 0.810613
vt 0.495046 0.021023
vt 0.489735 0.026165
vt 0.493577 0.016051
vt 0.484649 0.014921
vt 0.484649 0.027126
vt 0.533022 0.498777
vt 0.533022 0.511322
vt 0.526581 0.504936
vt 0.526185 0.509513
vt 0.554723 0.437348
vt 0.553649 0.442151
vt 0.548620 0.439552
vt 0.549016 0.432093
vt 0.541557 0.431528
vt 0.538506 0.438591
vt 0.542913 0.424747
vt 0.550824 0.423560
vt 0.544947 0.417232
vt 0.541727 0.422430
vt 0.538506 0.408869
vt 0.966585 0.387732
vt 0.976247 0.387506
vt 0.965229 0.396604
vt 0.980598 0.395530
vt 0.968054 0.398751
vt 0.976304 0.402254
vt 0.980598 0.413669
vt 0.260408 0.158235
vt 0.251084 0.164111
vt 0.251197 0.158743
vt 0.253006 0.152923
vt 0.250180 0.153601
vt 0.260408 0.150437
vt 0.253119 0.145747
vt 0.297085 0.223112
vt 0.303753 0.219778
vt 0.305165 0.228988
vt 0.298667 0.215992
vt 0.297255 0.226502
vt 0.300814 0.234470
vt 0.304092 0.241420
vt 0.292791 0.241420
vt 0.295164 0.233396
vt 0.290982 0.228649
vt 0.356550 0.008026
vt 0.359417 0.016275
vt 0.350813 0.015713
vt 0.349311 0.009348
vt 0.354026 0.004060
vt 0.346794 0.004016
vt 0.359417 0.002503
vt 0.423333 0.454754
vt 0.426102 0.461139
vt 0.421977 0.458596
vt 0.413614 0.459557
vt 0.415535 0.449725
vt 0.421129 0.444244
vt 0.429944 0.444018
vt 0.413614 0.444413
vt 0.197737 0.385357
vt 0.204800 0.384058
vt 0.204800 0.396037
vt 0.196154 0.392986
vt 0.573938 0.371624
vt 0.575803 0.366651
vt 0.581341 0.371454
vt 0.582358 0.364843
vt 0.585918 0.366143
vt 0.576481 0.361735
vt 0.582697 0.361396
vt 0.573938 0.356085
vt 0.416099 0.419717
vt 0.419094 0.429944
vt 0.410561 0.426384
vt 0.410561 0.419717
vt 0.870965 0.603833
vt 0.873451 0.605868
vt 0.866105 0.606489
vt 0.873112 0.617112
vt 0.866388 0.610558
vt 0.858590 0.612366
vt 0.861868 0.600952
vt 0.868196 0.599652
vt 0.864636 0.594340
vt 0.860455 0.595697
vt 0.855765 0.598974
vt 0.850736 0.595583
vt 0.855652 0.603664
vt 0.850736 0.604172
vt 0.311947 0.463851
vt 0.304682 0.456391
vt 0.311947 0.451757
vt 0.303399 0.452600
vt 0.136985 0.362130
vt 0.131900 0.355123
vt 0.136985 0.349981
vt 0.215650 0.386205
vt 0.208757 0.393324
vt 0.208757 0.383888
vt 0.656106 0.782976
vt 0.649043 0.789361
vt 0.650060 0.777891
vt 0.656163 0.770319
vt 0.642601 0.783598
vt 0.643279 0.787836
vt 0.644805 0.776421
vt 0.652433 0.769810
vt 0.641754 0.772183
vt 0.651247 0.769415
vt 0.640737 0.768737
vt 0.660514 0.768680
vt 0.660401 0.763821
vt 0.655711 0.765177
vt 0.654015 0.762069
vt 0.649665 0.764442
vt 0.645087 0.766420
vt 0.640737 0.761786
vt 0.249784 0.061090
vt 0.244134 0.062785
vt 0.244020 0.054931
vt 0.246055 0.051879
vt 0.251875 0.054592
vt 0.251705 0.049732
vt 0.254983 0.050297
vt 0.253231 0.059960
vt 0.254983 0.063746
vt 0.456056 0.584056
vt 0.462328 0.583943
vt 0.454474 0.586317
vt 0.459220 0.590385
vt 0.454022 0.598409
vt 0.465323 0.590950
vt 0.458655 0.599426
vt 0.460859 0.592702
vt 0.466227 0.595244
vt 0.468205 0.593267
vt 0.467866 0.602308
vt 0.474703 0.599539
vt 0.473290 0.590554
vt 0.477020 0.595640
vt 0.482105 0.587616
vt 0.481144 0.597731
vt 0.476568 0.605246
vt 0.472612 0.604285
vt 0.480692 0.614965
vt 0.480975 0.609540
vt 0.484196 0.614287
vt 0.477133 0.617112
vt 0.471482 0.613044
vt 0.464249 0.607393
vt 0.465153 0.613270
vt 0.460294 0.604963
vt 0.453118 0.601404
vt 0.453570 0.609993
vt 0.460294 0.610784
vt 0.455830 0.617112
vt 0.557097 0.312400
vt 0.550260 0.317372
vt 0.550825 0.309687
vt 0.561504 0.303528
vt 0.550260 0.301663
vt 0.177958 0.270015
vt 0.177505 0.265099
vt 0.185812 0.271258
vt 0.185812 0.259900
vt 0.531667 0.466564
vt 0.529350 0.462609
vt 0.533362 0.463908
vt 0.526468 0.462609
vt 0.527881 0.456562
vt 0.531158 0.457241
vt 0.534605 0.455545
vt 0.537091 0.460913
vt 0.537091 0.455658
vt 0.535339 0.451477
vt 0.530819 0.453003
vt 0.526468 0.453172
vt 0.528163 0.450742
vt 0.222432 0.631410
vt 0.219098 0.632032
vt 0.219437 0.628924
vt 0.214351 0.630336
vt 0.214408 0.626494
vt 0.209831 0.632032
vt 0.221189 0.626155
vt 0.215707 0.621465
vt 0.214069 0.623047
vt 0.213447 0.619374
vt 0.212091 0.617905
vt 0.210791 0.620222
vt 0.694366 0.508611
vt 0.701316 0.508046
vt 0.698829 0.510194
vt 0.698942 0.512736
vt 0.694366 0.524151
vt 0.697134 0.530310
vt 0.705271 0.518952
vt 0.702050 0.523755
vt 0.701146 0.516353
vt 0.702785 0.519291
s 1
usemtl Material
f 1785/2552 1823/2553 1810/2554
f 1810/2554 1823/2553 1835/2555
f 1810/2554 1835/2555 1822/2556
f 1823/2553 1785/2552 1834/2557
f 1823/2553 1834/2557 1835/2555
f 1834/2557 1785/2552 1801/2558
f 1835/2555 1834/2557 1797/2559
f 1797/2559 1834/2557 1801/2558
f 1822/2556 1835/2555 1807/2560
f 1807/2560 1835/2555 1797/2559
f 1822/2556 1807/2560 1793/2561
f 1793/2561 1807/2560 1764/2562
f 1801/2558 1785/2552 1759/2563
f 1764/2562 1807/2560 1772/2564
f 1772/2564 1807/2560 1797/2559
f 1764/2562 1772/2564 1777/2565
f 1777/2565 1772/2564 1793/2566
f 1801/2558 1759/2563 1760/2567
f 1793/2566 1772/2564 1773/2568
f 1793/2566 1773/2568 1822/2569
f 1822/2569 1773/2568 1810/2570
f 1773/2568 1772/2564 1745/2571
f 1745/2571 1772/2564 1797/2559
f 1810/2570 1773/2568 1768/2572
f 1768/2572 1773/2568 1745/2571
f 1771/2573 1797/2559 1801/2558
f 1797/2559 1771/2573 1745/2571
f 1771/2573 1801/2558 1760/2567
f 1745/2571 1771/2573 1733/2574
f 1733/2574 1771/2573 1760/2567
f 1745/2571 1733/2574 1768/2572
f 1733/2574 1760/2567 1759/2563
f 1738/2575 1810/2570 1768/2572
f 1738/2575 1768/2572 1733/2574
f 1810/2570 1738/2575 1785/2576
f 1785/2576 1738/2575 1748/2577
f 1748/2577 1738/2575 1733/2574
f 1748/2577 1733/2574 1759/2563
f 1748/2577 1759/2563 1750/2578
f 1759/2579 1785/2580 1750/2581
f 1750/2581 1785/2580 1748/2582
f 1793/2583 1764/2584 1831/2585
f 1793/2583 1831/2585 1777/2586
f 1777/2587 1743/2588 1764/2584
f 1764/2584 1743/2588 1721/2589
f 1721/2589 1743/2588 1753/2590
f 1721/2589 1753/2590 1763/2591
f 1764/2584 1721/2589 1762/2592
f 1764/2584 1762/2592 1831/2585
f 1721/2589 1763/2591 1796/2593
f 1721/2589 1796/2593 1762/2592
f 1762/2592 1796/2593 1831/2585
f 1796/2593 1763/2591 1837/2594
f 1831/2585 1796/2593 1852/2595
f 1852/2595 1796/2593 1837/2594
f 1820/2596 1777/2586 1831/2585
f 1820/2596 1831/2585 1841/2597
f 1820/2596 1841/2597 1777/2586
f 1841/2597 1831/2585 1852/2595
f 1777/2586 1841/2597 1806/2598
f 1806/2598 1841/2597 1852/2595
f 1806/2598 1852/2595 1837/2594
f 1777/2586 1806/2598 1743/2599
f 1806/2598 1837/2594 1753/2600
f 1806/2598 1753/2600 1743/2599
f 1763/2601 1753/2602 2101/2603
f 2101/2603 1753/2602 2090/2604
f 2101/2603 2090/2604 1717/2605
f 1837/2606 1763/2607 1789/2608
f 1789/2608 1763/2607 2101/2609
f 1789/2608 2101/2609 2147/2610
f 1789/2608 2147/2610 1758/2611
f 1789/2608 1758/2611 1855/2612
f 1789/2608 1855/2612 1895/2613
f 1789/2608 1895/2613 1869/2614
f 1789/2608 1869/2614 1837/2606
f 1837/2606 1869/2614 1851/2615
f 1837/2606 1851/2615 1881/2616
f 1837/2606 1881/2616 1888/2617
f 1753/2618 1837/2619 1814/2620
f 1753/2618 1814/2620 2090/2621
f 2090/2621 1814/2620 1765/2622
f 2090/2621 1765/2622 1717/2623
f 1717/2624 1765/2625 1814/2626
f 1717/2624 1814/2626 1818/2627
f 1818/2627 1814/2626 1837/2628
f 1818/2627 1837/2628 1888/2629
f 1818/2627 1888/2629 1890/2630
f 1818/2627 1890/2630 1880/2631
f 1818/2627 1880/2631 1805/2632
f 1818/2627 1805/2632 1717/2624
f 1717/2624 1805/2632 2097/2633
f 1758/2634 2147/2635 2144/2636
f 1758/2634 2144/2636 1784/2637
f 1758/2634 1784/2637 1855/2638
f 1855/2638 1784/2637 1901/2639
f 1901/2639 1784/2637 1770/2640
f 1770/2640 1784/2637 2144/2636
f 1901/2639 1770/2640 1928/2641
f 1928/2641 1770/2640 1799/2642
f 1770/2640 2144/2636 2198/2643
f 2198/2643 2144/2636 2183/2644
f 2198/2643 2183/2644 2262/2645
f 2198/2643 2262/2645 2306/2646
f 2198/2643 2306/2646 2323/2647
f 1799/2642 1770/2640 2148/2648
f 2148/2648 1770/2640 2198/2643
f 1799/2642 2148/2648 1790/2649
f 1790/2649 2148/2648 2162/2650
f 2148/2648 2198/2643 2224/2651
f 2224/2651 2198/2643 2323/2647
f 2148/2648 2224/2651 2162/2650
f 2224/2651 2323/2647 2283/2652
f 2224/2651 2283/2652 2162/2650
f 2144/2653 2147/2654 2101/2655
f 2144/2653 2101/2655 2161/2656
f 2144/2653 2161/2656 2183/2657
f 2161/2656 2101/2655 2152/2658
f 2152/2658 2101/2655 2142/2659
f 2142/2659 2101/2655 1717/2660
f 2142/2659 1717/2660 2117/2661
f 2117/2661 1717/2660 2097/2662
f 1895/2663 1855/2664 1926/2665
f 1926/2665 1855/2664 1901/2666
f 1895/2663 1926/2665 1976/2667
f 1926/2665 1901/2666 1979/2668
f 1926/2665 1979/2668 1976/2667
f 1869/2669 1895/2670 1927/2671
f 1869/2669 1927/2671 1898/2672
f 1869/2669 1898/2672 1851/2673
f 1851/2673 1898/2672 1896/2674
f 1851/2673 1896/2674 1881/2675
f 1896/2674 1898/2672 1960/2676
f 1960/2676 1898/2672 1927/2671
f 1896/2674 1960/2676 1881/2675
f 1960/2676 1927/2671 1919/2677
f 1919/2677 1927/2671 1971/2678
f 1919/2677 1971/2678 1888/2679
f 1881/2675 1960/2676 1970/2680
f 1970/2680 1960/2676 1943/2681
f 1970/2680 1943/2681 1881/2675
f 1927/2682 1895/2683 1976/2684
f 2039/2685 1976/2684 2061/2686
f 1976/2684 2039/2685 1946/2687
f 1976/2684 1946/2687 1927/2682
f 1927/2682 1946/2687 1931/2688
f 1931/2688 1946/2687 1953/2689
f 1953/2689 1946/2687 1928/2690
f 1928/2690 1946/2687 1901/2691
f 1901/2691 1946/2687 1979/2692
f 1943/2693 1960/2694 1919/2695
f 1943/2693 1919/2695 1881/2696
f 1888/2697 1881/2698 1919/2699
f 1880/2700 1890/2701 1832/2702
f 1832/2702 1890/2701 1886/2703
f 1880/2700 1832/2702 1805/2704
f 1805/2704 1832/2702 1788/2705
f 1805/2704 1788/2705 2097/2706
f 1788/2705 1832/2702 1821/2707
f 2097/2706 1788/2705 2129/2708
f 1788/2705 1821/2707 1761/2709
f 1788/2705 1761/2709 2129/2708
f 2129/2708 1761/2709 2158/2710
f 2129/2708 2158/2710 2160/2711
f 1890/2712 1888/2713 1886/2714
f 1886/2714 1888/2713 1957/2715
f 1957/2715 1888/2713 1971/2716
f 1957/2715 1971/2716 1886/2714
f 1886/2714 1971/2716 1985/2717
f 1985/2717 1971/2716 2062/2718
f 1886/2714 1985/2717 1929/2719
f 1886/2714 1929/2719 1872/2720
f 1886/2714 1872/2720 1832/2721
f 1872/2720 1929/2719 1989/2722
f 2117/2723 2097/2724 2129/2725
f 2117/2723 2129/2725 2170/2726
f 1832/2727 1872/2728 1821/2729
f 1821/2729 1872/2728 1850/2730
f 1850/2730 1872/2728 1989/2731
f 1850/2730 1989/2731 1929/2732
f 1821/2729 1850/2730 1761/2733
f 1761/2733 1850/2730 1782/2734
f 1782/2734 1850/2730 1866/2735
f 1761/2733 1782/2734 1723/2736
f 1782/2734 1866/2735 2128/2737
f 1782/2734 2128/2737 1723/2736
f 1723/2736 2128/2737 2113/2738
f 2170/2739 2129/2740 2160/2741
f 2170/2739 2160/2741 2117/2742
f 2117/2742 2160/2741 2164/2743
f 2117/2742 2164/2743 2142/2744
f 2164/2743 2160/2741 2229/2745
f 2142/2744 2164/2743 2196/2746
f 2229/2745 2160/2741 2233/2747
f 2233/2747 2160/2741 2217/2748
f 2233/2747 2217/2748 2309/2749
f 2233/2747 2309/2749 2275/2750
f 2233/2747 2275/2750 2229/2745
f 2164/2743 2229/2745 2225/2751
f 2164/2743 2225/2751 2196/2746
f 2196/2746 2225/2751 2142/2744
f 2142/2744 2225/2751 2161/2752
f 2142/2744 2161/2752 2152/2753
f 2161/2752 2225/2751 2205/2754
f 2205/2754 2225/2751 2234/2755
f 2161/2752 2205/2754 2179/2756
f 2179/2756 2205/2754 2234/2755
f 2179/2756 2234/2755 2188/2757
f 2179/2756 2188/2757 2238/2758
f 2188/2757 2234/2755 2243/2759
f 2188/2757 2243/2759 2261/2760
f 2238/2758 2188/2757 2211/2761
f 2188/2757 2261/2760 2263/2762
f 2188/2757 2263/2762 2199/2763
f 2188/2757 2199/2763 2211/2761
f 2199/2763 2263/2762 2266/2764
f 2211/2761 2199/2763 2203/2765
f 2203/2765 2199/2763 2266/2764
f 2211/2761 2203/2765 2218/2766
f 2218/2766 2203/2765 2271/2767
f 2251/2768 2266/2764 2271/2767
f 2266/2764 2251/2768 2203/2765
f 2203/2765 2251/2768 2271/2767
f 1929/2769 1985/2770 1987/2771
f 1987/2771 1985/2770 2001/2772
f 2001/2772 1985/2770 2082/2773
f 1987/2771 2001/2772 1952/2774
f 1987/2771 1952/2774 1929/2769
f 1929/2769 1952/2774 1866/2775
f 1929/2769 1866/2775 1850/2776
f 2062/2777 1971/2778 2043/2779
f 2043/2779 1971/2778 1927/2780
f 2043/2779 1927/2780 1995/2781
f 1995/2781 1927/2780 1931/2782
f 2043/2779 1995/2781 2044/2783
f 2043/2779 2044/2783 2080/2784
f 2044/2783 1995/2781 2061/2785
f 2061/2785 1995/2781 1992/2786
f 1992/2786 1995/2781 1931/2782
f 2061/2785 1992/2786 2031/2787
f 2031/2787 1992/2786 1953/2788
f 1954/2789 1931/2782 1953/2788
f 1931/2782 1954/2789 1992/2786
f 1992/2786 1954/2789 1953/2788
f 1985/2790 2062/2791 2029/2792
f 2029/2793 2062/2794 2043/2795
f 2029/2793 2043/2795 1976/2796
f 2029/2793 1976/2796 2054/2797
f 1976/2796 2043/2795 2040/2798
f 2040/2798 2043/2795 2080/2799
f 2040/2798 2080/2799 2061/2800
f 2040/2798 2061/2800 1976/2796
f 2061/2800 2080/2799 2044/2801
f 2054/2797 1976/2796 2033/2802
f 2033/2802 1976/2796 1979/2803
f 2054/2797 2033/2802 2026/2804
f 2054/2797 2026/2804 2069/2805
f 2026/2804 2033/2802 2052/2806
f 2026/2804 2052/2806 2069/2805
f 2069/2805 2052/2806 2083/2807
f 1985/2808 2029/2809 2067/2810
f 2067/2810 2029/2809 2054/2811
f 2082/2812 1985/2813 2067/2814
f 2082/2815 2067/2816 2001/2817
f 2001/2817 2067/2816 2042/2818
f 2001/2817 2042/2818 2049/2819
f 2067/2820 2054/2821 2052/2822
f 2067/2820 2052/2822 2033/2823
f 2052/2822 2054/2821 2083/2824
f 2083/2824 2054/2821 2084/2825
f 2083/2824 2084/2825 2069/2826
f 2069/2826 2084/2825 2054/2821
f 2001/2827 2049/2828 2038/2829
f 2038/2829 2049/2828 2032/2830
f 2001/2831 2038/2832 1952/2833
f 1952/2833 2038/2832 2024/2834
f 1952/2833 2024/2834 1964/2835
f 2024/2834 2038/2832 2079/2836
f 2024/2834 2079/2836 1964/2835
f 2079/2836 2038/2832 2032/2837
f 2079/2836 2032/2837 1964/2835
f 2032/2838 2049/2839 2073/2840
f 2073/2840 2049/2839 2003/2841
f 2073/2840 2003/2841 2032/2838
f 2032/2838 2003/2841 1962/2842
f 1962/2842 2003/2841 1941/2843
f 1962/2842 1941/2843 1917/2844
f 1917/2844 1941/2843 1913/2845
f 2032/2846 1962/2847 1964/2848
f 2003/2849 2049/2850 2023/2851
f 2023/2851 2049/2850 2042/2852
f 2023/2851 2042/2852 2015/2853
f 2015/2853 2042/2852 2058/2854
f 2015/2853 2058/2854 2053/2855
f 2058/2854 2042/2852 2077/2856
f 2077/2856 2042/2852 2067/2857
f 2077/2856 2067/2857 2033/2858
f 2058/2854 2077/2856 2076/2859
f 2058/2854 2076/2859 2059/2860
f 1964/2861 1962/2862 1914/2863
f 1914/2863 1962/2862 1917/2864
f 1914/2863 1917/2864 1873/2865
f 1964/2861 1914/2863 1903/2866
f 1964/2861 1903/2866 1917/2867
f 1917/2867 1903/2866 1873/2868
f 1873/2868 1903/2866 1882/2869
f 1882/2869 1903/2866 1914/2863
f 1873/2868 1882/2869 1825/2870
f 1825/2870 1882/2869 1874/2871
f 1874/2871 1882/2869 1878/2872
f 1878/2872 1882/2869 1914/2863
f 1878/2872 1914/2863 1873/2865
f 1878/2872 1873/2865 1830/2873
f 1830/2873 1873/2865 1825/2874
f 1830/2873 1825/2874 1766/2875
f 1941/2876 2003/2877 1983/2878
f 1983/2878 2003/2877 2010/2879
f 2010/2879 2003/2877 2023/2880
f 2010/2879 2023/2880 2021/2881
f 2021/2881 2023/2880 2085/2882
f 2021/2881 2085/2882 2053/2883
f 2053/2883 2085/2882 2015/2884
f 1941/2885 1983/2886 1899/2887
f 1941/2885 1899/2887 1913/2888
f 1899/2887 1983/2886 1906/2889
f 1906/2889 1983/2886 2010/2890
f 1906/2889 2010/2890 1958/2891
f 1906/2889 1958/2891 1862/2892
f 1899/2887 1906/2889 1848/2893
f 1848/2893 1906/2889 1862/2892
f 1899/2887 1848/2893 2143/2894
f 1848/2893 1862/2892 1791/2895
f 1917/2896 1913/2897 1964/2898
f 1964/2898 1913/2897 1952/2899
f 1952/2899 1913/2897 1866/2900
f 1866/2901 1913/2902 2128/2903
f 2128/2903 1913/2902 1899/2904
f 2128/2903 1899/2904 2143/2905
f 1874/2906 1878/2907 1830/2908
f 1874/2906 1830/2908 1826/2909
f 1826/2909 1830/2908 1766/2910
f 1826/2909 1766/2910 1798/2911
f 1798/2911 1766/2910 1720/2912
f 1874/2906 1826/2909 1795/2913
f 1795/2913 1826/2909 1798/2911
f 1874/2906 1795/2913 1825/2914
f 1795/2913 1798/2911 1754/2915
f 1825/2914 1795/2913 1766/2916
f 1795/2913 1754/2915 1720/2917
f 1795/2913 1720/2917 1766/2916
f 1798/2918 1720/2919 2120/2920
f 2120/2920 1720/2919 2157/2921
f 2157/2921 1720/2919 2134/2922
f 2157/2921 2134/2922 2181/2923
f 2134/2922 1720/2919 2149/2924
f 2149/2924 1720/2919 2132/2925
f 2149/2924 2132/2925 2120/2926
f 2149/2924 2120/2926 2157/2927
f 2134/2922 2149/2924 2155/2928
f 2134/2922 2155/2928 2181/2923
f 2155/2928 2149/2924 2157/2927
f 2181/2923 2155/2928 2204/2929
f 2155/2928 2157/2927 2220/2930
f 2155/2928 2220/2930 2204/2929
f 2220/2930 2157/2927 2181/2931
f 2204/2929 2220/2930 2314/2932
f 1798/2933 2120/2934 1754/2935
f 1754/2935 2120/2934 1740/2936
f 1740/2936 2120/2934 1739/2937
f 1739/2937 2120/2934 2107/2938
f 1740/2936 1739/2937 2119/2939
f 1740/2936 2119/2939 2132/2940
f 1754/2941 1740/2942 1778/2943
f 1754/2941 1778/2943 1739/2944
f 1739/2944 1778/2943 2119/2945
f 1778/2943 1740/2942 2107/2946
f 1778/2943 2107/2946 2119/2945
f 2107/2946 1740/2942 2132/2947
f 2119/2945 2107/2946 2120/2948
f 2119/2945 2120/2948 2132/2949
f 1739/2950 2107/2951 2100/2952
f 1739/2950 2100/2952 1730/2953
f 1739/2950 1730/2953 2099/2954
f 1739/2950 2099/2954 1754/2955
f 1754/2956 2100/2957 1720/2958
f 2100/2957 1754/2956 1730/2959
f 1730/2959 1754/2956 2132/2960
f 1730/2959 2132/2960 1720/2961
f 1730/2959 1720/2961 2099/2962
f 2100/2963 2107/2964 2099/2965
f 2099/2965 2107/2964 2132/2966
f 2099/2965 2132/2966 1754/2967
f 2123/2968 2100/2969 2099/2970
f 2100/2969 2123/2968 1741/2971
f 2100/2969 1741/2971 1720/2972
f 2123/2968 2099/2970 1727/2973
f 1727/2973 2099/2970 1720/2974
f 1727/2975 1720/2976 1741/2977
f 1727/2975 1741/2977 1736/2978
f 1727/2975 1736/2978 2121/2979
f 1736/2978 1741/2977 1744/2980
f 1744/2980 1741/2977 2123/2981
f 1744/2980 2123/2981 2121/2982
f 2121/2982 2123/2981 1727/2983
f 2220/2984 2181/2985 2236/2986
f 2236/2986 2181/2985 2204/2987
f 2220/2984 2236/2986 2314/2988
f 2314/2988 2236/2986 2204/2987
f 1722/2989 2121/2990 1736/2991
f 2121/2990 1722/2989 1731/2992
f 1722/2989 1736/2991 2109/2993
f 1722/2989 2109/2993 1726/2994
f 1726/2994 2109/2993 2121/2995
f 2121/2995 2109/2993 1744/2996
f 2109/2997 1736/2998 1746/2999
f 1746/2999 1736/2998 1737/3000
f 1746/2999 1737/3000 1722/3001
f 1746/2999 1722/3001 1726/3002
f 2109/2997 1746/2999 1744/3003
f 1746/2999 1726/3002 1731/3004
f 1746/2999 1731/3004 1744/3003
f 1744/3003 1731/3004 1737/3005
f 1744/3003 1737/3005 1736/3006
f 1737/3005 1731/3004 1722/3007
f 1731/3008 1726/3009 1755/3010
f 1731/3008 1755/3010 2113/3011
f 1755/3010 1726/3009 2124/3012
f 2124/3012 1726/3009 2121/3013
f 2124/3012 2121/3013 2113/3014
f 2124/3012 2113/3014 2128/3015
f 2124/3012 2128/3015 2158/3016
f 2121/3017 1731/3018 2113/3019
f 2113/3020 1755/3021 1723/3022
f 1723/3022 1755/3021 2124/3023
f 1723/3022 2124/3023 1761/3024
f 1761/3025 2124/3026 2110/3027
f 1761/3028 2110/3029 2127/3030
f 2127/3030 2110/3029 2124/3031
f 1761/3028 2127/3030 2158/3032
f 2158/3032 2127/3030 2124/3031
f 2158/3033 2128/3034 2167/3035
f 2167/3035 2128/3034 2187/3036
f 2187/3036 2128/3034 2249/3037
f 2167/3035 2187/3036 2256/3038
f 2256/3038 2187/3036 2260/3039
f 2256/3038 2260/3039 2167/3035
f 2167/3035 2260/3039 2158/3033
f 2260/3039 2187/3036 2302/3040
f 2158/3033 2260/3039 2219/3041
f 2158/3033 2219/3041 2160/3042
f 2160/3042 2219/3041 2217/3043
f 2217/3043 2219/3041 2309/3044
f 2309/3044 2219/3041 2275/3045
f 2219/3041 2260/3039 2286/3046
f 2275/3045 2219/3041 2231/3047
f 2231/3047 2219/3041 2286/3046
f 2231/3047 2286/3046 2275/3045
f 2286/3046 2260/3039 2336/3048
f 2275/3045 2286/3046 2349/3049
f 2275/3045 2349/3049 2364/3050
f 2349/3049 2286/3046 2320/3051
f 2320/3051 2286/3046 2336/3048
f 2320/3051 2336/3048 2337/3052
f 2337/3052 2336/3048 2386/3053
f 2302/3054 2187/3055 2249/3056
f 2302/3054 2249/3056 2340/3057
f 2340/3057 2249/3056 2298/3058
f 2298/3058 2249/3056 2289/3059
f 2298/3058 2289/3059 2355/3060
f 2298/3058 2355/3060 2351/3061
f 2298/3058 2351/3061 2385/3062
f 2340/3057 2298/3058 2353/3063
f 2353/3063 2298/3058 2385/3062
f 2340/3057 2353/3063 2386/3064
f 2353/3063 2385/3062 2377/3065
f 2353/3063 2377/3065 2343/3066
f 2260/3067 2302/3068 2361/3069
f 2260/3067 2361/3069 2344/3070
f 2344/3070 2361/3069 2336/3071
f 2344/3070 2336/3071 2260/3067
f 2336/3072 2361/3073 2302/3074
f 2336/3072 2302/3074 2340/3075
f 2336/3072 2340/3075 2386/3076
f 2337/3077 2386/3078 2353/3079
f 2337/3077 2353/3079 2343/3080
f 2337/3077 2343/3080 2320/3081
f 2385/3082 2351/3083 2408/3084
f 2408/3084 2351/3083 2355/3085
f 2385/3082 2408/3084 2377/3086
f 2377/3086 2408/3084 2355/3085
f 2289/3087 2249/3088 2180/3089
f 2143/3090 2249/3088 2128/3091
f 2249/3088 2143/3090 2180/3089
f 2180/3089 2143/3090 1848/3092
f 2289/3087 2180/3089 2258/3093
f 2180/3089 1848/3092 2150/3094
f 2180/3089 2150/3094 2186/3095
f 2150/3094 1848/3092 2115/3096
f 2115/3096 1848/3092 1791/3097
f 2289/3087 2258/3093 2295/3098
f 2295/3098 2258/3093 2315/3099
f 2289/3087 2295/3098 2355/3100
f 2295/3098 2315/3099 2363/3101
f 2295/3098 2363/3101 2355/3100
f 2258/3102 2180/3103 2212/3104
f 2258/3102 2212/3104 2315/3105
f 2315/3105 2212/3104 2297/3106
f 2297/3106 2212/3104 2254/3107
f 2363/3108 2315/3109 2329/3110
f 2329/3110 2315/3109 2342/3111
f 2342/3111 2315/3109 2297/3112
f 2329/3110 2342/3111 2316/3113
f 2316/3113 2342/3111 2297/3112
f 2363/3114 2329/3115 2355/3116
f 2355/3116 2329/3115 2341/3117
f 2341/3117 2329/3115 2345/3118
f 2345/3118 2329/3115 2313/3119
f 2341/3117 2345/3118 2360/3120
f 2360/3120 2345/3118 2414/3121
f 2414/3121 2345/3118 2339/3122
f 2316/3123 2297/3124 2254/3125
f 2316/3123 2254/3125 2329/3126
f 2329/3126 2254/3125 2313/3127
f 2355/3128 2341/3129 2377/3130
f 2377/3130 2341/3129 2367/3131
f 2377/3130 2367/3131 2343/3132
f 2367/3131 2341/3129 2322/3133
f 2367/3131 2322/3133 2395/3134
f 2395/3134 2322/3133 2360/3135
f 2186/3136 2212/3137 2180/3138
f 2212/3137 2186/3136 2254/3139
f 2254/3139 2186/3136 2240/3140
f 2240/3140 2186/3136 2159/3141
f 2186/3142 2150/3143 2151/3144
f 2186/3142 2151/3144 2159/3145
f 2151/3144 2150/3143 2115/3146
f 2159/3145 2151/3144 2136/3147
f 2159/3145 2136/3147 2138/3148
f 2159/3145 2138/3148 2092/3149
f 2092/3149 2138/3148 2136/3147
f 2136/3147 2151/3144 2114/3150
f 2136/3147 2114/3150 2092/3149
f 2114/3150 2151/3144 2115/3146
f 1824/3151 2092/3149 1732/3152
f 1732/3152 2092/3149 2114/3150
f 1732/3152 2114/3150 1749/3153
f 1749/3153 2114/3150 2091/3154
f 2091/3154 2114/3150 2096/3155
f 2096/3155 2114/3150 2115/3146
f 2096/3155 2115/3146 1729/3156
f 2096/3155 1729/3156 1749/3157
f 1749/3157 1729/3156 1732/3158
f 1732/3158 1729/3156 2115/3146
f 1732/3158 2115/3146 1791/3159
f 2343/3160 2367/3161 2326/3162
f 2343/3160 2326/3162 2396/3163
f 2396/3163 2326/3162 2367/3161
f 2396/3163 2367/3161 2416/3164
f 2416/3164 2367/3161 2395/3165
f 2343/3166 2396/3167 2402/3168
f 2402/3168 2396/3167 2424/3169
f 2343/3166 2402/3168 2320/3170
f 2402/3168 2424/3169 2370/3171
f 2402/3168 2370/3171 2320/3170
f 2370/3171 2424/3169 2382/3172
f 2320/3170 2370/3171 2334/3173
f 2320/3170 2334/3173 2349/3174
f 2349/3174 2334/3173 2364/3175
f 2364/3175 2334/3173 2275/3176
f 2382/3177 2424/3178 2396/3179
f 2382/3177 2396/3179 2392/3180
f 2392/3180 2396/3179 2388/3181
f 2388/3181 2396/3179 2417/3182
f 2334/3183 2370/3184 2371/3185
f 2371/3185 2370/3184 2382/3186
f 2334/3183 2371/3185 2327/3187
f 2334/3183 2327/3187 2265/3188
f 2334/3183 2265/3188 2275/3189
f 2275/3189 2265/3188 2229/3190
f 2265/3188 2327/3187 2317/3191
f 2317/3191 2327/3187 2369/3192
f 2369/3192 2327/3187 2335/3193
f 2335/3193 2327/3187 2328/3194
f 2328/3194 2327/3187 2371/3185
f 2328/3194 2371/3185 2325/3195
f 2328/3194 2325/3195 2262/3196
f 2328/3194 2262/3196 2281/3197
f 2262/3196 2325/3195 2306/3198
f 2229/3199 2265/3200 2317/3201
f 2229/3199 2317/3201 2285/3202
f 2285/3202 2317/3201 2225/3203
f 2285/3202 2225/3203 2229/3199
f 2317/3204 2369/3205 2335/3206
f 2317/3204 2335/3206 2300/3207
f 2317/3204 2300/3207 2225/3208
f 2300/3207 2335/3206 2354/3209
f 2354/3209 2335/3206 2359/3210
f 2354/3211 2359/3212 2300/3213
f 2359/3214 2335/3215 2328/3216
f 2359/3214 2328/3216 2300/3217
f 2300/3217 2328/3216 2281/3218
f 2183/3219 2281/3218 2262/3220
f 2300/3217 2281/3218 2232/3221
f 2232/3221 2281/3218 2183/3219
f 2300/3217 2232/3221 2237/3222
f 2300/3217 2237/3222 2259/3223
f 2259/3223 2237/3222 2179/3224
f 2237/3222 2232/3221 2172/3225
f 2172/3225 2232/3221 2183/3219
f 2237/3222 2172/3225 2179/3224
f 2172/3225 2183/3219 2161/3226
f 2172/3225 2161/3226 2179/3224
f 2234/3227 2225/3228 2259/3229
f 2259/3229 2225/3228 2300/3230
f 2234/3231 2259/3232 2243/3233
f 2243/3233 2259/3232 2238/3234
f 2238/3234 2259/3232 2179/3235
f 2243/3233 2238/3234 2261/3236
f 2261/3236 2238/3234 2292/3237
f 2261/3236 2292/3237 2263/3238
f 2292/3237 2238/3234 2274/3239
f 2274/3239 2238/3234 2211/3240
f 2274/3239 2211/3240 2218/3241
f 2292/3237 2274/3239 2284/3242
f 2292/3237 2284/3242 2263/3238
f 2284/3242 2274/3239 2218/3241
f 2263/3238 2284/3242 2266/3243
f 2284/3242 2218/3241 2271/3244
f 2284/3242 2271/3244 2266/3243
f 2325/3245 2371/3246 2348/3247
f 2325/3245 2348/3247 2306/3248
f 2306/3248 2348/3247 2322/3249
f 2322/3249 2348/3247 2308/3250
f 2322/3249 2308/3250 2360/3251
f 2162/3252 2283/3253 2192/3254
f 2162/3252 2192/3254 1790/3255
f 2192/3254 2283/3253 2299/3256
f 2192/3254 2299/3256 2169/3257
f 2169/3257 2299/3256 2277/3258
f 2299/3256 2283/3253 2333/3259
f 2299/3256 2333/3259 2277/3258
f 2333/3259 2283/3253 2323/3260
f 2333/3259 2323/3260 2330/3261
f 2330/3261 2323/3260 2306/3262
f 2333/3259 2330/3261 2324/3263
f 2333/3259 2324/3263 2277/3258
f 2277/3258 2324/3263 2264/3264
f 2277/3258 2264/3264 2221/3265
f 2276/3266 2228/3267 2221/3265
f 2276/3266 2221/3265 2282/3268
f 2282/3268 2221/3265 2264/3264
f 2282/3268 2264/3264 2321/3269
f 2321/3269 2264/3264 2331/3270
f 2321/3269 2331/3270 2368/3271
f 2321/3269 2368/3271 2282/3268
f 2282/3268 2368/3271 2332/3272
f 2330/3273 2306/3274 2311/3275
f 2311/3275 2306/3274 2322/3276
f 2330/3273 2311/3275 2324/3277
f 2311/3275 2322/3276 2341/3278
f 2324/3277 2311/3275 2264/3279
f 2311/3275 2341/3278 2308/3280
f 2311/3275 2308/3280 2264/3279
f 2308/3280 2341/3278 2360/3281
f 2264/3279 2308/3280 2331/3282
f 2277/3283 2221/3284 2171/3285
f 2277/3283 2171/3285 2169/3286
f 2171/3285 2221/3284 2163/3287
f 2169/3286 2171/3285 2098/3288
f 2169/3286 2098/3288 1836/3289
f 2171/3285 2163/3287 2126/3290
f 2171/3285 2126/3290 2098/3288
f 2126/3290 2163/3287 1751/3291
f 1751/3291 2163/3287 2133/3292
f 2098/3288 2126/3290 1794/3293
f 2098/3288 1794/3293 1836/3289
f 1794/3293 2126/3290 1751/3291
f 1751/3291 2133/3292 1812/3294
f 1751/3291 1812/3294 1864/3295
f 1794/3293 1751/3291 1875/3296
f 1794/3293 1875/3296 1836/3289
f 1875/3296 1751/3291 1864/3295
f 1836/3289 1875/3296 1925/3297
f 1875/3296 1864/3295 1968/3298
f 1875/3296 1968/3298 1925/3297
f 1968/3298 1864/3295 1900/3299
f 1968/3298 1900/3299 1940/3300
f 1968/3298 1940/3300 1977/3301
f 1925/3297 1968/3298 2009/3302
f 2009/3302 1968/3298 1977/3301
f 1925/3297 2009/3302 1944/3303
f 2009/3302 1977/3301 1982/3304
f 2192/3305 2169/3306 2252/3307
f 2103/3308 1790/3309 2192/3305
f 2103/3308 2192/3305 2200/3310
f 2200/3310 2192/3305 2252/3307
f 2200/3310 2252/3307 2267/3311
f 2200/3310 2267/3311 2184/3312
f 2252/3307 2169/3306 2201/3313
f 2252/3307 2201/3313 2267/3311
f 2184/3312 2267/3311 2154/3314
f 2184/3312 2154/3314 1808/3315
f 2154/3314 2267/3311 2182/3316
f 2154/3314 2182/3316 2137/3317
f 2154/3314 2137/3317 2130/3318
f 2182/3316 2267/3311 2166/3319
f 2166/3319 2267/3311 2201/3313
f 2166/3319 2201/3313 2104/3320
f 2104/3320 2201/3313 2169/3306
f 2166/3319 2104/3320 1774/3321
f 2166/3319 1774/3321 1724/3322
f 1724/3322 1774/3321 1849/3323
f 1849/3323 1774/3321 2104/3320
f 1849/3323 2104/3320 1840/3324
f 1840/3324 2104/3320 2169/3306
f 1840/3324 2169/3306 1836/3325
f 2103/3326 2200/3327 2108/3328
f 2108/3328 2200/3327 2184/3329
f 2103/3326 2108/3328 1808/3330
f 1808/3330 2108/3328 2184/3329
f 1790/3331 2103/3332 1871/3333
f 1871/3333 2103/3332 1808/3334
f 1790/3331 1871/3333 1918/3335
f 1871/3333 1808/3334 1921/3336
f 1871/3333 1921/3336 1918/3335
f 1921/3336 1808/3334 1803/3337
f 1803/3337 1808/3334 2154/3338
f 1803/3337 2154/3338 2130/3339
f 1803/3337 2130/3339 1779/3340
f 1779/3340 2130/3339 1776/3341
f 1779/3340 1776/3341 1787/3342
f 1787/3342 1776/3341 1792/3343
f 1779/3340 1787/3342 1780/3344
f 1803/3337 1779/3340 1861/3345
f 1861/3345 1779/3340 1780/3344
f 1803/3337 1861/3345 1921/3336
f 1861/3345 1780/3344 1724/3346
f 1861/3345 1724/3346 1849/3347
f 1861/3345 1849/3347 1921/3336
f 1921/3336 1849/3347 1920/3348
f 1920/3348 1849/3347 1840/3349
f 1921/3336 1920/3348 1918/3335
f 1918/3335 1920/3348 1840/3349
f 1918/3335 1840/3349 1836/3350
f 1918/3335 1836/3350 1877/3351
f 1918/3335 1877/3351 1790/3331
f 1877/3351 1836/3350 1944/3352
f 1944/3352 1836/3350 1925/3353
f 1790/3331 1877/3351 1930/3354
f 1930/3354 1877/3351 1944/3352
f 1790/3331 1930/3354 1799/3355
f 1799/3355 1930/3354 1928/3356
f 1930/3354 1944/3352 2009/3357
f 1928/3356 1930/3354 1974/3358
f 1974/3358 1930/3354 2009/3357
f 1974/3358 2009/3357 1979/3359
f 1979/3359 2009/3357 1982/3360
f 1780/3361 1787/3362 1783/3363
f 1783/3363 1787/3362 1800/3364
f 1800/3364 1787/3362 1792/3365
f 1800/3364 1792/3365 1783/3363
f 1783/3363 1792/3365 1781/3366
f 1781/3366 1792/3365 1776/3367
f 1783/3363 1781/3366 2135/3368
f 2135/3368 1781/3366 1776/3367
f 1780/3361 1783/3363 2131/3369
f 2131/3369 1783/3363 2135/3368
f 1780/3361 2131/3369 1724/3370
f 1724/3370 2131/3369 2182/3371
f 1724/3370 2182/3371 2166/3372
f 2182/3371 2131/3369 2137/3373
f 2137/3373 2131/3369 2135/3368
f 2137/3373 2135/3368 2146/3374
f 2140/3375 2135/3368 1776/3367
f 2135/3368 2140/3375 2146/3374
f 2146/3374 2140/3375 2137/3373
f 2140/3375 1776/3367 2130/3376
f 2140/3375 2130/3376 2137/3373
f 1928/3377 1974/3378 1991/3379
f 1928/3377 1991/3379 1953/3380
f 1991/3379 1974/3378 1946/3381
f 1946/3381 1974/3378 1979/3382
f 1991/3379 1946/3381 2016/3383
f 2016/3383 1946/3381 2039/3384
f 1991/3379 2016/3383 2041/3385
f 2041/3385 2016/3383 2039/3384
f 2041/3385 2039/3384 2061/3386
f 2041/3385 2061/3386 2031/3387
f 2041/3385 2031/3387 1953/3388
f 1991/3379 2041/3385 2005/3389
f 2041/3385 1953/3388 1972/3390
f 2041/3385 1972/3390 2005/3389
f 2005/3389 1972/3390 1963/3391
f 2005/3389 1963/3391 2018/3392
f 2033/3393 1979/3394 1982/3395
f 1982/3396 1977/3397 1934/3398
f 1982/3396 1934/3398 1955/3399
f 1955/3399 1934/3398 1956/3400
f 1956/3400 1934/3398 2002/3401
f 1956/3400 2002/3401 1977/3402
f 2002/3401 1934/3398 1940/3403
f 2002/3401 1940/3403 1975/3404
f 2002/3401 1975/3404 2000/3405
f 1972/3406 1953/3407 1991/3408
f 1972/3406 1991/3408 1998/3409
f 1998/3409 1991/3408 2005/3410
f 1972/3406 1998/3409 1978/3411
f 1972/3406 1978/3411 1963/3412
f 1998/3409 2005/3410 2034/3413
f 1998/3409 2034/3413 1978/3411
f 2034/3413 2005/3410 2018/3414
f 1963/3412 1978/3411 1942/3415
f 2034/3413 2018/3414 2030/3416
f 2034/3413 2030/3416 1978/3411
f 2030/3416 2018/3414 2025/3417
f 2030/3416 2025/3417 2020/3418
f 1978/3411 2030/3416 1951/3419
f 1978/3411 1951/3419 1942/3415
f 1942/3415 1951/3419 1939/3420
f 1942/3415 1939/3420 1966/3421
f 1951/3419 2030/3416 1993/3422
f 1951/3419 1993/3422 1939/3420
f 1993/3422 2030/3416 2020/3418
f 1939/3420 1993/3422 1969/3423
f 1993/3422 2020/3418 2006/3424
f 1993/3422 2006/3424 1969/3423
f 2006/3424 2020/3418 1959/3425
f 2006/3424 1959/3425 1999/3426
f 2006/3424 1999/3426 1969/3423
f 1969/3423 1999/3426 1949/3427
f 2018/3428 1963/3429 1966/3430
f 1966/3430 1963/3429 1942/3431
f 2018/3428 1966/3430 2025/3432
f 2025/3432 1966/3430 2020/3433
f 2020/3433 1966/3430 1961/3434
f 2020/3433 1961/3434 1959/3435
f 1961/3434 1966/3430 1939/3436
f 1961/3437 1939/3438 1969/3439
f 1961/3437 1969/3439 1959/3440
f 1959/3440 1969/3439 1949/3441
f 1959/3440 1949/3441 1948/3442
f 1948/3442 1949/3441 1932/3443
f 1948/3442 1932/3443 1923/3444
f 1932/3443 1949/3441 1986/3445
f 1986/3445 1949/3441 1999/3446
f 1923/3444 1932/3443 1936/3447
f 1923/3444 1936/3447 1950/3448
f 1932/3443 1986/3445 1988/3449
f 1932/3443 1988/3449 1936/3447
f 1986/3445 1999/3446 2022/3450
f 1986/3445 2022/3450 1988/3449
f 2022/3450 1999/3446 2012/3451
f 2022/3450 2012/3451 2008/3452
f 2022/3450 2008/3452 1988/3449
f 1936/3447 1988/3449 1967/3453
f 1936/3447 1967/3453 1950/3448
f 1967/3453 1988/3449 2008/3452
f 1990/3454 2008/3452 1950/3448
f 1990/3454 1950/3448 1967/3453
f 1990/3454 1967/3453 2008/3452
f 1959/3455 1948/3456 1999/3457
f 1999/3457 1948/3456 2012/3458
f 2012/3458 1948/3456 1950/3459
f 1950/3459 1948/3456 1923/3460
f 2012/3458 1950/3459 2008/3461
f 2077/3462 2033/3463 2076/3464
f 2076/3464 2033/3463 2035/3465
f 2035/3465 2033/3463 1982/3466
f 2076/3464 2035/3465 2088/3467
f 2076/3464 2088/3467 2081/3468
f 2076/3464 2081/3468 2059/3469
f 2023/3470 2015/3471 2086/3472
f 2086/3472 2015/3471 2085/3473
f 2086/3472 2085/3473 2023/3470
f 2088/3474 2035/3475 2081/3476
f 2081/3476 2035/3475 1982/3477
f 2081/3476 1982/3477 2059/3478
f 2059/3479 1982/3480 2002/3481
f 2002/3481 1982/3480 1955/3482
f 2002/3481 1955/3482 1977/3483
f 1977/3483 1955/3482 1937/3484
f 1977/3483 1937/3484 1934/3485
f 1937/3484 1955/3482 1956/3486
f 1934/3485 1937/3484 1940/3487
f 1940/3487 1937/3484 1956/3486
f 1940/3487 1956/3486 1977/3488
f 2059/3489 2002/3490 2051/3491
f 2051/3491 2002/3490 2072/3492
f 2059/3489 2051/3491 2074/3493
f 2074/3493 2051/3491 2078/3494
f 2078/3494 2051/3491 2068/3495
f 2051/3491 2072/3492 2000/3496
f 2068/3495 2051/3491 2028/3497
f 2028/3497 2051/3491 2000/3496
f 2068/3495 2028/3497 2047/3498
f 2028/3497 2000/3496 1997/3499
f 2028/3497 1997/3499 2047/3498
f 1997/3499 2000/3496 1984/3500
f 1984/3500 2000/3496 1975/3501
f 1997/3499 1984/3500 2019/3502
f 1997/3499 2019/3502 2047/3498
f 2047/3498 2019/3502 2056/3503
f 2059/3504 2074/3505 2089/3506
f 2059/3504 2089/3506 2058/3507
f 2058/3507 2089/3506 2072/3508
f 2089/3509 2074/3510 2087/3511
f 2087/3511 2074/3510 2078/3512
f 2087/3511 2078/3512 2089/3509
f 2089/3509 2078/3512 2072/3513
f 2072/3513 2078/3512 1996/3514
f 1996/3514 2078/3512 2050/3515
f 2050/3515 2078/3512 2063/3516
f 2050/3515 2063/3516 1984/3517
f 2050/3515 1984/3517 1975/3518
f 2063/3516 2078/3512 2057/3519
f 2063/3516 2057/3519 1984/3517
f 2057/3519 2078/3512 2068/3520
f 1984/3517 2057/3519 2019/3521
f 2019/3521 2057/3519 2068/3520
f 2019/3521 2068/3520 2056/3522
f 2058/3523 2072/3524 2002/3525
f 2058/3523 2002/3525 2000/3526
f 2058/3523 2000/3526 1996/3527
f 2058/3523 1996/3527 2053/3528
f 1996/3527 2000/3526 2072/3529
f 2050/3530 1975/3531 1996/3532
f 1996/3532 1975/3531 1994/3533
f 1994/3533 1975/3531 1900/3534
f 1900/3534 1975/3531 1940/3535
f 2060/3536 2068/3537 2047/3538
f 2068/3537 2060/3536 2056/3539
f 2056/3540 2036/3541 2047/3538
f 2036/3541 2056/3540 2045/3542
f 2047/3538 2036/3541 2027/3543
f 2027/3543 2036/3541 2045/3542
f 2047/3538 2027/3543 2060/3536
f 2027/3543 2045/3542 2004/3544
f 2004/3544 2045/3542 2055/3545
f 2060/3536 2027/3543 2037/3546
f 2037/3546 2027/3543 2004/3544
f 2037/3546 2004/3544 2017/3547
f 2017/3547 2004/3544 2007/3548
f 2037/3546 2017/3547 2066/3549
f 2037/3546 2066/3549 2070/3550
f 2037/3546 2070/3550 2060/3536
f 2060/3536 2070/3550 2071/3551
f 2060/3536 2071/3551 2056/3539
f 2071/3551 2070/3550 2075/3552
f 2056/3539 2071/3551 2045/3553
f 2045/3553 2071/3551 2075/3552
f 2055/3554 2045/3555 2075/3556
f 2055/3554 2075/3556 2066/3557
f 2066/3557 2075/3556 2070/3558
f 2055/3554 2066/3557 2064/3559
f 2064/3559 2066/3557 2014/3560
f 2014/3560 2066/3557 2017/3561
f 2055/3554 2064/3559 2007/3562
f 2007/3562 2064/3559 2014/3560
f 2007/3562 2014/3560 2017/3561
f 2055/3554 2007/3562 2004/3563
f 2388/3564 2371/3565 2382/3566
f 2388/3564 2382/3566 2387/3567
f 2387/3567 2382/3566 2392/3568
f 2388/3564 2387/3567 2416/3569
f 2388/3564 2416/3569 2392/3570
f 2416/3569 2387/3567 2396/3571
f 2396/3571 2387/3567 2417/3572
f 2392/3570 2416/3569 2395/3573
f 2392/3570 2395/3573 2387/3574
f 2387/3574 2395/3573 2360/3575
f 2371/3576 2388/3577 2412/3578
f 2412/3578 2388/3577 2417/3579
f 2371/3576 2412/3578 2348/3580
f 2412/3578 2417/3579 2421/3581
f 2412/3578 2421/3581 2348/3580
f 2348/3580 2421/3581 2347/3582
f 2347/3582 2421/3581 2384/3583
f 2384/3583 2421/3581 2406/3584
f 2347/3582 2384/3583 2378/3585
f 2378/3585 2384/3583 2406/3584
f 2378/3585 2406/3584 2410/3586
f 2378/3585 2410/3586 2407/3587
f 2407/3587 2410/3586 2423/3588
f 2308/3589 2348/3590 2358/3591
f 2358/3591 2348/3590 2383/3592
f 2308/3589 2358/3591 2331/3593
f 2358/3591 2383/3592 2381/3594
f 2331/3593 2358/3591 2400/3595
f 2358/3591 2381/3594 2379/3596
f 2358/3591 2379/3596 2400/3595
f 2368/3597 2331/3598 2338/3599
f 2368/3597 2338/3599 2332/3600
f 2338/3599 2331/3598 2379/3601
f 2379/3601 2331/3598 2366/3602
f 2332/3600 2338/3599 2278/3603
f 2332/3600 2278/3603 2376/3604
f 2338/3599 2379/3601 2339/3605
f 2338/3599 2339/3605 2278/3603
f 2339/3605 2379/3601 2360/3606
f 2278/3603 2339/3605 2356/3607
f 2366/3608 2331/3609 2400/3610
f 2366/3608 2400/3610 2398/3611
f 2398/3612 2400/3613 2379/3614
f 2398/3612 2379/3614 2366/3615
f 2379/3616 2381/3617 2360/3618
f 2360/3619 2381/3620 2387/3621
f 2387/3621 2381/3620 2429/3622
f 2339/3623 2360/3624 2414/3625
f 2345/3626 2313/3627 2339/3628
f 2339/3628 2313/3627 2356/3629
f 2278/3630 2356/3631 2313/3632
f 2278/3630 2313/3632 2250/3633
f 2250/3633 2313/3632 2254/3634
f 2332/3635 2376/3636 2350/3637
f 2350/3637 2376/3636 2255/3638
f 2255/3638 2376/3636 2278/3639
f 2255/3638 2278/3639 2197/3640
f 2197/3640 2278/3639 2165/3641
f 2255/3638 2197/3640 2215/3642
f 2215/3642 2197/3640 2174/3643
f 2350/3644 2255/3645 2332/3646
f 2332/3647 2255/3648 2279/3649
f 2332/3647 2279/3649 2282/3650
f 2282/3650 2279/3649 2304/3651
f 2304/3651 2279/3649 2255/3648
f 2304/3651 2255/3648 2319/3652
f 2304/3651 2319/3652 2352/3653
f 2319/3652 2255/3648 2318/3654
f 2318/3654 2255/3648 2215/3655
f 2282/3656 2304/3657 2288/3658
f 2282/3656 2288/3658 2276/3659
f 2288/3658 2304/3657 2230/3660
f 2230/3660 2304/3657 2215/3661
f 2276/3659 2288/3658 2268/3662
f 2268/3662 2288/3658 2230/3660
f 2230/3660 2215/3661 2174/3663
f 2276/3659 2268/3662 2228/3664
f 2228/3664 2268/3662 2244/3665
f 2244/3665 2268/3662 2226/3666
f 2230/3660 2174/3663 2173/3667
f 2173/3667 2174/3663 2177/3668
f 2173/3667 2177/3668 2163/3669
f 2173/3667 2163/3669 2221/3670
f 2226/3666 2268/3662 2193/3671
f 2193/3671 2268/3662 2230/3660
f 2193/3671 2230/3660 2173/3667
f 2226/3666 2193/3671 2228/3672
f 2173/3667 2221/3670 2178/3673
f 2173/3667 2178/3673 2193/3671
f 2178/3673 2221/3670 2228/3672
f 2178/3673 2228/3672 2193/3671
f 2226/3674 2228/3675 2202/3676
f 2226/3674 2202/3676 2246/3677
f 2246/3677 2202/3676 2223/3678
f 2202/3676 2228/3675 2244/3679
f 2226/3680 2246/3681 2244/3679
f 2223/3678 2202/3676 2191/3682
f 2223/3678 2191/3682 2235/3683
f 2235/3683 2191/3682 2194/3684
f 2194/3684 2191/3682 2189/3685
f 2189/3685 2191/3682 2202/3676
f 2194/3684 2189/3685 2216/3686
f 2189/3685 2202/3676 2206/3687
f 2189/3685 2206/3687 2216/3686
f 2257/3688 2202/3676 2244/3679
f 2202/3676 2257/3688 2206/3687
f 2257/3688 2244/3679 2272/3689
f 2272/3689 2244/3679 2246/3681
f 2206/3687 2257/3688 2293/3690
f 2293/3690 2257/3688 2272/3689
f 2216/3686 2206/3687 2294/3691
f 2294/3691 2206/3687 2293/3690
f 2216/3686 2294/3691 2301/3692
f 2216/3686 2301/3692 2207/3693
f 2301/3692 2294/3691 2291/3694
f 2291/3694 2294/3691 2293/3690
f 2293/3690 2272/3689 2280/3695
f 2293/3690 2280/3695 2291/3694
f 2280/3695 2272/3689 2246/3681
f 2291/3694 2280/3695 2235/3696
f 2280/3695 2246/3681 2223/3697
f 2280/3695 2223/3697 2235/3696
f 2194/3698 2216/3699 2185/3700
f 2194/3698 2185/3700 2190/3701
f 2194/3698 2190/3701 2239/3702
f 2185/3700 2216/3699 2207/3703
f 2239/3702 2190/3701 2208/3704
f 2208/3704 2190/3701 2185/3700
f 2208/3704 2185/3700 2207/3703
f 2208/3704 2207/3703 2241/3705
f 2208/3704 2241/3705 2222/3706
f 2241/3705 2207/3703 2287/3707
f 2287/3707 2207/3703 2301/3708
f 2241/3705 2287/3707 2269/3709
f 2239/3710 2291/3711 2235/3712
f 2239/3710 2235/3712 2194/3713
f 2291/3711 2239/3710 2248/3714
f 2248/3714 2239/3710 2208/3715
f 2248/3714 2208/3715 2222/3716
f 2248/3714 2222/3716 2269/3717
f 2248/3714 2269/3717 2287/3718
f 2248/3714 2287/3718 2301/3719
f 2312/3720 2301/3719 2291/3711
f 2301/3719 2312/3720 2248/3714
f 2248/3714 2312/3720 2291/3711
f 2222/3721 2241/3722 2209/3723
f 2222/3721 2209/3723 2269/3724
f 2269/3724 2209/3723 2270/3725
f 2209/3723 2241/3722 2273/3726
f 2273/3726 2241/3722 2269/3727
f 2273/3726 2269/3727 2270/3728
f 2273/3726 2270/3728 2310/3729
f 2273/3726 2310/3729 2253/3730
f 2273/3726 2253/3730 2209/3723
f 2253/3730 2310/3729 2290/3731
f 2290/3731 2310/3729 2213/3732
f 2253/3730 2290/3731 2227/3733
f 2227/3733 2290/3731 2213/3732
f 2253/3730 2227/3733 2209/3723
f 2209/3723 2227/3733 2213/3732
f 2209/3723 2213/3732 2242/3734
f 2209/3723 2242/3734 2247/3735
f 2209/3723 2247/3735 2270/3725
f 2247/3735 2242/3734 2305/3736
f 2247/3735 2305/3736 2270/3725
f 2305/3736 2242/3734 2296/3737
f 2270/3725 2305/3736 2310/3738
f 2310/3738 2305/3736 2296/3737
f 2296/3739 2242/3740 2303/3741
f 2303/3741 2242/3740 2213/3742
f 2296/3739 2303/3741 2310/3743
f 2310/3743 2303/3741 2213/3742
f 2390/3744 2417/3745 2348/3746
f 2348/3746 2417/3745 2383/3747
f 2383/3747 2417/3745 2387/3748
f 2390/3744 2348/3746 2357/3749
f 2390/3744 2357/3749 2405/3750
f 2417/3751 2390/3752 2401/3753
f 2417/3751 2401/3753 2405/3754
f 2405/3754 2401/3753 2387/3755
f 2387/3755 2401/3753 2390/3752
f 2387/3755 2390/3752 2383/3756
f 2383/3757 2390/3758 2405/3759
f 2383/3757 2405/3759 2381/3760
f 2417/3761 2405/3762 2421/3763
f 2421/3763 2405/3762 2403/3764
f 2403/3764 2405/3762 2357/3765
f 2421/3763 2403/3764 2426/3766
f 2421/3763 2426/3766 2419/3767
f 2419/3767 2426/3766 2403/3764
f 2421/3763 2419/3767 2406/3768
f 2406/3768 2419/3767 2404/3769
f 2404/3769 2419/3767 2403/3764
f 2406/3768 2404/3769 2410/3770
f 2403/3764 2357/3765 2362/3771
f 2403/3764 2362/3771 2404/3769
f 2362/3771 2357/3765 2347/3772
f 2347/3772 2357/3765 2348/3773
f 2362/3771 2347/3772 2378/3774
f 2362/3771 2378/3774 2404/3769
f 2404/3769 2378/3774 2407/3775
f 2391/3776 2410/3770 2404/3769
f 2391/3776 2404/3769 2407/3775
f 2410/3770 2391/3776 2389/3777
f 2391/3776 2407/3775 2394/3778
f 2387/3779 2429/3780 2405/3781
f 2405/3781 2429/3780 2381/3782
f 2394/3783 2407/3784 2423/3785
f 2394/3783 2423/3785 2397/3786
f 2397/3786 2423/3785 2418/3787
f 2394/3783 2397/3786 2372/3788
f 2394/3783 2372/3788 2391/3789
f 2391/3789 2372/3788 2389/3790
f 2397/3786 2418/3787 2399/3791
f 2399/3791 2418/3787 2413/3792
f 2397/3786 2399/3791 2373/3793
f 2399/3791 2413/3792 2374/3794
f 2399/3791 2374/3794 2373/3793
f 2397/3786 2373/3793 2365/3795
f 2397/3786 2365/3795 2372/3788
f 2365/3795 2373/3793 2374/3794
f 2372/3788 2365/3795 2380/3796
f 2380/3796 2365/3795 2374/3794
f 2374/3794 2413/3792 2409/3797
f 2380/3796 2374/3794 2375/3798
f 2375/3798 2374/3794 2409/3797
f 2375/3798 2409/3797 2380/3796
f 2372/3788 2380/3796 2393/3799
f 2372/3788 2393/3799 2389/3790
f 2380/3796 2409/3797 2411/3800
f 2380/3796 2411/3800 2393/3799
f 2389/3790 2393/3799 2415/3801
f 2389/3790 2415/3801 2410/3802
f 2410/3802 2415/3801 2423/3803
f 2415/3801 2393/3799 2422/3804
f 2422/3804 2393/3799 2411/3800
f 2423/3803 2415/3801 2425/3805
f 2425/3805 2415/3801 2422/3804
f 2423/3803 2425/3805 2418/3806
f 2422/3804 2411/3800 2427/3807
f 2422/3804 2427/3807 2425/3805
f 2427/3807 2411/3800 2409/3797
f 2425/3805 2427/3807 2418/3806
f 2427/3807 2409/3797 2428/3808
f 2418/3806 2427/3807 2413/3809
f 2409/3810 2413/3811 2420/3812
f 2420/3812 2413/3811 2427/3813
f 2409/3810 2420/3812 2428/3814
f 2428/3814 2420/3812 2427/3813
f 1719/3815 1756/3816 2093/3817
f 1719/3815 2093/3817 2122/3818
f 2122/3819 2093/3820 1756/3821
f 1719/3822 2122/3823 2102/3824
f 2102/3824 2122/3823 1756/3825
f 2102/3824 1756/3825 1718/3826
f 2102/3824 1718/3826 2105/3827
f 1719/3822 2102/3824 1728/3828
f 1719/3822 1728/3828 1756/3829
f 1756/3829 1728/3828 1718/3830
f 1728/3828 2102/3824 2106/3831
f 2106/3831 2102/3824 2105/3827
f 1718/3830 1728/3828 1757/3832
f 1757/3832 1728/3828 2106/3831
f 1718/3830 1757/3832 2105/3833
f 2105/3833 1757/3832 1734/3834
f 1734/3834 1757/3832 2106/3831
f 2105/3833 1734/3834 2091/3835
f 2091/3835 1734/3834 1749/3836
f 1734/3834 2106/3831 2111/3837
f 1734/3834 2111/3837 1749/3836
f 2111/3837 2106/3831 2105/3827
f 1749/3836 2111/3837 2096/3838
f 2111/3837 2105/3827 2091/3839
f 2111/3837 2091/3839 2096/3838
f 2159/3840 2092/3841 2112/3842
f 2112/3842 2092/3841 1811/3843
f 1811/3843 2092/3841 1824/3844
f 1811/3843 1824/3844 1867/3845
f 2254/3846 2240/3847 2245/3848
f 2245/3848 2240/3847 2175/3849
f 2245/3848 2175/3849 2254/3846
f 2175/3849 2240/3847 2159/3850
f 2175/3849 2159/3850 2214/3851
f 2175/3849 2214/3851 2254/3846
f 2254/3846 2214/3851 2250/3852
f 2250/3852 2214/3851 2210/3853
f 2250/3852 2210/3853 2278/3854
f 2278/3854 2210/3853 2307/3855
f 2214/3856 2159/3857 2153/3858
f 2153/3858 2159/3857 2112/3859
f 2214/3856 2153/3858 2168/3860
f 2214/3856 2168/3860 2210/3861
f 2153/3858 2112/3859 2141/3862
f 2141/3862 2112/3859 2118/3863
f 2153/3858 2141/3862 2176/3864
f 2153/3858 2176/3864 2168/3860
f 2168/3860 2176/3864 2118/3865
f 2118/3865 2176/3864 2156/3866
f 2156/3866 2176/3864 2165/3867
f 2118/3865 2156/3866 2145/3868
f 2145/3868 2156/3866 2165/3867
f 2118/3865 2145/3868 2141/3869
f 2145/3868 2165/3867 2116/3870
f 2307/3871 2210/3872 2168/3873
f 2307/3871 2168/3873 2165/3874
f 2307/3871 2165/3874 2278/3875
f 2165/3874 2168/3873 2118/3876
f 2197/3877 2165/3878 2176/3879
f 2197/3877 2176/3879 2195/3880
f 2197/3877 2195/3880 2139/3881
f 2139/3881 2195/3880 2145/3882
f 2145/3882 2195/3880 2176/3879
f 2145/3882 2176/3879 2141/3883
f 2139/3884 2145/3885 2125/3886
f 2125/3886 2145/3885 2116/3887
f 2139/3884 2125/3886 2197/3888
f 2197/3888 2125/3886 2174/3889
f 2125/3886 2116/3887 2133/3890
f 2174/3889 2125/3886 2177/3891
f 2177/3891 2125/3886 2133/3890
f 2177/3891 2133/3890 2163/3892
f 2116/3893 2165/3894 2118/3895
f 1735/3896 2133/3897 2116/3893
f 1735/3896 2116/3893 2095/3898
f 2095/3898 2116/3893 2094/3899
f 2095/3898 2094/3899 1742/3900
f 2094/3899 2116/3893 1747/3901
f 1747/3901 2116/3893 2118/3895
f 2094/3899 1747/3901 1775/3902
f 1775/3902 1747/3901 1816/3903
f 1747/3901 2118/3895 1725/3904
f 1725/3904 2118/3895 2112/3905
f 1725/3904 2112/3905 1811/3906
f 1725/3904 1811/3906 1804/3907
f 1725/3904 1804/3907 1747/3901
f 1747/3901 1804/3907 1815/3908
f 1747/3901 1815/3908 1816/3903
f 1816/3903 1815/3908 1742/3909
f 1816/3903 1742/3909 2094/3910
f 1824/3911 1732/3912 1844/3913
f 1844/3913 1732/3912 1786/3914
f 1786/3914 1732/3912 1769/3915
f 1786/3916 1769/3917 1844/3918
f 1844/3918 1769/3917 1824/3919
f 1769/3920 1732/3921 1791/3922
f 1769/3920 1791/3922 1824/3923
f 1824/3923 1791/3922 1865/3924
f 1865/3924 1791/3922 1862/3925
f 1824/3923 1865/3924 1910/3926
f 1824/3923 1910/3926 1867/3927
f 1867/3927 1910/3926 1935/3928
f 1935/3928 1910/3926 1938/3929
f 1935/3928 1938/3929 2010/3930
f 1865/3931 1862/3932 1910/3933
f 1910/3933 1862/3932 1958/3934
f 1910/3933 1958/3934 1938/3935
f 1938/3935 1958/3934 2048/3936
f 1938/3935 2048/3936 2010/3937
f 2010/3937 2048/3936 1958/3934
f 1935/3938 2010/3939 2021/3940
f 1935/3938 2021/3940 2046/3941
f 2046/3941 2021/3940 2053/3942
f 1935/3938 2046/3941 1973/3943
f 2046/3941 2053/3942 2065/3944
f 2046/3941 2065/3944 1973/3943
f 1860/3945 1811/3946 1867/3947
f 1811/3946 1860/3945 1804/3948
f 1860/3945 1867/3947 1883/3949
f 1883/3949 1867/3947 1924/3950
f 1924/3950 1867/3947 1935/3951
f 1924/3950 1935/3951 1973/3952
f 1883/3949 1924/3950 1981/3953
f 1981/3953 1924/3950 1973/3952
f 1883/3949 1981/3953 1909/3954
f 1909/3954 1981/3953 1973/3952
f 1973/3955 2065/3956 2053/3957
f 1973/3955 2053/3957 1996/3958
f 1973/3955 1996/3958 1965/3959
f 1965/3959 1996/3958 2011/3960
f 1973/3955 1965/3959 1909/3961
f 2011/3962 1996/3963 1994/3964
f 2011/3962 1994/3964 1980/3965
f 2011/3962 1980/3965 1915/3966
f 2011/3962 1915/3966 1945/3967
f 2011/3962 1945/3967 2013/3968
f 1945/3967 1915/3966 1965/3969
f 1965/3970 2011/3971 2013/3972
f 1965/3970 2013/3972 1945/3973
f 1965/3974 1915/3975 1909/3976
f 1909/3976 1915/3975 1889/3977
f 1909/3976 1889/3977 1859/3978
f 1889/3977 1915/3975 1916/3979
f 1889/3977 1916/3979 1900/3980
f 1900/3980 1916/3979 1994/3981
f 1915/3982 1980/3983 1994/3984
f 1915/3982 1994/3984 1916/3985
f 1889/3986 1900/3987 1843/3988
f 1843/3988 1900/3987 1864/3989
f 1843/3988 1864/3989 1859/3990
f 1843/3988 1859/3990 1812/3991
f 1889/3986 1843/3988 1802/3992
f 1889/3986 1802/3992 1859/3993
f 1859/3993 1802/3992 1812/3994
f 1812/3994 1802/3992 1815/3995
f 1815/3995 1802/3992 1752/3996
f 1815/3995 1752/3996 2095/3997
f 1802/3992 1843/3988 1735/3998
f 2095/3997 1752/3996 1735/3998
f 1735/3998 1752/3996 1802/3992
f 1735/3998 1843/3988 1812/3991
f 1735/3998 1812/3991 2133/3999
f 1815/4000 2095/4001 1767/4002
f 1767/4002 2095/4001 1742/4003
f 1767/4004 1742/4005 1815/4006
f 1816/4007 2094/4008 1775/4009
f 1804/4010 1860/4011 1846/4012
f 1804/4010 1846/4012 1883/4013
f 1884/4014 1860/4011 1883/4015
f 1860/4011 1884/4014 1894/4016
f 1860/4011 1894/4016 1846/4012
f 1883/4013 1846/4012 1884/4017
f 1846/4012 1894/4016 1922/4018
f 1846/4012 1922/4018 1897/4019
f 1846/4012 1897/4019 1884/4017
f 1897/4019 1922/4018 1947/4020
f 1853/4021 1884/4017 1911/4022
f 1911/4022 1884/4017 1897/4019
f 1911/4022 1897/4019 1912/4023
f 1912/4023 1897/4019 1859/4024
f 1859/4024 1897/4019 1909/4025
f 1909/4025 1897/4019 1933/4026
f 1933/4026 1897/4019 1947/4020
f 1933/4026 1947/4020 1894/4027
f 1815/4028 1804/4029 1883/4030
f 1815/4028 1883/4030 1909/4031
f 1815/4028 1909/4031 1884/4032
f 1884/4032 1909/4031 1933/4033
f 1884/4032 1933/4033 1894/4034
f 1815/4028 1884/4032 1853/4035
f 1815/4028 1853/4035 1847/4036
f 1922/4037 1894/4038 1911/4039
f 1911/4039 1894/4038 1908/4040
f 1911/4039 1908/4040 1853/4041
f 1908/4040 1894/4038 1947/4042
f 1853/4041 1908/4040 1847/4043
f 1908/4040 1947/4042 1885/4044
f 1908/4040 1885/4044 1847/4043
f 1885/4044 1947/4042 1911/4045
f 1885/4044 1911/4045 1847/4043
f 1911/4045 1947/4042 1922/4046
f 1847/4043 1911/4045 1879/4047
f 1879/4047 1911/4045 1905/4048
f 1905/4048 1911/4045 1912/4049
f 1905/4048 1912/4049 1904/4050
f 1904/4050 1912/4049 1859/4051
f 1904/4050 1859/4051 1864/4052
f 1904/4050 1864/4052 1905/4048
f 1905/4048 1864/4052 1858/4053
f 1905/4048 1858/4053 1887/4054
f 1905/4048 1887/4054 1879/4047
f 1887/4054 1858/4053 1856/4055
f 1856/4055 1858/4053 1854/4056
f 1856/4055 1854/4056 1839/4057
f 1887/4054 1856/4055 1893/4058
f 1887/4054 1893/4058 1854/4059
f 1887/4054 1854/4059 1879/4047
f 1879/4047 1854/4059 1833/4060
f 1833/4060 1854/4059 1858/4061
f 1879/4047 1833/4060 1817/4062
f 1879/4047 1817/4062 1847/4043
f 1847/4043 1817/4062 1815/4063
f 1815/4063 1817/4062 1812/4064
f 1817/4062 1833/4060 1827/4065
f 1827/4065 1833/4060 1858/4061
f 1817/4062 1827/4065 1812/4064
f 1827/4065 1858/4061 1864/4066
f 1827/4065 1864/4066 1812/4064
f 2318/4067 2215/4068 2304/4069
f 2318/4067 2304/4069 2346/4070
f 2346/4070 2304/4069 2352/4071
f 2319/4072 2318/4073 2352/4074
f 2352/4074 2318/4073 2346/4075
f 1854/4076 1893/4077 1870/4078
f 1856/4079 1863/4080 1893/4077
f 1870/4078 1893/4077 1902/4081
f 1902/4081 1893/4077 1863/4080
f 1870/4078 1902/4081 1907/4082
f 1870/4078 1907/4082 1868/4083
f 1868/4083 1907/4082 1876/4084
f 1876/4084 1907/4082 1891/4085
f 1907/4082 1902/4081 1892/4086
f 1892/4086 1902/4081 1863/4080
f 1907/4082 1892/4086 1891/4085
f 1892/4086 1863/4080 1842/4087
f 1891/4085 1892/4086 1838/4088
f 1838/4088 1892/4086 1842/4087
f 1854/4089 1870/4090 1839/4091
f 1839/4091 1870/4090 1868/4092
f 1839/4091 1868/4092 1828/4093
f 1828/4093 1868/4092 1876/4094
f 1839/4091 1828/4093 1856/4095
f 1856/4095 1828/4093 1863/4096
f 1863/4096 1828/4093 1829/4097
f 1863/4096 1829/4097 1842/4098
f 1842/4098 1829/4097 1838/4099
f 1838/4099 1829/4097 1819/4100
f 1876/4101 1891/4102 1857/4103
f 1857/4103 1891/4102 1845/4104
f 1857/4103 1845/4104 1876/4101
f 1876/4101 1845/4104 1828/4105
f 1828/4105 1845/4104 1829/4106
f 1845/4104 1891/4102 1838/4107
f 1829/4106 1845/4104 1819/4108
f 1845/4104 1838/4107 1813/4109
f 1845/4104 1813/4109 1819/4108
f 1813/4109 1838/4107 1809/4110
f 1813/4109 1809/4110 1819/4108
f 1819/4108 1809/4110 1838/4107
o tripo_part_3
v -0.023864 0.095257 -0.366356
v -0.023606 0.083642 -0.338212
v -0.023289 0.091568 -0.435534
v -0.023149 0.125798 -0.371155
v -0.023083 0.032246 -0.412778
v -0.023015 0.083647 -0.387768
v -0.022580 0.046631 -0.401181
v -0.022536 0.068836 -0.340104
v -0.022362 0.095448 -0.378914
v -0.022144 0.083627 -0.353997
v -0.022080 0.070528 -0.335320
v -0.022077 0.052899 -0.339608
v -0.021945 0.122120 -0.425449
v -0.021765 0.041493 -0.407843
v -0.021724 0.045868 -0.405674
v -0.021514 0.028996 -0.340279
v -0.021410 0.088038 -0.432459
v -0.021388 0.130440 -0.426872
v -0.021371 0.090938 -0.361928
v -0.021343 0.083617 -0.397374
v -0.021176 0.087659 -0.388533
v -0.021093 0.115735 -0.371834
v -0.021019 0.082463 -0.335511
v -0.020836 0.129559 -0.373520
v -0.020560 0.098250 -0.373841
v -0.020505 0.061394 -0.478699
v -0.020445 0.105349 -0.416687
v -0.020432 0.091911 -0.440280
v -0.020018 0.059882 -0.476944
v -0.019933 0.088307 -0.422696
v -0.019816 0.099173 -0.367039
v -0.019727 0.116494 -0.436286
v -0.019691 0.042244 -0.404416
v -0.019634 0.101292 -0.374314
v -0.019290 0.154602 -0.378926
v -0.019271 0.127736 -0.378666
v -0.019082 0.122437 -0.377873
v -0.018995 0.058098 -0.387801
v -0.018866 0.081183 -0.489487
v -0.018811 0.071106 -0.489190
v -0.018794 0.087926 -0.353047
v -0.018791 0.122059 -0.365181
v -0.018671 0.127774 -0.362752
v -0.018522 0.069528 -0.486641
v -0.018504 0.087748 -0.406863
v -0.018426 0.083543 -0.486886
v -0.018047 0.155404 -0.363915
v -0.017996 0.067822 -0.480004
v -0.017965 0.069573 -0.394970
v -0.017912 0.069572 -0.416706
v -0.017860 0.051346 -0.387169
v -0.017724 0.090929 -0.383107
v -0.017437 0.068684 -0.389199
v -0.017405 0.112877 -0.370141
v -0.017339 0.030720 -0.395957
v -0.017268 0.031830 -0.398960
v -0.017085 0.064406 -0.477723
v -0.016968 0.116871 -0.379635
v -0.016927 0.091067 -0.420086
v -0.016924 0.083817 -0.407137
v -0.016859 0.088377 -0.421588
v -0.016840 0.122952 -0.361416
v -0.016834 0.120011 -0.418311
v -0.016803 0.070961 -0.488396
v -0.016730 0.046284 -0.387402
v -0.016432 0.081697 -0.487061
v -0.016393 0.029427 -0.363656
v -0.016132 0.107792 -0.369744
v -0.016124 0.069478 -0.481606
v -0.015911 0.083869 -0.390751
v -0.015524 0.059979 -0.466225
v -0.015417 0.055045 -0.341935
v -0.015401 0.091295 -0.429205
v -0.015104 0.129853 -0.363179
v -0.015025 0.045983 -0.389220
v -0.014842 0.095868 -0.358655
v -0.014721 0.091679 -0.417434
v -0.014711 0.167992 -0.370320
v -0.014675 0.090568 -0.413939
v -0.014642 0.098082 -0.380166
v -0.014092 0.044251 -0.391427
v -0.013868 0.083734 -0.443951
v -0.013729 0.101473 -0.363038
v -0.013621 0.067687 -0.465413
v -0.013560 0.130211 -0.380486
v -0.013372 0.116341 -0.427358
v -0.013318 0.159073 -0.372536
v -0.013298 0.064709 -0.468529
v -0.013286 0.158318 -0.369500
v -0.013275 0.087892 -0.442868
v -0.013250 0.088227 -0.390467
v -0.013250 0.091762 -0.434010
v -0.013240 0.108347 -0.375878
v -0.013216 0.165436 -0.370316
v -0.013197 0.124814 -0.374596
v -0.013175 0.069285 -0.464612
v -0.013159 0.070084 -0.338288
v -0.013060 0.124546 -0.369160
v -0.012721 0.123551 -0.382756
v -0.012719 0.115891 -0.361283
v -0.012654 0.068957 -0.467900
v -0.012621 0.038166 -0.387305
v -0.012457 0.087945 -0.434319
v -0.012109 0.085702 -0.351010
v -0.011978 0.069102 -0.343422
v -0.011897 0.101502 -0.380044
v -0.011877 0.166665 -0.374070
v -0.011872 0.058073 -0.370751
v -0.011785 0.091068 -0.358002
v -0.011537 0.090173 -0.433770
v -0.011276 0.158570 -0.369370
v -0.011217 0.108168 -0.366356
v -0.011135 0.090908 -0.384751
v -0.011075 0.112690 -0.377312
v -0.010905 0.069608 -0.376351
v -0.010865 0.088286 -0.420587
v -0.010518 0.103714 -0.376980
v -0.010353 0.091962 -0.423042
v -0.010191 0.097249 -0.382885
v -0.010149 0.068671 -0.371449
v -0.010109 0.061638 -0.369671
v -0.010006 0.046471 -0.370560
v -0.009726 0.124836 -0.370049
v -0.009681 0.051373 -0.345109
v -0.009587 0.157776 -0.373002
v -0.009568 0.166283 -0.370122
v -0.009387 0.098250 -0.361603
v -0.009246 0.112969 -0.365483
v -0.009170 0.085564 -0.412012
v -0.009159 0.083570 -0.463044
v -0.009131 0.083887 -0.412483
v -0.009121 0.087709 -0.413460
v -0.009065 0.083807 -0.391060
v -0.008513 0.069712 -0.459641
v -0.008442 0.156609 -0.364277
v -0.008271 0.124028 -0.360009
v -0.008013 0.028702 -0.345772
v -0.007744 0.030499 -0.371132
v -0.007573 0.148240 -0.362454
v -0.007458 0.103346 -0.367264
v -0.007227 0.070338 -0.465699
v -0.006855 0.111052 -0.374154
v -0.006733 0.116250 -0.380051
v -0.006729 0.089046 -0.353283
v -0.006379 0.108950 -0.368905
v -0.006094 0.086744 -0.390749
v -0.005972 0.083947 -0.434874
v -0.005904 0.088012 -0.433503
v -0.005820 0.031983 -0.371304
v -0.005757 0.074681 -0.461609
v -0.005740 0.068714 -0.370636
v -0.005719 0.044571 -0.370717
v -0.005713 0.129784 -0.377999
v -0.005265 0.083741 -0.351689
v -0.005251 0.102864 -0.372887
v -0.005234 0.130078 -0.365357
v -0.005150 0.028302 -0.367989
v -0.005093 0.080575 -0.460385
v -0.005055 0.086526 -0.419518
v -0.004881 0.083540 -0.455845
v -0.004750 0.098265 -0.377793
v -0.004208 0.083741 -0.423543
v -0.004065 0.101197 -0.366364
v -0.003855 0.153565 -0.379075
v -0.003762 0.127613 -0.380261
v -0.003670 0.083602 -0.342682
v -0.003641 0.085984 -0.427220
v -0.003590 0.030026 -0.369195
v -0.003460 0.093215 -0.382124
v -0.003350 0.095227 -0.360661
v -0.003178 0.070378 -0.456032
v -0.003121 0.127770 -0.364045
v -0.003115 0.089054 -0.387080
v -0.002810 0.034966 -0.367672
v -0.002785 0.129837 -0.371499
v -0.002762 0.121621 -0.375027
v -0.002688 0.068270 -0.368569
v -0.002650 0.050305 -0.368493
v -0.002344 0.152298 -0.368268
v -0.002278 0.098044 -0.369805
v -0.001795 0.090946 -0.380299
v -0.001494 0.083485 -0.412865
v -0.001297 0.116234 -0.368145
v -0.001131 0.096779 -0.377347
v -0.000454 0.122826 -0.369099
v -0.000233 0.069604 -0.445244
v 0.000009 0.090757 -0.363324
v 0.000032 0.081486 -0.341713
v 0.000051 0.047867 -0.368519
v 0.000467 0.035233 -0.367489
v 0.000570 0.096497 -0.366242
v 0.000591 0.083689 -0.396391
v 0.000600 0.083580 -0.436892
v 0.001049 0.091052 -0.376130
v 0.001684 0.070847 -0.342431
v 0.001873 0.069722 -0.344231
v 0.001876 0.083697 -0.355862
v 0.002046 0.069393 -0.349404
v 0.002069 0.069593 -0.371964
v 0.002073 0.082237 -0.442811
v 0.002161 0.093763 -0.368825
v 0.002224 0.034440 -0.355092
v 0.002250 0.049342 -0.354573
v 0.002306 0.082206 -0.343133
v 0.002512 0.027955 -0.349732
v 0.002548 0.068935 -0.355179
v 0.002809 0.087763 -0.385216
v 0.002882 0.049397 -0.367985
v 0.002887 0.083536 -0.385586
v 0.003152 0.053156 -0.370553
v 0.003273 0.079778 -0.439608
v 0.003341 0.029442 -0.352528
v 0.003637 0.070990 -0.439425
v 0.004326 0.035397 -0.357071
v 0.004724 0.087862 -0.359261
v 0.004774 0.048119 -0.356347
v 0.006260 0.081300 -0.432900
v 0.006864 0.087656 -0.378914
v 0.007192 0.076857 -0.430312
v 0.007255 0.069566 -0.425486
v 0.007434 0.083605 -0.425762
v 0.007820 0.053370 -0.361867
v 0.007831 0.050782 -0.357457
v 0.008228 0.083883 -0.366421
v 0.008396 0.083630 -0.375329
v 0.008487 0.087733 -0.371056
v 0.008972 0.055510 -0.357831
v 0.010349 0.071503 -0.423173
v 0.011291 0.067705 -0.374100
v 0.012546 0.069599 -0.412266
v 0.012794 0.054839 -0.360486
v 0.013416 0.081848 -0.415687
v 0.014358 0.067908 -0.359765
v 0.015419 0.083620 -0.404563
v 0.016498 0.082139 -0.347916
v 0.016555 0.075243 -0.407863
v 0.017658 0.069583 -0.349961
v 0.019291 0.069564 -0.359807
v 0.019745 0.071330 -0.400619
v 0.020149 0.069565 -0.394957
v 0.021263 0.081976 -0.396664
v 0.021293 0.069553 -0.380253
v 0.022354 0.059821 -0.376313
v 0.022762 0.062624 -0.378750
v 0.024105 0.068715 -0.379357
v 0.024826 0.083423 -0.382006
v 0.026111 0.069682 -0.380810
v 0.026168 0.059948 -0.367146
v 0.026630 0.061528 -0.364510
v 0.027053 0.080809 -0.382531
v 0.027736 0.071384 -0.381341
v 0.029178 0.064869 -0.367440
v 0.029998 0.068612 -0.365613
v 0.030578 0.070481 -0.374020
v 0.034019 0.082371 -0.365799
v 0.034847 0.083572 -0.356888
v 0.035324 0.070992 -0.354565
v 0.036323 0.069502 -0.356846
v 0.037769 0.080818 -0.355416
v 0.037853 0.071290 -0.356759
v -0.024027 0.031178 -0.388878
v -0.024074 0.045765 -0.415150
v -0.024316 0.069561 -0.459332
v -0.024481 0.087926 -0.441075
v -0.024495 0.029938 -0.341240
v -0.024665 0.091188 -0.373337
v -0.024820 0.068135 -0.341363
v -0.024929 0.117337 -0.415901
v -0.024974 0.079881 -0.335984
v -0.025050 0.091567 -0.417000
v -0.025509 0.091890 -0.411901
v -0.025535 0.050837 -0.406637
v -0.025658 0.087792 -0.385111
v -0.025869 0.084011 -0.446026
v -0.025935 0.131260 -0.427139
v -0.025962 0.087698 -0.429938
v -0.025974 0.070383 -0.338250
v -0.026090 0.034504 -0.419759
v -0.026140 0.087497 -0.357373
v -0.026179 0.069587 -0.413733
v -0.026215 0.130494 -0.424604
v -0.026392 0.060202 -0.405496
v -0.026424 0.122036 -0.427540
v -0.026453 0.046700 -0.411111
v -0.026475 0.088181 -0.411239
v -0.026530 0.122395 -0.424248
v -0.026845 0.130516 -0.425949
v -0.026851 0.129960 -0.423871
v -0.026910 0.130570 -0.425071
v -0.026919 0.131978 -0.428372
v -0.026949 0.132000 -0.423039
v -0.026987 0.131276 -0.428051
v -0.026993 0.055676 -0.461842
v -0.027038 0.067991 -0.411853
v -0.027163 0.087702 -0.445546
v -0.028084 0.088517 -0.418907
v -0.028201 0.090896 -0.441012
v -0.028267 0.069441 -0.477356
v -0.028387 0.087736 -0.406105
v -0.028392 0.046345 -0.424812
v -0.028489 0.069015 -0.350705
v -0.028514 0.032578 -0.426183
v -0.028687 0.030972 -0.418606
v -0.029004 0.046090 -0.426826
v -0.029083 0.088639 -0.433917
v -0.029264 0.068092 -0.475365
v -0.029426 0.118943 -0.435132
v -0.029453 0.082103 -0.346528
v -0.029530 0.091274 -0.433930
v -0.029553 0.062769 -0.353383
v -0.029650 0.088061 -0.363656
v -0.029671 0.038895 -0.427610
v -0.029920 0.083862 -0.379731
v -0.029957 0.083765 -0.363423
v -0.030072 0.029656 -0.357098
v -0.030379 0.088641 -0.374619
v -0.030608 0.120167 -0.418240
v -0.030798 0.056118 -0.459027
v -0.030848 0.031628 -0.362736
v -0.030874 0.088142 -0.424902
v -0.030961 0.091966 -0.419324
v -0.031381 0.083925 -0.373799
v -0.031382 0.087307 -0.370873
v -0.031491 0.046772 -0.423372
v -0.031562 0.070292 -0.351574
v -0.031805 0.083862 -0.406855
v -0.032425 0.083561 -0.482399
v -0.032583 0.044960 -0.436299
v -0.032858 0.084092 -0.445363
v -0.033322 0.091209 -0.427681
v -0.033430 0.033253 -0.361962
v -0.033542 0.068585 -0.427809
v -0.033752 0.083618 -0.381005
v -0.033846 0.053212 -0.459939
v -0.033860 0.033444 -0.439337
v -0.034147 0.102635 -0.428790
v -0.034262 0.068266 -0.364728
v -0.034304 0.046524 -0.437201
v -0.034488 0.088351 -0.414238
v -0.034745 0.116608 -0.425495
v -0.035472 0.083627 -0.364686
v -0.035659 0.049448 -0.458985
v -0.035721 0.060667 -0.429188
v -0.035799 0.069576 -0.436724
v -0.035813 0.092000 -0.435044
v -0.035841 0.052782 -0.430720
v -0.035882 0.083679 -0.464703
v -0.036255 0.088191 -0.468426
v -0.036323 0.044682 -0.369015
v -0.036353 0.031468 -0.373639
v -0.036430 0.105267 -0.459046
v -0.037008 0.087990 -0.434231
v -0.037091 0.071370 -0.482064
v -0.037113 0.070290 -0.364609
v -0.037192 0.088194 -0.461224
v -0.037241 0.106581 -0.471287
v -0.037322 0.048127 -0.458027
v -0.037493 0.053164 -0.470337
v -0.037516 0.036419 -0.458245
v -0.037538 0.031331 -0.442017
v -0.037662 0.081581 -0.482201
v -0.037675 0.091818 -0.421730
v -0.037782 0.082059 -0.366066
v -0.037786 0.088520 -0.467167
v -0.037835 0.069609 -0.454579
v -0.037870 0.093877 -0.467152
v -0.037910 0.049139 -0.456349
v -0.038407 0.083634 -0.473664
v -0.038552 0.047413 -0.439507
v -0.038966 0.067726 -0.455960
v -0.039037 0.033051 -0.451760
v -0.039055 0.088523 -0.460244
v -0.039103 0.108221 -0.457100
v -0.039121 0.054291 -0.471375
v -0.039217 0.083749 -0.457356
v -0.039246 0.045220 -0.452237
v -0.039401 0.031418 -0.412489
v -0.039535 0.090463 -0.422633
v -0.039584 0.096428 -0.460881
v -0.039805 0.048165 -0.455090
v -0.039921 0.035294 -0.455891
v -0.040026 0.069327 -0.376851
v -0.040066 0.068432 -0.452965
v -0.040074 0.087470 -0.439398
v -0.040139 0.104474 -0.466481
v -0.040264 0.033455 -0.378315
v -0.040438 0.108267 -0.474663
v -0.040621 0.046822 -0.452195
v -0.040905 0.087715 -0.414522
v -0.041232 0.036366 -0.467953
v -0.041315 0.096560 -0.473805
v -0.041407 0.068273 -0.381478
v -0.041436 0.083891 -0.414421
v -0.041451 0.083815 -0.438218
v -0.041577 0.031506 -0.453656
v -0.041859 0.048066 -0.469288
v -0.042021 0.105544 -0.476700
v -0.042027 0.103304 -0.463212
v -0.042185 0.088526 -0.476807
v -0.042212 0.069020 -0.449460
v -0.042242 0.031609 -0.388302
v -0.042494 0.088101 -0.454957
v -0.042622 0.067321 -0.448540
v -0.042937 0.069543 -0.471444
v -0.043017 0.048184 -0.449833
v -0.043528 0.060967 -0.450444
v -0.043673 0.070260 -0.379963
v -0.043696 0.029309 -0.465996
v -0.043820 0.102778 -0.469315
v -0.043858 0.056183 -0.448884
v -0.044201 0.067720 -0.469414
v -0.044464 0.096915 -0.457364
v -0.044464 0.047440 -0.469491
v -0.044524 0.035332 -0.469197
v -0.044897 0.088824 -0.476693
v -0.045246 0.088504 -0.455384
v -0.045325 0.087574 -0.424681
v -0.045353 0.103760 -0.473259
v -0.045372 0.083473 -0.478859
v -0.045380 0.032753 -0.472161
v -0.045452 0.104649 -0.457680
v -0.045458 0.083643 -0.428066
v -0.045477 0.083569 -0.410144
v -0.045496 0.081629 -0.384186
v -0.045504 0.067995 -0.471718
v -0.045538 0.093840 -0.455296
v -0.045542 0.103310 -0.460530
v -0.046070 0.095257 -0.476807
v -0.046090 0.104729 -0.468472
v -0.046257 0.069241 -0.391467
v -0.046568 0.083606 -0.390980
v -0.047051 0.069563 -0.477593
v -0.047373 0.083886 -0.452775
v -0.047720 0.029618 -0.471345
v -0.047922 0.088160 -0.453141
v -0.048096 0.048058 -0.473336
v -0.048409 0.031674 -0.473324
v -0.048550 0.069188 -0.473210
v -0.049187 0.088234 -0.479722
v -0.049643 0.070205 -0.393927
v -0.049977 0.104407 -0.462658
v -0.050682 0.032448 -0.410056
v -0.050726 0.109312 -0.478333
v -0.051800 0.069286 -0.404809
v -0.052126 0.106709 -0.454155
v -0.052594 0.096594 -0.456273
v -0.052781 0.034993 -0.408382
v -0.053078 0.068185 -0.409356
v -0.053772 0.060904 -0.410923
v -0.053860 0.103741 -0.459443
v -0.054287 0.088643 -0.455853
v -0.054493 0.070738 -0.476357
v -0.054575 0.106230 -0.478760
v -0.054722 0.082705 -0.475724
v -0.054818 0.081820 -0.406007
v -0.055193 0.088058 -0.454564
v -0.055195 0.103869 -0.472832
v -0.055661 0.097706 -0.456994
v -0.055661 0.030922 -0.458439
v -0.056004 0.083129 -0.477913
v -0.056176 0.098788 -0.475434
v -0.056210 0.070164 -0.409518
v -0.056401 0.072942 -0.475235
v -0.056889 0.083601 -0.416799
v -0.056904 0.088484 -0.475770
v -0.056912 0.108403 -0.456967
v -0.057454 0.096186 -0.460274
v -0.057595 0.069357 -0.418221
v -0.057637 0.104035 -0.465985
v -0.058323 0.107865 -0.473858
v -0.058480 0.088654 -0.460118
v -0.059067 0.106261 -0.457242
v -0.059273 0.083724 -0.456891
v -0.059533 0.096436 -0.467297
v -0.060665 0.060372 -0.468915
v -0.060711 0.069042 -0.468960
v -0.060746 0.032418 -0.468815
v -0.060822 0.098952 -0.466023
v -0.060906 0.088955 -0.464844
v -0.060933 0.088067 -0.460732
v -0.061177 0.068357 -0.428557
v -0.061570 0.032612 -0.434649
v -0.061692 0.083663 -0.471535
v -0.061726 0.088040 -0.469555
v -0.062596 0.105662 -0.469613
v -0.062886 0.045369 -0.467362
v -0.062981 0.069625 -0.472199
v -0.063240 0.034840 -0.432614
v -0.063317 0.041951 -0.466645
v -0.063626 0.070242 -0.427031
v -0.065213 0.069307 -0.436575
v -0.067307 0.052702 -0.442833
v -0.067467 0.033791 -0.445702
v -0.068154 0.040997 -0.447411
v -0.069352 0.082015 -0.470521
v -0.069432 0.082922 -0.442212
v -0.070668 0.068846 -0.451294
v -0.070832 0.070049 -0.444531
v -0.071949 0.031567 -0.455357
v -0.072983 0.060786 -0.463879
v -0.073521 0.033925 -0.462925
v -0.073952 0.068196 -0.463402
v -0.074181 0.031655 -0.460766
v -0.074280 0.047760 -0.460255
v -0.074887 0.068862 -0.461739
v -0.076828 0.069612 -0.467236
v -0.077748 0.083682 -0.467129
v -0.077927 0.071208 -0.467461
v -0.079476 0.080538 -0.464692
v -0.079483 0.070786 -0.465027
vt 0.089123 0.721155
vt 0.084094 0.728670
vt 0.083755 0.725393
vt 0.087371 0.718443
vt 0.081607 0.727936
vt 0.080873 0.742571
vt 0.076635 0.723924
vt 0.076126 0.714374
vt 0.078387 0.712962
vt 0.066181 0.712171
vt 0.088106 0.715448
vt 0.063639 0.721438
vt 0.056519 0.720816
vt 0.063865 0.722568
vt 0.070645 0.731496
vt 0.058779 0.705842
vt 0.060813 0.705390
vt 0.067707 0.709402
vt 0.058892 0.702847
vt 0.077200 0.708328
vt 0.071662 0.689060
vt 0.091892 0.692902
vt 0.068046 0.679397
vt 0.092570 0.706463
vt 0.089349 0.715956
vt 0.079630 0.683352
vt 0.099181 0.707594
vt 0.100028 0.716748
vt 0.093982 0.692506
vt 0.084320 0.684257
vt 0.104266 0.704768
vt 0.114155 0.710814
vt 0.103249 0.689286
vt 0.093304 0.676798
vt 0.082173 0.680584
vt 0.110426 0.686630
vt 0.101893 0.672673
vt 0.096073 0.670639
vt 0.073810 0.677250
vt 0.117997 0.692337
vt 0.117093 0.710475
vt 0.111612 0.684652
vt 0.113985 0.683974
vt 0.103701 0.671769
vt 0.106470 0.670413
vt 0.108843 0.663971
vt 0.098446 0.669848
vt 0.080760 0.659846
vt 0.081212 0.658716
vt 0.078500 0.666683
vt 0.070024 0.653743
vt 0.065447 0.673407
vt 0.056519 0.662841
vt 0.151005 0.936353
vt 0.158125 0.930929
vt 0.161684 0.935845
vt 0.161684 0.929516
vt 0.159311 0.927934
vt 0.161345 0.927821
vt 0.165753 0.935280
vt 0.167391 0.943869
vt 0.171290 0.942908
vt 0.165696 0.944377
vt 0.173664 0.951892
vt 0.175641 0.942851
vt 0.157955 0.947994
vt 0.154847 0.947485
vt 0.158690 0.949632
vt 0.165244 0.957204
vt 0.178806 0.961272
vt 0.182535 0.951779
vt 0.182931 0.948559
vt 0.187451 0.960086
vt 0.180783 0.961498
vt 0.179823 0.962855
vt 0.188186 0.965849
vt 0.191237 0.966754
vt 0.174681 0.967997
vt 0.175924 0.973817
vt 0.171799 0.969918
vt 0.151287 0.958052
vt 0.152474 0.966641
vt 0.151005 0.971048
vt 0.451487 0.637735
vt 0.450052 0.634948
vt 0.463831 0.640427
vt 0.437804 0.643051
vt 0.453015 0.646908
vt 0.471941 0.637981
vt 0.454212 0.650765
vt 0.441118 0.649420
vt 0.456743 0.647066
vt 0.451237 0.653781
vt 0.439073 0.654990
vt 0.461766 0.652269
vt 0.455951 0.656493
vt 0.463889 0.649638
vt 0.478199 0.657892
vt 0.451931 0.661870
vt 0.472305 0.649966
vt 0.472613 0.652569
vt 0.487868 0.652810
vt 0.498537 0.653673
vt 0.500876 0.651893
vt 0.476208 0.649674
vt 0.486546 0.649968
vt 0.486397 0.648215
vt 0.471054 0.641248
vt 0.478633 0.645352
vt 0.478411 0.640376
vt 0.495514 0.637305
vt 0.472719 0.624993
vt 0.491297 0.640193
vt 0.499742 0.610005
vt 0.504175 0.640744
vt 0.501353 0.649808
vt 0.502796 0.651972
vt 0.508585 0.645205
vt 0.509962 0.610694
vt 0.500352 0.606339
vt 0.506914 0.638516
vt 0.518254 0.640066
vt 0.523949 0.645785
vt 0.516270 0.626536
vt 0.521410 0.607950
vt 0.524180 0.607926
vt 0.524612 0.637656
vt 0.524843 0.641954
vt 0.526627 0.639319
vt 0.532924 0.651319
vt 0.538847 0.647547
vt 0.551126 0.660241
vt 0.550315 0.661870
vt 0.552227 0.657937
vt 0.553367 0.661850
vt 0.211581 0.930078
vt 0.201410 0.942622
vt 0.200111 0.934090
vt 0.207400 0.922901
vt 0.209039 0.919342
vt 0.189035 0.939062
vt 0.194573 0.931886
vt 0.205761 0.906119
vt 0.194404 0.929739
vt 0.204123 0.921658
vt 0.193838 0.927761
vt 0.191748 0.923975
vt 0.200619 0.915217
vt 0.189035 0.919285
vt 0.199207 0.908097
vt 0.201806 0.912787
vt 0.203275 0.907306
vt 0.198811 0.905498
vt 0.205648 0.902729
vt 0.208248 0.896909
vt 0.209321 0.889393
vt 0.321091 0.341889
vt 0.341785 0.349948
vt 0.308633 0.366428
vt 0.299543 0.334272
vt 0.321072 0.338838
vt 0.339728 0.338281
vt 0.327599 0.332082
vt 0.328980 0.321136
vt 0.301263 0.332316
vt 0.289224 0.368501
vt 0.305356 0.375372
vt 0.324653 0.386690
vt 0.316609 0.383764
vt 0.307809 0.378002
vt 0.296903 0.373457
vt 0.301987 0.378155
vt 0.313600 0.384856
vt 0.299417 0.389255
vt 0.287254 0.372376
vt 0.267183 0.382126
vt 0.281794 0.366147
vt 0.273399 0.364121
vt 0.270870 0.358551
vt 0.283509 0.346560
vt 0.254016 0.364160
vt 0.267602 0.335227
vt 0.283207 0.334632
vt 0.287573 0.328923
vt 0.279105 0.323787
vt 0.273206 0.321001
vt 0.258682 0.352577
vt 0.254914 0.355638
vt 0.250453 0.364341
vt 0.237460 0.368529
vt 0.252288 0.380187
vt 0.242267 0.363730
vt 0.230958 0.368786
vt 0.250678 0.355415
vt 0.234009 0.350798
vt 0.232847 0.348862
vt 0.251372 0.354181
vt 0.240576 0.349863
vt 0.220288 0.349947
vt 0.245207 0.345627
vt 0.230054 0.346284
vt 0.235569 0.343584
vt 0.257294 0.350582
vt 0.231862 0.341786
vt 0.248341 0.339054
vt 0.241805 0.324053
vt 0.259302 0.343713
vt 0.205965 0.347507
vt 0.217405 0.341039
vt 0.202314 0.345766
vt 0.201199 0.349030
vt 0.182667 0.344276
vt 0.180119 0.353625
vt 0.205034 0.349643
vt 0.270304 0.322603
vt 0.257672 0.325044
vt 0.258799 0.316242
vt 0.250596 0.308002
vt 0.248751 0.310861
vt 0.255551 0.327391
vt 0.217382 0.360817
vt 0.222560 0.367042
vt 0.203024 0.356681
vt 0.212952 0.362570
vt 0.215665 0.371533
vt 0.202429 0.359104
vt 0.209413 0.378914
vt 0.200140 0.356871
vt 0.185641 0.368387
vt 0.180022 0.365886
vt 0.162668 0.375275
vt 0.168260 0.375458
vt 0.166162 0.380574
vt 0.179888 0.372044
vt 0.182949 0.384797
vt 0.169109 0.384398
vt 0.159950 0.389255
vt 0.526241 0.555453
vt 0.526241 0.588630
vt 0.507338 0.570789
vt 0.490697 0.602193
vt 0.498156 0.588462
vt 0.497422 0.595525
vt 0.499117 0.584902
vt 0.500925 0.585128
vt 0.499682 0.596147
vt 0.502620 0.600724
vt 0.509853 0.587219
vt 0.500755 0.573658
vt 0.515390 0.602193
vt 0.513639 0.590044
vt 0.122523 0.606246
vt 0.119810 0.606327
vt 0.123422 0.597215
vt 0.119687 0.592989
vt 0.111624 0.600917
vt 0.113445 0.604612
vt 0.099468 0.592013
vt 0.114814 0.579877
vt 0.105340 0.582928
vt 0.121693 0.609570
vt 0.114091 0.607332
vt 0.110012 0.603384
vt 0.102658 0.599341
vt 0.111034 0.607748
vt 0.119226 0.612649
vt 0.104298 0.603994
vt 0.108458 0.610486
vt 0.119831 0.618759
vt 0.100984 0.602316
vt 0.101024 0.608363
vt 0.096215 0.599433
vt 0.096044 0.604235
vt 0.112512 0.616468
vt 0.119104 0.622876
vt 0.104878 0.612195
vt 0.098015 0.614317
vt 0.111451 0.620185
vt 0.119172 0.626606
vt 0.113035 0.624781
vt 0.105094 0.617736
vt 0.106808 0.616230
vt 0.101737 0.614983
vt 0.095591 0.618526
vt 0.091534 0.617574
vt 0.092823 0.613747
vt 0.088433 0.616972
vt 0.096830 0.609387
vt 0.090449 0.613775
vt 0.090914 0.607960
vt 0.091190 0.603781
vt 0.087511 0.608993
vt 0.084127 0.613134
vt 0.084202 0.606919
vt 0.091406 0.599885
vt 0.083727 0.618272
vt 0.088306 0.622904
vt 0.085745 0.624399
vt 0.082454 0.620743
vt 0.080448 0.613655
vt 0.065569 0.610370
vt 0.062380 0.626606
vt 0.060250 0.620421
vt 0.063611 0.608707
vt 0.056281 0.612067
vt 0.071849 0.595526
vt 0.067222 0.599709
vt 0.083702 0.596685
vt 0.082891 0.584186
vt 0.070432 0.576917
vt 0.076953 0.570383
vt 0.084631 0.575674
vt 0.068689 0.585655
vt 0.068719 0.573732
vt 0.064638 0.574757
vt 0.062654 0.589483
vt 0.059293 0.577462
vt 0.054997 0.606005
vt 0.056951 0.593766
vt 0.053946 0.585197
vt 0.056944 0.575456
vt 0.049936 0.599163
vt 0.032641 0.575788
vt 0.053625 0.607288
vt 0.053291 0.611636
vt 0.049829 0.612894
vt 0.047559 0.618405
vt 0.020863 0.610909
vt 0.032968 0.614614
vt 0.023157 0.593871
vt 0.027418 0.573013
vt 0.020204 0.599826
vt 0.018804 0.612919
vt 0.025551 0.573217
vt 0.013273 0.598217
vt 0.018317 0.577990
vt 0.011039 0.577056
vt 0.007690 0.601937
vt 0.006071 0.586094
vt 0.004351 0.597658
vt 0.002475 0.598540
vt 0.539749 0.718392
vt 0.553367 0.714267
vt 0.530821 0.724890
vt 0.505280 0.724212
vt 0.537941 0.733874
vt 0.521497 0.741163
vt 0.492792 0.730371
vt 0.498669 0.741389
vt 0.537545 0.739073
vt 0.545230 0.734383
vt 0.539014 0.743198
vt 0.526413 0.744045
vt 0.513812 0.747605
vt 0.493018 0.748622
vt 0.515282 0.752126
vt 0.521102 0.755290
vt 0.540314 0.753764
vt 0.505280 0.756364
vt 0.532290 0.759584
vt 0.533307 0.762466
vt 0.521893 0.761901
vt 0.515903 0.765913
vt 0.501664 0.762523
vt 0.484825 0.750204
vt 0.496635 0.772298
vt 0.506241 0.763201
vt 0.510535 0.767495
vt 0.502172 0.774502
vt 0.497426 0.782413
vt 0.516525 0.773598
vt 0.509349 0.781678
vt 0.501890 0.784730
vt 0.497991 0.787159
vt 0.493753 0.790889
vt 0.494770 0.794053
vt 0.503867 0.792697
vt 0.511496 0.783147
vt 0.513756 0.782074
vt 0.523079 0.776988
vt 0.525340 0.769586
vt 0.527826 0.774615
vt 0.533364 0.771451
vt 0.542404 0.765574
vt 0.537941 0.767326
vt 0.540427 0.772411
vt 0.539071 0.771168
vt 0.539805 0.773202
vt 0.538280 0.773824
vt 0.535398 0.778683
vt 0.532290 0.781170
vt 0.541783 0.787781
vt 0.553367 0.796991
vt 0.546077 0.803094
vt 0.528108 0.782074
vt 0.536697 0.805637
vt 0.521045 0.782243
vt 0.169090 0.852429
vt 0.160502 0.839941
vt 0.164174 0.842145
vt 0.171803 0.854463
vt 0.163496 0.829318
vt 0.161519 0.828244
vt 0.169034 0.839150
vt 0.170616 0.818751
vt 0.169599 0.814174
vt 0.166774 0.830844
vt 0.184347 0.845253
vt 0.192371 0.847626
vt 0.172311 0.822311
vt 0.192484 0.845083
vt 0.197909 0.854463
vt 0.185308 0.843219
vt 0.170277 0.836833
vt 0.175137 0.825928
vt 0.175250 0.818243
vt 0.184178 0.832087
vt 0.188133 0.831917
vt 0.191128 0.834799
vt 0.174459 0.816378
vt 0.173611 0.809936
vt 0.185647 0.816943
vt 0.168582 0.809315
vt 0.171746 0.804173
vt 0.166265 0.792024
vt 0.173780 0.794567
vt 0.203220 0.781005
vt 0.172876 0.788464
vt 0.177001 0.775242
vt 0.174741 0.772134
vt 0.167621 0.779367
vt 0.165361 0.781344
vt 0.162818 0.785130
vt 0.160332 0.777220
vt 0.205593 0.808185
vt 0.212431 0.787108
vt 0.210114 0.801743
vt 0.215595 0.786204
vt 0.218194 0.809880
vt 0.226501 0.787052
vt 0.224579 0.818186
vt 0.204633 0.819655
vt 0.209323 0.827227
vt 0.209379 0.835082
vt 0.206328 0.825080
vt 0.205480 0.834799
vt 0.202994 0.819938
vt 0.200225 0.822481
vt 0.197287 0.821464
vt 0.196609 0.823498
vt 0.201920 0.836664
vt 0.198982 0.836212
vt 0.205876 0.846044
vt 0.195366 0.836833
vt 0.197683 0.837455
vt 0.202825 0.845479
vt 0.198191 0.850734
vt 0.095055 0.978564
vt 0.088274 0.978451
vt 0.091269 0.973026
vt 0.100593 0.974778
vt 0.103983 0.979129
vt 0.106243 0.974948
vt 0.109860 0.979242
vt 0.101158 0.973026
vt 0.107091 0.973026
vt 0.101158 0.967771
vt 0.106526 0.965737
vt 0.104322 0.958165
vt 0.107317 0.958165
vt 0.100932 0.957205
vt 0.096468 0.959126
vt 0.093981 0.965681
vt 0.088444 0.971953
vt 0.092456 0.958222
vt 0.097824 0.953193
vt 0.105565 0.951328
vt 0.094716 0.950424
vt 0.106356 0.946016
vt 0.092908 0.954097
vt 0.092625 0.941496
vt 0.092738 0.935054
vt 0.086918 0.950311
vt 0.079629 0.946469
vt 0.080928 0.934150
vt 0.074543 0.947542
vt 0.083132 0.951837
vt 0.081437 0.957431
vt 0.073074 0.953419
vt 0.088557 0.965568
vt 0.080137 0.962799
vt 0.074317 0.970088
vt 0.073639 0.960199
vt 0.072340 0.958391
vt 0.068045 0.964268
vt 0.083980 0.973930
vt 0.077538 0.976925
vt 0.071379 0.976812
vt 0.077369 0.979242
vt 0.964496 0.086803
vt 0.961162 0.081887
vt 0.964383 0.080813
vt 0.966643 0.078496
vt 0.965343 0.073976
vt 0.961331 0.070190
vt 0.966982 0.072168
vt 0.965343 0.066347
vt 0.961162 0.057928
vt 0.967095 0.066234
vt 0.974215 0.070529
vt 0.982691 0.073298
vt 0.965117 0.059228
vt 0.965117 0.054707
vt 0.961162 0.050413
vt 0.964552 0.048039
vt 0.965626 0.049452
vt 0.967152 0.056515
vt 0.975458 0.054142
vt 0.974836 0.048322
vt 0.982126 0.053803
vt 0.972746 0.056233
vt 0.974441 0.062336
vt 0.975062 0.064652
vt 0.981165 0.065726
vt 0.983482 0.056911
vt 0.988567 0.051825
vt 0.984555 0.051034
vt 0.986420 0.048492
vt 0.986646 0.062505
vt 0.991788 0.052334
vt 0.986251 0.067534
vt 0.986646 0.076292
vt 0.988963 0.066743
vt 0.996874 0.061940
vt 0.964552 0.533590
vt 0.976249 0.530765
vt 0.976305 0.535342
vt 0.978000 0.532178
vt 0.982973 0.522854
vt 0.983425 0.525397
vt 0.985855 0.536529
vt 0.989640 0.529070
vt 0.992240 0.528731
vt 0.987832 0.537772
vt 0.983877 0.537998
vt 0.984272 0.541501
vt 0.992805 0.547717
vt 0.986985 0.553876
vt 0.977435 0.538393
vt 0.978057 0.555684
vt 0.977435 0.560148
vt 0.976757 0.553311
vt 0.973819 0.537376
vt 0.964721 0.540540
vt 0.967829 0.553480
vt 0.964552 0.554102
vt 0.970259 0.550485
vt 0.967999 0.549412
vt 0.974045 0.540597
vt 0.401462 0.479054
vt 0.399710 0.490977
vt 0.399710 0.477811
vt 0.074657 0.743079
vt 0.074205 0.748391
vt 0.071267 0.751329
vt 0.072793 0.756810
vt 0.070532 0.743701
vt 0.065955 0.749916
vt 0.071662 0.739237
vt 0.066577 0.741949
vt 0.064204 0.746526
vt 0.062621 0.741158
vt 0.061774 0.736129
vt 0.068498 0.735960
vt 0.066125 0.731496
vt 0.062339 0.729179
vt 0.063074 0.726297
vt 0.059118 0.729405
vt 0.059062 0.725788
vt 0.089470 0.582174
vt 0.096849 0.584183
vt 0.088130 0.576111
vt 0.085845 0.573428
vt 0.091068 0.580837
vt 0.103786 0.580593
vt 0.112697 0.577365
vt 0.109376 0.576195
vt 0.097953 0.581654
vt 0.102917 0.577644
vt 0.092453 0.578423
vt 0.092870 0.567183
vt 0.094703 0.574551
vt 0.104320 0.573705
vt 0.112743 0.568720
vt 0.099184 0.573192
vt 0.095826 0.570496
vt 0.099320 0.571272
vt 0.100216 0.567214
vt 0.107641 0.570072
vt 0.048601 0.319350
vt 0.050183 0.322797
vt 0.038656 0.320254
vt 0.038825 0.317825
vt 0.048431 0.312570
vt 0.038317 0.309405
vt 0.048036 0.309744
vt 0.042667 0.304715
vt 0.050183 0.306128
vt 0.973141 0.745398
vt 0.974045 0.739126
vt 0.981730 0.740821
vt 0.984103 0.743703
vt 0.978566 0.750540
vt 0.972294 0.770035
vt 0.982069 0.771391
vt 0.985177 0.750992
vt 0.990263 0.751614
vt 0.987324 0.761446
vt 0.991788 0.770882
vt 0.984103 0.774442
vt 0.988511 0.743307
vt 0.998230 0.769526
vt 0.992862 0.747602
vt 0.998230 0.744720
vt 0.990489 0.741669
vt 0.996535 0.739126
vt 0.003730 0.443507
vt 0.003335 0.440004
vt 0.009381 0.443507
vt 0.009494 0.438874
vt 0.002657 0.436387
vt 0.011190 0.052669
vt 0.011190 0.046284
vt 0.013563 0.046962
vt 0.012320 0.052895
vt 0.013054 0.052613
vt 0.445486 0.074596
vt 0.446785 0.066685
vt 0.448537 0.065894
vt 0.450458 0.068380
vt 0.451645 0.068663
vt 0.449215 0.065103
vt 0.445486 0.060865
vt 0.166033 0.207175
vt 0.166598 0.208757
vt 0.166089 0.208192
vt 0.165637 0.207627
vt 0.164055 0.207740
vt 0.166315 0.210113
vt 0.167785 0.208700
vt 0.165468 0.210904
vt 0.164959 0.211356
vt 0.168689 0.212486
vt 0.169536 0.207683
vt 0.164055 0.218363
vt 0.574898 0.930363
vt 0.570321 0.929685
vt 0.577611 0.924769
vt 0.580492 0.931493
vt 0.566705 0.920022
vt 0.563880 0.922283
vt 0.569022 0.935561
vt 0.576367 0.940986
vt 0.561054 0.931211
vt 0.556364 0.923130
vt 0.568626 0.941043
vt 0.572356 0.945507
vt 0.564501 0.936579
vt 0.552917 0.929515
vt 0.556534 0.935279
vt 0.542577 0.927199
vt 0.551674 0.921265
vt 0.560433 0.942399
vt 0.551674 0.936409
vt 0.547945 0.931663
vt 0.541503 0.933810
vt 0.544046 0.936240
vt 0.541108 0.943472
vt 0.553935 0.941325
vt 0.548793 0.943585
vt 0.548906 0.946919
vt 0.541503 0.947880
vt 0.557720 0.946806
vt 0.544894 0.951044
vt 0.563823 0.947597
vt 0.550205 0.950875
vt 0.543820 0.954208
vt 0.556703 0.950197
vt 0.552239 0.955734
vt 0.560037 0.953474
vt 0.559359 0.956469
vt 0.557099 0.959068
vt 0.565631 0.958955
vt 0.566253 0.953926
vt 0.568965 0.949123
vt 0.573655 0.949292
vt 0.571451 0.953304
vt 0.577102 0.954660
vt 0.571508 0.956582
vt 0.577724 0.958616
vt 0.570039 0.959068
vt 0.565688 0.962628
vt 0.571508 0.961893
vt 0.575011 0.962684
vt 0.580492 0.962628
vt 0.571056 0.964492
vt 0.567609 0.967035
vt 0.575689 0.966922
vt 0.234470 0.298669
vt 0.241420 0.310930
vt 0.232661 0.316807
vt 0.240685 0.317372
vt 0.240629 0.295787
vt 0.234413 0.292227
vt 0.231757 0.293357
vt 0.226559 0.298160
vt 0.219778 0.316298
vt 0.226672 0.292509
vt 0.219778 0.294600
vt 0.081377 0.217743
vt 0.078552 0.232209
vt 0.076292 0.215370
vt 0.079795 0.211132
vt 0.075444 0.207516
vt 0.073015 0.231757
vt 0.072393 0.237351
vt 0.071658 0.208759
vt 0.073975 0.202487
vt 0.070585 0.202317
vt 0.068607 0.206781
vt 0.069455 0.215370
vt 0.059623 0.210567
vt 0.059623 0.230966
vt 0.066968 0.231361
vt 0.064934 0.237012
vt 0.133087 0.606998
vt 0.127097 0.600951
vt 0.137042 0.600951
vt 0.134782 0.606885
vt 0.141054 0.603551
vt 0.136703 0.606715
vt 0.130657 0.612874
vt 0.128453 0.611123
vt 0.134330 0.615756
vt 0.137664 0.615587
vt 0.138964 0.612366
vt 0.140037 0.615473
vt 0.395642 0.190955
vt 0.392308 0.192142
vt 0.391856 0.187734
vt 0.395924 0.189599
vt 0.395642 0.198018
vt 0.391856 0.197849
vt 0.398750 0.195645
s 1
usemtl Material
f 2440/4111 2452/4112 2698/4113
f 2440/4111 2698/4113 2706/4114
f 2698/4113 2452/4112 2431/4115
f 2431/4115 2452/4112 2595/4116
f 2706/4114 2698/4113 2737/4117
f 2737/4117 2698/4113 2431/4115
f 2706/4114 2737/4117 2754/4118
f 2706/4114 2754/4118 2730/4119
f 2754/4118 2737/4117 2783/4120
f 2754/4118 2783/4120 2730/4119
f 2706/4114 2730/4119 2696/4121
f 2783/4120 2737/4117 2792/4122
f 2783/4120 2792/4122 2853/4123
f 2792/4122 2737/4117 2770/4124
f 2770/4124 2737/4117 2431/4115
f 2770/4124 2431/4115 2439/4125
f 2439/4125 2431/4115 2595/4116
f 2836/4126 2811/4127 2783/4120
f 2783/4120 2811/4127 2766/4128
f 2783/4120 2766/4128 2730/4119
f 2766/4128 2811/4127 2821/4129
f 2730/4119 2766/4128 2739/4130
f 2739/4130 2766/4128 2821/4129
f 2730/4119 2739/4130 2696/4121
f 2739/4130 2821/4129 2778/4131
f 2696/4121 2739/4130 2694/4132
f 2694/4132 2739/4130 2778/4131
f 2778/4131 2821/4129 2815/4133
f 2696/4121 2694/4132 2441/4134
f 2696/4121 2441/4134 2437/4135
f 2694/4132 2778/4131 2760/4136
f 2760/4136 2778/4131 2815/4133
f 2437/4135 2441/4134 2501/4137
f 2437/4135 2501/4137 2534/4138
f 2441/4134 2694/4132 2445/4139
f 2441/4134 2445/4139 2501/4137
f 2694/4132 2760/4136 2744/4140
f 2694/4132 2744/4140 2445/4139
f 2534/4138 2501/4137 2553/4141
f 2534/4138 2553/4141 2627/4142
f 2501/4137 2445/4139 2566/4143
f 2501/4137 2566/4143 2553/4141
f 2445/4139 2744/4140 2496/4144
f 2445/4139 2496/4144 2566/4143
f 2748/4145 2744/4140 2760/4136
f 2744/4140 2748/4145 2496/4144
f 2553/4141 2566/4143 2634/4146
f 2553/4141 2634/4146 2627/4142
f 2566/4143 2496/4144 2586/4147
f 2566/4143 2586/4147 2634/4146
f 2496/4144 2748/4145 2567/4148
f 2496/4144 2567/4148 2586/4147
f 2748/4145 2760/4136 2779/4149
f 2748/4145 2779/4149 2567/4148
f 2779/4149 2760/4136 2815/4133
f 2632/4150 2627/4142 2634/4146
f 2627/4142 2632/4150 2635/4151
f 2632/4150 2634/4146 2641/4152
f 2632/4150 2641/4152 2631/4153
f 2641/4152 2634/4146 2597/4154
f 2641/4152 2597/4154 2631/4153
f 2597/4154 2634/4146 2586/4147
f 2631/4153 2597/4154 2603/4155
f 2603/4155 2597/4154 2607/4156
f 2607/4156 2597/4154 2578/4157
f 2578/4157 2597/4154 2586/4147
f 2578/4157 2586/4147 2567/4148
f 2578/4157 2567/4148 2484/4158
f 2578/4157 2484/4158 2485/4159
f 2484/4158 2567/4148 2690/4160
f 2690/4160 2567/4148 2779/4149
f 2484/4158 2690/4160 2732/4161
f 2732/4161 2690/4160 2830/4162
f 2830/4162 2690/4160 2779/4149
f 2830/4162 2779/4149 2815/4133
f 2830/4162 2815/4133 2876/4163
f 2452/4164 2440/4165 2526/4166
f 2526/4166 2440/4165 2437/4167
f 2437/4167 2440/4165 2706/4168
f 2437/4167 2706/4168 2696/4169
f 2526/4166 2437/4167 2534/4170
f 2526/4166 2534/4170 2625/4171
f 2625/4171 2534/4170 2627/4172
f 2452/4164 2526/4166 2624/4173
f 2624/4173 2526/4166 2625/4171
f 2625/4171 2627/4172 2666/4174
f 2625/4171 2666/4174 2624/4173
f 2666/4174 2627/4172 2635/4175
f 2452/4164 2624/4173 2617/4176
f 2452/4164 2617/4176 2595/4177
f 2617/4176 2624/4173 2633/4178
f 2617/4176 2633/4178 2595/4177
f 2633/4178 2624/4173 2664/4179
f 2633/4178 2664/4179 2595/4177
f 2686/4180 2624/4173 2666/4174
f 2624/4173 2686/4180 2664/4179
f 2667/4181 2666/4174 2635/4175
f 2667/4181 2635/4175 2662/4182
f 2667/4181 2662/4182 2682/4183
f 2666/4174 2667/4181 2687/4184
f 2687/4184 2667/4181 2682/4183
f 2666/4174 2687/4184 2686/4180
f 2686/4180 2687/4184 2689/4185
f 2687/4184 2682/4183 2683/4186
f 2687/4184 2683/4186 2689/4185
f 2683/4186 2682/4183 2674/4187
f 2686/4180 2689/4185 2688/4188
f 2688/4188 2689/4185 2683/4186
f 2686/4180 2688/4188 2664/4179
f 2688/4188 2683/4186 2684/4189
f 2688/4188 2684/4189 2685/4190
f 2688/4188 2685/4190 2664/4179
f 2664/4179 2685/4190 2595/4177
f 2595/4177 2685/4190 2626/4191
f 2626/4191 2685/4190 2653/4192
f 2653/4192 2685/4190 2654/4193
f 2485/4194 2484/4195 2434/4196
f 2485/4194 2434/4196 2531/4197
f 2531/4197 2434/4196 2462/4198
f 2434/4196 2484/4195 2732/4199
f 2444/4200 2510/4201 2462/4198
f 2444/4200 2462/4198 2443/4202
f 2443/4202 2462/4198 2434/4196
f 2436/4203 2504/4204 2444/4200
f 2436/4203 2444/4200 2713/4205
f 2713/4205 2444/4200 2443/4202
f 2436/4203 2713/4205 2701/4206
f 2443/4202 2434/4196 2691/4207
f 2443/4202 2691/4207 2713/4205
f 2701/4206 2713/4205 2775/4208
f 2701/4206 2775/4208 2711/4209
f 2713/4205 2691/4207 2729/4210
f 2729/4210 2691/4207 2434/4196
f 2775/4208 2713/4205 2753/4211
f 2753/4211 2713/4205 2729/4210
f 2775/4208 2753/4211 2798/4212
f 2775/4208 2798/4212 2834/4213
f 2834/4213 2798/4212 2817/4214
f 2798/4212 2753/4211 2733/4215
f 2733/4215 2753/4211 2729/4210
f 2817/4214 2798/4212 2767/4216
f 2767/4216 2798/4212 2733/4215
f 2817/4214 2767/4216 2757/4217
f 2757/4217 2767/4216 2733/4215
f 2707/4218 2729/4210 2434/4196
f 2707/4218 2434/4196 2732/4199
f 2733/4215 2729/4210 2741/4219
f 2733/4215 2741/4219 2757/4217
f 2729/4210 2707/4218 2731/4220
f 2731/4220 2707/4218 2732/4199
f 2729/4210 2731/4220 2741/4219
f 2731/4220 2732/4199 2789/4221
f 2789/4221 2732/4199 2806/4222
f 2741/4219 2731/4220 2764/4223
f 2741/4219 2764/4223 2757/4217
f 2764/4223 2731/4220 2789/4221
f 2789/4221 2806/4222 2911/4224
f 2757/4217 2764/4223 2800/4225
f 2800/4225 2764/4223 2789/4221
f 2805/4226 2817/4214 2757/4217
f 2805/4226 2757/4217 2800/4225
f 2817/4214 2805/4226 2809/4227
f 2809/4227 2805/4226 2810/4228
f 2810/4228 2805/4226 2800/4225
f 2922/4229 2789/4221 2911/4224
f 2922/4229 2911/4224 2917/4230
f 2824/4231 2800/4225 2789/4221
f 2824/4231 2789/4221 2922/4229
f 2810/4228 2800/4225 2837/4232
f 2837/4232 2800/4225 2824/4231
f 2810/4228 2837/4232 2843/4233
f 2824/4231 2922/4229 2888/4234
f 2824/4231 2888/4234 2837/4232
f 2888/4234 2922/4229 2928/4235
f 2888/4234 2928/4235 2932/4236
f 2888/4234 2932/4236 2863/4237
f 2888/4234 2863/4237 2837/4232
f 2843/4233 2837/4232 2849/4238
f 2849/4238 2837/4232 2863/4237
f 2849/4238 2863/4237 2866/4239
f 2843/4233 2849/4238 2842/4240
f 2849/4238 2866/4239 2865/4241
f 2842/4240 2849/4238 2854/4242
f 2854/4242 2849/4238 2865/4241
f 2842/4240 2854/4242 2840/4243
f 2854/4242 2865/4241 2867/4244
f 2840/4243 2854/4242 2833/4245
f 2833/4245 2854/4242 2867/4244
f 2578/4246 2485/4247 2531/4248
f 2578/4246 2531/4248 2581/4249
f 2578/4246 2581/4249 2607/4250
f 2462/4251 2510/4252 2531/4248
f 2531/4248 2510/4252 2581/4249
f 2607/4250 2581/4249 2606/4253
f 2581/4249 2510/4252 2504/4254
f 2581/4249 2504/4254 2551/4255
f 2551/4255 2504/4254 2494/4256
f 2551/4255 2494/4256 2480/4257
f 2551/4255 2480/4257 2537/4258
f 2537/4258 2480/4257 2467/4259
f 2537/4258 2467/4259 2549/4260
f 2551/4255 2537/4258 2550/4261
f 2550/4261 2537/4258 2549/4260
f 2551/4255 2550/4261 2581/4249
f 2550/4261 2549/4260 2580/4262
f 2550/4261 2580/4262 2581/4249
f 2581/4249 2580/4262 2606/4253
f 2580/4262 2549/4260 2544/4263
f 2580/4262 2544/4263 2628/4264
f 2580/4262 2628/4264 2606/4253
f 2606/4253 2628/4264 2658/4265
f 2658/4265 2628/4264 2671/4266
f 2876/4267 2815/4268 2878/4269
f 2876/4267 2878/4269 2917/4270
f 2876/4267 2917/4270 2871/4271
f 2876/4267 2871/4271 2830/4272
f 2830/4272 2871/4271 2806/4273
f 2830/4272 2806/4273 2732/4274
f 2806/4273 2871/4271 2911/4275
f 2911/4275 2871/4271 2917/4270
f 2917/4270 2878/4269 2910/4276
f 2877/4277 2878/4269 2821/4278
f 2878/4269 2877/4277 2910/4276
f 2859/4279 2873/4280 2877/4277
f 2877/4277 2873/4280 2897/4281
f 2877/4277 2897/4281 2910/4276
f 2897/4281 2873/4280 2891/4282
f 2891/4282 2873/4280 2869/4283
f 2891/4282 2869/4283 2884/4284
f 2891/4282 2884/4284 2919/4285
f 2891/4282 2919/4285 2897/4281
f 2919/4285 2884/4284 2925/4286
f 2910/4276 2897/4281 2920/4287
f 2920/4287 2897/4281 2919/4285
f 2920/4287 2919/4285 2927/4288
f 2927/4288 2919/4285 2925/4286
f 2910/4276 2920/4287 2926/4289
f 2926/4289 2920/4287 2927/4288
f 2910/4276 2926/4289 2921/4290
f 2910/4276 2921/4290 2917/4270
f 2927/4288 2925/4286 2938/4291
f 2921/4290 2926/4289 2933/4292
f 2917/4270 2921/4290 2923/4293
f 2923/4293 2921/4290 2933/4292
f 2917/4270 2923/4293 2922/4294
f 2922/4294 2923/4293 2928/4295
f 2928/4295 2923/4293 2932/4296
f 2932/4296 2923/4293 2933/4292
f 2934/4297 2926/4289 2927/4288
f 2926/4289 2934/4297 2933/4292
f 2939/4298 2927/4288 2938/4291
f 2927/4288 2939/4298 2934/4297
f 2939/4298 2938/4291 2936/4299
f 2936/4299 2938/4291 2925/4286
f 2936/4299 2925/4286 2912/4300
f 2912/4300 2925/4286 2902/4301
f 2936/4299 2912/4300 2924/4302
f 2924/4302 2912/4300 2883/4303
f 2939/4298 2936/4299 2937/4304
f 2937/4304 2936/4299 2924/4302
f 2924/4302 2883/4303 2892/4305
f 2924/4302 2892/4305 2937/4304
f 2892/4305 2883/4303 2881/4306
f 2892/4305 2881/4306 2937/4304
f 2939/4298 2937/4304 2935/4307
f 2939/4298 2935/4307 2934/4297
f 2937/4304 2881/4306 2916/4308
f 2937/4304 2916/4308 2935/4307
f 2881/4306 2883/4303 2782/4309
f 2935/4307 2916/4308 2905/4310
f 2935/4307 2905/4310 2934/4297
f 2916/4308 2881/4306 2861/4311
f 2861/4311 2881/4306 2782/4309
f 2905/4310 2916/4308 2867/4312
f 2867/4312 2916/4308 2861/4311
f 2934/4297 2905/4310 2931/4313
f 2867/4312 2861/4311 2833/4314
f 2905/4310 2867/4312 2904/4315
f 2905/4310 2904/4315 2931/4313
f 2904/4315 2867/4312 2865/4316
f 2934/4297 2931/4313 2929/4317
f 2929/4317 2931/4313 2904/4315
f 2833/4314 2861/4311 2473/4318
f 2473/4318 2861/4311 2782/4309
f 2833/4314 2473/4318 2727/4319
f 2727/4319 2473/4318 2498/4320
f 2934/4297 2929/4317 2933/4292
f 2498/4320 2473/4318 2493/4321
f 2498/4320 2493/4321 2570/4322
f 2570/4322 2493/4321 2579/4323
f 2493/4321 2473/4318 2469/4324
f 2469/4324 2473/4318 2782/4309
f 2933/4292 2929/4317 2930/4325
f 2933/4292 2930/4325 2932/4296
f 2930/4325 2929/4317 2918/4326
f 2932/4296 2930/4325 2906/4327
f 2906/4327 2930/4325 2918/4326
f 2932/4296 2906/4327 2863/4328
f 2863/4328 2906/4327 2866/4329
f 2866/4329 2906/4327 2865/4316
f 2918/4326 2929/4317 2915/4330
f 2918/4326 2915/4330 2906/4327
f 2906/4327 2915/4330 2865/4316
f 2915/4330 2929/4317 2904/4315
f 2915/4330 2904/4315 2865/4316
f 2790/4331 2469/4324 2782/4309
f 2790/4331 2782/4309 2883/4303
f 2790/4331 2883/4303 2848/4332
f 2469/4324 2790/4331 2468/4333
f 2790/4331 2848/4332 2756/4334
f 2790/4331 2756/4334 2468/4333
f 2756/4334 2848/4332 2797/4335
f 2469/4324 2468/4333 2493/4321
f 2756/4334 2797/4335 2475/4336
f 2756/4334 2475/4336 2468/4333
f 2475/4336 2797/4335 2776/4337
f 2493/4321 2468/4333 2495/4338
f 2495/4338 2468/4333 2475/4336
f 2493/4321 2495/4338 2579/4323
f 2475/4336 2776/4337 2559/4339
f 2475/4336 2559/4339 2495/4338
f 2579/4323 2495/4338 2587/4340
f 2587/4340 2495/4338 2559/4339
f 2579/4323 2587/4340 2640/4341
f 2640/4341 2587/4340 2629/4342
f 2640/4341 2629/4342 2622/4343
f 2587/4340 2559/4339 2589/4344
f 2587/4340 2589/4344 2629/4342
f 2589/4344 2559/4339 2776/4337
f 2629/4342 2589/4344 2622/4343
f 2589/4344 2776/4337 2511/4345
f 2589/4344 2511/4345 2622/4343
f 2622/4343 2511/4345 2576/4346
f 2622/4343 2576/4346 2591/4347
f 2878/4348 2815/4349 2821/4350
f 2877/4351 2821/4352 2859/4353
f 2859/4353 2821/4352 2811/4354
f 2859/4353 2811/4354 2836/4355
f 2859/4353 2836/4355 2869/4356
f 2859/4353 2869/4356 2873/4357
f 2869/4356 2836/4355 2853/4358
f 2853/4358 2836/4355 2783/4359
f 2869/4356 2853/4358 2884/4360
f 2884/4360 2853/4358 2860/4361
f 2792/4362 2770/4363 2853/4364
f 2853/4364 2770/4363 2860/4365
f 2860/4365 2770/4363 2762/4366
f 2762/4366 2770/4363 2751/4367
f 2860/4365 2762/4366 2449/4368
f 2860/4365 2449/4368 2852/4369
f 2852/4369 2449/4368 2755/4370
f 2743/4371 2752/4372 2751/4367
f 2762/4366 2751/4367 2742/4373
f 2742/4373 2751/4367 2752/4372
f 2762/4366 2742/4373 2435/4374
f 2762/4366 2435/4374 2449/4368
f 2742/4373 2752/4372 2745/4375
f 2745/4375 2752/4372 2740/4376
f 2435/4374 2742/4373 2702/4377
f 2702/4377 2742/4373 2745/4375
f 2745/4375 2740/4376 2695/4378
f 2745/4375 2695/4378 2702/4377
f 2695/4378 2740/4376 2448/4379
f 2435/4374 2702/4377 2450/4380
f 2450/4380 2702/4377 2481/4381
f 2481/4381 2702/4377 2695/4378
f 2435/4374 2450/4380 2499/4382
f 2435/4374 2499/4382 2449/4368
f 2499/4382 2450/4380 2520/4383
f 2520/4383 2450/4380 2481/4381
f 2695/4378 2448/4379 2430/4384
f 2430/4384 2448/4379 2505/4385
f 2481/4381 2695/4378 2438/4386
f 2438/4386 2695/4378 2430/4384
f 2481/4381 2438/4386 2548/4387
f 2430/4384 2505/4385 2460/4388
f 2460/4388 2505/4385 2556/4389
f 2460/4388 2556/4389 2512/4390
f 2460/4388 2512/4390 2463/4391
f 2430/4384 2460/4388 2454/4392
f 2454/4392 2460/4388 2463/4391
f 2430/4384 2454/4392 2438/4386
f 2454/4392 2463/4391 2509/4393
f 2454/4392 2509/4393 2438/4386
f 2438/4386 2509/4393 2548/4387
f 2548/4387 2509/4393 2590/4394
f 2548/4387 2590/4394 2613/4395
f 2548/4387 2613/4395 2598/4396
f 2598/4396 2613/4395 2623/4397
f 2542/4398 2481/4381 2548/4387
f 2542/4398 2548/4387 2598/4396
f 2481/4381 2542/4398 2520/4383
f 2598/4396 2623/4397 2610/4399
f 2598/4396 2610/4399 2542/4398
f 2520/4383 2542/4398 2602/4400
f 2602/4400 2542/4398 2610/4399
f 2520/4383 2602/4400 2575/4401
f 2520/4383 2575/4401 2499/4382
f 2602/4400 2610/4399 2636/4402
f 2602/4400 2636/4402 2575/4401
f 2647/4403 2610/4399 2623/4397
f 2610/4399 2647/4403 2636/4402
f 2575/4401 2636/4402 2638/4404
f 2638/4404 2636/4402 2647/4403
f 2499/4382 2575/4401 2562/4405
f 2562/4405 2575/4401 2638/4404
f 2499/4382 2562/4405 2449/4368
f 2647/4403 2623/4397 2655/4406
f 2655/4406 2623/4397 2616/4407
f 2655/4406 2616/4407 2644/4408
f 2655/4406 2644/4408 2653/4409
f 2655/4406 2653/4409 2654/4410
f 2655/4406 2654/4410 2647/4403
f 2647/4403 2654/4410 2638/4404
f 2638/4404 2654/4410 2675/4411
f 2675/4411 2654/4410 2685/4412
f 2675/4411 2685/4412 2684/4413
f 2675/4411 2684/4413 2679/4414
f 2679/4414 2684/4413 2683/4415
f 2638/4404 2675/4411 2663/4416
f 2675/4411 2679/4414 2670/4417
f 2675/4411 2670/4417 2663/4416
f 2638/4404 2663/4416 2621/4418
f 2638/4404 2621/4418 2562/4405
f 2562/4405 2621/4418 2611/4419
f 2621/4418 2663/4416 2650/4420
f 2621/4418 2650/4420 2611/4419
f 2562/4405 2611/4419 2449/4368
f 2611/4419 2650/4420 2622/4421
f 2611/4419 2622/4421 2591/4422
f 2650/4420 2663/4416 2661/4423
f 2661/4423 2663/4416 2670/4417
f 2650/4420 2661/4423 2646/4424
f 2646/4424 2661/4423 2648/4425
f 2661/4423 2670/4417 2665/4426
f 2661/4423 2665/4426 2648/4425
f 2665/4426 2670/4417 2679/4414
f 2648/4425 2665/4426 2657/4427
f 2665/4426 2679/4414 2680/4428
f 2680/4428 2679/4414 2683/4415
f 2657/4427 2665/4426 2668/4429
f 2668/4429 2665/4426 2680/4428
f 2657/4427 2668/4429 2659/4430
f 2657/4427 2659/4430 2649/4431
f 2668/4429 2680/4428 2669/4432
f 2668/4429 2669/4432 2659/4430
f 2649/4431 2659/4430 2479/4433
f 2479/4433 2659/4430 2669/4432
f 2676/4434 2680/4428 2683/4415
f 2680/4428 2676/4434 2669/4432
f 2676/4434 2683/4415 2674/4435
f 2676/4434 2674/4435 2671/4436
f 2676/4434 2671/4436 2669/4432
f 2671/4436 2674/4435 2658/4437
f 2669/4432 2671/4436 2544/4438
f 2669/4432 2544/4438 2479/4433
f 2544/4438 2671/4436 2628/4439
f 2479/4433 2544/4438 2478/4440
f 2479/4433 2478/4440 2709/4441
f 2478/4440 2544/4438 2482/4442
f 2478/4440 2482/4442 2709/4441
f 2482/4442 2544/4438 2549/4443
f 2709/4441 2482/4442 2723/4444
f 2482/4442 2549/4443 2467/4445
f 2482/4442 2467/4445 2723/4444
f 2723/4444 2467/4445 2711/4446
f 2711/4446 2467/4445 2701/4447
f 2701/4447 2467/4445 2480/4448
f 2701/4447 2480/4448 2436/4449
f 2436/4449 2480/4448 2494/4450
f 2436/4449 2494/4450 2504/4451
f 2884/4452 2860/4453 2893/4454
f 2884/4452 2893/4454 2925/4455
f 2893/4454 2860/4453 2852/4456
f 2925/4455 2893/4454 2851/4457
f 2851/4457 2893/4454 2852/4456
f 2925/4455 2851/4457 2902/4458
f 2902/4458 2851/4457 2862/4459
f 2851/4457 2852/4456 2822/4460
f 2822/4460 2852/4456 2755/4461
f 2822/4460 2755/4461 2818/4462
f 2851/4457 2822/4460 2846/4463
f 2846/4463 2822/4460 2818/4462
f 2862/4459 2851/4457 2823/4464
f 2862/4459 2823/4464 2804/4465
f 2851/4457 2846/4463 2813/4466
f 2851/4457 2813/4466 2823/4464
f 2846/4463 2818/4462 2781/4467
f 2846/4463 2781/4467 2813/4466
f 2781/4467 2818/4462 2768/4468
f 2823/4464 2813/4466 2758/4469
f 2823/4464 2758/4469 2804/4465
f 2781/4467 2768/4468 2807/4470
f 2807/4470 2768/4468 2791/4471
f 2781/4467 2807/4470 2774/4472
f 2774/4472 2807/4470 2791/4471
f 2781/4467 2774/4472 2726/4473
f 2804/4465 2758/4469 2703/4474
f 2804/4465 2703/4474 2776/4475
f 2776/4475 2703/4474 2511/4476
f 2703/4474 2758/4469 2724/4477
f 2703/4474 2724/4477 2511/4476
f 2724/4477 2758/4469 2813/4466
f 2693/4478 2813/4466 2781/4467
f 2813/4466 2693/4478 2724/4477
f 2693/4478 2781/4467 2726/4473
f 2511/4476 2724/4477 2519/4479
f 2519/4479 2724/4477 2693/4478
f 2511/4476 2519/4479 2576/4480
f 2693/4478 2726/4473 2457/4481
f 2457/4481 2726/4473 2774/4472
f 2519/4479 2693/4478 2532/4482
f 2532/4482 2693/4478 2457/4481
f 2576/4480 2519/4479 2577/4483
f 2577/4483 2519/4479 2532/4482
f 2576/4480 2577/4483 2596/4484
f 2576/4480 2596/4484 2591/4485
f 2596/4484 2577/4483 2588/4486
f 2577/4483 2532/4482 2545/4487
f 2545/4487 2532/4482 2539/4488
f 2539/4488 2532/4482 2457/4481
f 2539/4488 2457/4481 2521/4489
f 2521/4489 2457/4481 2446/4490
f 2734/4491 2457/4481 2774/4472
f 2457/4481 2734/4491 2446/4490
f 2734/4491 2774/4472 2791/4471
f 2446/4490 2734/4491 2705/4492
f 2734/4491 2791/4471 2749/4493
f 2734/4491 2749/4493 2705/4492
f 2700/4494 2725/4495 2791/4471
f 2791/4471 2725/4495 2749/4493
f 2490/4496 2459/4497 2725/4495
f 2725/4495 2459/4497 2749/4493
f 2749/4493 2459/4497 2699/4498
f 2749/4493 2699/4498 2750/4499
f 2749/4493 2750/4499 2759/4500
f 2738/4501 2705/4492 2749/4493
f 2738/4501 2749/4493 2759/4500
f 2759/4500 2750/4499 2765/4502
f 2759/4500 2765/4502 2738/4501
f 2765/4502 2750/4499 2769/4503
f 2765/4502 2769/4503 2736/4504
f 2765/4502 2736/4504 2738/4501
f 2705/4492 2738/4501 2432/4505
f 2432/4505 2738/4501 2736/4504
f 2705/4492 2432/4505 2446/4490
f 2432/4505 2736/4504 2461/4506
f 2446/4490 2432/4505 2502/4507
f 2502/4507 2432/4505 2461/4506
f 2833/4508 2727/4509 2735/4510
f 2833/4508 2735/4510 2840/4511
f 2735/4510 2727/4509 2477/4512
f 2477/4512 2727/4509 2498/4513
f 2840/4511 2735/4510 2455/4514
f 2455/4514 2735/4510 2477/4512
f 2477/4512 2498/4513 2530/4515
f 2530/4515 2498/4513 2570/4516
f 2455/4514 2477/4512 2486/4517
f 2840/4511 2455/4514 2803/4518
f 2840/4511 2803/4518 2842/4519
f 2486/4517 2477/4512 2517/4520
f 2517/4520 2477/4512 2530/4515
f 2842/4519 2803/4518 2825/4521
f 2842/4519 2825/4521 2843/4522
f 2803/4518 2455/4514 2787/4523
f 2803/4518 2787/4523 2825/4521
f 2458/4524 2455/4514 2486/4517
f 2455/4514 2458/4524 2787/4523
f 2500/4525 2486/4517 2517/4520
f 2486/4517 2500/4525 2458/4524
f 2500/4525 2517/4520 2513/4526
f 2513/4526 2517/4520 2530/4515
f 2458/4524 2500/4525 2722/4527
f 2458/4524 2722/4527 2787/4523
f 2722/4527 2500/4525 2747/4528
f 2747/4528 2500/4525 2513/4526
f 2787/4523 2722/4527 2763/4529
f 2763/4529 2722/4527 2747/4528
f 2787/4523 2763/4529 2825/4521
f 2513/4526 2530/4515 2525/4530
f 2525/4530 2530/4515 2563/4531
f 2563/4531 2530/4515 2570/4516
f 2513/4526 2525/4530 2692/4532
f 2692/4532 2525/4530 2563/4531
f 2563/4531 2570/4516 2579/4533
f 2563/4531 2579/4533 2600/4534
f 2600/4534 2579/4533 2640/4535
f 2563/4531 2600/4534 2615/4536
f 2563/4531 2615/4536 2479/4537
f 2563/4531 2479/4537 2692/4532
f 2615/4536 2600/4534 2642/4538
f 2642/4538 2600/4534 2640/4535
f 2479/4537 2615/4536 2649/4539
f 2649/4539 2615/4536 2642/4538
f 2649/4539 2642/4538 2657/4540
f 2657/4540 2642/4538 2648/4541
f 2648/4541 2642/4538 2640/4535
f 2648/4541 2640/4535 2646/4542
f 2646/4542 2640/4535 2622/4543
f 2646/4542 2622/4543 2650/4544
f 2773/4545 2692/4532 2479/4537
f 2773/4545 2479/4537 2709/4546
f 2773/4545 2709/4546 2761/4547
f 2761/4547 2709/4546 2723/4548
f 2761/4547 2723/4548 2772/4549
f 2772/4549 2723/4548 2711/4550
f 2772/4549 2711/4550 2775/4551
f 2761/4547 2772/4549 2832/4552
f 2761/4547 2832/4552 2773/4545
f 2772/4549 2775/4551 2839/4553
f 2772/4549 2839/4553 2832/4552
f 2839/4553 2775/4551 2834/4554
f 2839/4553 2834/4554 2835/4555
f 2839/4553 2835/4555 2832/4552
f 2835/4555 2834/4554 2817/4556
f 2773/4545 2832/4552 2829/4557
f 2829/4557 2832/4552 2835/4555
f 2835/4555 2817/4556 2812/4558
f 2835/4555 2812/4558 2829/4557
f 2773/4545 2829/4557 2794/4559
f 2794/4559 2829/4557 2812/4558
f 2773/4545 2794/4559 2692/4532
f 2812/4558 2817/4556 2799/4560
f 2812/4558 2799/4560 2794/4559
f 2794/4559 2799/4560 2692/4532
f 2692/4532 2799/4560 2513/4526
f 2799/4560 2817/4556 2809/4561
f 2513/4526 2799/4560 2747/4528
f 2799/4560 2809/4561 2796/4562
f 2799/4560 2796/4562 2747/4528
f 2796/4562 2809/4561 2810/4563
f 2747/4528 2796/4562 2763/4529
f 2763/4529 2796/4562 2771/4564
f 2763/4529 2771/4564 2825/4521
f 2771/4564 2796/4562 2786/4565
f 2771/4564 2786/4565 2825/4521
f 2796/4562 2810/4563 2788/4566
f 2796/4562 2788/4566 2786/4565
f 2786/4565 2788/4566 2825/4521
f 2788/4566 2810/4563 2843/4522
f 2819/4567 2843/4522 2825/4521
f 2843/4522 2819/4567 2788/4566
f 2788/4566 2819/4567 2825/4521
f 2797/4568 2848/4569 2828/4570
f 2797/4568 2828/4570 2777/4571
f 2797/4568 2777/4571 2776/4572
f 2776/4572 2777/4571 2784/4573
f 2776/4572 2784/4573 2804/4574
f 2784/4573 2777/4571 2793/4575
f 2793/4575 2777/4571 2828/4570
f 2784/4573 2793/4575 2801/4576
f 2801/4576 2793/4575 2795/4577
f 2795/4577 2793/4575 2828/4570
f 2801/4576 2795/4577 2808/4578
f 2827/4579 2856/4580 2808/4578
f 2827/4579 2808/4578 2795/4577
f 2827/4579 2795/4577 2814/4581
f 2814/4581 2795/4577 2838/4582
f 2795/4577 2828/4570 2820/4583
f 2795/4577 2820/4583 2838/4582
f 2820/4583 2828/4570 2844/4584
f 2838/4582 2820/4583 2847/4585
f 2838/4582 2847/4585 2814/4581
f 2847/4585 2820/4583 2844/4584
f 2814/4581 2847/4585 2785/4586
f 2814/4581 2785/4586 2780/4587
f 2780/4587 2785/4586 2816/4588
f 2780/4587 2816/4588 2802/4589
f 2785/4586 2847/4585 2826/4590
f 2785/4586 2826/4590 2816/4588
f 2802/4589 2816/4588 2858/4591
f 2802/4589 2858/4591 2870/4592
f 2816/4588 2826/4590 2872/4593
f 2816/4588 2872/4593 2858/4591
f 2870/4592 2858/4591 2899/4594
f 2899/4594 2858/4591 2872/4593
f 2870/4592 2899/4594 2895/4595
f 2895/4595 2899/4594 2914/4596
f 2899/4594 2872/4593 2882/4597
f 2899/4594 2882/4597 2914/4596
f 2882/4597 2872/4593 2826/4590
f 2914/4596 2882/4597 2886/4598
f 2886/4598 2882/4597 2826/4590
f 2886/4598 2826/4590 2847/4585
f 2914/4596 2886/4598 2898/4599
f 2886/4598 2847/4585 2857/4600
f 2857/4600 2847/4585 2844/4584
f 2886/4598 2857/4600 2890/4601
f 2890/4601 2857/4600 2844/4584
f 2886/4598 2890/4601 2894/4602
f 2894/4602 2890/4601 2844/4584
f 2898/4599 2886/4598 2903/4603
f 2903/4603 2886/4598 2894/4602
f 2898/4599 2903/4603 2907/4604
f 2898/4599 2907/4604 2908/4605
f 2908/4605 2907/4604 2903/4603
f 2908/4605 2903/4603 2894/4602
f 2894/4602 2844/4584 2868/4606
f 2868/4606 2844/4584 2828/4570
f 2868/4606 2828/4570 2848/4569
f 2894/4602 2868/4606 2889/4607
f 2889/4607 2868/4606 2848/4569
f 2894/4602 2889/4607 2912/4608
f 2889/4607 2848/4569 2883/4609
f 2889/4607 2883/4609 2912/4608
f 2894/4610 2912/4611 2913/4612
f 2894/4610 2913/4612 2908/4613
f 2913/4612 2912/4611 2909/4614
f 2913/4612 2909/4614 2908/4613
f 2909/4614 2912/4611 2902/4615
f 2908/4613 2909/4614 2900/4616
f 2909/4614 2902/4615 2885/4617
f 2885/4617 2902/4615 2862/4618
f 2900/4616 2909/4614 2880/4619
f 2880/4619 2909/4614 2885/4617
f 2908/4613 2900/4616 2896/4620
f 2896/4620 2900/4616 2880/4619
f 2908/4613 2896/4620 2898/4621
f 2885/4617 2862/4618 2864/4622
f 2885/4617 2864/4622 2880/4619
f 2864/4622 2862/4618 2831/4623
f 2831/4623 2862/4618 2804/4624
f 2831/4623 2804/4624 2784/4625
f 2831/4623 2784/4625 2801/4626
f 2864/4622 2831/4623 2845/4627
f 2845/4627 2831/4623 2801/4626
f 2864/4622 2845/4627 2880/4619
f 2845/4627 2801/4626 2841/4628
f 2841/4628 2801/4626 2808/4629
f 2841/4628 2808/4629 2856/4630
f 2845/4627 2841/4628 2855/4631
f 2880/4619 2845/4627 2875/4632
f 2875/4632 2845/4627 2855/4631
f 2880/4619 2875/4632 2887/4633
f 2880/4619 2887/4633 2879/4634
f 2879/4634 2887/4633 2875/4632
f 2879/4634 2875/4632 2855/4631
f 2880/4619 2879/4634 2896/4620
f 2850/4635 2855/4631 2841/4628
f 2850/4635 2841/4628 2856/4630
f 2855/4631 2850/4635 2879/4634
f 2896/4620 2879/4634 2898/4621
f 2850/4635 2856/4630 2780/4636
f 2780/4636 2856/4630 2827/4637
f 2780/4636 2827/4637 2814/4638
f 2850/4635 2780/4636 2874/4639
f 2850/4635 2874/4639 2879/4634
f 2874/4639 2780/4636 2802/4640
f 2898/4621 2879/4634 2901/4641
f 2901/4641 2879/4634 2874/4639
f 2898/4621 2901/4641 2914/4642
f 2914/4642 2901/4641 2895/4643
f 2895/4643 2901/4641 2874/4639
f 2895/4643 2874/4639 2802/4640
f 2895/4643 2802/4640 2870/4644
f 2635/4645 2632/4646 2652/4647
f 2652/4647 2632/4646 2645/4648
f 2645/4648 2632/4646 2631/4649
f 2645/4648 2631/4649 2643/4650
f 2645/4648 2643/4650 2618/4651
f 2645/4648 2618/4651 2652/4647
f 2643/4650 2631/4649 2619/4652
f 2643/4650 2619/4652 2618/4651
f 2619/4652 2631/4649 2603/4653
f 2619/4652 2603/4653 2607/4654
f 2619/4652 2607/4654 2618/4651
f 2652/4647 2618/4651 2637/4655
f 2618/4651 2607/4654 2639/4656
f 2618/4651 2639/4656 2637/4655
f 2639/4656 2607/4654 2606/4657
f 2639/4656 2606/4657 2658/4658
f 2637/4655 2639/4656 2651/4659
f 2637/4655 2651/4659 2652/4647
f 2639/4656 2658/4658 2673/4660
f 2673/4660 2658/4658 2674/4661
f 2651/4659 2639/4656 2672/4662
f 2672/4662 2639/4656 2673/4660
f 2652/4647 2651/4659 2656/4663
f 2652/4647 2656/4663 2635/4645
f 2635/4645 2656/4663 2662/4664
f 2673/4660 2674/4661 2681/4665
f 2673/4660 2681/4665 2672/4662
f 2681/4665 2674/4661 2682/4666
f 2672/4662 2681/4665 2677/4667
f 2678/4668 2682/4666 2662/4664
f 2682/4666 2678/4668 2681/4665
f 2678/4668 2662/4664 2656/4663
f 2681/4665 2678/4668 2677/4667
f 2672/4662 2677/4667 2660/4669
f 2660/4669 2677/4667 2678/4668
f 2660/4669 2678/4668 2656/4663
f 2672/4662 2660/4669 2651/4659
f 2651/4659 2660/4669 2656/4663
f 2510/4670 2444/4671 2504/4672
f 2583/4673 2439/4125 2595/4116
f 2583/4673 2595/4116 2626/4674
f 2583/4673 2626/4674 2644/4675
f 2644/4675 2626/4674 2653/4676
f 2583/4673 2644/4675 2573/4677
f 2573/4677 2644/4675 2616/4678
f 2583/4673 2573/4677 2533/4679
f 2583/4673 2533/4679 2439/4125
f 2573/4677 2616/4678 2538/4680
f 2538/4680 2616/4678 2599/4681
f 2538/4680 2599/4681 2505/4682
f 2538/4680 2505/4682 2448/4683
f 2573/4677 2538/4680 2470/4684
f 2573/4677 2470/4684 2533/4679
f 2470/4684 2538/4680 2448/4683
f 2533/4679 2470/4684 2439/4125
f 2470/4684 2448/4683 2708/4685
f 2470/4684 2708/4685 2439/4125
f 2708/4685 2448/4683 2740/4686
f 2439/4125 2708/4685 2743/4687
f 2743/4687 2708/4685 2740/4686
f 2743/4687 2740/4686 2752/4688
f 2439/4125 2743/4687 2770/4124
f 2770/4124 2743/4687 2751/4689
f 2560/4690 2449/4368 2611/4419
f 2560/4690 2611/4419 2591/4422
f 2449/4368 2560/4690 2489/4691
f 2449/4368 2489/4691 2755/4370
f 2560/4690 2591/4422 2588/4692
f 2588/4692 2591/4422 2596/4693
f 2489/4691 2560/4690 2558/4694
f 2558/4694 2560/4690 2588/4692
f 2755/4370 2489/4691 2728/4695
f 2755/4370 2728/4695 2818/4696
f 2818/4696 2728/4695 2768/4697
f 2728/4695 2489/4691 2474/4698
f 2474/4698 2489/4691 2558/4694
f 2768/4697 2728/4695 2714/4699
f 2714/4699 2728/4695 2474/4698
f 2474/4698 2558/4694 2561/4700
f 2561/4700 2558/4694 2588/4692
f 2474/4698 2561/4700 2714/4699
f 2561/4700 2588/4692 2577/4701
f 2561/4700 2577/4701 2545/4702
f 2561/4700 2545/4702 2714/4699
f 2768/4697 2714/4699 2700/4703
f 2768/4697 2700/4703 2791/4704
f 2714/4699 2545/4702 2508/4705
f 2714/4699 2508/4705 2700/4703
f 2508/4705 2545/4702 2547/4706
f 2508/4705 2547/4706 2506/4707
f 2508/4705 2506/4707 2700/4703
f 2506/4707 2547/4706 2490/4708
f 2506/4707 2490/4708 2700/4703
f 2700/4703 2490/4708 2725/4709
f 2547/4710 2545/4711 2539/4712
f 2547/4710 2539/4712 2521/4713
f 2547/4710 2521/4713 2490/4714
f 2490/4714 2521/4713 2446/4715
f 2490/4714 2446/4715 2459/4716
f 2459/4716 2446/4715 2502/4717
f 2459/4716 2502/4717 2488/4718
f 2461/4719 2736/4720 2712/4721
f 2461/4719 2712/4721 2442/4722
f 2461/4719 2442/4722 2515/4723
f 2461/4719 2515/4723 2502/4724
f 2502/4724 2515/4723 2488/4725
f 2515/4723 2442/4722 2492/4726
f 2515/4723 2492/4726 2488/4725
f 2492/4726 2442/4722 2697/4727
f 2488/4725 2492/4726 2456/4728
f 2456/4728 2492/4726 2697/4727
f 2488/4725 2456/4728 2699/4729
f 2699/4729 2456/4728 2697/4727
f 2488/4725 2699/4729 2459/4730
f 2697/4727 2442/4722 2715/4731
f 2699/4729 2697/4727 2750/4732
f 2750/4732 2697/4727 2746/4733
f 2746/4733 2697/4727 2715/4731
f 2750/4732 2746/4733 2769/4734
f 2769/4734 2746/4733 2715/4731
f 2769/4734 2715/4731 2712/4735
f 2769/4734 2712/4735 2736/4736
f 2715/4737 2442/4738 2717/4739
f 2717/4739 2442/4738 2447/4740
f 2447/4740 2442/4738 2712/4741
f 2716/4742 2712/4743 2715/4744
f 2716/4742 2715/4744 2710/4745
f 2710/4745 2715/4744 2717/4746
f 2712/4747 2716/4748 2717/4749
f 2712/4747 2717/4749 2704/4750
f 2712/4747 2704/4750 2721/4751
f 2721/4751 2704/4750 2717/4749
f 2721/4751 2717/4749 2720/4752
f 2720/4752 2717/4749 2447/4753
f 2717/4754 2716/4755 2718/4756
f 2717/4754 2718/4756 2710/4757
f 2710/4757 2718/4756 2720/4758
f 2720/4758 2718/4756 2716/4755
f 2720/4758 2716/4755 2704/4759
f 2704/4759 2716/4755 2710/4760
f 2720/4758 2704/4759 2719/4761
f 2720/4758 2719/4761 2721/4762
f 2704/4759 2710/4760 2447/4763
f 2704/4759 2447/4763 2719/4761
f 2719/4761 2447/4763 2721/4762
f 2447/4763 2710/4760 2720/4764
f 2721/4762 2447/4763 2712/4765
f 2565/4766 2601/4767 2472/4768
f 2565/4766 2472/4768 2491/4769
f 2472/4768 2601/4767 2527/4770
f 2527/4770 2601/4767 2552/4771
f 2565/4766 2491/4769 2614/4772
f 2565/4766 2614/4772 2601/4767
f 2614/4772 2491/4769 2529/4773
f 2552/4771 2601/4767 2594/4774
f 2594/4774 2601/4767 2614/4772
f 2552/4771 2594/4774 2524/4775
f 2614/4772 2529/4773 2612/4776
f 2612/4776 2529/4773 2557/4777
f 2594/4774 2614/4772 2605/4778
f 2605/4778 2614/4772 2612/4776
f 2524/4775 2594/4774 2465/4779
f 2594/4774 2605/4778 2528/4780
f 2594/4774 2528/4780 2465/4779
f 2524/4775 2465/4779 2472/4781
f 2524/4775 2472/4781 2527/4782
f 2605/4778 2612/4776 2572/4783
f 2605/4778 2572/4783 2528/4780
f 2465/4779 2528/4780 2466/4784
f 2466/4784 2528/4780 2572/4783
f 2472/4781 2465/4779 2433/4785
f 2433/4785 2465/4779 2466/4784
f 2472/4781 2433/4785 2491/4786
f 2491/4786 2433/4785 2471/4787
f 2471/4787 2433/4785 2466/4784
f 2491/4786 2471/4787 2529/4788
f 2466/4784 2572/4783 2487/4789
f 2471/4787 2466/4784 2451/4790
f 2471/4787 2451/4790 2529/4788
f 2451/4790 2466/4784 2487/4789
f 2529/4788 2451/4790 2483/4791
f 2529/4788 2483/4791 2557/4792
f 2451/4790 2487/4789 2543/4793
f 2543/4793 2487/4789 2572/4783
f 2451/4790 2543/4793 2483/4791
f 2557/4792 2483/4791 2541/4794
f 2543/4793 2572/4783 2571/4795
f 2571/4795 2572/4783 2612/4776
f 2571/4795 2612/4776 2557/4777
f 2541/4794 2483/4791 2497/4796
f 2541/4794 2497/4796 2512/4797
f 2483/4791 2543/4793 2522/4798
f 2483/4791 2522/4798 2497/4796
f 2522/4798 2543/4793 2571/4795
f 2512/4797 2497/4796 2463/4799
f 2463/4799 2497/4796 2522/4798
f 2463/4799 2522/4798 2546/4800
f 2546/4800 2522/4798 2571/4795
f 2463/4799 2546/4800 2535/4801
f 2463/4799 2535/4801 2509/4802
f 2509/4802 2535/4801 2590/4803
f 2535/4801 2546/4800 2584/4804
f 2584/4804 2546/4800 2571/4795
f 2535/4801 2584/4804 2590/4803
f 2574/4805 2571/4795 2557/4777
f 2571/4795 2574/4805 2584/4804
f 2574/4805 2557/4777 2541/4806
f 2574/4805 2541/4806 2569/4807
f 2574/4805 2569/4807 2584/4804
f 2569/4807 2541/4806 2512/4808
f 2569/4807 2512/4808 2592/4809
f 2569/4807 2592/4809 2584/4804
f 2592/4809 2512/4808 2556/4810
f 2609/4811 2590/4803 2584/4804
f 2609/4811 2584/4804 2592/4809
f 2609/4811 2592/4809 2556/4810
f 2590/4803 2609/4811 2613/4812
f 2609/4811 2556/4810 2620/4813
f 2609/4811 2620/4813 2613/4812
f 2620/4813 2556/4810 2599/4814
f 2599/4814 2556/4810 2505/4815
f 2613/4812 2620/4813 2630/4816
f 2630/4816 2620/4813 2599/4814
f 2613/4812 2630/4816 2623/4817
f 2630/4816 2599/4814 2616/4818
f 2630/4816 2616/4818 2623/4817
f 2503/4819 2568/4820 2476/4821
f 2476/4821 2568/4820 2564/4822
f 2568/4820 2503/4819 2585/4823
f 2585/4823 2503/4819 2552/4824
f 2552/4824 2503/4819 2527/4825
f 2503/4819 2476/4821 2453/4826
f 2503/4819 2453/4826 2527/4825
f 2453/4826 2476/4821 2464/4827
f 2527/4825 2453/4826 2524/4828
f 2453/4826 2464/4827 2514/4829
f 2453/4826 2514/4829 2524/4828
f 2568/4830 2585/4831 2608/4832
f 2568/4830 2608/4832 2564/4833
f 2564/4833 2608/4832 2540/4834
f 2608/4832 2585/4831 2604/4835
f 2604/4835 2585/4831 2552/4836
f 2540/4834 2608/4832 2554/4837
f 2540/4834 2554/4837 2555/4838
f 2555/4838 2554/4837 2536/4839
f 2536/4839 2554/4837 2516/4840
f 2554/4837 2608/4832 2593/4841
f 2554/4837 2593/4841 2516/4840
f 2593/4841 2608/4832 2604/4835
f 2516/4840 2593/4841 2464/4842
f 2464/4842 2593/4841 2514/4843
f 2593/4841 2604/4835 2582/4844
f 2593/4841 2582/4844 2514/4843
f 2582/4844 2604/4835 2552/4836
f 2514/4843 2582/4844 2524/4845
f 2524/4845 2582/4844 2552/4836
f 2516/4846 2464/4847 2476/4848
f 2516/4846 2476/4848 2518/4849
f 2518/4849 2476/4848 2564/4850
f 2518/4849 2564/4850 2540/4851
f 2516/4846 2518/4849 2555/4852
f 2516/4846 2555/4852 2523/4853
f 2555/4852 2518/4849 2507/4854
f 2507/4854 2518/4849 2536/4855
f 2536/4855 2518/4849 2523/4856
f 2536/4855 2523/4856 2555/4857
f 2540/4858 2516/4859 2523/4860
f 2540/4858 2523/4860 2518/4861
f 2516/4859 2540/4858 2507/4862
f 2516/4859 2507/4862 2536/4863
f 2507/4862 2540/4858 2555/4864
o tripo_part_4
v -0.003576 0.336611 0.406713
v -0.003561 0.263762 0.403989
v -0.003519 0.275152 0.398098
v -0.003459 0.293921 0.418621
v -0.003365 0.337679 0.461681
v -0.003335 0.380086 0.448780
v -0.003317 0.459913 0.396324
v -0.003287 0.453749 0.475334
v -0.003270 0.433233 0.461811
v -0.003225 0.461111 0.380264
v -0.003213 0.273855 0.445907
v -0.003209 0.385287 0.423332
v -0.003191 0.433714 0.386654
v -0.003168 0.293883 0.395935
v -0.003163 0.429404 0.389164
v -0.003126 0.287039 0.448391
v -0.003109 0.280554 0.381313
v -0.003077 0.268027 0.460929
v -0.003057 0.277952 0.464054
v -0.003050 0.269034 0.405645
v -0.003038 0.436453 0.389183
v -0.003014 0.279928 0.454483
v -0.002972 0.368506 0.389339
v -0.002962 0.261732 0.381538
v -0.002957 0.431479 0.411887
v -0.002917 0.456091 0.470218
v -0.002908 0.459921 0.456066
v -0.002892 0.282477 0.393367
v -0.002833 0.453558 0.488266
v -0.002733 0.281637 0.410335
v -0.002711 0.271109 0.391521
v -0.002696 0.453665 0.455692
v -0.002679 0.437979 0.411109
v -0.002656 0.291350 0.420549
v -0.002648 0.278860 0.386676
v -0.002642 0.429190 0.426665
v -0.002636 0.338307 0.464134
v -0.002609 0.286635 0.461612
v -0.002594 0.431418 0.436845
v -0.002574 0.282904 0.463962
v -0.002571 0.286040 0.389560
v -0.002565 0.271528 0.448898
v -0.002473 0.463415 0.476547
v -0.002468 0.246687 0.424850
v -0.002465 0.268072 0.410829
v -0.002398 0.240011 0.424824
v -0.002385 0.367263 0.400333
v -0.002336 0.449782 0.461589
v -0.002336 0.387299 0.422989
v -0.002315 0.339596 0.399694
v -0.002258 0.430403 0.458770
v -0.002227 0.277739 0.459671
v -0.002189 0.293066 0.433076
v -0.002141 0.334980 0.439853
v -0.002129 0.456000 0.419463
v -0.002123 0.456373 0.423938
v -0.002121 0.286314 0.401928
v -0.002082 0.294256 0.427003
v -0.002051 0.266600 0.450904
v -0.002046 0.294058 0.451677
v -0.002042 0.461478 0.370464
v -0.002039 0.402571 0.426629
v -0.002004 0.334435 0.406702
v -0.002003 0.403246 0.420306
v -0.001990 0.455267 0.396213
v -0.001950 0.448347 0.376068
v -0.001916 0.450178 0.387916
v -0.001907 0.280363 0.468555
v -0.001860 0.365945 0.446619
v -0.001845 0.335078 0.445037
v -0.001707 0.282995 0.397558
v -0.001606 0.379108 0.405561
v -0.001587 0.247626 0.400776
v -0.001585 0.250090 0.452709
v -0.001523 0.262434 0.386371
v -0.001499 0.276663 0.388923
v -0.001431 0.260817 0.466968
v -0.001405 0.362416 0.396074
v -0.001346 0.376050 0.447748
v -0.001321 0.256109 0.459903
v -0.001306 0.264494 0.402917
v -0.001293 0.368282 0.406017
v -0.001176 0.287298 0.454916
v -0.001168 0.453169 0.370464
v -0.001106 0.458105 0.464733
v -0.001071 0.269423 0.394031
v -0.001011 0.267302 0.398182
v -0.000963 0.458731 0.485561
v -0.000915 0.257361 0.394924
v -0.000768 0.355551 0.452739
v -0.000762 0.371285 0.397319
v -0.000367 0.369012 0.440551
v -0.000282 0.380012 0.415475
v -0.000200 0.270918 0.456108
v -0.000189 0.453940 0.457450
v 0.000336 0.463423 0.375358
v 0.000427 0.345497 0.395958
v 0.000436 0.338940 0.444332
v 0.000566 0.338421 0.402713
v 0.000645 0.320353 0.407022
v 0.000647 0.380900 0.428642
v 0.000789 0.362868 0.445484
v 0.000836 0.454771 0.384353
v 0.000860 0.462691 0.480907
v 0.001139 0.452551 0.482910
v 0.001270 0.357788 0.399137
v 0.001401 0.337708 0.438836
v 0.001452 0.363724 0.403209
v 0.001658 0.334509 0.401228
v 0.002047 0.366409 0.448391
v 0.002048 0.334248 0.445657
v 0.002053 0.454924 0.478160
v 0.002074 0.363207 0.439570
v 0.002139 0.338061 0.407997
v 0.002151 0.347405 0.449020
v 0.002171 0.364881 0.396133
v 0.002269 0.364734 0.408311
v 0.002703 0.455092 0.376026
v 0.002855 0.355378 0.437790
v 0.004180 0.323420 0.437420
v 0.004929 0.385250 0.423285
v 0.005033 0.376276 0.413607
v 0.006193 0.343291 0.410620
v 0.006260 0.323073 0.410510
v 0.006427 0.369158 0.410996
v 0.006775 0.319399 0.436599
v 0.006940 0.316408 0.430227
v 0.007711 0.316279 0.418923
v 0.007739 0.377147 0.428201
v 0.008235 0.364603 0.412374
v 0.009015 0.323305 0.414775
v 0.009453 0.343834 0.414737
v 0.009541 0.348671 0.430982
v 0.009697 0.323061 0.431110
v 0.009780 0.352039 0.415669
v 0.010181 0.369393 0.431883
v 0.010267 0.368954 0.416352
v 0.010961 0.319090 0.417412
v 0.011046 0.323229 0.419285
v 0.011088 0.322958 0.425560
v 0.011363 0.343018 0.421800
v 0.011406 0.364943 0.424815
v 0.011450 0.351633 0.420152
v 0.011559 0.362148 0.416170
v 0.011672 0.359784 0.422582
v -0.003585 0.279341 0.386367
v -0.003591 0.435705 0.419940
v -0.003593 0.307276 0.423797
v -0.003596 0.362239 0.406505
v -0.003606 0.370510 0.400625
v -0.003609 0.448843 0.393991
v -0.003639 0.429129 0.396604
v -0.003655 0.460242 0.421523
v -0.003677 0.294028 0.444046
v -0.003690 0.320021 0.406381
v -0.003694 0.316057 0.412410
v -0.003700 0.253294 0.392028
v -0.003743 0.322691 0.401989
v -0.003745 0.375049 0.413624
v -0.003781 0.431647 0.439578
v -0.003793 0.304262 0.386753
v -0.003812 0.420439 0.423438
v -0.003815 0.239310 0.425016
v -0.003847 0.283690 0.443674
v -0.003848 0.372545 0.441183
v -0.003857 0.362448 0.440195
v -0.003862 0.291830 0.402557
v -0.003871 0.422835 0.455452
v -0.003887 0.279501 0.423418
v -0.003891 0.315737 0.432850
v -0.003917 0.383732 0.421431
v -0.003920 0.437926 0.389324
v -0.003921 0.336840 0.439650
v -0.003922 0.413763 0.461631
v -0.003935 0.294409 0.414429
v -0.003945 0.284704 0.464130
v -0.003946 0.255926 0.435872
v -0.003952 0.247961 0.410859
v -0.003963 0.281180 0.468155
v -0.003966 0.420748 0.447736
v -0.003970 0.451506 0.379970
v -0.003979 0.403036 0.434568
v -0.003988 0.431776 0.389248
v -0.003998 0.403059 0.411709
v -0.004002 0.406489 0.419973
v -0.004024 0.285765 0.389522
v -0.004033 0.295836 0.382755
v -0.004037 0.421641 0.397312
v -0.004041 0.288321 0.454666
v -0.004045 0.320910 0.440240
v -0.004058 0.291182 0.426505
v -0.004072 0.431502 0.436538
v -0.004076 0.293318 0.433498
v -0.004082 0.447478 0.389248
v -0.004103 0.286513 0.461624
v -0.004115 0.400435 0.419537
v -0.004115 0.301810 0.389343
v -0.004120 0.429526 0.458622
v -0.004126 0.345873 0.453132
v -0.004128 0.244398 0.436987
v -0.004148 0.260000 0.469734
v -0.004153 0.431662 0.413034
v -0.004164 0.425307 0.382156
v -0.004177 0.229269 0.424591
v -0.004213 0.406214 0.427352
v -0.004231 0.412134 0.428437
v -0.004236 0.429152 0.422120
v -0.004242 0.444144 0.458995
v -0.004259 0.287123 0.402347
v -0.004281 0.400099 0.426523
v -0.004309 0.447272 0.478412
v -0.004314 0.260504 0.449812
v -0.004332 0.444304 0.393413
v -0.004352 0.429220 0.452942
v -0.004425 0.247290 0.424936
v -0.004578 0.451666 0.421625
v -0.004644 0.463690 0.484878
v -0.004654 0.379993 0.384197
v -0.004840 0.279295 0.401746
v -0.004907 0.281164 0.469352
v -0.005077 0.288412 0.381198
v -0.005613 0.460745 0.470161
v -0.005896 0.446043 0.458034
v -0.005948 0.246298 0.450981
v -0.005981 0.447455 0.381370
v -0.006250 0.462462 0.394027
v -0.006288 0.450995 0.454851
v -0.006424 0.360963 0.468170
v -0.006696 0.246138 0.401846
v -0.006810 0.286734 0.409441
v -0.007223 0.451063 0.397018
v -0.007323 0.459944 0.475841
v -0.007354 0.259459 0.431072
v -0.007403 0.252089 0.459404
v -0.007417 0.328604 0.401296
v -0.007428 0.451979 0.365841
v -0.007453 0.290007 0.381221
v -0.007468 0.462851 0.382698
v -0.007474 0.365800 0.444954
v -0.007514 0.330279 0.447857
v -0.007526 0.367770 0.395977
v -0.007528 0.407133 0.454168
v -0.007567 0.413023 0.390388
v -0.007620 0.285223 0.437059
v -0.007679 0.444182 0.431224
v -0.007691 0.292372 0.431108
v -0.007722 0.420115 0.429346
v -0.007731 0.252470 0.393306
v -0.007737 0.464369 0.475937
v -0.007754 0.302969 0.401399
v -0.007800 0.461851 0.455297
v -0.007809 0.247992 0.410395
v -0.007822 0.444716 0.457534
v -0.007839 0.417193 0.411858
v -0.007843 0.289969 0.416734
v -0.007870 0.289770 0.468971
v -0.007922 0.447195 0.392627
v -0.007927 0.259115 0.403354
v -0.007961 0.258040 0.469337
v -0.008030 0.263907 0.450006
v -0.008075 0.281813 0.447170
v -0.008092 0.353847 0.382236
v -0.008126 0.243620 0.436503
v -0.008126 0.441176 0.456524
v -0.008132 0.444525 0.393566
v -0.008136 0.260634 0.381527
v -0.008149 0.466421 0.482998
v -0.008159 0.266752 0.407758
v -0.008202 0.268873 0.392120
v -0.008207 0.269102 0.460559
v -0.008221 0.440176 0.469383
v -0.008231 0.228918 0.424678
v -0.008269 0.290495 0.382309
v -0.008271 0.461752 0.420921
v -0.008272 0.432051 0.382740
v -0.008333 0.261641 0.386615
v -0.008682 0.447859 0.483760
v -0.008894 0.448385 0.371261
v -0.008973 0.462973 0.459640
v -0.009032 0.466276 0.378860
v -0.009040 0.447249 0.382385
v -0.009488 0.461668 0.395891
v -0.009681 0.450728 0.470192
v -0.010036 0.461760 0.365470
v -0.010243 0.451658 0.421836
v -0.010618 0.458342 0.470623
v -0.010749 0.460203 0.488601
v -0.011065 0.448492 0.379058
v -0.011112 0.451544 0.487823
v -0.011345 0.452521 0.455457
v -0.011632 0.455321 0.475952
v -0.011663 0.459738 0.426050
v -0.012337 0.460387 0.380951
v -0.012388 0.460623 0.468021
v -0.012419 0.464781 0.371349
v -0.012780 0.457197 0.455375
v -0.013036 0.456541 0.421681
v -0.013057 0.454916 0.395965
v -0.013099 0.462874 0.476036
v -0.013334 0.451628 0.457924
v -0.013349 0.460272 0.393970
v -0.013536 0.452704 0.466949
v -0.013613 0.450964 0.476039
v -0.013889 0.453993 0.379985
v -0.014074 0.452215 0.394102
v -0.014365 0.453902 0.370071
v -0.014402 0.457442 0.457672
v -0.014814 0.449209 0.481620
v -0.015560 0.456839 0.484554
v -0.017243 0.451964 0.373462
v -0.017629 0.460974 0.479484
v -0.018120 0.457426 0.376804
vt 0.668313 0.231871
vt 0.664414 0.233905
vt 0.666223 0.226107
vt 0.671478 0.227915
vt 0.674246 0.233792
vt 0.661872 0.228876
vt 0.669782 0.222943
vt 0.659611 0.224186
vt 0.674585 0.225599
vt 0.668878 0.219609
vt 0.678145 0.236674
vt 0.676620 0.218592
vt 0.660572 0.214410
vt 0.653000 0.222491
vt 0.666901 0.239329
vt 0.661589 0.245489
vt 0.660346 0.234583
vt 0.656334 0.231927
vt 0.653000 0.238482
vt 0.301550 0.050240
vt 0.308613 0.051314
vt 0.303640 0.054535
vt 0.310591 0.059055
vt 0.306409 0.060299
vt 0.301550 0.061033
vt 0.224015 0.385300
vt 0.223959 0.378350
vt 0.225993 0.382927
vt 0.226897 0.377616
vt 0.229779 0.378520
vt 0.234638 0.374395
vt 0.234638 0.379650
vt 0.231700 0.383888
vt 0.228875 0.389369
vt 0.233847 0.386148
vt 0.232774 0.391968
vt 0.636786 0.131910
vt 0.637690 0.127672
vt 0.640064 0.130667
vt 0.641533 0.125921
vt 0.657072 0.130554
vt 0.648144 0.123547
vt 0.641702 0.134622
vt 0.634074 0.130271
vt 0.632379 0.132193
vt 0.634187 0.135922
vt 0.638425 0.138465
vt 0.645714 0.138691
vt 0.644302 0.139990
vt 0.647353 0.141799
vt 0.651365 0.143381
vt 0.649161 0.135979
vt 0.655094 0.140160
vt 0.707984 0.144850
vt 0.693857 0.138973
vt 0.702955 0.155417
vt 0.654134 0.144624
vt 0.673346 0.149484
vt 0.653795 0.148918
vt 0.645375 0.140951
vt 0.645545 0.147562
vt 0.700412 0.158524
vt 0.646449 0.176889
vt 0.668034 0.171690
vt 0.679674 0.177962
vt 0.648935 0.209323
vt 0.698378 0.186325
vt 0.692275 0.213900
vt 0.701147 0.231926
vt 0.707984 0.183783
vt 0.705950 0.216161
vt 0.737770 0.896401
vt 0.743759 0.896627
vt 0.741273 0.904368
vt 0.746415 0.903690
vt 0.737261 0.903125
vt 0.735057 0.893011
vt 0.731554 0.900582
vt 0.733475 0.904990
vt 0.746697 0.907646
vt 0.751500 0.906685
vt 0.741103 0.906572
vt 0.737261 0.905555
vt 0.734210 0.934768
vt 0.738843 0.934825
vt 0.721552 0.949404
vt 0.742121 0.931378
vt 0.745680 0.935729
vt 0.750653 0.935560
vt 0.754269 0.933808
vt 0.757095 0.906968
vt 0.758451 0.937198
vt 0.754495 0.937933
vt 0.764271 0.949404
vt 0.760654 0.907250
vt 0.762067 0.936407
vt 0.773086 0.947821
vt 0.521551 0.425768
vt 0.525846 0.433114
vt 0.503639 0.447806
vt 0.529519 0.437748
vt 0.494090 0.442212
vt 0.503526 0.424864
vt 0.489513 0.435657
vt 0.490643 0.442551
vt 0.484088 0.437183
vt 0.498271 0.448258
vt 0.508273 0.454078
vt 0.477307 0.446563
vt 0.481602 0.435770
vt 0.459847 0.441251
vt 0.459338 0.424864
vt 0.482732 0.453230
vt 0.473691 0.450009
vt 0.398764 0.430119
vt 0.449563 0.446223
vt 0.472730 0.453174
vt 0.488495 0.458146
vt 0.487930 0.462554
vt 0.494598 0.461198
vt 0.496011 0.467300
vt 0.503865 0.452948
vt 0.504882 0.470013
vt 0.502057 0.477584
vt 0.506182 0.481483
vt 0.511663 0.473007
vt 0.515562 0.467357
vt 0.511380 0.457299
vt 0.531666 0.442551
vt 0.516805 0.465662
vt 0.531496 0.474816
vt 0.519461 0.469900
vt 0.520026 0.472386
vt 0.249107 0.017464
vt 0.252667 0.011757
vt 0.254419 0.019668
vt 0.259843 0.031590
vt 0.254927 0.032551
vt 0.264194 0.021702
vt 0.259391 0.010457
vt 0.265833 0.009949
vt 0.257131 0.002207
vt 0.249107 0.003055
vt 0.002103 0.649551
vt 0.026401 0.636498
vt 0.057762 0.644522
vt 0.050077 0.622824
vt 0.007189 0.659157
vt 0.073809 0.649834
vt 0.073922 0.648308
vt 0.111838 0.658366
vt 0.110934 0.657067
vt 0.115285 0.659157
vt 0.671593 0.962573
vt 0.674983 0.963703
vt 0.669389 0.966924
vt 0.675774 0.966811
vt 0.684533 0.962799
vt 0.674701 0.969240
vt 0.685663 0.964098
vt 0.697133 0.940648
vt 0.688092 0.968449
vt 0.690353 0.968054
vt 0.676226 0.976812
vt 0.697133 0.979242
vt 0.710193 0.533712
vt 0.725449 0.532921
vt 0.728840 0.538854
vt 0.703864 0.541114
vt 0.754098 0.564620
vt 0.720307 0.546369
vt 0.701830 0.542357
vt 0.710193 0.548912
vt 0.721946 0.545804
vt 0.735394 0.550833
vt 0.736976 0.552133
vt 0.739293 0.553376
vt 0.729857 0.553206
vt 0.751951 0.564677
vt 0.750594 0.568067
vt 0.748504 0.579990
vt 0.730535 0.637457
vt 0.728557 0.627116
vt 0.744605 0.575074
vt 0.732343 0.597168
vt 0.725167 0.600163
vt 0.723245 0.611859
vt 0.737937 0.574509
vt 0.745791 0.565242
vt 0.726636 0.558235
vt 0.724432 0.573379
vt 0.725732 0.581572
vt 0.722002 0.577278
vt 0.723358 0.565807
vt 0.714148 0.573379
vt 0.706633 0.571910
vt 0.713413 0.576430
vt 0.710475 0.577786
vt 0.718442 0.579256
vt 0.710193 0.588522
vt 0.708102 0.591969
vt 0.701830 0.592252
vt 0.718329 0.581968
vt 0.112971 0.972631
vt 0.112971 0.944491
vt 0.118961 0.938727
vt 0.118678 0.981954
vt 0.121899 0.943304
vt 0.132240 0.947429
vt 0.132748 0.941270
vt 0.139416 0.978169
vt 0.141394 0.959070
vt 0.146479 0.961330
vt 0.658932 0.359417
vt 0.643449 0.355066
vt 0.648422 0.353032
vt 0.638759 0.347325
vt 0.657632 0.351676
vt 0.664582 0.343708
vt 0.643110 0.345291
vt 0.638759 0.329243
vt 0.651247 0.347155
vt 0.658480 0.340488
vt 0.658932 0.327265
vt 0.644636 0.340883
vt 0.648535 0.332520
vt 0.651530 0.341109
vt 0.403836 0.249332
vt 0.401463 0.235827
vt 0.403497 0.234132
vt 0.406887 0.253287
vt 0.406322 0.229442
vt 0.406887 0.178812
vt 0.401124 0.249049
vt 0.395473 0.253626
vt 0.395360 0.247354
vt 0.394286 0.239839
vt 0.396547 0.237070
vt 0.401858 0.234245
vt 0.397564 0.232493
vt 0.417738 0.171353
vt 0.417738 0.195877
vt 0.411013 0.179999
vt 0.417738 0.250914
vt 0.188524 0.552181
vt 0.188355 0.555458
vt 0.183721 0.555176
vt 0.187168 0.548847
vt 0.181405 0.562861
vt 0.179596 0.559696
vt 0.181631 0.546700
vt 0.183043 0.544496
vt 0.187790 0.547887
vt 0.179596 0.541445
vt 0.079513 0.057423
vt 0.082734 0.098898
vt 0.079513 0.116641
vt 0.961610 0.387899
vt 0.959915 0.384961
vt 0.961610 0.345520
vt 0.975173 0.181804
vt 0.975173 0.221019
vt 0.973930 0.221075
vt 0.968562 0.219550
vt 0.960538 0.214860
vt 0.963250 0.220397
vt 0.897752 0.473518
vt 0.882552 0.475326
vt 0.890350 0.470806
vt 0.900577 0.470354
vt 0.877184 0.474083
vt 0.875149 0.485045
vt 0.882439 0.483181
vt 0.879500 0.469054
vt 0.870064 0.492222
vt 0.882552 0.487645
vt 0.877297 0.498211
vt 0.885490 0.501828
vt 0.869668 0.486232
vt 0.865713 0.489340
vt 0.871194 0.477417
vt 0.869668 0.438541
vt 0.865713 0.434811
vt 0.882552 0.465890
vt 0.870855 0.438032
vt 0.891028 0.465099
vt 0.402310 0.057643
vt 0.406887 0.060073
vt 0.401858 0.063011
vt 0.406887 0.066458
vt 0.549750 0.215650
vt 0.550202 0.209265
vt 0.554723 0.209378
vt 0.549750 0.202032
vt 0.364503 0.783936
vt 0.332747 0.766080
vt 0.367555 0.778398
vt 0.334160 0.758734
vt 0.323876 0.765289
vt 0.350433 0.765515
vt 0.361452 0.766645
vt 0.346196 0.756644
vt 0.338454 0.747433
vt 0.343766 0.735510
vt 0.328396 0.753818
vt 0.332747 0.756644
vt 0.319638 0.751445
vt 0.332069 0.752349
vt 0.297939 0.764441
vt 0.328679 0.747942
vt 0.330487 0.745173
vt 0.330600 0.740144
vt 0.317604 0.741613
vt 0.311896 0.737940
vt 0.343822 0.727317
vt 0.346704 0.730142
vt 0.340827 0.720593
vt 0.351225 0.716920
vt 0.351790 0.719067
vt 0.367555 0.693470
vt 0.322237 0.716807
vt 0.366481 0.685390
vt 0.319864 0.731611
vt 0.316191 0.733815
vt 0.318338 0.725509
vt 0.310258 0.724040
vt 0.308676 0.723588
vt 0.303816 0.723870
vt 0.314326 0.733646
vt 0.311557 0.733476
vt 0.308280 0.728504
vt 0.301330 0.729012
vt 0.172249 0.352580
vt 0.169424 0.356704
vt 0.169424 0.345686
vt 0.822484 0.070478
vt 0.843278 0.064602
vt 0.832768 0.069179
vt 0.828982 0.073642
vt 0.842657 0.069687
vt 0.854410 0.067257
vt 0.833333 0.074264
vt 0.847516 0.075959
vt 0.835085 0.079406
vt 0.834237 0.085452
vt 0.824801 0.076072
vt 0.826779 0.102234
vt 0.822484 0.100822
vt 0.830056 0.102574
vt 0.838532 0.083983
vt 0.844691 0.079915
vt 0.839323 0.087712
vt 0.844126 0.085791
vt 0.854410 0.082853
vt 0.859213 0.079011
vt 0.854862 0.073586
vt 0.858252 0.072060
vt 0.875035 0.078332
vt 0.870797 0.083927
vt 0.865824 0.089351
vt 0.873848 0.091837
vt 0.877408 0.086978
vt 0.854579 0.090707
vt 0.873565 0.093250
vt 0.881024 0.090594
vt 0.884302 0.092459
vt 0.874470 0.095115
vt 0.873283 0.097149
vt 0.864751 0.094832
vt 0.867124 0.099127
vt 0.861756 0.100652
vt 0.851472 0.105851
vt 0.851133 0.128340
vt 0.848477 0.092120
vt 0.841866 0.091781
vt 0.837910 0.098788
vt 0.845878 0.095567
vt 0.841922 0.100935
vt 0.834802 0.104551
vt 0.828361 0.119921
vt 0.841131 0.108055
vt 0.832768 0.121503
vt 0.827457 0.123707
vt 0.838362 0.123989
vt 0.843222 0.125684
vt 0.844917 0.130318
vt 0.849889 0.133934
vt 0.844860 0.139698
vt 0.839775 0.130713
vt 0.831186 0.129414
vt 0.824857 0.134104
vt 0.827909 0.138907
vt 0.733246 0.320820
vt 0.733303 0.303812
vt 0.737710 0.305451
vt 0.733246 0.298274
vt 0.743869 0.306185
vt 0.738049 0.319916
vt 0.742287 0.319464
vt 0.746864 0.306524
vt 0.741553 0.323137
vt 0.738727 0.323815
vt 0.743135 0.329579
vt 0.746243 0.324889
vt 0.745734 0.322120
vt 0.744265 0.319125
vt 0.748672 0.321272
vt 0.018540 0.952516
vt 0.043515 0.955511
vt 0.031084 0.961162
vt 0.051539 0.955455
vt 0.033457 0.963761
vt 0.050239 0.968677
vt 0.029106 0.967942
vt 0.024247 0.961049
vt 0.012889 0.951330
vt 0.026055 0.966925
vt 0.026733 0.977661
vt 0.022777 0.961501
vt 0.022325 0.986194
vt 0.021026 0.967095
vt 0.023004 0.967321
vt 0.012889 0.994161
vt 0.015206 0.973706
vt 0.349980 0.804280
vt 0.347381 0.803772
vt 0.353992 0.788967
vt 0.342634 0.803546
vt 0.350262 0.784560
vt 0.341052 0.803376
vt 0.338283 0.792527
vt 0.346477 0.783825
vt 0.341278 0.783882
vt 0.338283 0.776423
vt 0.243794 0.619825
vt 0.241929 0.602986
vt 0.246845 0.593154
vt 0.243172 0.589594
vt 0.239330 0.600330
vt 0.239160 0.593663
vt 0.233679 0.599483
vt 0.234075 0.594567
vt 0.233679 0.591346
vt 0.241985 0.586769
vt 0.233679 0.589029
vt 0.943923 0.635537
vt 0.938386 0.602989
vt 0.942285 0.619772
vt 0.945901 0.609035
vt 0.944884 0.635876
vt 0.947822 0.626213
vt 0.952230 0.639492
vt 0.957541 0.640792
vt 0.938386 0.649663
vt 0.976643 0.316132
vt 0.973704 0.330654
vt 0.973648 0.315001
vt 0.979242 0.302853
vt 0.961104 0.314323
vt 0.955396 0.334157
vt 0.969805 0.331106
vt 0.979242 0.339638
vt 0.973478 0.341785
vt 0.369366 0.809261
vt 0.389143 0.811635
vt 0.372304 0.814121
vt 0.364506 0.817850
vt 0.365015 0.824631
vt 0.381288 0.833672
vt 0.357330 0.838305
vt 0.360381 0.844578
vt 0.373660 0.853449
vt 0.366484 0.854184
vt 0.381966 0.855935
vt 0.357330 0.881589
vt 0.391968 0.864920
vt 0.851751 0.253910
vt 0.850507 0.261764
vt 0.848812 0.259391
vt 0.844405 0.254418
vt 0.850507 0.249220
vt 0.836890 0.259334
vt 0.831917 0.261764
vt 0.840054 0.253232
vt 0.850451 0.245490
vt 0.845535 0.243174
vt 0.836437 0.252497
vt 0.829600 0.246394
vt 0.833104 0.238258
vt 0.789983 0.371625
vt 0.784333 0.376541
vt 0.782355 0.369535
vt 0.790379 0.367161
vt 0.791678 0.365523
vt 0.790548 0.358572
vt 0.780038 0.365918
vt 0.774783 0.364166
vt 0.778908 0.371456
vt 0.769867 0.386543
vt 0.792074 0.386543
vt 0.892384 0.629439
vt 0.903290 0.635711
vt 0.903177 0.680690
vt 0.898995 0.668089
vt 0.892440 0.673739
vt 0.901481 0.680068
vt 0.899221 0.681763
vt 0.893797 0.679220
vt 0.893062 0.680859
vt 0.901368 0.691708
vt 0.892384 0.681142
vt 0.946691 0.543873
vt 0.932395 0.518954
vt 0.938385 0.524039
vt 0.941210 0.521101
vt 0.934938 0.517484
vt 0.938046 0.518162
vt 0.940588 0.516072
vt 0.937989 0.509517
vt 0.945900 0.501550
vt 0.946691 0.494430
vt 0.942114 0.494486
vt 0.934260 0.511099
vt 0.930756 0.513303
vt 0.934881 0.497029
vt 0.859775 0.453856
vt 0.859888 0.519121
vt 0.858476 0.524884
vt 0.856667 0.523641
vt 0.856667 0.474142
vt 0.224071 0.080705
vt 0.225144 0.081100
vt 0.224071 0.130204
vt 0.889333 0.753929
vt 0.861249 0.717426
vt 0.881196 0.716070
vt 0.871929 0.692168
vt 0.881309 0.702734
vt 0.891706 0.731439
vt 0.901933 0.758166
vt 0.891423 0.701943
vt 0.901933 0.699570
vt 0.879106 0.882945
vt 0.879106 0.818528
vt 0.912784 0.865598
vt 0.903234 0.839718
vt 0.568286 0.727206
vt 0.568286 0.754838
vt 0.550713 0.732405
vt 0.562409 0.802924
s 1
usemtl Material
f 2968/4865 3027/4866 3226/4867
f 2968/4865 3226/4867 3228/4868
f 2968/4865 3228/4868 3216/4869
f 2968/4865 3216/4869 3027/4866
f 3226/4867 3027/4866 3156/4870
f 3228/4868 3226/4867 3248/4871
f 3226/4867 3156/4870 3206/4872
f 3226/4867 3206/4872 3248/4871
f 3228/4868 3248/4871 3247/4873
f 3228/4868 3247/4873 3216/4869
f 3247/4873 3248/4871 3250/4874
f 3250/4874 3248/4871 3206/4872
f 3216/4869 3247/4873 3150/4875
f 3247/4873 3250/4874 3242/4876
f 3247/4873 3242/4876 3150/4875
f 3242/4876 3250/4874 3238/4877
f 3238/4877 3250/4874 3206/4872
f 3238/4877 3206/4872 3188/4878
f 3216/4869 3150/4875 3044/4879
f 3216/4869 3044/4879 3027/4866
f 3044/4879 3150/4875 3051/4880
f 3027/4866 3044/4879 3043/4881
f 3043/4881 3044/4879 3051/4880
f 3027/4866 3043/4881 3156/4870
f 3156/4870 3043/4881 3206/4872
f 2982/4882 3188/4878 3206/4872
f 2982/4882 3206/4872 3043/4881
f 2982/4882 3043/4881 3051/4880
f 3188/4878 2982/4882 2947/4883
f 2947/4883 2982/4882 3051/4880
f 3051/4884 3150/4885 2947/4886
f 2947/4886 3150/4885 3242/4887
f 2947/4886 3242/4887 3230/4888
f 2947/4886 3230/4888 3222/4889
f 3242/4890 3238/4891 3230/4892
f 3230/4892 3238/4891 3188/4893
f 3230/4892 3188/4893 3171/4894
f 3171/4894 3188/4893 2947/4895
f 3171/4894 2947/4895 3161/4896
f 3171/4894 3161/4896 3225/4897
f 3171/4894 3225/4897 3230/4892
f 3230/4892 3225/4897 3222/4898
f 3222/4898 3225/4897 3233/4899
f 3222/4898 3233/4899 3241/4900
f 3161/4901 2947/4902 2965/4903
f 2965/4903 2947/4902 3222/4904
f 2965/4903 3222/4904 2948/4905
f 2948/4905 3222/4904 3210/4906
f 3161/4901 2965/4903 3024/4907
f 3024/4907 2965/4903 2948/4905
f 3225/4908 3161/4901 3233/4909
f 3233/4909 3161/4901 3024/4907
f 3233/4909 3024/4907 3218/4910
f 3218/4910 3024/4907 2966/4911
f 2966/4911 3024/4907 3034/4912
f 2966/4911 3034/4912 2971/4913
f 2971/4913 3034/4912 3166/4914
f 3166/4914 3034/4912 3162/4915
f 3034/4912 3024/4907 2987/4916
f 2987/4916 3024/4907 2948/4905
f 3034/4912 2987/4916 3162/4915
f 2987/4916 2948/4905 3147/4917
f 2987/4916 3147/4917 3162/4915
f 3111/4918 2948/4905 2972/4919
f 2948/4905 3111/4918 3147/4917
f 3147/4917 3111/4918 3152/4920
f 3162/4915 3147/4917 3192/4921
f 3147/4917 3152/4920 3184/4922
f 3147/4917 3184/4922 3192/4921
f 3162/4915 3192/4921 3203/4923
f 3203/4923 3192/4921 3184/4922
f 3162/4915 3203/4923 3222/4924
f 3222/4924 3203/4923 3210/4925
f 3184/4922 3152/4920 3204/4926
f 3210/4925 3203/4923 3181/4927
f 3203/4923 3184/4922 3186/4928
f 3203/4923 3186/4928 3181/4927
f 3186/4928 3184/4922 3193/4929
f 3186/4928 3193/4929 3181/4927
f 3193/4929 3184/4922 3204/4926
f 3181/4927 3193/4929 3178/4930
f 3193/4929 3204/4926 3182/4931
s 0
f 3178/4930 3193/4929 3180/4932
s 1
f 3180/4932 3193/4929 3182/4931
f 3180/4932 3182/4931 3201/4933
f 3201/4933 3182/4931 3214/4934
f 3201/4933 3214/4934 3157/4935
f 3241/4936 3233/4937 3246/4938
f 3246/4938 3233/4937 3218/4939
f 3241/4936 3246/4938 3239/4940
f 3241/4936 3239/4940 3222/4941
f 3222/4941 3239/4940 3162/4942
f 3162/4942 3239/4940 3166/4943
f 3246/4938 3218/4939 3190/4944
f 3190/4944 3218/4939 2966/4945
f 3239/4940 3246/4938 3235/4946
f 3235/4946 3246/4938 3190/4944
f 3166/4943 3239/4940 3229/4947
f 3229/4947 3239/4940 3235/4946
f 3166/4943 3229/4947 3224/4948
f 3224/4948 3229/4947 3236/4949
f 3236/4949 3229/4947 3235/4946
f 3224/4948 3236/4949 3237/4950
f 3236/4949 3235/4946 3231/4951
f 3231/4951 3235/4946 3190/4944
f 3236/4949 3231/4951 3213/4952
f 3213/4952 3231/4951 3190/4944
f 3213/4952 3190/4944 3092/4953
f 3092/4953 3190/4944 2966/4945
f 3092/4953 2966/4945 2995/4954
f 2995/4954 2966/4945 2971/4955
f 3092/4953 2995/4954 3155/4956
f 3155/4956 2995/4954 2971/4955
f 3092/4953 3155/4956 2994/4957
f 2994/4957 3155/4956 3004/4958
f 3155/4956 2971/4955 3166/4959
f 3155/4956 3166/4959 3224/4960
f 3155/4956 3224/4960 3170/4961
f 3236/4962 3213/4963 3221/4964
f 3221/4964 3213/4963 3092/4965
f 3236/4962 3221/4964 3237/4966
f 3224/4967 3237/4966 3170/4968
f 3170/4968 3237/4966 3244/4969
f 3170/4968 3244/4969 3196/4970
f 3237/4966 3221/4964 3240/4971
f 3237/4966 3240/4971 3244/4969
f 3221/4964 3092/4965 2946/4972
f 3196/4970 3244/4969 3220/4973
f 3196/4970 3220/4973 3204/4974
f 3204/4974 3220/4973 3214/4975
f 3204/4974 3214/4975 3182/4976
f 3220/4973 3244/4969 3243/4977
f 3243/4977 3244/4969 3240/4971
f 3214/4975 3220/4973 3164/4978
f 3164/4978 3220/4973 3243/4977
f 3214/4975 3164/4978 3157/4979
f 3157/4979 3164/4978 3142/4980
f 3164/4978 3243/4977 3120/4981
f 3243/4977 3240/4971 3232/4982
f 3243/4977 3232/4982 3219/4983
f 3232/4982 3240/4971 3177/4984
f 3232/4982 3177/4984 2949/4985
f 3177/4984 3240/4971 3165/4986
f 3177/4984 3165/4986 2949/4985
f 3165/4986 3240/4971 3221/4964
f 3165/4986 3221/4964 2946/4972
f 3165/4986 2946/4972 2949/4985
f 2949/4985 2946/4972 3042/4987
f 2949/4985 3042/4987 3120/4988
f 3120/4988 3042/4987 3164/4989
f 3164/4989 3042/4987 3006/4990
f 3006/4990 3042/4987 3090/4991
f 3042/4987 2946/4972 3004/4992
f 3042/4987 3004/4992 3090/4991
f 3004/4992 2946/4972 3092/4965
f 3004/4992 3092/4965 2994/4993
f 3090/4991 3004/4992 3170/4994
f 3170/4994 3004/4992 3155/4995
f 3090/4991 3170/4994 3196/4996
f 3090/4991 3196/4996 3204/4997
f 3232/4998 2949/4999 3219/5000
f 3251/5001 3243/5002 3219/5000
f 3251/5001 3219/5000 3234/5003
f 3234/5003 3219/5000 3035/5004
f 3035/5004 3219/5000 2949/4999
f 3234/5003 3035/5004 3000/5005
f 3000/5005 3035/5004 3057/5006
f 3057/5006 3035/5004 2949/4999
f 3057/5006 2949/4999 3120/5007
f 3210/5008 3181/5009 3167/5010
f 3167/5010 3181/5009 3178/5011
f 3210/5008 3167/5010 2948/5012
f 2948/5012 3167/5010 2944/5013
f 2944/5013 3167/5010 2976/5014
f 2944/5013 2976/5014 2979/5015
f 2979/5015 2976/5014 3115/5016
f 2979/5015 3115/5016 2958/5017
f 3204/5018 3152/5019 3090/5020
f 3090/5020 3152/5019 3133/5021
f 3133/5021 3152/5019 3111/5022
f 3090/5020 3133/5021 3006/5023
f 3133/5021 3111/5022 2960/5024
f 3133/5021 2960/5024 3006/5023
f 2960/5024 3111/5022 2972/5025
f 3006/5023 2960/5024 2952/5026
f 2952/5026 2960/5024 3122/5027
f 3006/5023 2952/5026 3164/5028
f 3164/5028 2952/5026 3142/5029
f 2960/5030 2972/5031 3086/5032
f 2960/5030 3086/5032 3122/5033
f 3086/5032 2972/5031 2948/5034
f 3122/5033 3086/5032 2964/5035
f 3122/5033 2964/5035 2952/5036
f 2952/5036 2964/5035 3091/5037
f 2964/5035 3086/5032 3141/5038
f 3141/5038 3086/5032 3131/5039
f 3141/5038 3131/5039 2978/5040
f 2978/5040 3131/5039 3086/5032
f 3141/5038 2978/5040 2964/5035
f 2978/5040 3086/5032 3099/5041
f 3099/5041 3086/5032 2948/5034
f 2964/5035 2978/5040 2975/5042
f 2975/5042 2978/5040 3099/5041
f 2964/5035 2975/5042 3091/5037
f 3099/5041 2948/5034 2990/5043
f 3099/5041 2990/5043 2975/5042
f 2990/5043 2948/5034 3137/5044
f 3137/5044 2948/5034 3113/5045
f 3113/5045 2948/5034 2944/5046
f 3113/5045 2944/5046 3138/5047
f 3137/5044 3113/5045 3107/5048
f 3137/5044 3107/5048 2990/5043
f 3113/5045 3138/5047 2945/5049
f 3113/5045 2945/5049 3107/5048
f 2945/5049 3138/5047 3104/5050
f 2945/5049 3104/5050 3107/5048
f 3104/5050 3138/5047 3105/5051
f 2990/5043 3107/5048 3119/5052
f 3119/5052 3107/5048 3104/5050
f 3153/5053 2975/5042 2990/5043
f 3153/5053 2990/5043 3119/5052
f 2975/5042 3153/5053 3146/5054
f 2975/5042 3146/5054 3091/5037
f 3153/5053 3119/5052 3145/5055
f 3153/5053 3145/5055 3146/5054
f 3119/5052 3104/5050 3121/5056
f 3145/5055 3119/5052 3144/5057
f 3144/5057 3119/5052 3121/5056
f 3146/5054 3145/5055 3101/5058
f 3101/5058 3145/5055 3144/5057
f 3124/5059 3091/5037 3146/5054
f 3124/5059 3146/5054 3101/5058
f 3091/5037 3124/5059 3123/5060
f 3123/5060 3124/5059 3003/5061
f 3003/5061 3124/5059 3101/5058
f 3123/5060 3003/5061 3135/5062
f 3101/5058 3144/5057 3001/5063
f 3101/5058 3001/5063 3003/5061
f 3001/5063 3144/5057 3121/5056
f 3135/5062 3003/5061 2988/5064
f 2988/5064 3003/5061 3001/5063
f 3135/5062 2988/5064 3110/5065
f 3135/5062 3110/5065 3098/5066
f 2988/5064 3001/5063 3149/5067
f 3149/5067 3001/5063 3121/5056
f 2988/5064 3149/5067 3110/5065
f 3149/5067 3121/5056 3104/5050
f 3149/5067 3104/5050 3110/5065
f 3157/5068 3142/5069 2952/5070
f 3157/5068 2952/5070 2962/5071
f 2962/5071 2952/5070 2954/5072
f 2962/5071 2954/5072 3127/5073
f 3127/5073 2954/5072 3091/5074
f 2962/5071 3127/5073 3098/5075
f 3127/5073 3091/5074 3123/5076
f 3127/5073 3123/5076 3098/5075
f 3098/5075 3123/5076 3135/5077
f 3120/5078 3243/5079 3227/5080
f 3227/5080 3243/5079 3251/5081
f 3120/5078 3227/5080 3005/5082
f 3120/5078 3005/5082 3057/5083
f 3227/5080 3251/5081 3249/5084
f 3249/5084 3251/5081 3234/5085
f 3005/5082 3227/5080 3217/5086
f 3217/5086 3227/5080 3249/5084
f 3057/5083 3005/5082 3023/5087
f 3023/5087 3005/5082 3217/5086
f 3057/5083 3023/5087 3000/5088
f 3249/5084 3234/5085 3245/5089
f 3249/5084 3245/5089 3217/5086
f 3223/5090 3234/5085 3000/5088
f 3223/5090 3000/5088 3023/5087
f 3234/5085 3223/5090 3245/5089
f 3023/5087 3217/5086 3175/5091
f 3023/5087 3175/5091 3223/5090
f 3175/5091 3217/5086 3245/5089
f 3175/5091 3245/5089 3223/5090
f 3140/5092 3007/5093 3159/5094
f 3140/5092 3159/5094 3198/5095
f 3198/5095 3159/5094 3195/5096
f 3195/5096 3159/5094 3167/5097
f 3140/5092 3198/5095 3016/5098
f 3140/5092 3016/5098 3007/5093
f 3016/5098 3198/5095 3209/5099
f 3016/5098 3209/5099 2957/5100
f 3016/5098 2957/5100 2991/5101
f 3016/5098 2991/5101 3007/5093
f 3007/5093 2991/5101 2958/5102
f 3118/5103 3159/5094 3007/5093
f 3118/5103 3007/5093 2958/5102
f 3159/5094 3118/5103 3167/5097
f 3118/5103 2958/5102 3115/5104
f 3118/5103 3115/5104 3167/5097
f 3198/5105 3195/5106 3209/5107
f 3209/5107 3195/5106 3167/5108
f 2979/5109 2958/5110 2991/5111
f 2979/5109 2991/5111 2977/5112
f 2957/5113 3033/5114 2991/5111
f 2991/5111 3033/5114 3022/5115
f 2991/5111 3022/5115 2977/5112
f 2977/5112 3022/5115 3128/5116
f 2977/5112 3128/5116 3134/5117
f 3128/5116 3022/5115 2955/5118
f 3115/5119 2976/5120 3167/5121
f 2979/5122 2977/5123 2944/5124
f 2944/5125 2977/5126 3134/5127
f 2944/5125 3134/5127 3128/5128
f 2944/5125 3128/5128 3093/5129
f 3093/5129 3128/5128 2999/5130
f 3022/5131 3033/5132 2961/5133
f 3022/5131 2961/5133 2955/5134
f 2961/5133 3033/5132 2998/5135
f 2998/5135 3033/5132 3019/5136
f 3019/5136 3033/5132 2957/5137
f 2961/5133 2998/5135 2981/5138
f 3019/5136 2957/5137 3173/5139
f 3173/5139 2957/5137 3209/5140
f 3173/5139 3209/5140 3199/5141
f 3199/5141 3209/5140 3200/5142
f 3019/5136 3173/5139 3013/5143
f 3019/5136 3013/5143 2998/5135
f 3013/5143 3173/5139 3163/5144
f 3013/5143 3163/5144 3151/5145
f 3013/5143 3151/5145 2998/5135
f 2998/5135 3151/5145 2981/5138
f 2983/5146 2981/5138 2985/5147
f 2981/5138 2983/5146 2950/5148
f 2981/5138 2950/5148 2961/5133
f 2950/5148 2983/5146 3154/5149
f 2961/5133 2950/5148 3103/5150
f 3103/5150 2950/5148 3154/5149
f 3128/5151 2955/5152 2999/5153
f 2999/5153 2955/5152 3093/5154
f 3093/5155 2955/5156 3103/5157
f 3103/5157 2955/5156 2961/5158
f 2944/5159 3093/5160 3138/5161
f 3138/5161 3093/5160 3132/5162
f 3132/5162 3093/5160 3103/5163
f 3129/5164 3112/5165 3138/5161
f 3129/5164 3138/5161 3132/5162
f 3129/5164 3132/5162 3109/5166
f 3109/5166 3132/5162 3087/5167
f 3109/5166 3087/5167 3095/5168
f 3132/5162 3103/5163 3130/5169
f 3132/5162 3130/5169 2992/5170
f 3130/5169 3103/5163 3108/5171
f 3132/5162 2992/5170 2997/5172
f 2997/5172 2992/5170 3130/5169
f 3132/5162 2997/5172 3087/5167
f 2997/5172 3130/5169 3108/5171
f 3108/5171 3103/5163 3154/5173
f 3087/5167 2997/5172 2973/5174
f 2973/5174 2997/5172 3108/5171
f 3087/5167 2973/5174 2943/5175
f 2943/5175 2973/5174 3114/5176
f 2943/5175 3114/5176 3087/5167
f 3114/5176 2973/5174 3108/5171
f 3087/5167 3114/5176 3095/5168
f 3108/5171 3154/5173 2969/5177
f 3108/5171 2969/5177 3114/5176
f 2969/5177 3154/5173 3158/5178
f 3095/5168 3114/5176 3094/5179
f 3095/5168 3094/5179 3039/5180
f 3114/5176 2969/5177 3097/5181
f 3114/5176 3097/5181 3094/5179
f 2940/5182 3002/5183 3094/5179
f 2940/5182 3094/5179 3097/5181
f 2940/5182 3097/5181 3089/5184
f 3089/5184 3097/5181 3136/5185
f 3089/5184 3136/5185 2962/5186
f 3097/5181 2969/5177 3106/5187
f 3097/5181 3106/5187 3136/5185
f 3106/5187 2969/5177 3148/5188
f 3148/5188 2969/5177 3158/5178
f 3136/5185 3106/5187 2953/5189
f 2953/5189 3106/5187 3148/5188
f 3136/5185 2953/5189 3125/5190
f 3125/5190 2953/5189 3148/5188
f 2980/5191 2962/5186 3136/5185
f 2980/5191 3136/5185 3125/5190
f 2980/5191 3125/5190 3148/5188
f 2962/5186 2980/5191 2974/5192
f 2996/5193 3148/5188 3158/5178
f 3148/5188 2996/5193 2980/5191
f 2996/5193 3158/5178 3010/5194
f 2996/5193 3010/5194 2980/5191
f 2980/5191 3010/5194 2967/5195
f 2974/5192 2980/5191 2970/5196
f 2970/5196 2980/5191 2967/5195
f 2954/5197 2952/5198 3091/5199
f 2962/5200 3098/5201 3089/5202
f 3089/5202 3098/5201 2986/5203
f 2986/5203 3098/5201 3011/5204
f 3011/5204 3098/5201 3110/5205
f 2986/5203 3011/5204 3030/5206
f 3011/5204 3110/5205 3032/5207
f 3011/5204 3032/5207 3030/5206
f 2986/5203 3030/5206 3021/5208
f 3021/5208 3030/5206 3032/5207
f 2986/5203 3021/5208 3056/5209
f 2986/5203 3056/5209 3055/5210
f 3053/5211 2940/5212 3056/5209
f 3053/5211 3056/5209 3062/5213
f 3056/5209 3021/5208 3064/5214
f 3056/5209 3064/5214 3062/5213
f 3064/5214 3021/5208 3061/5215
f 3061/5215 3021/5208 3032/5207
f 3062/5213 3064/5214 3069/5216
f 3064/5214 3061/5215 3076/5217
f 3064/5214 3076/5217 3069/5216
f 3061/5215 3032/5207 3068/5218
f 3061/5215 3068/5218 3076/5217
f 3068/5218 3032/5207 3040/5219
f 3040/5219 3032/5207 3060/5220
f 3060/5220 3032/5207 3110/5205
f 3060/5220 3110/5205 2951/5221
f 3060/5220 2951/5221 3040/5219
f 2951/5221 3110/5205 3104/5222
f 3040/5219 2951/5221 3018/5223
f 3018/5223 2951/5221 3104/5222
f 3068/5218 3040/5219 3031/5224
f 3031/5224 3040/5219 3018/5223
f 3018/5223 3104/5222 3008/5225
f 3008/5225 3104/5222 3105/5226
f 3018/5223 3008/5225 3031/5224
f 3068/5218 3031/5224 3075/5227
f 3068/5218 3075/5227 3076/5217
f 3031/5224 3008/5225 3049/5228
f 3049/5228 3008/5225 3029/5229
f 3049/5228 3029/5229 3054/5230
f 3049/5228 3054/5230 3041/5231
f 3041/5231 3054/5230 3008/5232
f 3031/5224 3049/5228 3052/5233
f 3052/5233 3049/5228 3041/5231
f 3052/5233 3041/5231 3008/5232
f 3031/5224 3052/5233 3075/5227
f 3052/5233 3008/5232 3105/5234
f 3052/5233 3105/5234 3058/5235
f 3052/5233 3058/5235 3075/5227
f 3075/5227 3058/5235 3072/5236
f 3072/5236 3058/5235 3059/5237
f 3081/5238 3076/5217 3075/5227
f 3081/5238 3075/5227 3072/5236
f 3076/5217 3081/5238 3069/5216
f 3069/5216 3081/5238 3083/5239
f 3069/5216 3083/5239 3074/5240
f 3083/5239 3081/5238 3084/5241
f 3084/5241 3081/5238 3072/5236
f 3083/5239 3084/5241 3074/5240
f 3069/5216 3074/5240 3062/5213
f 3074/5240 3084/5241 3082/5242
f 3082/5242 3084/5241 3072/5236
f 3062/5213 3074/5240 3071/5243
f 3062/5213 3071/5243 3070/5244
f 3074/5240 3082/5242 3080/5245
f 3074/5240 3080/5245 3071/5243
f 3080/5245 3082/5242 3072/5236
f 3070/5244 3071/5243 3078/5246
f 3078/5246 3071/5243 3080/5245
f 3070/5244 3078/5246 3077/5247
f 3078/5246 3080/5245 3079/5248
f 3079/5248 3080/5245 3072/5236
f 3078/5246 3079/5248 3077/5247
f 3079/5248 3072/5236 3073/5249
f 3073/5249 3072/5236 3059/5237
f 3079/5248 3073/5249 3065/5250
f 3065/5250 3073/5249 3059/5237
f 3079/5248 3065/5250 3077/5247
f 3065/5250 3059/5237 3129/5251
f 3065/5250 3129/5251 3109/5252
f 3077/5247 3065/5250 3066/5253
f 3066/5253 3065/5250 3109/5252
f 3077/5247 3066/5253 3067/5254
f 3067/5254 3066/5253 3109/5252
f 3077/5247 3067/5254 3039/5255
f 3067/5254 3109/5252 3095/5256
f 3067/5254 3095/5256 3039/5255
f 3062/5257 3070/5258 3063/5259
f 3063/5259 3070/5258 3077/5260
f 3063/5259 3077/5260 3039/5261
f 3063/5259 3039/5261 3062/5257
f 3062/5257 3039/5261 3053/5262
f 3053/5262 3039/5261 3002/5263
f 3002/5263 3039/5261 3094/5264
f 3053/5262 3002/5263 3048/5265
f 3053/5262 3048/5265 3038/5266
f 3038/5266 3048/5265 3036/5267
f 3036/5267 3048/5265 2989/5268
f 2989/5268 3048/5265 3002/5263
f 2989/5268 3002/5263 3038/5269
f 3038/5269 3002/5263 2940/5270
f 3038/5269 2940/5270 3053/5271
f 3059/5272 3058/5273 3046/5274
f 3046/5274 3058/5273 3105/5275
f 3112/5276 3105/5275 3138/5277
f 3105/5275 3112/5276 3046/5274
f 3046/5274 3112/5276 3037/5278
f 3059/5272 3046/5274 2993/5279
f 3059/5272 2993/5279 3129/5280
f 3046/5274 3037/5278 3050/5281
f 3046/5274 3050/5281 2993/5279
f 3050/5281 3037/5278 3054/5282
f 3129/5280 2993/5279 3112/5283
f 3050/5281 3054/5282 3029/5284
f 3112/5283 2993/5279 3037/5285
f 3050/5281 3029/5284 3009/5286
f 3050/5281 3009/5286 2993/5279
f 2993/5279 3009/5286 3037/5285
f 3009/5286 3029/5284 3008/5287
f 3037/5285 3009/5286 3054/5288
f 3054/5288 3009/5286 3008/5287
f 3154/5289 2983/5290 2984/5291
f 2984/5291 2983/5290 2985/5292
f 2984/5291 2985/5292 2959/5293
f 2959/5293 2985/5292 3102/5294
f 2959/5293 3102/5294 3117/5295
f 2959/5293 3117/5295 2941/5296
f 2941/5296 3117/5295 3197/5297
f 2941/5296 3197/5297 3168/5298
f 3154/5299 2984/5300 3158/5301
f 3158/5301 2984/5300 3010/5302
f 3010/5302 2984/5300 2959/5303
f 3010/5302 2959/5303 2942/5304
f 2942/5304 2959/5303 2941/5305
f 2942/5304 2941/5305 3026/5306
f 2942/5304 3026/5306 3010/5302
f 3010/5302 3026/5306 3025/5307
f 3010/5302 3025/5307 2967/5308
f 2967/5308 3025/5307 2970/5309
f 2985/5310 2981/5311 3116/5312
f 3116/5312 2981/5311 3151/5313
f 2985/5310 3116/5312 3102/5314
f 3116/5312 3151/5313 3139/5315
f 3116/5312 3139/5315 3102/5314
f 3102/5314 3139/5315 3143/5316
f 3143/5316 3139/5315 3211/5317
f 3102/5314 3143/5316 3117/5318
f 3117/5318 3143/5316 3211/5317
f 3139/5319 3151/5320 3202/5321
f 3139/5319 3202/5321 3211/5322
f 3211/5322 3202/5321 3172/5323
f 3172/5323 3202/5321 3200/5324
f 3200/5324 3202/5321 3199/5325
f 3199/5325 3202/5321 3151/5320
f 3199/5325 3151/5320 3163/5326
f 3199/5325 3163/5326 3173/5327
f 3117/5328 3211/5329 3191/5330
f 3117/5328 3191/5330 3197/5331
f 3197/5331 3191/5330 3207/5332
f 3207/5332 3191/5330 3211/5329
f 3207/5332 3211/5329 3172/5333
f 3207/5332 3172/5333 3169/5334
f 3169/5334 3172/5333 3194/5335
f 3194/5335 3172/5333 3183/5336
f 3194/5335 3183/5336 3185/5337
f 3183/5336 3172/5333 3200/5338
f 3185/5337 3183/5336 3179/5339
f 3179/5339 3183/5336 3200/5338
f 3179/5339 3200/5338 3209/5340
f 3026/5341 2941/5342 3020/5343
f 3026/5341 3020/5343 3028/5344
f 3026/5341 3028/5344 3025/5345
f 3020/5343 2941/5342 3012/5346
f 3020/5343 3012/5346 3028/5344
f 3012/5346 2941/5342 3168/5347
f 3025/5345 3028/5344 3096/5348
f 3096/5348 3028/5344 3012/5346
f 3025/5345 3096/5348 2970/5349
f 2970/5349 3096/5348 3208/5350
f 3096/5348 3012/5346 3187/5351
f 3187/5351 3012/5346 3168/5347
f 3096/5348 3187/5351 3208/5350
f 3187/5351 3168/5347 3197/5352
f 3187/5351 3197/5352 3208/5350
f 3208/5350 3197/5352 3207/5353
f 2970/5354 3208/5355 3014/5356
f 2970/5354 3014/5356 3015/5357
f 2970/5354 3015/5357 2974/5358
f 2974/5358 3015/5357 2956/5359
f 2956/5359 3015/5357 3014/5356
f 2956/5359 3014/5356 2963/5360
f 2956/5359 2963/5360 3205/5361
f 3205/5361 2963/5360 3014/5356
f 3205/5361 3014/5356 3215/5362
f 3215/5362 3014/5356 3208/5355
f 3205/5361 3215/5362 3212/5363
f 3212/5363 3215/5362 3208/5355
f 3212/5363 3208/5355 3207/5364
f 3157/5365 2962/5366 2974/5367
f 3157/5365 2974/5367 3100/5368
f 3157/5365 3100/5368 3126/5369
f 3100/5368 2974/5367 3085/5370
f 3100/5368 3085/5370 3126/5369
f 3085/5370 2974/5367 2956/5371
f 3085/5370 2956/5371 3126/5369
f 3126/5369 2956/5371 3160/5372
f 3160/5372 2956/5371 3176/5373
f 3176/5373 2956/5371 3205/5374
f 3176/5373 3205/5374 3212/5375
f 2940/5376 3089/5377 3088/5378
f 2940/5376 3088/5378 3056/5379
f 3088/5378 3089/5377 2986/5380
f 3056/5379 3088/5378 3047/5381
f 3047/5381 3088/5378 2986/5380
f 3056/5379 3047/5381 3055/5382
f 3055/5382 3047/5381 3045/5383
f 3045/5383 3047/5381 2986/5380
f 3055/5382 3045/5383 3036/5384
f 3036/5384 3045/5383 3038/5385
f 3038/5385 3045/5383 2989/5386
f 3045/5383 2986/5380 3017/5387
f 3045/5383 3017/5387 2989/5386
f 3017/5387 2986/5380 3055/5388
f 2989/5386 3017/5387 3036/5389
f 3036/5389 3017/5387 3055/5388
f 3157/5390 3126/5391 3160/5392
f 3157/5390 3160/5392 3176/5393
f 3157/5390 3176/5393 3201/5394
f 3176/5395 3212/5396 3201/5397
f 3201/5398 3212/5399 3189/5400
f 3189/5400 3212/5399 3207/5401
f 3189/5400 3207/5401 3169/5402
f 3201/5398 3189/5400 3174/5403
f 3174/5403 3189/5400 3169/5402
f 3201/5398 3174/5403 3180/5404
f 3174/5403 3169/5402 3194/5405
f 3180/5404 3174/5403 3185/5406
f 3185/5406 3174/5403 3194/5405
f 3180/5407 3185/5408 3178/5409
s 0
f 3178/5409 3185/5408 3179/5410
s 1
f 3178/5411 3179/5412 3167/5413
f 3167/5413 3179/5412 3209/5414
o tripo_part_5
v -0.005311 0.465380 0.114617
v -0.005250 0.461214 0.193287
v -0.005094 0.358122 0.159519
v -0.005060 0.396263 0.193360
v -0.005057 0.268289 0.178746
v -0.005023 0.451540 0.159954
v -0.004988 0.260546 0.149420
v -0.004976 0.345037 0.165738
v -0.004955 0.393169 0.146316
v -0.004945 0.343485 0.159025
v -0.004884 0.349754 0.159087
v -0.004817 0.350784 0.154372
v -0.004805 0.357599 0.164603
v -0.004778 0.248285 0.162498
v -0.004733 0.403189 0.165058
v -0.004714 0.447603 0.130267
v -0.004681 0.350805 0.164845
v -0.004650 0.349947 0.172174
v -0.004648 0.447069 0.194542
v -0.004636 0.377679 0.178458
v -0.004627 0.446550 0.216744
v -0.004616 0.357420 0.152966
v -0.004591 0.451937 0.131701
v -0.004585 0.420809 0.189660
v -0.004542 0.444796 0.125351
v -0.004529 0.271074 0.155655
v -0.004526 0.344637 0.125866
v -0.004520 0.354137 0.189301
v -0.004515 0.296892 0.154830
v -0.004502 0.258936 0.162115
v -0.004500 0.429190 0.130553
v -0.004474 0.271395 0.167439
v -0.004472 0.364036 0.165987
v -0.004455 0.293741 0.133826
v -0.004454 0.331160 0.147603
v -0.004449 0.352384 0.133667
v -0.004444 0.429174 0.193440
v -0.004433 0.408483 0.165173
v -0.004433 0.420736 0.135659
v -0.004433 0.444612 0.194802
v -0.004430 0.403459 0.154321
v -0.004412 0.357262 0.171130
v -0.004411 0.368200 0.141743
v -0.004390 0.337919 0.138592
v -0.004387 0.363706 0.158976
v -0.004371 0.441889 0.117352
v -0.004362 0.350696 0.125428
v -0.004357 0.279947 0.199368
v -0.004334 0.290644 0.117482
v -0.004319 0.418123 0.125260
v -0.004317 0.282160 0.125451
v -0.004310 0.262812 0.179673
v -0.004308 0.403606 0.171510
v -0.004297 0.312929 0.162321
v -0.004285 0.251810 0.139983
v -0.004258 0.274797 0.201973
v -0.004235 0.389399 0.162110
v -0.004231 0.285669 0.132580
v -0.004228 0.438307 0.125432
v -0.004219 0.452494 0.116532
v -0.004214 0.346855 0.122883
v -0.004212 0.348347 0.207173
v -0.004196 0.349541 0.202374
v -0.004195 0.394537 0.202149
v -0.004182 0.244135 0.176503
v -0.004171 0.458376 0.210183
v -0.004163 0.230158 0.161806
v -0.004148 0.336943 0.186518
v -0.004147 0.260973 0.207242
v -0.004136 0.271036 0.192692
v -0.004130 0.408976 0.158137
v -0.004125 0.460398 0.159201
v -0.004125 0.415525 0.122880
v -0.004124 0.330194 0.165619
v -0.004114 0.270677 0.131541
v -0.004111 0.262491 0.117814
v -0.004094 0.431738 0.157537
v -0.004090 0.251261 0.152560
v -0.004078 0.281397 0.161790
v -0.004072 0.274866 0.122872
v -0.004053 0.349398 0.121418
v -0.004052 0.420076 0.161685
v -0.004039 0.431677 0.126645
v -0.004011 0.401853 0.199444
v -0.003995 0.436148 0.125622
v -0.003978 0.434656 0.155088
v -0.003964 0.243799 0.162039
v -0.003946 0.438322 0.199528
v -0.003944 0.428007 0.126565
v -0.003932 0.259783 0.130440
v -0.003920 0.289438 0.161924
v -0.003883 0.261431 0.194169
v -0.003865 0.306871 0.161507
v -0.003837 0.297991 0.168267
v -0.003818 0.446665 0.201962
v -0.003743 0.447992 0.122979
v -0.003710 0.368215 0.182841
v -0.003680 0.376608 0.148427
v -0.003619 0.266359 0.159286
v -0.003617 0.329676 0.179114
v -0.003500 0.294580 0.178093
v -0.003469 0.434484 0.199631
v -0.003429 0.381893 0.122952
v -0.003355 0.350357 0.200963
v -0.003354 0.274546 0.125489
v -0.003288 0.274729 0.198624
v -0.003218 0.447603 0.199555
v -0.003192 0.293993 0.190249
v -0.003181 0.285715 0.191069
v -0.003066 0.460421 0.117974
v -0.003037 0.437029 0.157961
v -0.002986 0.453257 0.193165
v -0.002713 0.463831 0.107453
v -0.002701 0.429144 0.155089
v -0.002674 0.421110 0.189154
v -0.002620 0.438276 0.125428
v -0.002603 0.350696 0.125428
v -0.002593 0.431490 0.156219
v -0.002586 0.347662 0.124428
v -0.002561 0.429960 0.124054
v -0.002550 0.436197 0.125245
v -0.002545 0.458368 0.154643
v -0.002494 0.402664 0.160806
v -0.002483 0.259767 0.145597
v -0.002472 0.281641 0.125275
v -0.002462 0.274652 0.202015
v -0.002459 0.258135 0.176836
v -0.002455 0.265100 0.146365
v -0.002453 0.264170 0.176655
v -0.002439 0.275034 0.122895
v -0.002438 0.454126 0.153643
v -0.002428 0.271730 0.156088
v -0.002389 0.269869 0.167236
v -0.002341 0.279383 0.199532
v -0.002335 0.431002 0.127171
v -0.002328 0.247904 0.161928
v -0.002250 0.350000 0.122498
v -0.002226 0.455217 0.207501
v -0.002185 0.300524 0.167646
v -0.002179 0.291010 0.163837
v -0.002175 0.457430 0.193123
v -0.002172 0.286455 0.132779
v -0.002152 0.296808 0.155264
v -0.002120 0.464632 0.211915
v -0.002055 0.455690 0.159732
v -0.002022 0.449968 0.107331
v -0.002012 0.294023 0.133551
v -0.002011 0.449640 0.124016
v -0.001974 0.454630 0.102982
v -0.001932 0.455759 0.131781
v -0.001903 0.459452 0.202446
v -0.001800 0.348356 0.205101
v -0.001610 0.330141 0.147037
v -0.001574 0.354067 0.130929
v -0.001459 0.376211 0.148249
v -0.001446 0.337168 0.137892
v -0.001436 0.342905 0.158626
v -0.001423 0.369248 0.185040
v -0.001408 0.363733 0.158953
v -0.001393 0.368946 0.140826
v -0.001363 0.313898 0.162383
v -0.001309 0.389006 0.162567
v -0.001291 0.357397 0.171287
v -0.001276 0.362304 0.165796
v -0.001247 0.343744 0.166263
v -0.001246 0.350166 0.172010
v -0.001212 0.356766 0.154369
v -0.001212 0.355616 0.162171
v -0.001152 0.350490 0.153551
v -0.001136 0.459383 0.128460
v -0.001071 0.352495 0.162876
v -0.000965 0.453119 0.202595
v -0.000806 0.452341 0.127976
v -0.000787 0.454531 0.118542
v -0.000402 0.450533 0.211838
v -0.000111 0.456148 0.220452
v 0.000609 0.456766 0.114968
v 0.000649 0.454981 0.195248
v 0.001478 0.461946 0.111577
v 0.002006 0.451754 0.110325
v 0.003388 0.458483 0.216248
v -0.005462 0.461023 0.115548
v -0.005630 0.462633 0.198399
v -0.005664 0.462541 0.223229
v -0.005797 0.323023 0.207242
v -0.005973 0.465250 0.219616
v -0.006083 0.258554 0.187903
v -0.006252 0.449358 0.220265
v -0.006306 0.415983 0.117997
v -0.006368 0.450914 0.193081
v -0.006688 0.463465 0.104428
v -0.006720 0.308260 0.178490
v -0.006745 0.461588 0.158898
v -0.006782 0.451319 0.224572
v -0.007205 0.462007 0.131052
v -0.007255 0.288744 0.161743
v -0.007322 0.350750 0.117901
v -0.007397 0.414343 0.207158
v -0.007417 0.304155 0.160755
v -0.007519 0.399509 0.138512
v -0.007558 0.450731 0.152863
v -0.007600 0.337896 0.183121
v -0.007614 0.463304 0.126614
v -0.007629 0.322569 0.155972
v -0.007650 0.330221 0.190856
v -0.007672 0.367848 0.176600
v -0.007685 0.298654 0.167616
v -0.007691 0.404346 0.155858
v -0.007728 0.338789 0.140658
v -0.007731 0.356369 0.153489
v -0.007733 0.296411 0.156126
v -0.007763 0.367123 0.185172
v -0.007780 0.371367 0.140633
v -0.007863 0.401291 0.198193
v -0.007942 0.401672 0.184147
v -0.008008 0.426454 0.193978
v -0.008020 0.382028 0.156132
v -0.008030 0.260973 0.207165
v -0.008034 0.447206 0.197079
v -0.008046 0.444666 0.194336
v -0.008060 0.264597 0.153620
v -0.008083 0.229776 0.161054
v -0.008228 0.433134 0.158124
v -0.008233 0.402552 0.194455
v -0.008236 0.322710 0.206494
v -0.008282 0.241053 0.173866
v -0.008327 0.269327 0.192898
v -0.008347 0.276186 0.118184
v -0.008354 0.446726 0.126084
v -0.008377 0.271486 0.178723
v -0.008417 0.444437 0.125943
v -0.008427 0.448244 0.107232
v -0.008467 0.275927 0.202954
v -0.008514 0.259844 0.130368
v -0.008539 0.256822 0.136921
v -0.008547 0.401026 0.143069
v -0.008572 0.270464 0.131632
v -0.008731 0.447023 0.113965
v -0.008939 0.447855 0.118008
v -0.009425 0.461267 0.193078
v -0.009426 0.261263 0.195145
v -0.009477 0.451364 0.159635
v -0.009560 0.452333 0.209584
v -0.009822 0.451433 0.131867
v -0.010581 0.460741 0.207650
v -0.010745 0.466478 0.108605
v -0.010762 0.460535 0.158323
v -0.011022 0.462030 0.115712
v -0.011892 0.453188 0.102925
v -0.012012 0.460382 0.102543
v -0.012196 0.458712 0.193020
v -0.012197 0.453325 0.193058
v -0.012287 0.458994 0.224000
v -0.012291 0.458902 0.132544
v -0.012320 0.453951 0.158687
v -0.012775 0.457254 0.155103
v -0.012803 0.457468 0.161676
v -0.012856 0.454363 0.116051
v -0.012883 0.455072 0.131762
v -0.013586 0.449831 0.211728
v -0.013789 0.459627 0.210690
v -0.013892 0.459879 0.120919
v -0.013948 0.451486 0.128342
v -0.013968 0.453005 0.119339
v -0.013988 0.451578 0.195961
v -0.014039 0.459589 0.196389
v -0.014390 0.457163 0.202713
v -0.014619 0.464876 0.216084
v -0.015207 0.455332 0.220505
v -0.015490 0.455469 0.106682
v -0.016422 0.450670 0.111142
v -0.017439 0.451700 0.216099
v -0.017513 0.460840 0.111821
vt 0.435654 0.038093
vt 0.446220 0.040862
vt 0.440852 0.043009
vt 0.447802 0.046964
vt 0.437349 0.045778
vt 0.430851 0.040805
vt 0.441869 0.051824
vt 0.450289 0.054367
vt 0.433563 0.049959
vt 0.426048 0.043404
vt 0.429777 0.052954
vt 0.438818 0.057757
vt 0.430681 0.057587
vt 0.436275 0.062786
vt 0.440117 0.063860
vt 0.436162 0.070640
vt 0.430342 0.071092
vt 0.431472 0.064990
vt 0.426217 0.068663
vt 0.426048 0.071883
vt 0.358061 0.117095
vt 0.358061 0.126079
vt 0.352862 0.121615
vt 0.354896 0.128170
vt 0.355801 0.114043
vt 0.348624 0.119807
vt 0.351167 0.130204
vt 0.348963 0.112631
vt 0.090590 0.523246
vt 0.099009 0.519234
vt 0.097032 0.527597
vt 0.085165 0.526015
vt 0.083301 0.517596
vt 0.087652 0.517087
vt 0.094093 0.517313
vt 0.099009 0.511832
vt 0.350265 0.916007
vt 0.349248 0.914425
vt 0.355802 0.912730
vt 0.374336 0.934484
vt 0.348174 0.920075
vt 0.364900 0.905892
vt 0.371850 0.908718
vt 0.373037 0.906231
vt 0.373715 0.908040
vt 0.374336 0.906344
vt 0.365917 0.903010
vt 0.370946 0.902841
vt 0.374110 0.878261
vt 0.284031 0.784785
vt 0.284144 0.781055
vt 0.288100 0.782016
vt 0.285896 0.776930
vt 0.291772 0.785237
vt 0.295163 0.787327
vt 0.295671 0.792074
vt 0.293920 0.783880
vt 0.290981 0.776704
vt 0.285331 0.771110
vt 0.288665 0.768793
vt 0.287648 0.766759
vt 0.279737 0.767042
vt 0.291546 0.735681
vt 0.275725 0.767437
vt 0.290981 0.732121
vt 0.288608 0.733534
vt 0.288382 0.730878
vt 0.295163 0.708841
vt 0.294146 0.708219
vt 0.295671 0.704942
vt 0.292620 0.706072
vt 0.919285 0.805982
vt 0.923749 0.808411
vt 0.920246 0.808750
vt 0.915217 0.808750
vt 0.922054 0.832652
vt 0.925331 0.835252
vt 0.919850 0.836212
vt 0.917251 0.835704
vt 0.916008 0.839998
vt 0.915217 0.855763
vt 0.929286 0.834291
vt 0.927761 0.807790
vt 0.926970 0.854520
vt 0.932112 0.833556
vt 0.922280 0.854012
vt 0.922223 0.838303
vt 0.919398 0.854972
vt 0.917816 0.858532
vt 0.931942 0.807451
vt 0.933807 0.804456
vt 0.936858 0.832483
vt 0.935220 0.806490
vt 0.938440 0.802478
vt 0.941266 0.831635
vt 0.937875 0.805077
vt 0.071827 0.124779
vt 0.068267 0.123140
vt 0.074596 0.098956
vt 0.065781 0.109353
vt 0.066459 0.089915
vt 0.065781 0.029905
vt 0.143260 0.885266
vt 0.146086 0.885040
vt 0.148741 0.888317
vt 0.150663 0.884305
vt 0.143882 0.905608
vt 0.152697 0.888656
vt 0.155466 0.883232
vt 0.151454 0.905439
vt 0.158178 0.888656
vt 0.158743 0.883119
vt 0.162755 0.858821
vt 0.155296 0.905552
vt 0.159421 0.905608
vt 0.157048 0.908773
vt 0.162755 0.908603
vt 0.161116 0.912106
vt 0.159308 0.913350
vt 0.152923 0.909733
vt 0.154957 0.913350
vt 0.148063 0.908490
vt 0.150550 0.915949
vt 0.155353 0.915214
vt 0.151510 0.919565
vt 0.145634 0.916740
vt 0.142130 0.910298
vt 0.139870 0.906738
vt 0.634408 0.883854
vt 0.630735 0.877865
vt 0.637007 0.877582
vt 0.632939 0.872158
vt 0.637855 0.871084
vt 0.636159 0.868880
vt 0.639493 0.875378
vt 0.639606 0.882950
vt 0.637233 0.889392
vt 0.641302 0.881707
vt 0.643618 0.886793
vt 0.637007 0.891200
vt 0.648534 0.888770
vt 0.649325 0.909508
vt 0.630735 0.927703
vt 0.653902 0.911542
vt 0.658140 0.891031
vt 0.658197 0.887075
vt 0.657688 0.904253
vt 0.659157 0.889900
vt 0.195194 0.340429
vt 0.194516 0.338903
vt 0.199828 0.332688
vt 0.199771 0.338677
vt 0.205535 0.338451
vt 0.207512 0.331671
vt 0.203896 0.326755
vt 0.194516 0.323647
vt 0.944939 0.686571
vt 0.943640 0.688605
vt 0.938893 0.689057
vt 0.934655 0.686741
vt 0.937876 0.688549
vt 0.939628 0.690075
vt 0.933412 0.713242
vt 0.944148 0.736466
vt 0.930530 0.711377
vt 0.948047 0.689848
vt 0.947934 0.688605
vt 0.948047 0.734714
vt 0.936690 0.689453
vt 0.934260 0.688210
vt 0.928212 0.561053
vt 0.925952 0.569642
vt 0.927365 0.537942
vt 0.934484 0.559641
vt 0.925952 0.516470
vt 0.882945 0.301609
vt 0.881250 0.339073
vt 0.881250 0.277255
vt 0.843613 0.599481
vt 0.829882 0.574618
vt 0.831634 0.574674
vt 0.832764 0.574448
vt 0.831012 0.572414
vt 0.828469 0.574109
vt 0.843613 0.522406
vt 0.841861 0.522632
vt 0.828978 0.570210
vt 0.834176 0.530261
vt 0.820671 0.573714
vt 0.810105 0.581964
vt 0.817959 0.560774
vt 0.807675 0.570493
vt 0.173605 0.339073
vt 0.114494 0.339073
vt 0.124273 0.336178
vt 0.173452 0.337437
vt 0.158765 0.323152
vt 0.116058 0.334637
vt 0.146560 0.314244
vt 0.116188 0.324904
vt 0.112815 0.336057
vt 0.110939 0.333365
vt 0.091052 0.334566
vt 0.090929 0.335974
vt 0.058165 0.333279
vt 0.063367 0.331371
vt 0.086487 0.327557
vt 0.145521 0.357555
vt 0.140944 0.345632
vt 0.159817 0.350943
vt 0.163038 0.353260
vt 0.152527 0.358798
vt 0.159195 0.365465
vt 0.164111 0.366991
vt 0.143091 0.379761
vt 0.153206 0.366596
vt 0.140944 0.376428
vt 0.248429 0.626606
vt 0.248429 0.612028
vt 0.249615 0.613836
vt 0.260408 0.618978
vt 0.259956 0.625759
vt 0.467131 0.924316
vt 0.479901 0.955282
vt 0.468769 0.937313
vt 0.457016 0.934714
vt 0.457129 0.915897
vt 0.463401 0.945224
vt 0.458203 0.944941
vt 0.460972 0.949575
vt 0.481483 0.962967
vt 0.457016 0.957429
vt 0.287534 0.962967
vt 0.272347 0.954052
vt 0.272647 0.952205
vt 0.246730 0.962967
vt 0.252423 0.958412
vt 0.260774 0.941986
vt 0.265378 0.943281
vt 0.273235 0.944614
vt 0.264162 0.926614
vt 0.271098 0.941657
vt 0.271903 0.919227
vt 0.271068 0.921926
vt 0.703070 0.937030
vt 0.703013 0.923865
vt 0.706969 0.932680
vt 0.728328 0.919062
vt 0.727424 0.927085
vt 0.710868 0.937087
vt 0.704200 0.965679
vt 0.703013 0.946976
vt 0.706234 0.937878
vt 0.500021 0.878317
vt 0.502846 0.874870
vt 0.511039 0.880747
vt 0.494822 0.879730
vt 0.489623 0.917645
vt 0.503072 0.903067
vt 0.510700 0.901485
vt 0.512678 0.933128
vt 0.497195 0.927703
vt 0.487420 0.925839
vt 0.488041 0.917758
vt 0.484199 0.928777
vt 0.484199 0.933128
vt 0.478718 0.931941
vt 0.516691 0.950760
vt 0.516691 0.902673
vt 0.521551 0.937142
vt 0.527597 0.942679
vt 0.074880 0.831920
vt 0.090871 0.814799
vt 0.081661 0.827569
vt 0.089176 0.832146
vt 0.065613 0.839040
vt 0.073185 0.839718
vt 0.090871 0.849889
vt 0.071377 0.847346
vt 0.076462 0.851415
vt 0.078610 0.862151
vt 0.083413 0.878876
vt 0.576358 0.767626
vt 0.573174 0.760324
vt 0.578604 0.767489
vt 0.573741 0.773589
vt 0.573174 0.788005
vt 0.581866 0.771035
vt 0.597510 0.765783
vt 0.598124 0.763873
vt 0.949348 0.436731
vt 0.958898 0.482840
vt 0.949348 0.481596
vt 0.958502 0.469222
vt 0.703915 0.713638
vt 0.703915 0.744604
vt 0.694535 0.741383
vt 0.695722 0.715955
vt 0.685268 0.716407
vt 0.681313 0.731325
vt 0.895152 0.107548
vt 0.884755 0.160042
vt 0.886054 0.100316
vt 0.884755 0.096925
vt 0.630103 0.117997
vt 0.637297 0.107438
vt 0.634404 0.114643
vt 0.641160 0.110953
vt 0.641004 0.108252
vt 0.643017 0.108060
vt 0.639411 0.063803
vt 0.650444 0.078364
vt 0.649827 0.117997
vt 0.653732 0.117955
vt 0.653019 0.078753
vt 0.644598 0.025512
vt 0.645940 0.061988
vt 0.643280 0.061785
vt 0.642322 0.060251
vt 0.637021 0.038443
vt 0.630169 0.017138
vt 0.633679 0.009214
vt 0.633427 0.002841
vt 0.942906 0.747660
vt 0.941041 0.746360
vt 0.948274 0.742914
vt 0.946014 0.750542
vt 0.932961 0.755910
vt 0.952964 0.758961
vt 0.956185 0.762182
vt 0.952343 0.765685
vt 0.929853 0.760317
vt 0.950195 0.767607
vt 0.929797 0.771054
vt 0.948726 0.777213
vt 0.940533 0.782524
vt 0.956185 0.782072
vt 0.948952 0.780151
vt 0.946579 0.787553
vt 0.946297 0.789362
vt 0.950987 0.785971
vt 0.955846 0.792074
vt 0.354332 0.581624
vt 0.352354 0.572696
vt 0.361000 0.576256
vt 0.362243 0.578403
vt 0.357327 0.583263
vt 0.364842 0.587896
vt 0.356536 0.587614
vt 0.354163 0.587614
vt 0.352354 0.594055
vt 0.936770 0.136271
vt 0.960254 0.094300
vt 0.945283 0.127634
vt 0.960254 0.139698
vt 0.233282 0.097089
vt 0.229609 0.105791
vt 0.229609 0.086522
vt 0.530312 0.992918
vt 0.526526 0.996874
vt 0.526356 0.980770
vt 0.513190 0.987833
vt 0.513190 0.968960
vt 0.520593 0.957885
vt 0.530142 0.970768
vt 0.527091 0.957546
vt 0.530029 0.982747
vt 0.535510 0.996026
vt 0.540200 0.986759
vt 0.531781 0.970937
vt 0.537827 0.965400
vt 0.537149 0.973085
vt 0.541839 0.983143
vt 0.540200 0.961105
vt 0.539353 0.972124
vt 0.544834 0.960145
vt 0.545455 0.983256
vt 0.545738 0.963931
vt 0.541104 0.972237
vt 0.549298 0.983030
vt 0.546868 0.971446
vt 0.483578 0.140772
vt 0.485556 0.121165
vt 0.507085 0.122464
vt 0.493015 0.138286
vt 0.499117 0.116588
vt 0.487703 0.117209
vt 0.509514 0.123594
vt 0.491319 0.112011
vt 0.499513 0.139020
vt 0.503751 0.112915
vt 0.509684 0.115401
vt 0.504824 0.111163
vt 0.503864 0.110654
vt 0.499795 0.101557
vt 0.495727 0.108451
vt 0.494088 0.106699
vt 0.483578 0.097489
vt 0.515899 0.122577
vt 0.511322 0.115005
vt 0.519459 0.122577
vt 0.499569 0.145123
vt 0.716068 0.849328
vt 0.724430 0.861081
vt 0.707027 0.857578
vt 0.720136 0.881027
vt 0.739178 0.874699
vt 0.725674 0.900070
vt 0.713299 0.884079
vt 0.694313 0.856504
vt 0.694313 0.914140
vt 0.720814 0.890577
vt 0.714598 0.892837
vt 0.708835 0.907359
vt 0.760603 0.412657
vt 0.762192 0.384186
vt 0.775631 0.426334
vt 0.783936 0.416577
vt 0.770777 0.433080
vt 0.743955 0.427936
vt 0.778613 0.454558
vt 0.753794 0.453492
vt 0.772414 0.457216
vt 0.783936 0.480127
vt 0.759221 0.472808
vt 0.915384 0.976529
vt 0.915384 0.950028
vt 0.926347 0.962968
vt 0.924538 0.937597
vt 0.917138 0.260640
vt 0.942622 0.295617
vt 0.941831 0.317372
vt 0.916064 0.307370
vt 0.911713 0.270359
vt 0.913013 0.305562
vt 0.913635 0.306975
vt 0.911713 0.306692
vt 0.313303 0.412088
vt 0.304206 0.424519
vt 0.313303 0.389994
vt 0.300646 0.404685
vt 0.955226 0.800498
vt 0.972460 0.791344
vt 0.959069 0.802475
vt 0.969748 0.806544
vt 0.947146 0.834119
vt 0.972460 0.828751
vt 0.789361 0.511322
vt 0.762634 0.511322
vt 0.779586 0.496913
vt 0.765233 0.479565
vt 0.024413 0.916009
vt 0.022718 0.937933
vt 0.006670 0.950760
vt 0.006670 0.899905
vt 0.922155 0.044810
vt 0.916292 0.013982
vt 0.935466 0.020672
vt 0.946691 0.028774
vt 0.916292 0.070527
vt 0.327094 0.143767
vt 0.327094 0.120938
vt 0.339468 0.109129
vt 0.336135 0.132296
vt 0.340429 0.133935
vt 0.929059 0.717936
vt 0.925047 0.773086
vt 0.925047 0.716523
vt 0.943978 0.443625
vt 0.942566 0.452157
vt 0.935672 0.436901
vt 0.933638 0.444924
vt 0.943978 0.484987
vt 0.932451 0.444811
vt 0.940984 0.486908
vt 0.929682 0.449953
vt 0.869666 0.524271
vt 0.878876 0.550037
vt 0.864185 0.533255
vt 0.860060 0.550320
vt 0.865654 0.582020
vt 0.872096 0.595412
vt 0.864976 0.584676
vt 0.853618 0.589535
vt 0.855370 0.576595
vt 0.856331 0.539979
vt 0.858082 0.533594
vt 0.843391 0.540657
vt 0.854861 0.578516
vt 0.843391 0.580494
vt 0.845142 0.561395
vt 0.848702 0.555236
vt 0.847064 0.544895
vt 0.848759 0.547043
vt 0.854409 0.542296
vt 0.857743 0.548794
vt 0.218363 0.964438
vt 0.194913 0.984667
vt 0.199942 0.977039
vt 0.202315 0.958844
vt 0.199659 0.959013
vt 0.215368 0.960539
vt 0.194913 0.944604
vt 0.049392 0.693914
vt 0.050183 0.709340
vt 0.046453 0.693857
vt 0.050183 0.678092
vt 0.321667 0.098729
vt 0.324153 0.114381
vt 0.321667 0.116641
vt 0.901200 0.165467
vt 0.901200 0.103876
vt 0.912727 0.158348
vt 0.914140 0.129304
vt 0.241929 0.685436
vt 0.231532 0.687639
vt 0.233962 0.683006
vt 0.227464 0.679107
vt 0.240968 0.680068
vt 0.248201 0.678937
vt 0.235713 0.678203
vt 0.228424 0.671818
vt 0.233058 0.673230
vt 0.237635 0.666167
vt 0.238143 0.673852
vt 0.243229 0.673739
vt 0.244415 0.668427
vt 0.248201 0.667523
vt 0.355575 0.317203
vt 0.347381 0.317372
vt 0.349189 0.313473
vt 0.346195 0.312682
vt 0.346195 0.306297
vt 0.350489 0.308501
vt 0.349642 0.301494
vt 0.355010 0.310252
vt 0.358343 0.312173
vt 0.354671 0.299799
vt 0.359417 0.303867
s 1
usemtl Material
f 3445/5415 3435/5416 3504/5417
f 3504/5417 3435/5416 3437/5418
f 3445/5415 3504/5417 3520/5419
f 3520/5419 3504/5417 3437/5418
f 3445/5415 3520/5419 3439/5420
f 3520/5419 3437/5418 3519/5421
f 3519/5421 3437/5418 3395/5422
f 3439/5420 3520/5419 3523/5423
f 3523/5423 3520/5419 3519/5421
f 3439/5420 3523/5423 3272/5424
f 3272/5424 3523/5423 3511/5425
f 3519/5421 3395/5422 3512/5426
f 3519/5421 3512/5426 3523/5423
f 3523/5423 3512/5426 3511/5425
f 3511/5425 3512/5426 3494/5427
f 3494/5427 3512/5426 3496/5428
f 3496/5428 3512/5426 3317/5429
f 3496/5428 3317/5429 3434/5430
f 3496/5428 3434/5430 3517/5431
f 3494/5427 3496/5428 3518/5432
f 3518/5432 3496/5428 3517/5431
f 3494/5427 3518/5432 3516/5433
f 3516/5433 3518/5432 3517/5431
f 3516/5433 3517/5431 3503/5434
f 3435/5435 3445/5436 3427/5437
f 3427/5437 3445/5436 3439/5438
f 3435/5435 3427/5437 3437/5439
f 3427/5437 3439/5438 3432/5440
f 3427/5437 3432/5440 3437/5439
f 3432/5440 3439/5438 3272/5441
f 3437/5439 3432/5440 3395/5442
f 3426/5443 3395/5444 3432/5445
f 3426/5443 3432/5445 3272/5446
f 3426/5443 3272/5446 3511/5447
f 3426/5443 3511/5447 3494/5448
f 3426/5443 3494/5448 3317/5449
f 3426/5443 3317/5449 3395/5444
f 3395/5444 3317/5449 3512/5450
f 3389/5451 3317/5452 3494/5453
f 3389/5451 3494/5453 3449/5454
f 3389/5451 3449/5454 3423/5455
f 3449/5454 3494/5453 3516/5456
f 3449/5454 3516/5456 3470/5457
f 3470/5457 3516/5456 3270/5458
f 3470/5457 3270/5458 3471/5459
f 3471/5459 3270/5458 3291/5460
f 3270/5458 3516/5456 3503/5461
f 3270/5458 3503/5461 3441/5462
f 3441/5462 3503/5461 3493/5463
f 3317/5464 3389/5465 3402/5466
f 3402/5466 3389/5465 3423/5467
f 3317/5464 3402/5466 3434/5468
f 3491/5469 3517/5470 3434/5468
f 3491/5469 3434/5468 3253/5471
f 3253/5471 3434/5468 3429/5472
f 3429/5472 3434/5468 3402/5466
f 3429/5472 3402/5466 3423/5467
f 3429/5472 3423/5467 3358/5473
f 3429/5472 3358/5473 3270/5474
f 3270/5474 3358/5473 3291/5475
f 3358/5473 3423/5467 3339/5476
f 3358/5473 3339/5476 3291/5475
f 3291/5475 3339/5476 3362/5477
f 3339/5476 3423/5467 3353/5478
f 3339/5476 3353/5478 3362/5477
f 3362/5477 3353/5478 3337/5479
f 3337/5479 3353/5478 3328/5480
f 3328/5480 3353/5478 3369/5481
f 3328/5480 3369/5481 3337/5479
f 3337/5479 3369/5481 3334/5482
f 3334/5482 3369/5481 3386/5483
f 3334/5482 3386/5483 3372/5484
f 3372/5484 3386/5483 3371/5485
f 3517/5486 3491/5487 3502/5488
f 3517/5486 3502/5488 3503/5489
f 3503/5489 3502/5488 3508/5490
f 3502/5488 3491/5487 3498/5491
f 3502/5488 3498/5491 3508/5490
f 3503/5489 3508/5490 3506/5492
f 3506/5492 3508/5490 3498/5491
f 3503/5489 3506/5492 3493/5493
f 3493/5493 3506/5492 3452/5494
f 3452/5494 3506/5492 3495/5495
f 3498/5491 3491/5487 3444/5496
f 3444/5496 3491/5487 3253/5497
f 3498/5491 3444/5496 3446/5498
f 3444/5496 3253/5497 3323/5499
f 3498/5491 3446/5498 3505/5500
f 3507/5501 3506/5492 3498/5491
f 3507/5501 3498/5491 3505/5500
f 3506/5492 3507/5501 3510/5502
f 3510/5502 3507/5501 3505/5500
f 3506/5492 3510/5502 3495/5495
f 3510/5502 3505/5500 3514/5503
f 3510/5502 3514/5503 3495/5495
f 3392/5504 3323/5499 3253/5497
f 3392/5504 3253/5497 3429/5505
f 3323/5499 3392/5504 3396/5506
f 3392/5504 3429/5505 3363/5507
f 3392/5504 3363/5507 3396/5506
f 3363/5507 3429/5505 3270/5508
f 3396/5506 3363/5507 3257/5509
f 3363/5507 3270/5508 3441/5510
f 3363/5507 3441/5510 3257/5509
f 3470/5511 3471/5512 3449/5513
f 3449/5513 3471/5512 3467/5514
f 3449/5513 3467/5514 3465/5515
f 3449/5513 3465/5515 3476/5516
f 3444/5517 3323/5518 3373/5519
f 3373/5519 3323/5518 3396/5520
f 3444/5517 3373/5519 3446/5521
f 3373/5519 3396/5520 3382/5522
f 3382/5522 3396/5520 3257/5523
f 3446/5521 3373/5519 3401/5524
f 3401/5524 3373/5519 3382/5522
f 3382/5522 3257/5523 3452/5525
f 3452/5525 3257/5523 3493/5526
f 3493/5526 3257/5523 3441/5527
f 3382/5522 3452/5525 3274/5528
f 3382/5522 3274/5528 3401/5524
f 3274/5528 3452/5525 3495/5529
f 3274/5528 3495/5529 3267/5530
f 3274/5528 3267/5530 3401/5524
f 3267/5530 3495/5529 3514/5531
f 3267/5530 3514/5531 3480/5532
f 3267/5530 3480/5532 3276/5533
f 3267/5530 3276/5533 3424/5534
f 3267/5530 3424/5534 3401/5524
f 3424/5534 3276/5533 3399/5535
f 3401/5524 3424/5534 3421/5536
f 3401/5524 3421/5536 3446/5521
f 3424/5534 3399/5535 3425/5537
f 3424/5534 3425/5537 3421/5536
f 3425/5537 3399/5535 3347/5538
f 3425/5537 3347/5538 3311/5539
f 3425/5537 3311/5539 3361/5540
f 3425/5537 3361/5540 3421/5536
f 3421/5536 3361/5540 3454/5541
f 3421/5536 3454/5541 3446/5521
f 3446/5521 3454/5541 3505/5542
f 3514/5543 3505/5544 3513/5545
f 3513/5545 3505/5544 3454/5546
f 3513/5545 3454/5546 3433/5547
f 3433/5547 3454/5546 3361/5548
f 3513/5545 3433/5547 3499/5549
f 3514/5543 3513/5545 3515/5550
f 3515/5550 3513/5545 3499/5549
f 3514/5543 3515/5550 3480/5551
f 3515/5550 3499/5549 3509/5552
f 3480/5551 3515/5550 3490/5553
f 3490/5553 3515/5550 3509/5552
f 3480/5551 3490/5553 3482/5554
f 3490/5553 3509/5552 3297/5555
f 3482/5554 3490/5553 3440/5556
f 3440/5556 3490/5553 3297/5555
f 3482/5554 3440/5556 3451/5557
f 3440/5556 3297/5555 3324/5558
f 3324/5558 3297/5555 3347/5559
f 3347/5559 3297/5555 3311/5560
f 3324/5558 3347/5559 3371/5561
f 3371/5561 3347/5559 3399/5562
f 3433/5563 3361/5564 3311/5565
f 3433/5563 3311/5565 3428/5566
f 3428/5566 3311/5565 3431/5567
f 3431/5567 3311/5565 3489/5568
f 3489/5568 3311/5565 3509/5569
f 3509/5569 3311/5565 3297/5570
f 3399/5571 3276/5572 3367/5573
f 3399/5571 3367/5573 3371/5574
f 3371/5574 3367/5573 3372/5575
f 3367/5573 3276/5572 3310/5576
f 3367/5573 3310/5576 3362/5577
f 3362/5577 3310/5576 3276/5572
f 3367/5573 3362/5577 3372/5575
f 3362/5577 3276/5572 3291/5578
f 3372/5575 3362/5577 3337/5579
f 3291/5578 3276/5572 3482/5580
f 3482/5580 3276/5572 3480/5581
f 3291/5578 3482/5580 3471/5582
f 3372/5575 3337/5579 3336/5583
f 3372/5575 3336/5583 3334/5584
f 3334/5584 3336/5583 3337/5579
f 3324/5585 3371/5586 3354/5587
f 3324/5585 3354/5587 3440/5588
f 3440/5588 3354/5587 3332/5589
f 3354/5590 3371/5591 3368/5592
f 3354/5593 3368/5594 3388/5595
f 3354/5593 3388/5595 3332/5596
f 3332/5596 3388/5595 3370/5597
f 3370/5597 3388/5595 3368/5594
f 3370/5597 3368/5594 3298/5598
f 3376/5599 3370/5597 3302/5600
f 3302/5600 3370/5597 3278/5601
f 3278/5601 3370/5597 3298/5598
f 3302/5600 3278/5601 3285/5602
f 3278/5601 3298/5598 3287/5603
f 3278/5601 3287/5603 3285/5602
f 3287/5603 3298/5598 3294/5604
f 3285/5602 3287/5603 3295/5605
f 3295/5605 3287/5603 3263/5606
f 3368/5607 3371/5608 3301/5609
f 3368/5607 3301/5609 3298/5610
f 3298/5610 3301/5609 3294/5611
f 3301/5609 3371/5608 3340/5612
f 3301/5609 3340/5612 3294/5611
f 3294/5611 3340/5612 3349/5613
f 3349/5613 3340/5612 3290/5614
f 3340/5612 3371/5608 3386/5615
f 3340/5612 3386/5615 3290/5614
f 3290/5614 3386/5615 3282/5616
f 3282/5616 3386/5615 3365/5617
f 3365/5617 3386/5615 3369/5618
f 3365/5617 3369/5618 3353/5619
f 3365/5617 3353/5619 3288/5620
f 3365/5617 3288/5620 3282/5616
f 3282/5616 3288/5620 3333/5621
f 3294/5622 3349/5623 3254/5624
f 3294/5622 3254/5624 3419/5625
f 3294/5622 3419/5625 3411/5626
f 3411/5626 3419/5625 3418/5627
f 3411/5626 3418/5627 3294/5622
f 3418/5627 3419/5625 3420/5628
f 3418/5627 3420/5628 3405/5629
f 3294/5622 3418/5627 3273/5630
f 3273/5630 3418/5627 3405/5629
f 3294/5622 3273/5630 3287/5631
f 3287/5631 3273/5630 3405/5629
f 3254/5632 3349/5633 3406/5634
f 3406/5634 3349/5633 3410/5635
f 3254/5632 3406/5634 3419/5636
f 3419/5636 3406/5634 3410/5635
f 3349/5637 3290/5638 3260/5639
f 3349/5637 3260/5639 3308/5640
f 3349/5637 3308/5640 3296/5641
f 3308/5640 3260/5639 3292/5642
f 3292/5642 3260/5639 3290/5638
f 3308/5640 3292/5642 3374/5643
f 3292/5642 3290/5638 3322/5644
f 3292/5642 3322/5644 3374/5643
f 3322/5644 3290/5638 3282/5645
f 3374/5643 3322/5644 3333/5646
f 3333/5646 3322/5644 3282/5645
f 3349/5647 3296/5648 3410/5649
f 3410/5649 3296/5648 3308/5650
f 3410/5649 3308/5650 3413/5651
f 3413/5651 3308/5650 3284/5652
f 3410/5649 3413/5651 3415/5653
f 3415/5653 3413/5651 3284/5652
f 3410/5649 3415/5653 3419/5654
f 3415/5653 3284/5652 3271/5655
f 3419/5654 3415/5653 3264/5656
f 3264/5656 3415/5653 3271/5655
f 3419/5654 3264/5656 3409/5657
f 3264/5656 3271/5655 3348/5658
f 3264/5656 3348/5658 3409/5657
f 3374/5659 3333/5660 3289/5661
f 3289/5661 3333/5660 3288/5662
f 3289/5661 3288/5662 3275/5663
f 3289/5661 3275/5663 3304/5664
f 3289/5661 3304/5664 3374/5659
f 3304/5664 3275/5663 3284/5665
f 3304/5664 3284/5665 3308/5666
f 3374/5659 3304/5664 3266/5667
f 3266/5667 3304/5664 3308/5666
f 3266/5667 3308/5666 3374/5659
f 3366/5668 3288/5669 3353/5670
f 3288/5669 3366/5668 3275/5671
f 3275/5671 3366/5668 3353/5670
f 3275/5671 3353/5670 3348/5672
f 3348/5672 3353/5670 3255/5673
f 3255/5673 3353/5670 3335/5674
f 3335/5674 3353/5670 3355/5675
f 3335/5674 3355/5675 3279/5676
f 3335/5674 3279/5676 3255/5673
f 3255/5673 3279/5676 3348/5672
f 3348/5672 3279/5676 3293/5677
f 3348/5672 3293/5677 3409/5678
f 3293/5677 3279/5676 3414/5679
f 3293/5677 3414/5679 3409/5678
f 3414/5679 3279/5676 3417/5680
f 3409/5678 3414/5679 3419/5681
f 3419/5681 3414/5679 3417/5680
f 3284/5682 3275/5683 3271/5684
f 3271/5684 3275/5683 3348/5685
f 3417/5686 3279/5687 3269/5688
f 3269/5688 3279/5687 3319/5689
f 3269/5688 3319/5689 3417/5686
f 3417/5686 3319/5689 3422/5690
f 3422/5690 3319/5689 3268/5691
f 3268/5691 3319/5689 3351/5692
f 3268/5691 3351/5692 3422/5690
f 3422/5690 3351/5692 3416/5693
f 3416/5693 3351/5692 3259/5694
f 3259/5694 3351/5692 3325/5695
f 3259/5694 3325/5695 3416/5693
f 3416/5693 3325/5695 3305/5696
f 3419/5697 3417/5698 3422/5699
f 3419/5697 3422/5699 3420/5700
f 3420/5700 3422/5699 3407/5701
f 3407/5701 3422/5699 3262/5702
f 3262/5702 3422/5699 3286/5703
f 3286/5703 3422/5699 3404/5704
f 3359/5705 3279/5706 3355/5707
f 3279/5706 3359/5705 3319/5708
f 3319/5709 3359/5710 3352/5711
f 3319/5709 3352/5711 3351/5712
f 3351/5712 3352/5711 3325/5713
f 3325/5713 3352/5711 3305/5714
f 3359/5715 3355/5716 3299/5717
f 3299/5717 3355/5716 3385/5718
f 3299/5717 3385/5718 3359/5715
f 3359/5719 3385/5720 3360/5721
f 3360/5721 3385/5720 3357/5722
f 3357/5722 3385/5720 3377/5723
f 3357/5722 3377/5723 3307/5724
f 3377/5723 3385/5720 3355/5725
f 3377/5723 3355/5725 3307/5724
f 3307/5724 3355/5725 3436/5726
f 3307/5724 3436/5726 3320/5727
f 3320/5727 3436/5726 3469/5728
f 3469/5728 3436/5726 3476/5729
f 3476/5729 3436/5726 3449/5730
f 3436/5726 3355/5725 3313/5731
f 3436/5726 3313/5731 3449/5730
f 3313/5731 3355/5725 3403/5732
f 3313/5731 3403/5732 3314/5733
f 3314/5733 3403/5732 3355/5725
f 3313/5731 3314/5733 3449/5730
f 3314/5733 3355/5725 3315/5734
f 3314/5733 3315/5734 3449/5730
f 3315/5734 3355/5725 3353/5735
f 3449/5730 3315/5734 3346/5736
f 3346/5736 3315/5734 3353/5735
f 3449/5730 3346/5736 3423/5737
f 3423/5737 3346/5736 3353/5735
f 3357/5738 3307/5739 3343/5740
f 3357/5738 3343/5740 3321/5741
f 3357/5738 3321/5741 3360/5742
f 3360/5742 3321/5741 3303/5743
f 3360/5742 3303/5743 3378/5744
f 3360/5742 3378/5744 3380/5745
f 3360/5742 3380/5745 3359/5746
f 3359/5746 3380/5745 3256/5747
f 3359/5746 3256/5747 3352/5748
f 3352/5748 3256/5747 3283/5749
f 3352/5748 3283/5749 3330/5750
f 3283/5749 3256/5747 3281/5751
f 3330/5750 3283/5749 3384/5752
f 3384/5752 3283/5749 3281/5751
f 3330/5750 3384/5752 3383/5753
f 3330/5750 3383/5753 3277/5754
f 3384/5752 3281/5751 3350/5755
f 3384/5752 3350/5755 3383/5753
f 3383/5753 3350/5755 3277/5754
f 3350/5755 3281/5751 3258/5756
f 3350/5755 3258/5756 3277/5754
f 3343/5757 3307/5758 3320/5759
f 3343/5757 3320/5759 3469/5760
f 3343/5757 3469/5760 3492/5761
f 3492/5761 3469/5760 3484/5762
f 3492/5761 3484/5762 3478/5763
f 3492/5761 3478/5763 3343/5757
f 3343/5757 3478/5763 3321/5764
f 3321/5764 3478/5763 3438/5765
f 3469/5766 3476/5767 3484/5768
f 3484/5768 3476/5767 3481/5769
f 3478/5770 3484/5771 3481/5772
f 3438/5773 3478/5774 3477/5775
f 3477/5775 3478/5774 3481/5776
f 3477/5775 3481/5776 3472/5777
f 3477/5775 3472/5777 3486/5778
f 3477/5775 3486/5778 3473/5779
f 3473/5779 3486/5778 3306/5780
f 3438/5773 3477/5775 3316/5781
f 3438/5773 3316/5781 3321/5782
f 3321/5782 3316/5781 3303/5783
f 3477/5775 3473/5779 3318/5784
f 3318/5784 3473/5779 3306/5780
f 3477/5775 3318/5784 3316/5781
f 3318/5784 3306/5780 3329/5785
f 3303/5783 3316/5781 3338/5786
f 3338/5786 3316/5781 3318/5784
f 3338/5786 3318/5784 3329/5785
f 3303/5783 3338/5786 3378/5787
f 3338/5786 3329/5785 3375/5788
f 3378/5787 3338/5786 3387/5789
f 3387/5789 3338/5786 3375/5788
f 3387/5789 3375/5788 3379/5790
f 3378/5787 3387/5789 3380/5791
f 3387/5789 3379/5790 3258/5792
f 3380/5791 3387/5789 3265/5793
f 3265/5793 3387/5789 3258/5792
f 3380/5791 3265/5793 3256/5794
f 3265/5793 3258/5792 3281/5795
f 3265/5793 3281/5795 3256/5794
f 3329/5796 3306/5797 3309/5798
f 3329/5796 3309/5798 3375/5799
f 3309/5798 3306/5797 3326/5800
f 3326/5800 3306/5797 3486/5801
f 3375/5799 3309/5798 3393/5802
f 3326/5800 3486/5801 3488/5803
f 3375/5799 3393/5802 3379/5804
f 3393/5802 3309/5798 3356/5805
f 3356/5805 3309/5798 3326/5800
f 3393/5802 3356/5805 3376/5806
f 3376/5806 3356/5805 3381/5807
f 3381/5807 3356/5805 3331/5808
f 3331/5808 3356/5805 3326/5800
f 3331/5808 3326/5800 3327/5809
f 3327/5809 3326/5800 3341/5810
f 3341/5810 3326/5800 3488/5803
f 3327/5809 3341/5810 3485/5811
f 3485/5811 3341/5810 3488/5803
f 3327/5809 3485/5811 3479/5812
f 3479/5812 3485/5811 3488/5803
f 3398/5813 3393/5802 3376/5806
f 3393/5802 3398/5813 3379/5804
f 3398/5813 3376/5806 3302/5814
f 3398/5813 3302/5814 3285/5815
f 3398/5813 3285/5815 3379/5804
f 3379/5804 3285/5815 3258/5816
f 3486/5817 3472/5818 3488/5819
f 3488/5819 3472/5818 3447/5820
f 3447/5820 3472/5818 3481/5821
f 3447/5820 3481/5821 3443/5822
f 3488/5819 3447/5820 3462/5823
f 3488/5819 3462/5823 3479/5824
f 3479/5824 3462/5823 3460/5825
f 3462/5823 3447/5820 3458/5826
f 3458/5826 3447/5820 3443/5822
f 3460/5825 3462/5823 3450/5827
f 3450/5827 3462/5823 3458/5826
f 3450/5827 3458/5826 3443/5822
f 3460/5825 3450/5827 3455/5828
f 3455/5828 3450/5827 3443/5822
f 3443/5829 3481/5830 3456/5831
f 3456/5831 3481/5830 3476/5832
f 3443/5829 3456/5831 3453/5833
f 3443/5829 3453/5833 3455/5834
s 0
f 3453/5833 3456/5831 3463/5835
s 1
f 3455/5834 3453/5833 3461/5836
f 3453/5833 3463/5835 3457/5837
f 3453/5833 3457/5837 3461/5836
f 3457/5837 3463/5835 3466/5838
f 3461/5836 3457/5837 3468/5839
f 3468/5839 3457/5837 3466/5838
f 3455/5840 3461/5841 3460/5842
f 3460/5842 3461/5841 3464/5843
f 3479/5844 3460/5845 3464/5846
f 3479/5844 3464/5846 3448/5847
f 3479/5844 3448/5847 3300/5848
f 3300/5848 3448/5847 3312/5849
f 3312/5849 3448/5847 3332/5850
f 3312/5849 3332/5850 3370/5851
f 3464/5852 3461/5853 3451/5854
f 3451/5854 3461/5853 3468/5855
f 3451/5856 3468/5857 3487/5858
f 3487/5858 3468/5857 3459/5859
f 3451/5856 3487/5858 3482/5860
f 3482/5860 3487/5858 3459/5859
f 3482/5860 3459/5859 3474/5861
f 3468/5862 3466/5863 3459/5864
f 3459/5864 3466/5863 3474/5865
f 3464/5866 3451/5867 3440/5868
f 3464/5866 3440/5868 3448/5869
s 0
f 3474/5870 3466/5871 3467/5872
s 1
f 3474/5870 3467/5872 3471/5873
f 3474/5870 3471/5873 3482/5874
f 3467/5875 3466/5876 3463/5877
f 3467/5875 3463/5877 3475/5878
f 3467/5875 3475/5878 3465/5879
f 3465/5879 3475/5878 3463/5877
f 3448/5880 3440/5881 3332/5882
f 3479/5883 3300/5884 3327/5885
f 3327/5885 3300/5884 3331/5886
f 3331/5886 3300/5884 3312/5887
f 3331/5886 3312/5887 3381/5888
f 3381/5888 3312/5887 3370/5889
f 3381/5888 3370/5889 3376/5890
f 3258/5891 3285/5892 3277/5893
f 3277/5893 3285/5892 3280/5894
f 3280/5894 3285/5892 3295/5895
f 3420/5896 3407/5897 3295/5895
f 3295/5895 3407/5897 3262/5898
f 3295/5895 3262/5898 3286/5899
f 3295/5895 3286/5899 3280/5894
f 3277/5893 3280/5894 3342/5900
f 3277/5893 3342/5900 3330/5901
f 3330/5901 3342/5900 3352/5902
f 3404/5903 3261/5904 3286/5899
f 3286/5899 3261/5904 3305/5905
f 3280/5894 3286/5899 3344/5906
f 3344/5906 3286/5899 3305/5905
f 3345/5907 3305/5905 3352/5902
f 3305/5905 3345/5907 3344/5906
f 3345/5907 3352/5902 3342/5900
f 3344/5906 3345/5907 3390/5908
f 3345/5907 3342/5900 3391/5909
f 3345/5907 3391/5909 3390/5908
f 3394/5910 3342/5900 3280/5894
f 3394/5910 3280/5894 3344/5906
f 3342/5900 3394/5910 3391/5909
f 3394/5910 3344/5906 3390/5908
f 3394/5910 3390/5908 3391/5909
f 3416/5911 3305/5912 3412/5913
f 3412/5913 3305/5912 3408/5914
f 3412/5913 3408/5914 3416/5911
f 3408/5914 3305/5912 3261/5915
f 3416/5911 3408/5914 3422/5916
f 3408/5914 3261/5915 3404/5917
f 3408/5914 3404/5917 3422/5916
f 3420/5918 3295/5919 3263/5920
f 3420/5918 3263/5920 3287/5921
f 3420/5922 3287/5923 3405/5924
f 3476/5925 3465/5926 3456/5927
f 3456/5927 3465/5926 3463/5928
f 3509/5929 3499/5930 3524/5931
f 3524/5931 3499/5930 3497/5932
f 3509/5929 3524/5931 3522/5933
f 3509/5929 3522/5933 3489/5934
f 3524/5931 3497/5932 3521/5935
f 3524/5931 3521/5935 3522/5933
f 3521/5935 3497/5932 3442/5936
f 3521/5935 3442/5936 3501/5937
f 3501/5937 3442/5936 3400/5938
f 3521/5935 3501/5937 3500/5939
f 3500/5939 3501/5937 3400/5938
f 3522/5933 3521/5935 3483/5940
f 3483/5940 3521/5935 3500/5939
f 3483/5940 3500/5939 3400/5938
f 3522/5933 3483/5940 3489/5934
f 3483/5940 3400/5938 3397/5941
f 3483/5940 3397/5941 3489/5934
f 3489/5934 3397/5941 3431/5942
f 3497/5943 3499/5944 3252/5945
f 3252/5945 3499/5944 3433/5946
f 3252/5945 3433/5946 3428/5947
f 3252/5945 3428/5947 3430/5948
f 3430/5948 3428/5947 3431/5949
f 3497/5943 3252/5945 3364/5950
f 3364/5950 3252/5945 3430/5948
f 3364/5950 3430/5948 3431/5949
f 3497/5943 3364/5950 3442/5951
f 3364/5950 3431/5949 3397/5952
f 3442/5951 3364/5950 3400/5953
f 3400/5953 3364/5950 3397/5952
o tripo_part_6
v -0.028096 0.154868 -0.088003
v -0.028032 0.019542 -0.061443
v -0.026536 0.174686 -0.086317
v -0.026443 0.086423 -0.079562
v -0.025301 0.137176 -0.078092
v -0.024933 0.160457 -0.082883
v -0.024905 0.183734 -0.065375
v -0.024357 0.167514 -0.064774
v -0.023358 0.051082 -0.076091
v -0.022641 0.033900 -0.063510
v -0.022637 0.080943 -0.076753
v -0.022402 0.028056 -0.085234
v -0.022323 0.158904 -0.062082
v -0.022212 0.089164 -0.076138
v -0.022043 0.109473 -0.074730
v -0.021794 0.175426 -0.080575
v -0.020956 0.154292 -0.077688
v -0.020850 0.172343 -0.059549
v -0.020548 0.144572 -0.082822
v -0.020148 0.027583 -0.082358
v -0.020117 0.018298 -0.053125
v -0.019168 0.161433 -0.075693
v -0.018377 0.152553 -0.080049
v -0.017315 0.032565 -0.047256
v -0.017301 0.144748 -0.048385
v -0.017270 0.109124 -0.078006
v -0.017156 0.166968 -0.054363
v -0.016625 0.153842 -0.053621
v -0.016064 0.136218 -0.054920
v -0.015861 0.181941 -0.071089
v -0.015457 0.051807 -0.075806
v -0.015221 0.168532 -0.070129
v -0.015065 0.019481 -0.074255
v -0.014278 0.153132 -0.044414
v -0.014199 0.136617 -0.063539
v -0.013631 0.112890 -0.062665
v -0.013286 0.050971 -0.062269
v -0.012751 0.033450 -0.061773
v -0.012261 0.033595 -0.072106
v -0.011963 0.182193 -0.048942
v -0.011508 0.153827 -0.049178
v -0.011498 0.163386 -0.047126
v -0.010558 0.184680 -0.065710
v -0.009539 0.172778 -0.063667
v -0.009085 0.161140 -0.062612
v -0.008223 0.111754 -0.055646
v -0.007792 0.032512 -0.043956
v -0.007260 0.135886 -0.035095
v -0.005887 0.153331 -0.058444
v -0.004922 0.136716 -0.062324
v -0.004859 0.110555 -0.062284
v -0.004494 0.164508 -0.042079
v -0.004122 0.135629 -0.039096
v -0.003592 0.161784 -0.036178
v -0.003455 0.154941 -0.056861
v -0.003100 0.126153 -0.048084
v -0.000519 0.162097 -0.049215
v 0.000196 0.167052 -0.052062
v 0.000245 0.178836 -0.049075
v 0.001012 0.050586 -0.043468
v 0.001111 0.014758 -0.023109
v 0.001144 0.109602 -0.043269
v 0.002223 0.030902 -0.021610
v 0.002586 0.152900 -0.031551
v 0.002685 0.152427 -0.021232
v 0.002952 0.012034 -0.023948
v 0.003391 0.081994 -0.021209
v 0.003467 0.061702 -0.024143
v 0.003608 0.153781 -0.041816
v 0.004375 0.135205 -0.023753
v 0.004756 0.126378 -0.038432
v 0.005752 0.050853 -0.047614
v 0.005756 0.109567 -0.047214
v 0.005828 0.031657 -0.026138
v 0.006656 0.167838 -0.020484
v 0.006801 0.032809 -0.018813
v 0.007518 0.160419 -0.041316
v 0.009021 0.134194 -0.015407
v 0.010784 0.154365 -0.016307
v 0.011024 0.031474 -0.030555
v 0.011470 0.135289 -0.029765
v 0.011680 0.171817 -0.014476
v 0.012199 0.134797 -0.009265
v 0.012382 0.050120 -0.011096
v 0.013236 0.096305 -0.009929
v 0.014331 0.014583 -0.033096
v 0.014518 0.135133 -0.031741
v 0.014518 0.029117 -0.006175
v 0.014717 0.011447 -0.005870
v 0.015098 0.153312 -0.009754
v 0.015342 0.151752 -0.005260
v 0.015651 0.152080 -0.034900
v 0.015651 0.031009 -0.009998
v 0.015907 0.016643 -0.034519
v 0.016147 0.031108 -0.034236
v 0.016231 0.074035 -0.032474
v 0.016322 0.162005 -0.028697
v 0.016506 0.092915 -0.009647
v 0.016631 0.160163 -0.030563
v 0.016849 0.134023 -0.009448
v 0.016925 0.134597 -0.033645
v 0.017215 0.031772 -0.032047
v 0.017253 0.133838 -0.031429
v 0.017314 0.134206 -0.006069
v 0.017623 0.164001 -0.006358
v 0.018493 0.011439 -0.035159
v 0.019908 0.030429 -0.033656
v 0.021087 0.171634 -0.025050
v 0.021911 0.036883 -0.025867
v 0.024825 0.142203 -0.011195
v 0.024925 0.022166 -0.027168
v 0.025344 0.143821 -0.026931
v 0.025344 0.152419 -0.018874
v 0.026809 0.031077 -0.018516
v 0.027114 0.103805 -0.018508
v 0.027294 0.057185 -0.018379
v 0.027778 0.133756 -0.017856
v 0.028018 0.166114 -0.015300
v 0.031387 0.028888 -0.017650
v 0.031463 0.011050 -0.017627
v 0.031520 0.134360 -0.017330
v 0.031745 0.152137 -0.016849
v -0.028734 0.034991 -0.082767
v -0.029420 0.073909 -0.093209
v -0.029535 0.096572 -0.084048
v -0.029686 0.105441 -0.084610
v -0.029698 0.176059 -0.072985
v -0.029730 0.154304 -0.072077
v -0.029863 0.121292 -0.093513
v -0.030238 0.165637 -0.073252
v -0.030841 0.020022 -0.094498
v -0.031748 0.034785 -0.075700
v -0.032017 0.159576 -0.093147
v -0.032283 0.183703 -0.093618
v -0.032617 0.137244 -0.077028
v -0.033023 0.034503 -0.071807
v -0.033025 0.159682 -0.078022
v -0.033035 0.098582 -0.090281
v -0.033489 0.126247 -0.089739
v -0.035359 0.073608 -0.090691
v -0.035684 0.138747 -0.102359
v -0.035697 0.019252 -0.072110
v -0.036126 0.022288 -0.104144
v -0.036216 0.174686 -0.080819
v -0.036358 0.166469 -0.094200
v -0.036525 0.035571 -0.093201
v -0.037393 0.154864 -0.082746
v -0.038093 0.138694 -0.075743
v -0.038368 0.127933 -0.105209
v -0.039429 0.174090 -0.102557
v -0.039766 0.153804 -0.108146
v -0.040106 0.035853 -0.108278
v -0.040690 0.159717 -0.087045
v -0.041249 0.186053 -0.105130
v -0.041835 0.185672 -0.088051
v -0.042153 0.163898 -0.103734
v -0.042458 0.126067 -0.110597
v -0.042604 0.033534 -0.080607
v -0.044457 0.154536 -0.083624
v -0.044568 0.127391 -0.104062
v -0.046031 0.155726 -0.111358
v -0.046986 0.172893 -0.094361
v -0.047225 0.036487 -0.107566
v -0.047351 0.073764 -0.107311
v -0.047799 0.168460 -0.114379
v -0.047835 0.138648 -0.108110
v -0.049426 0.138305 -0.099412
v -0.050460 0.164962 -0.098819
v -0.051421 0.073981 -0.122611
v -0.052004 0.125365 -0.122623
v -0.052504 0.036395 -0.103568
v -0.054251 0.155677 -0.104839
v -0.054751 0.061896 -0.117282
v -0.056761 0.125861 -0.120048
v -0.056801 0.074451 -0.120345
v -0.056878 0.181590 -0.107921
v -0.057183 0.167914 -0.109908
v -0.059397 0.036685 -0.106347
v -0.060311 0.157336 -0.129264
v -0.060319 0.139220 -0.124893
v -0.062264 0.050727 -0.126880
v -0.062562 0.020808 -0.141227
v -0.062634 0.139377 -0.141933
v -0.062684 0.039775 -0.141418
v -0.063328 0.139064 -0.109123
v -0.063412 0.024577 -0.139106
v -0.063450 0.155536 -0.139522
v -0.063557 0.060485 -0.129066
v -0.063649 0.036487 -0.139869
v -0.063737 0.155921 -0.111972
v -0.063767 0.139983 -0.138538
v -0.065461 0.040752 -0.140579
v -0.065522 0.021792 -0.111976
v -0.066018 0.074241 -0.140575
v -0.066022 0.163096 -0.140033
v -0.066266 0.022609 -0.137473
v -0.066865 0.171451 -0.143062
v -0.067097 0.052951 -0.123172
v -0.068024 0.139228 -0.124210
v -0.068097 0.148788 -0.149326
v -0.068226 0.156600 -0.124168
v -0.068238 0.031680 -0.149509
v -0.068764 0.038028 -0.136836
v -0.069279 0.092341 -0.137183
v -0.069829 0.124419 -0.145290
v -0.070325 0.048636 -0.147151
v -0.074467 0.056094 -0.153529
v -0.074765 0.169704 -0.153323
v -0.074822 0.038333 -0.133510
v -0.075047 0.139072 -0.158710
v -0.075081 0.039310 -0.158359
v -0.075177 0.021480 -0.158489
v -0.075314 0.156451 -0.158054
v -0.076024 0.157359 -0.154025
v -0.076085 0.163402 -0.132518
v -0.076207 0.041286 -0.155299
v -0.076634 0.138057 -0.154605
v -0.077031 0.055644 -0.154056
v -0.077332 0.131999 -0.133087
v -0.077553 0.082664 -0.154910
v -0.077847 0.157126 -0.134307
v -0.077874 0.040813 -0.131751
v -0.078488 0.154777 -0.128562
v -0.078694 0.139789 -0.128909
v -0.078751 0.037028 -0.129112
v -0.080529 0.021411 -0.128776
v -0.080582 0.041041 -0.131969
v -0.080849 0.138141 -0.128246
v -0.081151 0.039683 -0.128192
v -0.081154 0.156627 -0.128002
v -0.081730 0.172397 -0.139236
v -0.082669 0.040881 -0.137073
v -0.087788 0.056933 -0.146709
v -0.087975 0.160205 -0.147968
v -0.088215 0.109825 -0.146167
v -0.088635 0.040935 -0.144351
v -0.089482 0.138026 -0.145870
v -0.093106 0.021998 -0.146266
v -0.093678 0.156451 -0.145412
v -0.093747 0.139213 -0.146182
v -0.093777 0.039638 -0.146053
vt 0.827226 0.145578
vt 0.827904 0.157105
vt 0.821971 0.147160
vt 0.817563 0.159761
vt 0.832820 0.149251
vt 0.839205 0.154506
vt 0.836832 0.159140
vt 0.822592 0.162756
vt 0.821745 0.172249
vt 0.816829 0.169876
vt 0.827000 0.172249
vt 0.827508 0.160157
vt 0.830955 0.166090
vt 0.839544 0.168689
vt 0.541443 0.194755
vt 0.546303 0.194133
vt 0.543025 0.202100
vt 0.534380 0.198371
vt 0.547772 0.194698
vt 0.547942 0.192720
vt 0.544721 0.203118
vt 0.537262 0.207073
vt 0.542121 0.214701
vt 0.543534 0.213289
vt 0.531046 0.212272
vt 0.531442 0.201309
vt 0.543817 0.214758
vt 0.545229 0.215379
vt 0.545060 0.241711
vt 0.540483 0.236456
vt 0.542065 0.252221
vt 0.527373 0.246627
vt 0.525565 0.231823
vt 0.527769 0.220239
vt 0.522457 0.228658
vt 0.531894 0.250131
vt 0.519123 0.265557
vt 0.532515 0.264879
vt 0.536358 0.272168
vt 0.511495 0.288103
vt 0.523757 0.290645
vt 0.532007 0.283582
vt 0.547942 0.322797
vt 0.536019 0.317599
vt 0.526300 0.299969
vt 0.513247 0.301834
vt 0.520310 0.292001
vt 0.510704 0.294544
vt 0.500703 0.298217
vt 0.922619 0.196499
vt 0.931377 0.195877
vt 0.931490 0.220231
vt 0.933298 0.217293
vt 0.933807 0.195369
vt 0.938553 0.241817
vt 0.936350 0.251479
vt 0.923466 0.253457
vt 0.921941 0.213733
vt 0.923014 0.239104
vt 0.912617 0.196329
vt 0.917251 0.249784
vt 0.911317 0.229668
vt 0.910639 0.195595
vt 0.908040 0.195425
vt 0.908040 0.253231
vt 0.912165 0.253344
vt 0.912900 0.254983
vt 0.911656 0.254361
vt 0.353428 0.686680
vt 0.337098 0.693687
vt 0.335968 0.690240
vt 0.365408 0.660914
vt 0.367555 0.671537
vt 0.342975 0.665152
vt 0.330543 0.688263
vt 0.344726 0.648200
vt 0.326192 0.700524
vt 0.337776 0.630626
vt 0.318677 0.692726
vt 0.319355 0.689449
vt 0.308337 0.697190
vt 0.310992 0.702559
vt 0.288616 0.690862
vt 0.283700 0.698321
vt 0.252848 0.702559
vt 0.318451 0.633056
vt 0.306246 0.689393
vt 0.336137 0.628818
vt 0.265844 0.692896
vt 0.252622 0.695608
vt 0.257538 0.691653
vt 0.273642 0.688489
vt 0.257594 0.633960
vt 0.273077 0.624919
vt 0.292741 0.628084
vt 0.290198 0.688376
vt 0.302855 0.629440
vt 0.296075 0.624693
vt 0.314948 0.628479
vt 0.292628 0.621529
vt 0.318564 0.619325
vt 0.313253 0.615596
vt 0.309128 0.609211
vt 0.943978 0.390277
vt 0.933977 0.398697
vt 0.934598 0.387847
vt 0.937480 0.385757
vt 0.942509 0.377224
vt 0.931039 0.400787
vt 0.943978 0.431300
vt 0.937367 0.421129
vt 0.929287 0.403217
vt 0.922450 0.387791
vt 0.915725 0.375981
vt 0.916799 0.396945
vt 0.914426 0.395589
vt 0.961215 0.193950
vt 0.957542 0.191915
vt 0.963758 0.168748
vt 0.967035 0.186999
vt 0.957542 0.171178
vt 0.965679 0.150723
vt 0.813775 0.554723
vt 0.782583 0.552858
vt 0.804451 0.541444
vt 0.813662 0.470134
vt 0.577385 0.851588
vt 0.584392 0.851362
vt 0.584561 0.856786
vt 0.577385 0.912784
vt 0.733189 0.798748
vt 0.725278 0.807845
vt 0.732737 0.796996
vt 0.736466 0.793041
vt 0.726408 0.786090
vt 0.736466 0.774450
vt 0.715841 0.781174
vt 0.724148 0.787221
vt 0.711434 0.782248
vt 0.712959 0.770834
vt 0.716689 0.795131
vt 0.725221 0.804059
vt 0.704031 0.796657
vt 0.721661 0.807224
vt 0.704370 0.798296
vt 0.694991 0.808241
vt 0.715446 0.797844
vt 0.728273 0.822763
vt 0.736466 0.841749
vt 0.729346 0.830956
vt 0.722791 0.817677
vt 0.717028 0.812648
vt 0.721661 0.830448
vt 0.715163 0.834573
vt 0.727425 0.836889
vt 0.722396 0.841975
vt 0.708382 0.849038
vt 0.704088 0.840280
vt 0.703014 0.814569
vt 0.695499 0.827283
vt 0.712733 0.807111
vt 0.707761 0.802590
vt 0.706687 0.810727
vt 0.695895 0.814456
vt 0.690414 0.824627
vt 0.686797 0.825306
vt 0.002996 0.279396
vt 0.002996 0.201361
vt 0.005878 0.277305
vt 0.008138 0.277023
vt 0.544497 0.297028
vt 0.545740 0.293694
vt 0.548565 0.294089
vt 0.549469 0.296745
vt 0.546079 0.291660
vt 0.563257 0.297028
vt 0.553086 0.278042
vt 0.568286 0.278776
vt 0.545118 0.287026
vt 0.548678 0.279398
vt 0.541954 0.268379
vt 0.914595 0.569309
vt 0.918550 0.571174
vt 0.914595 0.591233
vt 0.919115 0.611576
vt 0.937197 0.583888
vt 0.932507 0.617057
vt 0.931829 0.625250
vt 0.937933 0.277478
vt 0.923468 0.261543
vt 0.936012 0.258774
vt 0.949800 0.260074
vt 0.953472 0.305165
vt 0.953472 0.256740
vt 0.953133 0.260017
vt 0.907699 0.356933
vt 0.906287 0.316644
vt 0.922278 0.344162
vt 0.921656 0.366313
vt 0.906287 0.377049
vt 0.875938 0.332291
vt 0.874525 0.310875
vt 0.876164 0.301665
vt 0.874469 0.264597
vt 0.766927 0.656621
vt 0.765571 0.690017
vt 0.753592 0.640178
vt 0.756813 0.630120
vt 0.753140 0.637579
vt 0.744777 0.626278
vt 0.745229 0.663685
vt 0.753818 0.689960
vt 0.747546 0.688717
vt 0.765910 0.691486
vt 0.752123 0.691825
vt 0.756417 0.699566
vt 0.761955 0.708889
vt 0.778511 0.704369
vt 0.748167 0.708042
vt 0.745116 0.708663
vt 0.744777 0.722903
vt 0.674644 0.950478
vt 0.667468 0.953472
vt 0.676791 0.923072
vt 0.666225 0.922677
vt 0.662495 0.947031
vt 0.679391 0.923298
vt 0.677356 0.920586
vt 0.688375 0.944601
vt 0.668146 0.918721
vt 0.689449 0.921546
vt 0.698490 0.923298
vt 0.688319 0.919964
vt 0.677187 0.907363
vt 0.671875 0.914427
vt 0.666959 0.909398
vt 0.664191 0.909567
vt 0.662495 0.899848
vt 0.319301 0.566591
vt 0.304270 0.569642
vt 0.305005 0.562070
vt 0.260704 0.550656
vt 0.304779 0.553199
vt 0.310316 0.561223
vt 0.312690 0.552069
vt 0.304496 0.549582
vt 0.312972 0.547605
vt 0.317775 0.551165
vt 0.333992 0.553255
vt 0.325742 0.544553
vt 0.323256 0.541672
vt 0.330602 0.533309
vt 0.339304 0.537886
vt 0.346085 0.534100
vt 0.345802 0.552408
vt 0.354956 0.566704
vt 0.356369 0.560714
vt 0.367218 0.569642
vt 0.349249 0.548452
vt 0.354504 0.556137
vt 0.367839 0.561675
vt 0.386543 0.532574
vt 0.357838 0.556024
vt 0.366144 0.559301
vt 0.380045 0.529297
vt 0.356199 0.522008
vt 0.354956 0.517092
vt 0.369761 0.520934
vt 0.963080 0.772070
vt 0.963080 0.748394
vt 0.966866 0.748281
vt 0.967035 0.776873
vt 0.963080 0.788005
vt 0.297598 0.921774
vt 0.320765 0.921435
vt 0.307995 0.932680
vt 0.297598 0.967036
vt 0.322178 0.932002
vt 0.336700 0.923469
vt 0.309973 0.938613
vt 0.302457 0.966188
vt 0.319635 0.967205
vt 0.330371 0.935336
vt 0.334496 0.968392
vt 0.333931 0.932962
vt 0.343142 0.952683
vt 0.338282 0.950366
vt 0.338565 0.955282
vt 0.336587 0.967883
vt 0.984667 0.958109
vt 0.984667 0.985063
vt 0.979412 0.955623
vt 0.978056 0.950312
vt 0.976191 0.953984
vt 0.972575 0.967094
vt 0.975513 0.986023
vt 0.873791 0.125123
vt 0.872661 0.114725
vt 0.878876 0.100090
vt 0.878876 0.136480
vt 0.873339 0.139362
vt 0.873226 0.168180
vt 0.743982 0.037976
vt 0.729008 0.037976
vt 0.744604 0.006163
vt 0.727482 0.006954
vt 0.717650 0.017351
vt 0.791624 0.983029
vt 0.779023 0.987380
vt 0.793093 0.978056
vt 0.782414 0.973479
vt 0.789308 0.963308
vt 0.815131 0.971727
vt 0.781623 0.959692
vt 0.779023 0.946130
vt 0.410956 0.835475
vt 0.387393 0.835475
vt 0.407001 0.822253
vt 0.401746 0.808748
vt 0.338621 0.356147
vt 0.343142 0.383383
vt 0.338621 0.398244
vt 0.341277 0.428588
vt 0.928779 0.070702
vt 0.952116 0.089462
vt 0.947652 0.091553
vt 0.951269 0.094152
vt 0.938385 0.094491
vt 0.941437 0.104888
vt 0.933582 0.102741
vt 0.933017 0.105510
vt 0.928779 0.118789
vt 0.939798 0.120710
vt 0.891762 0.311163
vt 0.897865 0.352807
vt 0.891762 0.374336
vt 0.906002 0.256345
vt 0.906002 0.310591
vt 0.887412 0.247643
vt 0.893853 0.305392
vt 0.890181 0.286406
vt 0.880518 0.266233
vt 0.517765 0.307830
vt 0.531666 0.326477
vt 0.517765 0.383830
vt 0.585016 0.946691
vt 0.585016 0.891993
vt 0.589819 0.944939
vt 0.601573 0.940306
vt 0.600442 0.928553
vt 0.602081 0.906346
vt 0.610218 0.924823
vt 0.611687 0.923637
vt 0.386543 0.987346
vt 0.362685 0.990092
vt 0.375621 0.977455
vt 0.362685 0.964895
vt 0.287704 0.117489
vt 0.287704 0.105679
vt 0.293016 0.111386
vt 0.297084 0.101215
vt 0.294485 0.119354
vt 0.299740 0.111895
vt 0.441418 0.983481
vt 0.444921 0.991449
vt 0.439892 0.984385
vt 0.437971 0.989471
vt 0.428760 0.971332
vt 0.417459 0.968451
vt 0.430568 0.961726
vt 0.451137 0.979017
vt 0.429947 0.984837
vt 0.423449 0.982069
vt 0.421979 0.989866
vt 0.424635 0.984950
vt 0.417459 0.987606
vt 0.443508 0.964665
vt 0.437349 0.954155
vt 0.448876 0.966077
vt 0.454357 0.973536
vt 0.450798 0.955398
vt 0.443056 0.960766
vt 0.447746 0.955172
vt 0.446503 0.951838
vt 0.441983 0.957036
vt 0.954829 0.957541
vt 0.950986 0.952738
vt 0.954829 0.926463
vt 0.951495 0.938103
vt 0.951551 0.928158
vt 0.953812 0.910076
vt 0.946183 0.946749
vt 0.946466 0.954829
vt 0.949122 0.932566
vt 0.948500 0.923242
vt 0.946466 0.936691
vt 0.936408 0.951778
vt 0.936408 0.942172
vt 0.943188 0.928667
vt 0.936577 0.926859
vt 0.941606 0.932396
vt 0.933978 0.918948
vt 0.938103 0.934430
vt 0.927593 0.928328
vt 0.931718 0.933752
vt 0.931435 0.940251
vt 0.929232 0.939516
vt 0.930418 0.955281
vt 0.931153 0.956524
vt 0.984837 0.243400
vt 0.988736 0.240800
vt 0.986532 0.261764
vt 0.980034 0.251876
vt 0.968111 0.250971
vt 0.974271 0.237354
vt 0.978565 0.229838
vt 0.968111 0.224527
vt 0.973310 0.249163
vt 0.975570 0.242665
vt 0.979921 0.245264
vt 0.965227 0.433618
vt 0.969748 0.440794
vt 0.952062 0.431132
vt 0.947541 0.427968
vt 0.964380 0.427177
vt 0.950536 0.415932
vt 0.957769 0.418983
vt 0.969070 0.422543
vt 0.963306 0.413220
vt 0.969748 0.410903
vt 0.954717 0.411185
vt 0.944998 0.407117
vt 0.963871 0.404970
vt 0.949858 0.403840
vt 0.956921 0.405648
vt 0.949236 0.395590
s 1
usemtl Material
f 3628/5954 3615/5955 3607/5956
f 3607/5956 3615/5955 3589/5957
f 3615/5955 3628/5954 3634/5958
f 3615/5955 3634/5958 3646/5959
f 3615/5955 3646/5959 3637/5960
f 3589/5957 3615/5955 3603/5961
f 3599/5962 3621/5963 3603/5961
f 3599/5962 3603/5961 3606/5964
f 3603/5961 3615/5955 3614/5965
f 3603/5961 3614/5965 3606/5964
f 3614/5965 3615/5955 3637/5960
f 3606/5964 3614/5965 3629/5966
f 3629/5966 3614/5965 3637/5960
f 3606/5964 3629/5966 3642/5967
f 3642/5967 3629/5966 3637/5960
f 3634/5968 3628/5969 3645/5970
f 3634/5968 3645/5970 3646/5971
f 3624/5972 3628/5969 3607/5973
f 3628/5969 3624/5972 3641/5974
f 3628/5969 3641/5974 3645/5970
f 3646/5971 3645/5970 3636/5975
f 3645/5970 3641/5974 3625/5976
f 3645/5970 3625/5976 3636/5975
f 3625/5976 3641/5974 3627/5977
f 3646/5971 3636/5975 3616/5978
f 3646/5971 3616/5978 3637/5979
f 3616/5978 3636/5975 3625/5976
f 3625/5976 3627/5977 3611/5980
f 3605/5981 3559/5982 3611/5980
f 3611/5980 3559/5982 3574/5983
f 3611/5980 3574/5983 3625/5976
f 3574/5983 3559/5982 3529/5984
f 3616/5978 3625/5976 3547/5985
f 3547/5985 3625/5976 3574/5983
f 3616/5978 3547/5985 3573/5986
f 3616/5978 3573/5986 3593/5987
f 3616/5978 3593/5987 3579/5988
f 3579/5988 3593/5987 3573/5986
f 3547/5985 3574/5983 3543/5989
f 3547/5985 3543/5989 3675/5990
f 3665/5991 3574/5983 3529/5984
f 3574/5983 3665/5991 3543/5989
f 3543/5989 3665/5991 3675/5990
f 3665/5991 3529/5984 3690/5992
f 3675/5990 3665/5991 3711/5993
f 3665/5991 3690/5992 3715/5994
f 3665/5991 3715/5994 3711/5993
f 3715/5994 3690/5992 3704/5995
f 3699/5996 3728/5997 3704/5995
f 3704/5995 3728/5997 3729/5998
f 3704/5995 3729/5998 3715/5994
f 3715/5994 3729/5998 3734/5999
f 3711/5993 3715/5994 3707/6000
f 3707/6000 3715/5994 3734/5999
f 3711/5993 3707/6000 3724/6001
f 3724/6001 3707/6000 3734/5999
f 3711/5993 3724/6001 3737/6002
f 3737/6002 3724/6001 3734/5999
f 3641/6003 3624/6004 3622/6005
f 3609/6006 3624/6004 3607/6007
f 3624/6004 3609/6006 3622/6005
f 3622/6005 3609/6006 3608/6008
f 3622/6005 3608/6008 3617/6009
f 3622/6005 3617/6009 3638/6010
f 3641/6003 3622/6005 3639/6011
f 3622/6005 3638/6010 3640/6012
f 3622/6005 3640/6012 3639/6011
f 3641/6003 3639/6011 3627/6013
f 3640/6012 3638/6010 3633/6014
f 3640/6012 3633/6014 3639/6011
f 3627/6013 3639/6011 3620/6015
f 3620/6015 3639/6011 3633/6014
f 3627/6013 3620/6015 3611/6016
f 3611/6016 3620/6015 3605/6017
f 3605/6017 3620/6015 3604/6018
f 3620/6015 3633/6014 3626/6019
f 3626/6019 3633/6014 3638/6010
f 3620/6015 3626/6019 3604/6018
f 3626/6019 3638/6010 3631/6020
f 3604/6018 3626/6019 3619/6021
f 3619/6021 3626/6019 3631/6020
f 3609/6022 3607/6023 3602/6024
f 3609/6022 3602/6024 3600/6025
f 3609/6022 3600/6025 3608/6026
f 3600/6025 3602/6024 3591/6027
f 3602/6024 3607/6023 3594/6028
f 3602/6024 3594/6028 3591/6027
f 3591/6027 3594/6028 3592/6029
f 3594/6028 3607/6023 3589/6030
f 3592/6029 3594/6028 3598/6031
f 3594/6028 3589/6030 3572/6032
f 3598/6031 3594/6028 3577/6033
f 3577/6033 3594/6028 3572/6032
f 3572/6032 3589/6030 3549/6034
f 3549/6034 3589/6030 3558/6035
f 3549/6034 3558/6035 3672/6036
f 3549/6034 3672/6036 3572/6032
f 3672/6036 3558/6035 3683/6037
f 3672/6036 3683/6037 3747/6038
f 3598/6031 3577/6033 3571/6039
f 3577/6033 3572/6032 3553/6040
f 3553/6040 3572/6032 3672/6036
f 3577/6033 3553/6040 3571/6039
f 3598/6031 3571/6039 3587/6041
f 3672/6036 3747/6038 3709/6042
f 3709/6042 3747/6038 3748/6043
f 3709/6042 3748/6043 3723/6044
f 3709/6042 3723/6044 3691/6045
f 3709/6042 3691/6045 3672/6036
f 3691/6045 3723/6044 3722/6046
f 3691/6045 3722/6046 3695/6047
f 3691/6045 3695/6047 3656/6048
f 3672/6036 3691/6045 3659/6049
f 3659/6049 3691/6045 3656/6048
f 3672/6036 3659/6049 3553/6040
f 3659/6049 3656/6048 3534/6050
f 3659/6049 3534/6050 3553/6040
f 3553/6040 3534/6050 3571/6039
f 3534/6050 3656/6048 3660/6051
f 3534/6050 3660/6051 3571/6039
f 3571/6039 3660/6051 3548/6052
f 3571/6039 3548/6052 3587/6041
f 3548/6052 3660/6051 3682/6053
f 3587/6041 3548/6052 3545/6054
f 3548/6052 3682/6053 3526/6055
f 3548/6052 3526/6055 3545/6054
f 3545/6054 3526/6055 3666/6056
f 3608/6057 3600/6058 3612/6059
f 3608/6057 3612/6059 3617/6060
f 3617/6060 3612/6059 3638/6061
f 3612/6059 3600/6058 3587/6062
f 3587/6062 3600/6058 3591/6063
f 3587/6062 3591/6063 3592/6064
f 3587/6062 3592/6064 3598/6065
f 3612/6059 3587/6062 3613/6066
f 3612/6059 3613/6066 3644/6067
f 3613/6066 3587/6062 3585/6068
f 3644/6067 3613/6066 3590/6069
f 3590/6069 3613/6066 3585/6068
f 3660/6070 3656/6071 3702/6072
f 3660/6070 3702/6072 3682/6073
f 3702/6072 3656/6071 3695/6074
f 3702/6072 3695/6074 3733/6075
f 3733/6076 3695/6077 3722/6078
f 3733/6076 3722/6078 3723/6079
f 3723/6080 3748/6081 3743/6082
f 3723/6080 3743/6082 3733/6083
f 3748/6084 3747/6085 3752/6086
f 3748/6084 3752/6086 3743/6087
f 3743/6087 3752/6086 3761/6088
f 3743/6087 3761/6088 3759/6089
f 3759/6089 3761/6088 3741/6090
f 3761/6088 3752/6086 3764/6091
f 3761/6088 3764/6091 3741/6090
f 3741/6090 3764/6091 3734/6092
f 3741/6090 3734/6092 3729/6093
f 3734/6092 3764/6091 3763/6094
f 3764/6091 3752/6086 3754/6095
f 3754/6095 3752/6086 3747/6085
f 3764/6091 3754/6095 3763/6094
f 3734/6092 3763/6094 3737/6096
f 3754/6095 3747/6085 3745/6097
f 3754/6095 3745/6097 3763/6094
f 3737/6096 3763/6094 3738/6098
f 3737/6096 3738/6098 3711/6099
f 3763/6094 3745/6097 3758/6100
f 3763/6094 3758/6100 3738/6098
f 3745/6097 3747/6085 3714/6101
f 3714/6101 3747/6085 3683/6102
f 3714/6101 3683/6102 3696/6103
f 3745/6097 3714/6101 3725/6104
f 3725/6104 3714/6101 3696/6103
f 3758/6100 3745/6097 3739/6105
f 3739/6105 3745/6097 3725/6104
f 3725/6104 3696/6103 3701/6106
f 3701/6106 3696/6103 3700/6107
f 3701/6106 3700/6107 3725/6104
f 3700/6107 3696/6103 3692/6108
f 3725/6104 3700/6107 3739/6105
f 3700/6107 3692/6108 3686/6109
f 3700/6107 3686/6109 3679/6110
f 3700/6107 3679/6110 3678/6111
f 3700/6107 3678/6111 3719/6112
f 3700/6107 3719/6112 3739/6105
f 3719/6112 3678/6111 3689/6113
f 3755/6114 3758/6100 3739/6105
f 3758/6100 3755/6114 3732/6115
f 3755/6114 3739/6105 3721/6116
f 3755/6114 3721/6116 3732/6115
f 3721/6116 3739/6105 3719/6112
f 3758/6100 3732/6115 3738/6098
f 3738/6098 3732/6115 3721/6116
f 3738/6098 3721/6116 3719/6112
f 3703/6117 3719/6112 3689/6113
f 3719/6112 3703/6117 3738/6098
f 3703/6117 3689/6113 3685/6118
f 3738/6098 3703/6117 3711/6099
f 3703/6117 3685/6118 3675/6119
f 3703/6117 3675/6119 3711/6099
f 3733/6120 3743/6121 3746/6122
f 3746/6122 3743/6121 3751/6123
f 3733/6124 3746/6125 3753/6126
f 3733/6124 3753/6126 3749/6127
f 3753/6126 3746/6125 3751/6128
f 3749/6127 3753/6126 3750/6129
f 3753/6126 3751/6128 3765/6130
f 3753/6126 3765/6130 3750/6129
f 3750/6129 3765/6130 3762/6131
f 3765/6130 3751/6128 3756/6132
f 3765/6130 3756/6132 3760/6133
f 3765/6130 3760/6133 3740/6134
f 3733/6135 3749/6136 3702/6137
f 3702/6137 3749/6136 3682/6138
f 3682/6138 3749/6136 3717/6139
f 3682/6138 3717/6139 3666/6140
f 3682/6138 3666/6140 3526/6141
f 3717/6142 3749/6143 3750/6144
f 3717/6142 3750/6144 3720/6145
f 3717/6142 3720/6145 3655/6146
f 3720/6145 3750/6144 3706/6147
f 3655/6146 3720/6145 3710/6148
f 3710/6148 3720/6145 3706/6147
f 3666/6149 3717/6150 3655/6151
f 3666/6149 3655/6151 3557/6152
f 3666/6149 3557/6152 3545/6153
f 3557/6154 3655/6155 3667/6156
f 3667/6156 3655/6155 3710/6157
f 3667/6158 3710/6159 3536/6160
f 3667/6158 3536/6160 3557/6161
f 3557/6161 3536/6160 3544/6162
f 3544/6162 3536/6160 3563/6163
f 3563/6163 3536/6160 3676/6164
f 3676/6164 3536/6160 3710/6159
f 3676/6164 3710/6159 3713/6165
f 3676/6164 3713/6165 3727/6166
f 3713/6165 3710/6159 3706/6167
f 3727/6166 3713/6165 3708/6168
f 3708/6168 3713/6165 3706/6167
f 3708/6168 3706/6167 3726/6169
f 3726/6169 3706/6167 3736/6170
f 3736/6170 3706/6167 3750/6171
f 3708/6168 3726/6169 3735/6172
f 3735/6172 3726/6169 3736/6170
f 3708/6168 3735/6172 3740/6173
f 3735/6172 3736/6170 3765/6174
f 3735/6172 3765/6174 3740/6173
f 3557/6175 3544/6176 3618/6177
f 3618/6177 3544/6176 3619/6178
f 3619/6178 3544/6176 3563/6179
f 3557/6175 3618/6177 3610/6180
f 3618/6177 3619/6178 3630/6181
f 3618/6177 3630/6181 3610/6180
f 3557/6175 3610/6180 3545/6182
f 3630/6181 3619/6178 3631/6183
f 3545/6182 3610/6180 3585/6184
f 3545/6182 3585/6184 3587/6185
f 3585/6184 3610/6180 3590/6186
f 3590/6186 3610/6180 3630/6181
f 3590/6186 3630/6181 3644/6187
f 3630/6181 3631/6183 3635/6188
f 3630/6181 3635/6188 3644/6187
f 3635/6188 3631/6183 3643/6189
f 3635/6188 3643/6189 3644/6187
f 3643/6189 3631/6183 3638/6190
f 3644/6187 3643/6189 3612/6191
f 3612/6191 3643/6189 3638/6190
f 3559/6192 3605/6193 3595/6194
f 3595/6194 3605/6193 3604/6195
f 3595/6194 3604/6195 3586/6196
f 3559/6192 3595/6194 3580/6197
f 3580/6197 3595/6194 3586/6196
f 3580/6197 3586/6196 3570/6198
f 3580/6197 3570/6198 3559/6192
f 3570/6198 3586/6196 3597/6199
f 3570/6198 3597/6199 3575/6200
f 3559/6192 3570/6198 3560/6201
f 3560/6201 3570/6198 3575/6200
f 3559/6192 3560/6201 3529/6202
f 3560/6201 3575/6200 3539/6203
f 3539/6203 3575/6200 3550/6204
f 3560/6201 3539/6203 3529/6202
f 3529/6202 3539/6203 3528/6205
f 3529/6202 3528/6205 3650/6206
f 3529/6202 3650/6206 3662/6207
f 3529/6202 3662/6207 3663/6208
f 3529/6202 3663/6208 3690/6209
f 3690/6209 3663/6208 3684/6210
f 3690/6209 3684/6210 3704/6211
f 3663/6208 3662/6207 3653/6212
f 3684/6210 3663/6208 3673/6213
f 3673/6213 3663/6208 3653/6212
f 3704/6211 3684/6210 3698/6214
f 3704/6211 3698/6214 3699/6215
f 3684/6210 3673/6213 3681/6216
f 3681/6216 3673/6213 3653/6212
f 3698/6214 3684/6210 3694/6217
f 3698/6214 3694/6217 3699/6215
f 3694/6217 3684/6210 3681/6216
f 3694/6217 3681/6216 3653/6212
f 3699/6215 3694/6217 3693/6218
f 3693/6218 3694/6217 3653/6212
f 3648/6219 3653/6212 3662/6207
f 3653/6212 3648/6219 3693/6218
f 3648/6219 3662/6207 3664/6220
f 3648/6219 3664/6220 3693/6218
f 3693/6218 3664/6220 3688/6221
f 3562/6222 3604/6223 3619/6224
f 3562/6222 3619/6224 3563/6225
f 3562/6222 3563/6225 3647/6226
f 3604/6227 3562/6228 3584/6229
f 3604/6227 3584/6229 3586/6230
f 3584/6229 3562/6228 3561/6231
f 3561/6231 3562/6228 3647/6232
f 3586/6230 3584/6229 3596/6233
f 3586/6230 3596/6233 3597/6234
f 3597/6234 3596/6233 3575/6235
f 3596/6233 3584/6229 3555/6236
f 3596/6233 3555/6236 3575/6235
f 3555/6236 3584/6229 3561/6231
f 3575/6235 3555/6236 3550/6237
f 3561/6231 3647/6232 3533/6238
f 3561/6231 3533/6238 3555/6236
f 3533/6238 3647/6232 3528/6239
f 3555/6236 3533/6238 3535/6240
f 3555/6236 3535/6240 3550/6237
f 3535/6240 3533/6238 3528/6239
f 3550/6237 3535/6240 3538/6241
f 3538/6241 3535/6240 3528/6239
f 3550/6237 3538/6241 3539/6242
f 3539/6242 3538/6241 3528/6239
f 3528/6243 3647/6244 3649/6245
f 3528/6243 3649/6245 3650/6246
f 3650/6246 3649/6245 3662/6247
f 3662/6247 3649/6245 3664/6248
f 3664/6248 3649/6245 3647/6244
f 3664/6248 3647/6244 3670/6249
f 3670/6250 3647/6251 3563/6252
f 3670/6250 3563/6252 3676/6253
f 3670/6250 3676/6253 3687/6254
f 3687/6254 3676/6253 3727/6255
f 3670/6256 3687/6257 3664/6258
f 3664/6258 3687/6257 3688/6259
f 3688/6259 3687/6257 3697/6260
f 3693/6261 3688/6262 3699/6263
f 3699/6263 3688/6262 3697/6264
f 3699/6263 3697/6264 3712/6265
f 3699/6263 3712/6265 3728/6266
f 3712/6265 3697/6264 3705/6267
f 3728/6266 3712/6265 3727/6268
f 3727/6268 3712/6265 3705/6267
f 3697/6269 3687/6270 3705/6271
f 3705/6271 3687/6270 3727/6272
f 3729/6273 3728/6274 3718/6275
f 3718/6275 3728/6274 3727/6276
f 3718/6277 3727/6278 3716/6279
f 3716/6279 3727/6278 3708/6280
f 3718/6277 3716/6279 3730/6281
f 3716/6279 3708/6280 3740/6282
f 3716/6279 3740/6282 3730/6281
f 3730/6281 3740/6282 3731/6283
f 3731/6283 3740/6282 3742/6284
f 3742/6284 3740/6282 3757/6285
f 3757/6285 3740/6282 3760/6286
f 3729/6287 3718/6288 3730/6289
f 3729/6290 3730/6291 3741/6292
f 3741/6292 3730/6291 3731/6293
f 3741/6292 3731/6293 3744/6294
f 3741/6292 3744/6294 3759/6295
f 3743/6296 3759/6297 3751/6298
f 3751/6299 3759/6300 3756/6301
f 3756/6301 3759/6300 3760/6302
f 3760/6302 3759/6300 3757/6303
f 3757/6303 3759/6300 3744/6304
f 3757/6303 3744/6304 3742/6305
f 3742/6305 3744/6304 3731/6306
f 3765/6307 3736/6308 3762/6309
f 3762/6309 3736/6308 3750/6310
f 3606/6311 3642/6312 3632/6313
f 3632/6313 3642/6312 3637/6314
f 3606/6311 3632/6313 3599/6315
f 3632/6313 3637/6314 3621/6316
f 3632/6313 3621/6316 3599/6315
f 3621/6317 3637/6318 3623/6319
f 3623/6319 3637/6318 3616/6320
f 3621/6317 3623/6319 3583/6321
f 3583/6321 3623/6319 3567/6322
f 3621/6317 3583/6321 3564/6323
f 3564/6323 3583/6321 3567/6322
f 3621/6317 3564/6323 3603/6324
f 3567/6322 3623/6319 3601/6325
f 3601/6325 3623/6319 3616/6320
f 3567/6322 3601/6325 3582/6326
f 3601/6325 3616/6320 3579/6327
f 3582/6326 3601/6325 3581/6328
f 3581/6328 3601/6325 3579/6327
f 3582/6326 3581/6328 3569/6329
f 3569/6329 3581/6328 3579/6327
f 3578/6330 3603/6324 3564/6323
f 3578/6330 3564/6323 3551/6331
f 3603/6324 3578/6330 3588/6332
f 3603/6324 3588/6332 3589/6333
f 3589/6333 3588/6332 3558/6334
f 3588/6332 3578/6330 3576/6335
f 3576/6335 3578/6330 3551/6331
f 3558/6334 3588/6332 3565/6336
f 3565/6336 3588/6332 3576/6335
f 3558/6334 3565/6336 3552/6337
f 3576/6335 3551/6331 3566/6338
f 3576/6335 3566/6338 3565/6336
f 3566/6338 3551/6331 3552/6337
f 3566/6338 3552/6337 3565/6336
f 3558/6339 3552/6340 3683/6341
f 3683/6341 3552/6340 3652/6342
f 3683/6341 3652/6342 3671/6343
f 3683/6341 3671/6343 3696/6344
f 3652/6342 3552/6340 3537/6345
f 3537/6345 3552/6340 3551/6346
f 3671/6343 3652/6342 3661/6347
f 3696/6344 3671/6343 3677/6348
f 3677/6348 3671/6343 3661/6347
f 3661/6347 3652/6342 3654/6349
f 3654/6349 3652/6342 3537/6345
f 3661/6347 3654/6349 3677/6348
f 3537/6345 3551/6346 3569/6350
f 3537/6345 3569/6350 3546/6351
f 3537/6345 3546/6351 3654/6349
f 3677/6348 3654/6349 3668/6352
f 3677/6348 3668/6352 3527/6353
f 3668/6352 3654/6349 3651/6354
f 3668/6352 3651/6354 3527/6353
f 3677/6348 3527/6353 3657/6355
f 3651/6354 3654/6349 3540/6356
f 3540/6356 3654/6349 3546/6351
f 3651/6354 3540/6356 3527/6353
f 3657/6355 3527/6353 3525/6357
f 3527/6353 3540/6356 3530/6358
f 3527/6353 3530/6358 3525/6357
f 3530/6358 3540/6356 3546/6351
f 3525/6357 3530/6358 3541/6359
f 3541/6359 3530/6358 3546/6351
f 3541/6359 3546/6351 3569/6350
f 3525/6357 3541/6359 3547/6360
f 3547/6360 3541/6359 3573/6361
f 3573/6361 3541/6359 3569/6350
f 3573/6361 3569/6350 3579/6362
f 3542/6363 3551/6364 3564/6365
f 3542/6363 3564/6365 3531/6366
f 3531/6366 3564/6365 3567/6367
f 3551/6364 3542/6363 3568/6368
f 3551/6364 3568/6368 3569/6369
f 3569/6369 3568/6368 3582/6370
f 3582/6370 3568/6368 3567/6367
f 3531/6366 3567/6367 3554/6371
f 3567/6367 3568/6368 3556/6372
f 3567/6367 3556/6372 3554/6371
f 3556/6372 3568/6368 3542/6363
f 3531/6366 3554/6371 3532/6373
f 3531/6366 3532/6373 3542/6363
f 3532/6373 3554/6371 3556/6372
f 3532/6373 3556/6372 3542/6363
f 3525/6374 3547/6375 3675/6376
f 3525/6374 3675/6376 3685/6377
f 3525/6374 3685/6377 3657/6378
f 3657/6378 3685/6377 3689/6379
f 3657/6378 3689/6379 3680/6380
f 3657/6378 3680/6380 3677/6381
f 3677/6381 3680/6380 3692/6382
f 3677/6381 3692/6382 3696/6383
f 3680/6380 3689/6379 3674/6384
f 3680/6380 3674/6384 3692/6382
f 3674/6384 3689/6379 3678/6385
f 3692/6382 3674/6384 3686/6386
f 3674/6384 3678/6385 3658/6387
f 3686/6386 3674/6384 3669/6388
f 3669/6388 3674/6384 3658/6387
f 3658/6387 3678/6385 3679/6389
f 3686/6386 3669/6388 3679/6389
f 3679/6389 3669/6388 3658/6387
o tripo_part_7
v -0.005489 0.354564 0.274030
v -0.005380 0.383411 0.315104
v -0.005359 0.345685 0.278927
v -0.005338 0.459340 0.269111
v -0.005315 0.447637 0.322280
v -0.005293 0.358291 0.299255
v -0.005242 0.362061 0.282185
v -0.005236 0.333596 0.307103
v -0.005236 0.350324 0.285674
v -0.005229 0.453458 0.269561
v -0.005223 0.346131 0.307357
v -0.005220 0.345653 0.292938
v -0.005213 0.377920 0.300497
v -0.005153 0.416207 0.269778
v -0.005153 0.416207 0.269778
v -0.005153 0.416207 0.269778
v -0.005113 0.330960 0.281158
v -0.005113 0.361828 0.307273
v -0.005107 0.338407 0.296385
v -0.005055 0.366266 0.316676
v -0.005054 0.422338 0.257769
v -0.005039 0.420243 0.319768
v -0.005005 0.375782 0.328544
v -0.004972 0.286511 0.328509
v -0.004937 0.311994 0.292476
v -0.004908 0.330369 0.315278
v -0.004897 0.461705 0.330577
v -0.004883 0.429204 0.321271
v -0.004844 0.390101 0.307773
v -0.004842 0.286305 0.262282
v -0.004842 0.445134 0.266814
v -0.004798 0.295438 0.320298
v -0.004732 0.285283 0.292889
v -0.004612 0.444417 0.322629
v -0.004502 0.447827 0.248839
v -0.004494 0.438497 0.262565
v -0.004488 0.242757 0.300418
v -0.004446 0.300076 0.295933
v -0.004416 0.298230 0.283378
v -0.004401 0.278165 0.331302
v -0.004282 0.283292 0.255027
v -0.004237 0.279653 0.272935
v -0.004221 0.257436 0.300310
v -0.004189 0.454312 0.235488
v -0.004052 0.454991 0.336558
v -0.004019 0.298024 0.300575
v -0.004019 0.278234 0.259814
v -0.003985 0.434300 0.262126
v -0.003969 0.465878 0.248092
v -0.003933 0.276662 0.336783
v -0.003923 0.455518 0.321671
v -0.003883 0.269681 0.316670
v -0.003852 0.230184 0.293780
v -0.003852 0.294011 0.270198
v -0.003821 0.429036 0.270322
v -0.003821 0.429036 0.270322
v -0.003821 0.429036 0.270322
v -0.003788 0.241689 0.295204
v -0.003762 0.276837 0.254687
v -0.003708 0.271901 0.304923
v -0.003674 0.345132 0.261092
v -0.003660 0.436025 0.302581
v -0.003643 0.420693 0.271584
v -0.003631 0.253247 0.295276
v -0.003623 0.447476 0.348960
v -0.003601 0.284780 0.317597
v -0.003586 0.276883 0.267455
v -0.003576 0.434720 0.329085
v -0.003551 0.300801 0.289938
v -0.003551 0.269895 0.276774
v -0.003497 0.381817 0.306965
v -0.003493 0.366961 0.332332
v -0.003466 0.430387 0.262370
v -0.003398 0.431630 0.302532
v -0.003391 0.276433 0.328414
v -0.003330 0.330880 0.291553
v -0.003328 0.433408 0.318515
v -0.003314 0.431745 0.277793
v -0.003281 0.329293 0.285308
v -0.003262 0.260991 0.333896
v -0.003221 0.284986 0.325606
v -0.003113 0.453328 0.341201
v -0.003038 0.283048 0.272963
v -0.003003 0.287869 0.268180
v -0.002952 0.437253 0.270636
v -0.002911 0.447309 0.328402
v -0.002791 0.461965 0.236823
v -0.002632 0.254460 0.318690
v -0.002578 0.277570 0.331294
v -0.002576 0.281995 0.261226
v -0.002571 0.286206 0.328574
v -0.002488 0.429059 0.325360
v -0.002464 0.260655 0.301648
v -0.002412 0.261426 0.257014
v -0.002386 0.257520 0.289176
v -0.002284 0.436589 0.260524
v -0.002284 0.248570 0.326648
v -0.002275 0.276631 0.265450
v -0.002225 0.378790 0.314217
v -0.002204 0.352489 0.274360
v -0.002180 0.355538 0.308946
v -0.002169 0.337342 0.281337
v -0.002152 0.462377 0.240592
v -0.002112 0.362600 0.304047
v -0.002100 0.333066 0.313004
v -0.002092 0.363111 0.282396
v -0.002088 0.378105 0.300226
v -0.002038 0.456136 0.249686
v -0.002032 0.349069 0.284862
v -0.002008 0.350062 0.298262
v -0.001870 0.247487 0.268441
v -0.001769 0.456319 0.332854
v -0.001747 0.458508 0.268069
v -0.001690 0.248761 0.272714
v -0.001612 0.458188 0.257907
v -0.001462 0.275907 0.320561
v -0.001441 0.277135 0.326613
v -0.001431 0.461499 0.341987
v -0.001414 0.451573 0.261382
v -0.001274 0.277188 0.272214
v -0.000673 0.458119 0.323869
v -0.000337 0.455693 0.351500
v -0.000174 0.452962 0.265517
v 0.000657 0.452214 0.242274
v 0.001088 0.462209 0.348281
v 0.002049 0.461217 0.244368
v 0.002999 0.456281 0.346446
v -0.005848 0.448903 0.269318
v -0.006153 0.461568 0.355155
v -0.006408 0.460904 0.254535
v -0.006549 0.363806 0.255458
v -0.006779 0.460019 0.322436
v -0.006797 0.452519 0.252887
v -0.007424 0.448995 0.240111
v -0.007453 0.249188 0.274653
v -0.007545 0.466977 0.348708
v -0.007618 0.460721 0.342162
v -0.007621 0.452710 0.321364
v -0.007692 0.247487 0.327136
v -0.007779 0.247197 0.268584
v -0.007981 0.254956 0.265790
v -0.008105 0.450429 0.354915
v -0.008125 0.253446 0.318618
v -0.008154 0.460927 0.336841
v -0.008206 0.415200 0.336120
v -0.008224 0.444577 0.295710
v -0.008246 0.462583 0.265910
v -0.008409 0.297994 0.285228
v -0.008436 0.321290 0.336207
v -0.008465 0.261930 0.332843
v -0.008542 0.228719 0.293339
v -0.008684 0.284070 0.254977
v -0.008712 0.261800 0.336936
v -0.008719 0.321172 0.264893
v -0.008723 0.299405 0.301148
v -0.008749 0.302602 0.286230
v -0.008794 0.269116 0.316401
v -0.008920 0.317315 0.319041
v -0.008952 0.268422 0.276286
v -0.008955 0.274289 0.328341
v -0.009034 0.443181 0.265418
v -0.009044 0.442563 0.324887
v -0.009087 0.407739 0.275529
v -0.009147 0.432988 0.296938
v -0.009176 0.367498 0.324311
v -0.009264 0.448384 0.336326
v -0.009284 0.264325 0.260257
v -0.009302 0.272588 0.265065
v -0.009307 0.339631 0.275689
v -0.009322 0.249989 0.304043
v -0.009451 0.448575 0.258857
v -0.009584 0.459271 0.268916
v -0.010290 0.453702 0.338935
v -0.010723 0.454610 0.269544
v -0.010733 0.461926 0.324828
v -0.010964 0.457219 0.321755
v -0.011055 0.458333 0.249396
v -0.011149 0.466153 0.242373
v -0.011160 0.448415 0.342471
v -0.011455 0.456563 0.254779
v -0.012723 0.448461 0.248839
v -0.012869 0.457623 0.235659
v -0.013031 0.463399 0.249278
v -0.013660 0.463513 0.342181
v -0.013766 0.452550 0.333953
v -0.013788 0.454076 0.323146
v -0.014085 0.451749 0.350695
v -0.014266 0.451665 0.240783
v -0.014361 0.460591 0.240466
v -0.014726 0.453282 0.267220
v -0.014770 0.457616 0.329013
v -0.015123 0.456075 0.259276
v -0.016705 0.460797 0.348735
v -0.016712 0.450650 0.345553
v -0.017913 0.456922 0.246333
vt 0.242834 0.123481
vt 0.250745 0.130375
vt 0.243682 0.137043
vt 0.257695 0.140998
vt 0.239218 0.127493
vt 0.251028 0.119017
vt 0.257695 0.122295
vt 0.240856 0.143767
vt 0.250745 0.112802
vt 0.234980 0.128171
vt 0.229555 0.125628
vt 0.238596 0.117831
vt 0.235884 0.109185
vt 0.427773 0.168420
vt 0.435903 0.166026
vt 0.437896 0.172010
vt 0.443703 0.166797
vt 0.430060 0.179037
vt 0.445418 0.174590
vt 0.435935 0.178570
vt 0.446220 0.178600
vt 0.438998 0.182857
vt 0.432742 0.189427
vt 0.427773 0.190570
vt 0.431966 0.195306
vt 0.435582 0.195240
vt 0.478143 0.317784
vt 0.474854 0.313637
vt 0.481656 0.316748
vt 0.480403 0.322793
vt 0.474064 0.317861
vt 0.482688 0.311794
vt 0.480675 0.390976
vt 0.453863 0.340865
vt 0.483396 0.351704
vt 0.508189 0.424519
vt 0.512678 0.385883
vt 0.491795 0.324039
vt 0.512678 0.325109
vt 0.491899 0.318147
vt 0.494286 0.320055
vt 0.487660 0.311728
vt 0.492199 0.311493
vt 0.487721 0.308234
vt 0.482969 0.305750
vt 0.485251 0.302936
vt 0.477319 0.305403
vt 0.480713 0.298593
vt 0.483405 0.297250
vt 0.474089 0.301367
vt 0.471110 0.303894
vt 0.467427 0.285591
vt 0.483200 0.291207
vt 0.485859 0.295460
vt 0.474781 0.292702
vt 0.479233 0.287133
vt 0.878428 0.561963
vt 0.884078 0.562868
vt 0.882609 0.611576
vt 0.887638 0.611011
vt 0.880236 0.615022
vt 0.891198 0.562981
vt 0.888655 0.614853
vt 0.878428 0.621634
vt 0.886056 0.625250
vt 0.891876 0.622764
vt 0.893006 0.609993
vt 0.898883 0.563885
vt 0.899165 0.610332
vt 0.905098 0.563659
vt 0.903912 0.611463
vt 0.908715 0.614966
vt 0.901878 0.615588
vt 0.894927 0.613384
vt 0.898035 0.618695
vt 0.904138 0.619260
vt 0.899052 0.622538
vt 0.350275 0.629319
vt 0.348014 0.625929
vt 0.365305 0.606886
vt 0.377567 0.581741
vt 0.376889 0.613836
vt 0.382200 0.582249
vt 0.375815 0.577333
vt 0.407176 0.604061
vt 0.465208 0.629319
vt 0.402543 0.582588
vt 0.381805 0.572587
vt 0.373781 0.566428
vt 0.379262 0.562981
vt 0.188186 0.525229
vt 0.144677 0.575067
vt 0.152531 0.486240
vt 0.198018 0.475899
vt 0.168296 0.453071
vt 0.144677 0.466463
vt 0.167675 0.448607
vt 0.854239 0.177674
vt 0.854239 0.140324
vt 0.866670 0.144562
vt 0.864466 0.109358
vt 0.755682 0.793659
vt 0.761842 0.790494
vt 0.755682 0.816431
vt 0.765910 0.791738
vt 0.768735 0.796993
vt 0.774894 0.794450
vt 0.777155 0.803321
vt 0.775177 0.808972
vt 0.766079 0.814340
vt 0.762068 0.817843
vt 0.896114 0.191129
vt 0.900012 0.175138
vt 0.904646 0.188925
vt 0.903346 0.237690
vt 0.884812 0.238707
vt 0.890689 0.193050
vt 0.888937 0.181919
vt 0.887129 0.185083
vt 0.883739 0.184405
vt 0.887186 0.217800
vt 0.884304 0.229610
vt 0.880744 0.234808
vt 0.883965 0.215822
vt 0.883739 0.196610
vt 0.880744 0.190395
vt 0.537091 0.596882
vt 0.530932 0.607618
vt 0.530932 0.592192
vt 0.396560 0.536754
vt 0.406505 0.477931
vt 0.407692 0.483807
vt 0.414868 0.486294
vt 0.404019 0.473241
vt 0.437470 0.499799
vt 0.446681 0.492453
vt 0.460920 0.485277
vt 0.409557 0.541218
vt 0.472165 0.493187
vt 0.506973 0.488611
vt 0.445381 0.497425
vt 0.449167 0.502907
vt 0.466345 0.501833
vt 0.451653 0.510026
vt 0.470866 0.503076
vt 0.467419 0.507540
vt 0.448433 0.511495
vt 0.464650 0.530255
vt 0.466741 0.527317
vt 0.476290 0.550654
vt 0.402211 0.550654
vt 0.476799 0.538562
vt 0.477872 0.533533
vt 0.483014 0.523362
vt 0.485840 0.534719
vt 0.492846 0.530029
vt 0.500079 0.533815
vt 0.531666 0.550372
vt 0.531270 0.535623
vt 0.484370 0.519237
vt 0.478211 0.507540
vt 0.520082 0.523757
vt 0.531044 0.529577
vt 0.500192 0.526752
vt 0.504713 0.520310
vt 0.506690 0.504206
vt 0.529688 0.520988
vt 0.501379 0.511778
vt 0.503808 0.495674
vt 0.493016 0.507823
vt 0.489286 0.499629
vt 0.489682 0.511891
vt 0.684814 0.128848
vt 0.684814 0.054260
vt 0.688996 0.121784
vt 0.144574 0.004069
vt 0.088088 0.002307
vt 0.230569 0.002307
vt 0.745001 0.353886
vt 0.756810 0.315575
vt 0.755285 0.376827
vt 0.756810 0.378635
vt 0.748278 0.375527
vt 0.754776 0.380669
vt 0.733360 0.372533
vt 0.729574 0.370046
vt 0.751442 0.383834
vt 0.731044 0.384173
vt 0.725562 0.373154
vt 0.721098 0.369764
vt 0.721664 0.376601
vt 0.734490 0.407114
vt 0.711379 0.382308
vt 0.742514 0.394005
vt 0.730422 0.407227
vt 0.735790 0.416381
vt 0.741271 0.402198
vt 0.742006 0.404911
vt 0.754494 0.395305
vt 0.740989 0.415986
vt 0.750030 0.412426
vt 0.756754 0.398017
vt 0.192593 0.025770
vt 0.050112 0.025770
vt 0.115100 0.022421
vt 0.915496 0.056234
vt 0.897866 0.100366
vt 0.914197 0.050753
vt 0.912219 0.051601
vt 0.907924 0.050132
vt 0.895832 0.072565
vt 0.908207 0.038887
vt 0.895832 0.042899
vt 0.112520 0.935728
vt 0.110711 0.936915
vt 0.117323 0.930247
vt 0.120374 0.929004
vt 0.120261 0.930925
vt 0.145124 0.939910
vt 0.144050 0.934202
vt 0.123538 0.924088
vt 0.149192 0.927648
vt 0.132862 0.921263
vt 0.135292 0.918607
vt 0.110711 0.882895
vt 0.322290 0.394852
vt 0.330539 0.396717
vt 0.327262 0.404741
vt 0.318334 0.397282
vt 0.332291 0.412312
vt 0.318334 0.406379
vt 0.327827 0.408300
vt 0.020344 0.261764
vt 0.010964 0.259730
vt 0.014298 0.257413
vt 0.010964 0.247186
vt 0.014920 0.243004
vt 0.020344 0.241139
vt 0.011360 0.237184
vt 0.017293 0.236280
vt 0.924935 0.499115
vt 0.924935 0.445999
vt 0.935841 0.490131
vt 0.952230 0.204409
vt 0.961610 0.199436
vt 0.942455 0.219835
vt 0.952965 0.217801
vt 0.945619 0.221022
vt 0.946975 0.222943
vt 0.955677 0.235600
vt 0.941494 0.228480
vt 0.961610 0.241025
vt 0.954603 0.238256
vt 0.941551 0.238312
vt 0.952513 0.245489
vt 0.956355 0.241138
vt 0.048205 0.336985
vt 0.050183 0.359361
vt 0.048205 0.367555
vt 0.278549 0.880917
vt 0.287534 0.925161
vt 0.280809 0.932055
vt 0.278549 0.935841
vt 0.322797 0.515448
vt 0.320537 0.524885
vt 0.320537 0.511719
vt 0.790550 0.467131
vt 0.787046 0.454982
vt 0.790098 0.459276
vt 0.794392 0.456451
vt 0.799252 0.460520
vt 0.798234 0.457242
vt 0.797161 0.464701
vt 0.797952 0.466679
vt 0.800156 0.481483
vt 0.787046 0.474533
vt 0.805637 0.476963
vt 0.803433 0.469843
vt 0.927760 0.316361
vt 0.935841 0.362921
vt 0.933693 0.365747
vt 0.934315 0.368911
vt 0.927760 0.364617
vt 0.751385 0.816436
vt 0.745960 0.870739
vt 0.745960 0.800050
vt 0.625477 0.466628
vt 0.625194 0.460978
vt 0.629319 0.467419
vt 0.625194 0.537091
vt 0.307596 0.111216
vt 0.302624 0.106074
vt 0.302624 0.093303
vt 0.310421 0.093077
vt 0.314659 0.098559
vt 0.818806 0.538447
vt 0.818806 0.469623
vt 0.827621 0.501719
vt 0.836831 0.517992
vt 0.130204 0.345857
vt 0.121389 0.375693
vt 0.105115 0.374223
vt 0.105115 0.347214
vt 0.695157 0.267022
vt 0.682273 0.217241
vt 0.705271 0.280979
vt 0.682273 0.291603
vt 0.949575 0.888370
vt 0.932284 0.867802
vt 0.943529 0.871136
vt 0.933810 0.864412
vt 0.963984 0.858027
vt 0.940025 0.840962
vt 0.965679 0.840001
vt 0.932284 0.840736
vt 0.979638 0.345463
vt 0.986023 0.350379
vt 0.970993 0.349814
vt 0.971219 0.381457
vt 0.966755 0.346649
vt 0.966755 0.382474
vt 0.682214 0.569812
vt 0.673964 0.576424
vt 0.678315 0.569021
vt 0.673964 0.544441
vt 0.173605 0.570998
vt 0.169865 0.569170
vt 0.173605 0.555312
vt 0.165942 0.557105
vt 0.160955 0.569250
vt 0.351279 0.422033
vt 0.349471 0.429944
vt 0.349471 0.417569
vt 0.945844 0.970541
vt 0.950760 0.971897
vt 0.942058 0.975683
vt 0.939741 0.969241
vt 0.946465 0.965342
vt 0.936125 0.977943
vt 0.938894 0.983594
vt 0.933695 0.986023
vt 0.935786 0.967546
vt 0.940645 0.960709
vt 0.948330 0.959635
vt 0.933695 0.960087
vt 0.232378 0.821915
vt 0.232999 0.829261
vt 0.224750 0.825192
vt 0.225710 0.832820
vt 0.219382 0.830673
vt 0.233282 0.836719
vt 0.219382 0.839488
vt 0.225993 0.838980
vt 0.229722 0.844969
vt 0.220851 0.844800
vt 0.465831 0.991449
vt 0.460237 0.983538
vt 0.467922 0.983142
vt 0.472612 0.987267
vt 0.465153 0.976474
vt 0.460237 0.965682
vt 0.468430 0.971276
vt 0.474363 0.966925
vt 0.471990 0.975401
vt 0.474702 0.976870
vt 0.478432 0.985402
vt 0.480127 0.975005
s 1
usemtl Material
f 3907/6390 3894/6391 3958/6392
f 3958/6392 3894/6391 3901/6393
f 3907/6390 3958/6392 3952/6394
f 3901/6393 3894/6391 3887/6395
f 3887/6395 3894/6391 3907/6390
f 3901/6393 3887/6395 3890/6396
f 3958/6392 3901/6393 3949/6397
f 3890/6396 3887/6395 3892/6398
f 3958/6392 3949/6397 3959/6399
f 3958/6392 3959/6399 3952/6394
f 3959/6399 3949/6397 3944/6400
f 3830/6401 3907/6390 3952/6394
f 3907/6390 3830/6401 3887/6395
f 3830/6401 3952/6394 3959/6399
f 3887/6395 3830/6401 3892/6398
f 3830/6401 3959/6399 3944/6400
f 3892/6398 3830/6401 3847/6402
f 3847/6402 3830/6401 3944/6400
f 3901/6403 3890/6404 3883/6405
f 3883/6405 3890/6404 3892/6406
f 3901/6403 3883/6405 3949/6407
f 3883/6405 3892/6406 3847/6408
f 3883/6405 3847/6408 3902/6409
f 3883/6405 3902/6409 3949/6407
f 3902/6409 3847/6408 3810/6410
f 3902/6409 3810/6410 3909/6411
f 3902/6409 3909/6411 3938/6412
f 3902/6409 3938/6412 3949/6407
f 3949/6407 3938/6412 3944/6413
f 3944/6413 3938/6412 3847/6414
f 3847/6414 3938/6412 3810/6415
f 3938/6416 3909/6417 3950/6418
f 3938/6416 3950/6418 3931/6419
f 3938/6416 3931/6419 3810/6420
f 3950/6418 3909/6417 3956/6421
f 3837/6422 3833/6423 3810/6420
f 3837/6422 3810/6420 3910/6424
f 3910/6424 3810/6420 3931/6419
f 3837/6422 3910/6424 3914/6425
f 3914/6425 3910/6424 3930/6426
f 3930/6426 3910/6424 3927/6427
f 3927/6427 3910/6424 3931/6419
f 3930/6426 3927/6427 3929/6428
f 3927/6427 3931/6419 3770/6429
f 3770/6429 3931/6419 3950/6418
f 3927/6427 3770/6429 3799/6430
f 3770/6429 3950/6418 3951/6431
f 3951/6431 3950/6418 3956/6421
f 3770/6429 3951/6431 3903/6432
f 3903/6432 3951/6431 3941/6433
f 3951/6431 3956/6421 3940/6434
f 3951/6431 3940/6434 3941/6433
f 3940/6434 3956/6421 3909/6417
f 3941/6433 3940/6434 3897/6435
f 3940/6434 3909/6417 3792/6436
f 3897/6435 3940/6434 3886/6437
f 3886/6437 3940/6434 3792/6436
f 3897/6435 3886/6437 3816/6438
f 3792/6436 3909/6417 3877/6439
f 3792/6436 3877/6439 3886/6437
f 3877/6439 3909/6417 3810/6440
f 3877/6439 3810/6440 3833/6441
f 3816/6438 3886/6437 3770/6442
f 3816/6438 3770/6442 3903/6443
f 3886/6437 3877/6439 3851/6444
f 3851/6444 3877/6439 3833/6441
f 3886/6437 3851/6444 3770/6442
f 3851/6444 3833/6441 3799/6445
f 3851/6444 3799/6445 3770/6442
f 3903/6446 3941/6447 3939/6448
f 3939/6448 3941/6447 3937/6449
f 3939/6448 3937/6449 3955/6450
f 3937/6449 3941/6447 3897/6451
f 3955/6450 3937/6449 3912/6452
f 3955/6450 3912/6452 3957/6453
f 3957/6453 3912/6452 3895/6454
f 3895/6454 3912/6452 3880/6455
f 3937/6449 3897/6451 3769/6456
f 3937/6449 3769/6456 3912/6452
f 3769/6456 3897/6451 3816/6457
f 3769/6456 3816/6457 3775/6458
f 3775/6458 3816/6457 3903/6459
f 3775/6458 3903/6459 3939/6460
f 3775/6458 3939/6460 3955/6461
f 3775/6458 3955/6461 3893/6462
f 3912/6452 3769/6456 3878/6463
f 3878/6463 3769/6456 3775/6458
f 3878/6463 3775/6458 3893/6462
f 3912/6452 3878/6463 3880/6455
f 3878/6463 3893/6462 3888/6464
f 3878/6463 3888/6464 3880/6455
f 3888/6464 3893/6462 3796/6465
f 3880/6455 3888/6464 3884/6466
f 3884/6466 3888/6464 3796/6465
f 3927/6467 3799/6468 3911/6469
f 3911/6469 3799/6468 3796/6470
f 3927/6467 3911/6469 3929/6471
f 3911/6469 3796/6470 3926/6472
f 3911/6469 3926/6472 3929/6471
f 3926/6472 3796/6470 3893/6473
f 3929/6471 3926/6472 3928/6474
f 3929/6471 3928/6474 3934/6475
f 3934/6475 3928/6474 3786/6476
f 3786/6476 3928/6474 3926/6472
f 3786/6476 3926/6472 3936/6477
f 3936/6477 3926/6472 3893/6473
f 3936/6477 3893/6473 3955/6478
f 3936/6477 3955/6478 3957/6479
f 3930/6480 3929/6481 3934/6482
f 3930/6480 3934/6482 3923/6483
f 3923/6483 3934/6482 3921/6484
s 0
f 3921/6484 3934/6482 3919/6485
s 1
f 3921/6484 3919/6485 3913/6486
f 3930/6487 3923/6488 3914/6489
f 3914/6489 3923/6488 3925/6490
f 3936/6491 3957/6492 3786/6493
f 3786/6493 3957/6492 3945/6494
f 3786/6493 3945/6494 3898/6495
f 3786/6493 3898/6495 3895/6496
f 3786/6493 3895/6496 3880/6497
f 3786/6493 3880/6497 3884/6498
f 3786/6493 3884/6498 3861/6499
f 3786/6493 3861/6499 3838/6500
f 3801/6501 3884/6502 3796/6503
f 3801/6501 3796/6503 3799/6504
f 3801/6501 3799/6504 3833/6505
f 3884/6502 3801/6501 3850/6506
f 3850/6506 3801/6501 3833/6505
f 3884/6502 3850/6506 3861/6507
f 3861/6507 3850/6506 3813/6508
f 3861/6507 3813/6508 3838/6509
f 3850/6506 3833/6505 3827/6510
f 3827/6510 3833/6505 3842/6511
f 3842/6511 3833/6505 3857/6512
f 3827/6510 3842/6511 3839/6513
f 3839/6513 3842/6511 3857/6512
f 3827/6510 3839/6513 3850/6506
f 3838/6509 3813/6508 3843/6514
f 3843/6514 3813/6508 3850/6506
f 3843/6514 3850/6506 3839/6513
f 3843/6514 3839/6513 3857/6512
f 3838/6509 3843/6514 3820/6515
f 3820/6515 3843/6514 3857/6512
f 3821/6516 3779/6517 3838/6518
f 3820/6519 3857/6520 3793/6521
f 3793/6521 3857/6520 3787/6522
f 3793/6521 3787/6522 3820/6519
f 3787/6522 3857/6520 3833/6523
f 3820/6519 3787/6522 3794/6524
f 3787/6522 3833/6523 3767/6525
f 3787/6522 3767/6525 3794/6524
f 3767/6525 3833/6523 3788/6526
f 3820/6519 3794/6524 3780/6527
f 3767/6525 3788/6526 3785/6528
f 3785/6528 3788/6526 3791/6529
f 3794/6524 3767/6525 3864/6530
f 3864/6530 3767/6525 3836/6531
f 3864/6530 3836/6531 3794/6524
f 3836/6531 3767/6525 3783/6532
f 3783/6532 3767/6525 3785/6528
f 3794/6524 3836/6531 3872/6533
f 3783/6532 3785/6528 3866/6534
f 3836/6531 3783/6532 3869/6535
f 3869/6535 3783/6532 3866/6534
f 3836/6531 3869/6535 3872/6533
f 3794/6524 3872/6533 3778/6536
f 3794/6524 3778/6536 3780/6527
f 3778/6536 3872/6533 3772/6537
f 3778/6536 3772/6537 3780/6527
f 3772/6537 3872/6533 3871/6538
f 3871/6538 3872/6533 3869/6535
f 3826/6539 3838/6540 3780/6527
f 3826/6539 3780/6527 3766/6541
f 3766/6541 3780/6527 3772/6537
f 3772/6537 3871/6538 3865/6542
f 3772/6537 3865/6542 3766/6541
f 3871/6538 3869/6535 3874/6543
f 3871/6538 3874/6543 3865/6542
f 3766/6541 3865/6542 3768/6544
f 3865/6542 3874/6543 3867/6545
f 3865/6542 3867/6545 3768/6544
f 3766/6541 3768/6544 3782/6546
f 3782/6546 3768/6544 3867/6545
f 3766/6541 3782/6546 3819/6547
f 3819/6547 3782/6546 3804/6548
f 3774/6549 3874/6543 3869/6535
f 3874/6543 3774/6549 3867/6545
f 3774/6549 3869/6535 3771/6550
f 3771/6550 3869/6535 3866/6534
f 3771/6550 3866/6534 3785/6528
f 3804/6548 3782/6546 3790/6551
f 3804/6548 3790/6551 3834/6552
f 3844/6553 3782/6546 3867/6545
f 3844/6553 3867/6545 3774/6549
f 3790/6551 3782/6546 3841/6554
f 3841/6554 3782/6546 3844/6553
f 3790/6551 3841/6554 3773/6555
f 3790/6551 3773/6555 3803/6556
f 3803/6556 3773/6555 3791/6529
f 3773/6555 3841/6554 3784/6557
f 3791/6529 3773/6555 3870/6558
f 3870/6558 3773/6555 3784/6557
f 3784/6557 3841/6554 3875/6559
f 3784/6557 3875/6559 3870/6558
f 3875/6559 3841/6554 3844/6553
f 3791/6529 3870/6558 3776/6560
f 3776/6560 3870/6558 3875/6559
f 3791/6529 3776/6560 3785/6528
f 3785/6528 3776/6560 3771/6550
f 3776/6560 3875/6559 3777/6561
f 3776/6560 3777/6561 3771/6550
f 3777/6561 3875/6559 3844/6553
f 3771/6550 3777/6561 3774/6549
f 3774/6549 3777/6561 3844/6553
f 3838/6562 3826/6563 3786/6564
f 3788/6565 3833/6566 3856/6567
f 3791/6568 3788/6569 3789/6570
f 3789/6570 3788/6569 3856/6571
f 3789/6570 3856/6571 3797/6572
f 3789/6570 3797/6572 3791/6568
f 3797/6572 3856/6571 3846/6573
f 3791/6568 3797/6572 3811/6574
f 3791/6568 3811/6574 3803/6575
f 3797/6572 3846/6573 3831/6576
f 3803/6575 3811/6574 3798/6577
f 3798/6577 3811/6574 3797/6572
f 3834/6578 3790/6579 3803/6575
f 3834/6578 3803/6575 3798/6577
f 3834/6578 3798/6577 3804/6580
f 3804/6580 3798/6577 3829/6581
f 3804/6580 3829/6581 3819/6582
f 3798/6577 3797/6572 3825/6583
f 3825/6583 3797/6572 3831/6576
f 3798/6577 3825/6583 3829/6581
f 3819/6582 3829/6581 3860/6584
f 3860/6584 3829/6581 3823/6585
f 3829/6581 3825/6583 3858/6586
f 3858/6586 3825/6583 3831/6576
f 3829/6581 3858/6586 3823/6585
f 3858/6586 3831/6576 3808/6587
f 3858/6586 3808/6587 3823/6585
f 3808/6587 3831/6576 3817/6588
f 3823/6585 3808/6587 3802/6589
f 3802/6589 3808/6587 3817/6588
f 3802/6589 3817/6588 3935/6590
f 3935/6590 3817/6588 3922/6591
f 3856/6592 3833/6593 3837/6594
f 3856/6595 3837/6596 3854/6597
f 3854/6597 3837/6596 3805/6598
f 3854/6597 3805/6598 3815/6599
f 3815/6599 3805/6598 3837/6596
f 3815/6599 3837/6596 3914/6600
f 3815/6599 3914/6600 3918/6601
f 3918/6601 3914/6600 3925/6602
f 3846/6603 3856/6604 3854/6605
f 3846/6603 3854/6605 3840/6606
f 3846/6603 3840/6606 3882/6607
f 3882/6607 3840/6606 3862/6608
f 3862/6608 3840/6606 3904/6609
f 3904/6609 3840/6606 3925/6610
f 3862/6608 3904/6609 3908/6611
f 3908/6611 3904/6609 3925/6610
f 3908/6611 3925/6610 3922/6612
f 3908/6611 3922/6612 3817/6613
f 3922/6612 3925/6610 3923/6614
f 3854/6615 3815/6616 3845/6617
f 3854/6615 3845/6617 3840/6618
f 3845/6617 3815/6616 3918/6619
f 3840/6618 3845/6617 3925/6620
f 3845/6617 3918/6619 3915/6621
f 3915/6621 3918/6619 3925/6620
f 3915/6621 3925/6620 3845/6617
f 3862/6622 3908/6623 3853/6624
f 3853/6624 3908/6623 3817/6625
f 3862/6622 3853/6624 3881/6626
f 3881/6626 3853/6624 3817/6625
f 3862/6622 3881/6626 3882/6627
f 3881/6626 3817/6625 3831/6628
f 3882/6627 3881/6626 3846/6629
f 3846/6629 3881/6626 3831/6628
f 3766/6630 3819/6631 3826/6632
f 3860/6633 3823/6634 3848/6635
f 3848/6635 3823/6634 3835/6636
f 3848/6635 3835/6636 3807/6637
f 3807/6637 3835/6636 3885/6638
f 3885/6638 3835/6636 3879/6639
f 3885/6638 3879/6639 3863/6640
f 3879/6639 3835/6636 3900/6641
f 3863/6640 3879/6639 3876/6642
f 3876/6642 3879/6639 3900/6641
f 3863/6640 3876/6642 3933/6643
f 3933/6643 3876/6642 3906/6644
f 3876/6642 3900/6641 3905/6645
f 3876/6642 3905/6645 3906/6644
f 3906/6644 3905/6645 3900/6641
f 3860/6646 3848/6647 3819/6648
f 3826/6649 3819/6650 3795/6651
f 3826/6649 3795/6651 3855/6652
f 3795/6653 3819/6654 3855/6655
f 3855/6656 3819/6657 3849/6658
f 3849/6658 3819/6657 3848/6659
f 3849/6658 3848/6659 3885/6660
f 3885/6660 3848/6659 3807/6661
f 3849/6658 3885/6660 3832/6662
f 3849/6658 3832/6662 3855/6656
f 3832/6662 3885/6660 3863/6663
f 3832/6662 3863/6663 3855/6656
f 3855/6656 3863/6663 3859/6664
f 3855/6656 3859/6664 3824/6665
f 3859/6664 3863/6663 3932/6666
f 3932/6666 3863/6663 3933/6667
f 3826/6668 3855/6669 3812/6670
f 3812/6670 3855/6669 3824/6671
f 3826/6668 3812/6670 3806/6672
f 3806/6672 3812/6670 3824/6671
f 3826/6673 3806/6674 3896/6675
f 3806/6676 3824/6677 3917/6678
f 3806/6676 3917/6678 3896/6679
f 3917/6680 3824/6681 3859/6682
f 3917/6680 3859/6682 3932/6683
f 3917/6680 3932/6683 3933/6684
f 3896/6685 3917/6686 3919/6687
f 3896/6685 3919/6687 3934/6688
f 3919/6689 3917/6690 3933/6691
f 3919/6689 3933/6691 3913/6692
f 3896/6693 3786/6694 3826/6695
f 3786/6694 3896/6693 3934/6696
f 3923/6697 3921/6698 3920/6699
f 3920/6699 3921/6698 3913/6700
f 3923/6697 3920/6699 3922/6701
f 3922/6701 3920/6699 3913/6700
f 3922/6701 3913/6700 3924/6702
f 3922/6701 3924/6702 3935/6703
f 3924/6702 3913/6700 3933/6704
f 3802/6705 3935/6706 3916/6707
f 3916/6707 3935/6706 3924/6708
f 3802/6705 3916/6707 3818/6709
f 3818/6709 3916/6707 3924/6708
f 3818/6709 3924/6708 3835/6710
f 3802/6711 3818/6712 3823/6713
f 3823/6713 3818/6712 3835/6714
f 3835/6715 3924/6716 3900/6717
f 3900/6717 3924/6716 3906/6718
f 3906/6718 3924/6716 3933/6719
f 3828/6720 3822/6721 3781/6722
f 3945/6723 3957/6724 3895/6725
f 3945/6723 3895/6725 3942/6726
f 3945/6723 3942/6726 3898/6727
f 3942/6726 3895/6725 3873/6728
f 3873/6728 3895/6725 3898/6729
f 3873/6728 3898/6729 3800/6730
f 3942/6726 3873/6728 3948/6731
f 3898/6727 3942/6726 3946/6732
f 3946/6732 3942/6726 3948/6731
f 3898/6727 3946/6732 3800/6733
f 3946/6732 3948/6731 3960/6734
f 3873/6735 3800/6736 3889/6737
f 3889/6737 3800/6736 3899/6738
f 3889/6737 3899/6738 3809/6739
f 3899/6738 3800/6736 3946/6740
f 3809/6739 3899/6738 3947/6741
f 3899/6738 3946/6740 3953/6742
f 3899/6738 3953/6742 3947/6741
f 3953/6742 3946/6740 3960/6743
f 3947/6741 3953/6742 3954/6744
f 3954/6744 3953/6742 3960/6743
f 3960/6745 3948/6746 3943/6747
f 3960/6745 3943/6747 3954/6748
f 3943/6747 3948/6746 3814/6749
f 3814/6749 3948/6746 3873/6750
f 3814/6749 3873/6750 3891/6751
f 3891/6751 3873/6750 3889/6752
f 3943/6747 3814/6749 3868/6753
f 3868/6753 3814/6749 3891/6751
f 3943/6747 3868/6753 3954/6748
f 3868/6753 3891/6751 3889/6752
f 3954/6748 3868/6753 3852/6754
f 3852/6754 3868/6753 3889/6752
f 3954/6748 3852/6754 3947/6755
f 3852/6754 3889/6752 3809/6756
f 3852/6754 3809/6756 3947/6755
o tripo_part_8
v -0.022666 0.301780 -0.239030
v -0.022524 0.331628 -0.223477
v -0.022092 0.392062 -0.221423
v -0.021926 0.320834 -0.148980
v -0.021862 0.412780 -0.165347
v -0.021811 0.331304 -0.238004
v -0.021732 0.420924 -0.148568
v -0.021613 0.410278 -0.220668
v -0.021372 0.319499 -0.240166
v -0.020446 0.357111 -0.226386
v -0.020323 0.366612 -0.172160
v -0.020254 0.284950 -0.161416
v -0.020167 0.293296 -0.215178
v -0.020140 0.356357 -0.214078
v -0.020107 0.360204 -0.213885
v -0.020092 0.300777 -0.235657
v -0.020052 0.348703 -0.173217
v -0.019991 0.349873 -0.213151
v -0.019901 0.360623 -0.171714
v -0.019868 0.319221 -0.233910
v -0.019852 0.420791 -0.232373
v -0.019852 0.291137 -0.174348
v -0.019806 0.366688 -0.213399
v -0.019527 0.329990 -0.210327
v -0.019522 0.421859 -0.175961
v -0.019483 0.386773 -0.193244
v -0.019272 0.276099 -0.193338
v -0.019271 0.371643 -0.208883
v -0.019173 0.420425 -0.207601
v -0.019054 0.268676 -0.207155
v -0.019033 0.362262 -0.208361
v -0.018738 0.370083 -0.181522
v -0.018666 0.343047 -0.206457
v -0.018657 0.375949 -0.195762
v -0.018610 0.339509 -0.181888
v -0.018594 0.347814 -0.180392
v -0.018569 0.378949 -0.183786
v -0.018546 0.308006 -0.156430
v -0.018457 0.379396 -0.200741
v -0.018371 0.329942 -0.191990
v -0.018266 0.356431 -0.172757
v -0.018251 0.307555 -0.159974
v -0.018223 0.412574 -0.193775
v -0.018165 0.306316 -0.201933
v -0.018161 0.337941 -0.196467
v -0.018127 0.361789 -0.200088
v -0.018069 0.414897 -0.186922
v -0.018037 0.276420 -0.195171
v -0.018036 0.362103 -0.177977
v -0.018019 0.385061 -0.191379
v -0.018002 0.351495 -0.185025
v -0.017978 0.410976 -0.156304
v -0.017969 0.385986 -0.195443
v -0.017960 0.368960 -0.206672
v -0.017884 0.329341 -0.195291
v -0.017784 0.356364 -0.214110
v -0.017710 0.277114 -0.191281
v -0.017607 0.423774 -0.158597
v -0.017531 0.288322 -0.229268
v -0.017354 0.361187 -0.211922
v -0.017351 0.355074 -0.206202
v -0.017318 0.337434 -0.189317
v -0.017132 0.292503 -0.158532
v -0.017032 0.370213 -0.183986
v -0.016924 0.375353 -0.180808
v -0.016881 0.351742 -0.200575
v -0.016832 0.355748 -0.184520
v -0.016604 0.337943 -0.201557
v -0.016604 0.378736 -0.201064
v -0.016522 0.366705 -0.200199
v -0.016301 0.361643 -0.185661
v -0.016065 0.299720 -0.221591
v -0.016000 0.348749 -0.188630
v -0.015834 0.371676 -0.190011
v -0.015739 0.295615 -0.165732
v -0.015657 0.375651 -0.195926
v -0.015642 0.410671 -0.224097
v -0.015549 0.383842 -0.190969
v -0.015519 0.329826 -0.195732
v -0.015385 0.387588 -0.194955
v -0.015378 0.432250 -0.218766
v -0.015306 0.433334 -0.167493
v -0.015277 0.345510 -0.193017
v -0.014856 0.296127 -0.219437
v -0.014789 0.443649 -0.216624
v -0.014548 0.268348 -0.178103
v -0.014461 0.440727 -0.178897
v -0.013769 0.439834 -0.208444
v -0.013720 0.443832 -0.173304
v -0.013311 0.286124 -0.178046
v -0.013153 0.424140 -0.174773
v -0.012945 0.274604 -0.212590
v -0.012743 0.433082 -0.181426
v -0.012475 0.432754 -0.205327
v -0.012410 0.274024 -0.207099
v -0.012335 0.422019 -0.208708
v -0.012054 0.418185 -0.181898
v -0.011740 0.281066 -0.202811
v -0.011508 0.264327 -0.187109
v -0.011484 0.257896 -0.192707
v -0.011475 0.274650 -0.193300
v -0.011408 0.262168 -0.199728
v -0.011333 0.427192 -0.192223
v -0.010929 0.413127 -0.193840
v -0.022983 0.407184 -0.145627
v -0.023077 0.406867 -0.240262
v -0.023265 0.357207 -0.240929
v -0.023493 0.357932 -0.160096
v -0.023547 0.358528 -0.226258
v -0.023682 0.416892 -0.242635
v -0.023800 0.400497 -0.241906
v -0.023888 0.393779 -0.144116
v -0.023988 0.397170 -0.158418
v -0.024072 0.341295 -0.147202
v -0.024183 0.313960 -0.157105
v -0.024636 0.317447 -0.244130
v -0.025114 0.400226 -0.230847
v -0.025472 0.356502 -0.230813
v -0.025546 0.319934 -0.231995
v -0.025682 0.410255 -0.247010
v -0.025695 0.442786 -0.179576
v -0.025993 0.360191 -0.246304
v -0.026068 0.403713 -0.248978
v -0.026363 0.390561 -0.153443
v -0.026879 0.412784 -0.195007
v -0.027165 0.428230 -0.193649
v -0.027238 0.274497 -0.194246
v -0.027242 0.340490 -0.138024
v -0.027242 0.320728 -0.139928
v -0.027408 0.406486 -0.137936
v -0.027511 0.281966 -0.184452
v -0.027835 0.257827 -0.193015
v -0.027851 0.420337 -0.205767
v -0.027981 0.421409 -0.179890
v -0.028003 0.443305 -0.207348
v -0.028019 0.407691 -0.148495
v -0.028141 0.395633 -0.148450
v -0.028179 0.434119 -0.205045
v -0.028199 0.324046 -0.249390
v -0.028281 0.343944 -0.148583
v -0.028293 0.343747 -0.237210
v -0.028325 0.266570 -0.181686
v -0.028382 0.432746 -0.182649
v -0.028386 0.406760 -0.237527
v -0.028538 0.372855 -0.209477
v -0.028544 0.401256 -0.250478
v -0.028579 0.287963 -0.210297
v -0.028921 0.271522 -0.207984
v -0.029024 0.396449 -0.155644
v -0.029246 0.291923 -0.173365
v -0.029266 0.357070 -0.251679
v -0.029530 0.419498 -0.252759
v -0.029573 0.436225 -0.212737
v -0.029838 0.442245 -0.174279
v -0.029844 0.344804 -0.133359
v -0.029852 0.431831 -0.172492
v -0.030682 0.425071 -0.219281
v -0.030944 0.370255 -0.220109
v -0.031438 0.348296 -0.253144
v -0.031563 0.411533 -0.164353
v -0.031899 0.283569 -0.221780
v -0.032854 0.288551 -0.161286
v -0.032921 0.309802 -0.160649
v -0.033040 0.408370 -0.225894
v -0.033631 0.421802 -0.160157
v -0.033961 0.420249 -0.228284
v -0.034309 0.312949 -0.228944
v -0.035314 0.343599 -0.135594
v -0.036435 0.301048 -0.234181
v -0.036849 0.323760 -0.153432
v -0.037352 0.406368 -0.235284
v -0.037496 0.333793 -0.151746
v -0.037516 0.331075 -0.235211
v -0.037881 0.409145 -0.150853
v -0.038569 0.308311 -0.149766
v -0.039648 0.420516 -0.250661
v -0.041466 0.348042 -0.249532
v -0.042082 0.323043 -0.243745
v -0.043049 0.330306 -0.142106
v -0.043182 0.420703 -0.245450
v -0.044018 0.421417 -0.140649
v -0.044512 0.363191 -0.246823
v -0.044598 0.355007 -0.139123
vt 0.081922 0.376020
vt 0.078814 0.373206
vt 0.101876 0.342609
vt 0.072964 0.373888
vt 0.094531 0.378625
vt 0.066493 0.369053
vt 0.085888 0.346263
vt 0.062951 0.386836
vt 0.078328 0.391973
vt 0.083998 0.403335
vt 0.149167 0.385047
vt 0.055114 0.381450
vt 0.140269 0.404627
vt 0.158008 0.419096
vt 0.145783 0.422282
vt 0.164657 0.428610
vt 0.154732 0.440794
vt 0.170893 0.431247
vt 0.052887 0.433297
vt 0.067812 0.420186
vt 0.075032 0.407986
vt 0.063321 0.404640
vt 0.047303 0.417436
vt 0.027534 0.432940
vt 0.036238 0.406730
vt 0.020410 0.418687
vt 0.017095 0.440794
vt 0.007538 0.427682
vt 0.011932 0.421005
vt 0.036780 0.398181
vt 0.018975 0.398551
vt 0.006540 0.409592
vt 0.043193 0.385039
vt 0.031813 0.392781
vt 0.039783 0.382453
vt 0.042107 0.373287
vt 0.005617 0.402752
vt 0.019422 0.388871
vt 0.007407 0.357537
vt 0.014923 0.351891
vt 0.021806 0.341592
vt 0.011874 0.345675
vt 0.009342 0.351546
vt 0.002699 0.351053
vt 0.006184 0.347534
vt 0.005863 0.343628
vt 0.227803 0.600728
vt 0.250914 0.640169
vt 0.208817 0.610617
vt 0.214863 0.590218
vt 0.226390 0.578239
vt 0.211925 0.578352
vt 0.212546 0.565638
vt 0.223508 0.560948
vt 0.204409 0.587619
vt 0.222548 0.551342
vt 0.212490 0.555241
vt 0.220740 0.545861
vt 0.210795 0.550833
vt 0.204748 0.556766
vt 0.201019 0.566824
vt 0.205653 0.601519
vt 0.195933 0.608526
vt 0.198420 0.613216
vt 0.201019 0.599485
vt 0.150333 0.632880
vt 0.196499 0.583324
vt 0.195707 0.568859
vt 0.198815 0.561287
vt 0.188418 0.598298
vt 0.156605 0.597338
vt 0.155645 0.581573
vt 0.150898 0.627399
vt 0.128013 0.640169
vt 0.152085 0.611069
vt 0.185762 0.606379
vt 0.189774 0.603610
vt 0.151124 0.601237
vt 0.146943 0.602875
vt 0.148921 0.596773
vt 0.141688 0.596999
vt 0.143609 0.592252
vt 0.151689 0.589314
vt 0.148977 0.588071
vt 0.151124 0.583098
vt 0.057665 0.012103
vt 0.081249 0.006322
vt 0.071385 0.015781
vt 0.198018 0.021701
vt 0.048919 0.021701
vt 0.758168 0.097653
vt 0.752631 0.083187
vt 0.760654 0.087877
vt 0.773086 0.081775
vt 0.766870 0.008487
vt 0.752631 0.002214
vt 0.542917 0.463695
vt 0.552127 0.455219
vt 0.547720 0.467142
vt 0.539752 0.468272
vt 0.542182 0.475844
vt 0.556647 0.467820
vt 0.553766 0.474035
vt 0.563033 0.464034
vt 0.573430 0.463186
vt 0.574842 0.472679
vt 0.557778 0.474431
vt 0.569474 0.482511
vt 0.576368 0.490083
vt 0.550375 0.479177
vt 0.562863 0.488331
vt 0.573769 0.490648
vt 0.581058 0.499406
vt 0.574277 0.503418
vt 0.564615 0.491326
vt 0.572526 0.506639
vt 0.557834 0.489913
vt 0.542634 0.481099
vt 0.540713 0.481777
vt 0.537944 0.480929
vt 0.548115 0.499237
vt 0.541673 0.514720
vt 0.544329 0.514663
vt 0.536757 0.523252
vt 0.540882 0.521839
vt 0.556308 0.515002
vt 0.544273 0.517771
vt 0.540769 0.531106
vt 0.543312 0.528507
vt 0.546928 0.520935
vt 0.538283 0.532067
vt 0.537266 0.534949
vt 0.538905 0.538791
vt 0.544329 0.544442
vt 0.539470 0.544668
vt 0.537492 0.548397
vt 0.539526 0.550544
vt 0.549132 0.523422
vt 0.554613 0.524156
vt 0.550488 0.531276
vt 0.551562 0.540204
vt 0.555348 0.532067
vt 0.560716 0.527320
vt 0.567271 0.515285
vt 0.575521 0.532180
vt 0.578741 0.522178
vt 0.585918 0.564501
vt 0.572639 0.534779
vt 0.563598 0.530259
vt 0.561394 0.531897
vt 0.566932 0.534101
vt 0.559586 0.535570
vt 0.563598 0.537322
vt 0.563202 0.539978
vt 0.555574 0.540373
vt 0.559416 0.540091
vt 0.559416 0.545741
vt 0.557439 0.544555
vt 0.552862 0.549132
vt 0.548793 0.547154
vt 0.570943 0.556647
vt 0.579250 0.560772
vt 0.571339 0.567948
vt 0.585353 0.568061
vt 0.574842 0.573090
vt 0.562694 0.581849
vt 0.560490 0.576029
vt 0.547663 0.577498
vt 0.553822 0.551618
vt 0.550488 0.550318
vt 0.549867 0.555912
vt 0.549076 0.571452
vt 0.547381 0.553652
vt 0.547663 0.556760
vt 0.544442 0.554669
vt 0.544160 0.572638
vt 0.540882 0.579928
vt 0.536757 0.579871
vt 0.545459 0.552353
vt 0.701768 0.771224
vt 0.693122 0.775180
vt 0.696795 0.772298
vt 0.696456 0.764670
vt 0.703915 0.769077
vt 0.700525 0.757324
vt 0.695948 0.748226
vt 0.683064 0.746927
vt 0.687359 0.770264
vt 0.699055 0.785859
vt 0.681878 0.752690
vt 0.670124 0.710706
vt 0.656337 0.715396
vt 0.674362 0.757324
vt 0.667130 0.751504
vt 0.652551 0.715566
vt 0.677075 0.774050
vt 0.667073 0.775632
vt 0.687359 0.786876
vt 0.692218 0.799138
vt 0.676679 0.786311
vt 0.652551 0.795861
vt 0.683234 0.802924
vt 0.612875 0.440518
vt 0.618469 0.495046
vt 0.604286 0.439388
vt 0.609597 0.415316
vt 0.586373 0.412604
vt 0.593888 0.406614
vt 0.611970 0.406671
vt 0.583435 0.400286
vt 0.574846 0.408309
vt 0.605359 0.400455
vt 0.618469 0.388589
vt 0.592758 0.397065
vt 0.606433 0.383616
vt 0.615700 0.374632
vt 0.599822 0.374349
vt 0.573942 0.401359
vt 0.564957 0.402546
vt 0.566483 0.400060
vt 0.567161 0.391471
vt 0.572586 0.388758
vt 0.581344 0.387572
vt 0.569760 0.382769
vt 0.576711 0.380565
vt 0.582587 0.378192
vt 0.591402 0.386272
vt 0.594228 0.388815
vt 0.599483 0.388419
vt 0.596827 0.393787
vt 0.600895 0.395370
vt 0.476570 0.583092
vt 0.451650 0.577272
vt 0.453402 0.569305
vt 0.503184 0.566253
vt 0.480695 0.554274
vt 0.443853 0.574899
vt 0.442553 0.562128
vt 0.433738 0.576481
vt 0.431873 0.561789
vt 0.438767 0.560151
vt 0.430065 0.569192
vt 0.426449 0.583205
vt 0.424471 0.565236
vt 0.421533 0.569757
vt 0.419046 0.561055
vt 0.390737 0.554274
vt 0.416899 0.567327
vt 0.420346 0.563258
vt 0.418538 0.571734
vt 0.392489 0.557269
vt 0.389607 0.558907
vt 0.379492 0.557834
s 1
usemtl Material
f 4128/6757 4115/6758 4090/6759
f 4090/6759 4115/6758 4088/6760
f 4088/6760 4115/6758 4128/6757
f 4128/6757 4090/6759 4143/6761
f 4090/6759 4088/6760 4074/6762
f 4090/6759 4074/6762 4072/6763
f 4088/6760 4128/6757 4089/6764
f 4128/6757 4143/6761 4139/6765
f 4128/6757 4139/6765 4089/6764
f 4139/6765 4143/6761 4132/6766
f 4132/6766 4143/6761 4141/6767
f 4074/6762 4088/6760 3964/6768
f 3964/6768 4088/6760 4089/6764
f 4132/6766 4141/6767 4134/6769
f 4134/6769 4141/6767 4125/6770
f 4134/6769 4125/6770 4120/6771
f 4134/6769 4120/6771 4132/6766
f 4120/6771 4125/6770 4116/6772
f 4120/6771 4116/6772 4094/6773
f 4094/6773 4116/6772 4114/6774
f 4120/6771 4094/6773 4110/6775
f 4132/6766 4120/6771 4123/6776
f 4123/6776 4120/6771 4110/6775
f 4132/6766 4123/6776 4130/6777
f 4130/6777 4123/6776 4110/6775
f 4132/6766 4130/6777 4135/6778
f 4132/6766 4135/6778 4139/6765
f 4139/6765 4135/6778 4089/6764
f 4135/6778 4130/6777 4122/6779
f 4122/6779 4130/6777 4110/6775
f 4135/6778 4122/6779 4089/6764
f 4122/6779 4110/6775 4102/6780
f 4089/6764 4122/6779 3972/6781
f 4122/6779 4102/6780 4046/6782
f 4122/6779 4046/6782 3972/6781
f 4046/6782 4102/6780 4092/6783
f 4046/6782 4092/6783 4060/6784
f 4046/6782 4060/6784 4059/6785
f 3972/6781 4046/6782 4023/6786
f 3972/6781 4023/6786 4089/6764
f 4023/6786 4046/6782 4059/6785
f 4089/6764 4023/6786 3964/6768
f 4023/6786 4059/6785 4050/6787
f 4050/6787 4059/6785 4061/6788
f 3964/6768 4023/6786 3998/6789
f 3964/6768 3998/6789 4074/6762
f 3998/6789 4023/6786 4035/6790
f 4035/6790 4023/6786 4050/6787
f 4074/6762 3998/6789 4002/6791
f 4002/6791 3998/6789 4035/6790
f 4002/6791 4035/6790 4050/6787
f 4074/6762 4002/6791 4075/6792
f 4075/6792 4002/6791 4050/6787
f 4017/6793 4050/6787 4061/6788
f 4050/6787 4017/6793 3982/6794
f 4050/6787 3982/6794 4075/6792
f 3982/6794 4017/6793 3995/6795
f 4075/6792 3982/6794 3977/6796
f 3977/6796 3982/6794 3995/6795
f 4075/6792 3977/6796 4068/6797
f 4068/6797 3977/6796 4001/6798
f 3977/6796 3995/6795 3996/6799
f 3996/6799 3995/6795 4033/6800
f 4001/6798 3977/6796 4011/6801
f 3996/6799 4033/6800 4011/6801
f 3996/6799 4011/6801 3977/6796
f 4001/6798 4011/6801 4027/6802
f 4141/6803 4143/6804 4090/6805
f 4141/6803 4090/6805 3967/6806
f 4141/6803 3967/6806 4125/6807
f 4125/6807 3967/6806 4018/6808
f 4125/6807 4018/6808 4042/6809
f 4125/6807 4042/6809 4116/6810
f 4018/6808 3967/6806 4012/6811
f 4012/6811 3967/6806 4090/6805
f 4018/6808 4012/6811 4042/6809
f 4116/6810 4042/6809 4114/6812
f 4114/6812 4042/6809 4049/6813
f 4114/6812 4049/6813 4081/6814
f 4081/6814 4049/6813 4047/6815
f 4047/6815 4049/6813 4053/6816
f 4053/6816 4049/6813 4051/6817
f 4051/6817 4049/6813 4042/6809
f 4051/6817 4042/6809 4012/6811
f 4065/6818 4012/6811 4090/6805
f 4065/6818 4090/6805 4097/6819
f 4097/6819 4090/6805 4072/6820
f 4012/6811 4065/6818 4096/6821
f 4096/6821 4065/6818 4097/6819
f 4097/6819 4072/6820 4074/6822
f 4012/6811 4096/6821 3965/6823
f 4012/6811 3965/6823 4051/6817
f 4051/6817 3965/6823 3985/6824
f 4051/6817 3985/6824 4057/6825
f 3965/6823 4096/6821 4073/6826
f 4073/6826 4096/6821 4097/6819
f 3985/6824 3965/6823 3971/6827
f 3971/6827 3965/6823 4073/6826
f 3985/6824 3971/6827 3997/6828
f 4100/6829 4097/6819 4074/6822
f 4100/6829 4074/6822 4075/6830
f 4100/6829 4075/6830 4068/6831
f 4100/6829 4068/6831 4073/6826
f 4073/6826 4068/6831 3971/6827
f 4097/6819 4100/6829 4084/6832
f 4084/6832 4100/6829 4073/6826
f 4109/6833 4073/6826 4097/6819
f 4073/6826 4109/6833 4084/6832
f 4084/6832 4109/6833 4097/6819
f 3971/6827 4068/6831 3979/6834
f 3979/6834 4068/6831 4001/6835
f 3979/6834 4001/6835 4009/6836
f 3979/6834 4009/6836 3971/6827
f 4009/6836 4001/6835 4027/6837
f 4009/6836 4027/6837 4031/6838
f 3971/6827 4009/6836 3992/6839
f 3992/6839 4009/6836 4031/6838
f 3971/6827 3992/6839 3997/6828
f 3992/6839 4031/6838 4024/6840
f 3997/6828 3992/6839 4025/6841
f 4025/6841 3992/6839 4024/6840
f 4102/6842 4110/6843 4091/6844
f 4091/6844 4110/6843 4094/6845
f 4102/6842 4091/6844 4092/6846
f 4092/6847 4091/6848 4087/6849
f 4092/6847 4087/6849 4107/6850
f 4107/6850 4087/6849 4085/6851
f 4085/6851 4087/6849 4091/6848
f 4085/6851 4091/6848 4094/6852
f 4060/6853 4092/6854 4062/6855
f 4060/6853 4062/6855 4059/6856
f 4059/6856 4062/6855 4061/6857
f 4062/6855 4092/6854 3990/6858
f 4062/6855 3990/6858 4055/6859
f 4062/6855 4055/6859 4061/6857
f 3990/6858 4092/6854 4108/6860
f 4108/6860 4092/6854 4107/6861
f 4108/6860 4107/6861 4121/6862
f 3990/6858 4108/6860 4052/6863
f 3990/6858 4052/6863 4055/6859
f 4108/6860 4121/6862 4019/6864
f 4108/6860 4019/6864 4052/6863
f 4019/6864 4121/6862 3961/6865
f 4055/6859 4052/6863 4058/6866
f 4055/6859 4058/6866 4061/6857
f 4052/6863 4019/6864 4044/6867
f 4052/6863 4044/6867 4058/6866
f 4019/6864 3961/6865 3976/6868
f 3976/6868 3961/6865 4076/6869
f 3976/6868 4076/6869 3980/6870
f 4019/6864 3976/6868 4032/6871
f 4032/6871 3976/6868 3980/6870
f 4019/6864 4032/6871 4044/6867
f 4032/6871 3980/6870 4079/6872
f 4044/6867 4032/6871 3973/6873
f 4044/6867 3973/6873 4058/6866
f 3973/6873 4032/6871 4079/6872
f 4008/6874 4061/6857 4058/6866
f 4008/6874 4058/6866 3973/6873
f 4061/6857 4008/6874 3987/6875
f 4061/6857 3987/6875 4017/6876
f 4008/6874 3973/6873 4004/6877
f 4017/6876 3987/6875 4000/6878
f 3987/6875 4008/6874 4015/6879
f 4015/6879 4008/6874 4004/6877
f 3987/6875 4015/6879 4000/6878
f 4017/6876 4000/6878 3995/6880
f 3995/6880 4000/6878 4022/6881
f 4004/6877 3973/6873 3984/6882
f 4004/6877 3984/6882 4015/6879
f 4000/6878 4015/6879 4039/6883
f 3995/6880 4022/6881 4033/6884
f 4022/6881 4000/6878 4043/6885
f 4043/6885 4000/6878 4039/6883
f 4022/6881 4043/6885 4033/6884
f 4039/6883 4015/6879 4005/6886
f 4005/6886 4015/6879 3984/6882
f 4039/6883 4005/6886 4043/6885
f 4011/6887 4033/6884 4027/6888
f 4027/6888 4033/6884 4031/6889
f 4031/6889 4033/6884 4034/6890
f 4034/6890 4033/6884 4043/6885
f 4031/6889 4034/6890 4024/6891
f 4024/6891 4034/6890 4025/6892
f 4025/6892 4034/6890 3997/6893
f 4028/6894 4043/6885 4005/6886
f 4028/6894 4005/6886 3993/6895
f 3993/6895 4005/6886 3984/6882
f 4043/6885 4028/6894 4026/6896
f 4026/6896 4028/6894 3993/6895
f 4043/6885 4026/6896 4030/6897
f 4043/6885 4030/6897 4034/6890
f 4026/6896 3993/6895 4021/6898
f 4026/6896 4021/6898 4030/6897
f 3993/6895 3984/6882 3978/6899
f 3993/6895 3978/6899 4021/6898
f 3978/6899 3984/6882 3962/6900
f 3962/6900 3984/6882 3973/6873
f 3962/6900 3973/6873 4079/6872
f 3962/6900 4079/6872 4078/6901
f 4078/6901 4079/6872 4101/6902
f 4078/6901 4101/6902 4104/6903
f 3962/6900 4078/6901 4069/6904
f 4069/6904 4078/6901 4104/6903
f 3978/6899 3962/6900 3974/6905
f 3974/6905 3962/6900 4069/6904
f 3978/6899 3974/6905 4016/6906
f 3978/6899 4016/6906 4021/6898
f 4016/6906 3974/6905 3970/6907
f 3970/6907 3974/6905 4069/6904
f 4021/6898 4016/6906 4020/6908
f 4020/6908 4016/6906 3970/6907
f 4021/6898 4020/6908 4030/6897
f 4020/6908 3970/6907 3975/6909
f 3975/6909 3970/6907 4069/6904
f 4020/6908 3975/6909 3983/6910
f 3983/6910 3975/6909 4069/6904
f 4030/6897 4020/6908 4006/6911
f 4020/6908 3983/6910 3991/6912
f 4020/6908 3991/6912 4006/6911
f 3991/6912 3983/6910 3988/6913
f 3988/6913 3983/6910 4069/6904
f 4006/6911 3991/6912 4014/6914
f 4006/6911 4014/6914 4030/6897
f 4014/6914 3991/6912 3988/6913
f 4030/6897 4014/6914 4029/6915
f 4029/6915 4014/6914 3988/6913
f 4030/6897 4029/6915 4036/6916
f 3988/6913 4069/6904 3963/6917
f 3963/6917 4069/6904 4077/6918
f 4077/6918 4069/6904 4104/6903
f 3963/6917 4077/6918 3968/6919
f 3968/6919 4077/6918 4104/6903
f 3963/6917 3968/6919 3988/6913
f 3968/6919 4104/6903 4066/6920
f 3968/6919 4066/6920 4037/6921
f 3968/6919 4037/6921 4056/6922
f 3968/6919 4056/6922 3989/6923
f 3968/6919 3989/6923 3988/6913
f 3989/6923 4056/6922 4064/6924
f 3999/6925 4029/6915 3988/6913
f 3999/6925 3988/6913 3989/6923
f 4029/6915 3999/6925 4036/6916
f 4036/6916 3999/6925 3994/6926
f 3999/6925 3989/6923 4013/6927
f 3999/6925 4013/6927 3994/6926
f 3989/6923 4064/6924 4003/6928
f 3989/6923 4003/6928 4013/6927
f 4036/6916 3994/6926 4040/6929
f 4040/6929 3994/6926 4013/6927
f 4013/6927 4003/6928 3986/6930
f 4013/6927 3986/6930 4040/6929
f 3986/6930 4003/6928 4010/6931
f 3986/6930 4010/6931 4040/6929
f 4007/6932 4003/6928 4064/6924
f 4003/6928 4007/6932 4010/6931
f 4007/6932 4064/6924 4057/6933
f 4007/6932 4057/6933 3985/6934
f 4007/6932 3985/6934 3997/6893
f 4007/6932 3997/6893 4010/6931
f 4010/6931 3997/6893 4034/6890
f 4036/6916 4040/6929 4034/6890
f 4036/6916 4034/6890 4030/6897
f 4038/6935 4040/6929 4010/6931
f 4038/6935 4010/6931 4034/6890
f 4038/6935 4034/6890 4040/6929
f 3980/6936 4076/6937 3969/6938
f 3980/6936 3969/6938 3966/6939
f 3966/6939 3969/6938 4076/6937
f 3980/6936 3966/6939 4079/6940
f 4079/6940 3966/6939 4101/6941
f 4101/6941 3966/6939 4067/6942
f 4067/6942 3966/6939 4111/6943
f 3966/6939 4076/6937 4099/6944
f 3966/6939 4099/6944 4111/6943
f 4099/6944 4076/6937 3961/6945
f 4111/6943 4099/6944 4119/6946
f 4111/6943 4119/6946 4112/6947
f 4112/6947 4119/6946 4136/6948
f 4119/6946 4099/6944 4137/6949
f 4119/6946 4137/6949 4136/6948
f 4136/6948 4137/6949 4142/6950
f 4136/6948 4142/6950 4140/6951
f 4142/6950 4137/6949 4138/6952
f 4138/6952 4137/6949 4099/6944
f 4142/6950 4138/6952 4133/6953
f 4129/6954 4099/6944 3961/6945
f 4099/6944 4129/6954 4138/6952
f 4129/6954 3961/6945 4121/6955
f 4133/6953 4138/6952 4127/6956
f 4127/6956 4138/6952 4129/6954
f 4127/6956 4129/6954 4121/6955
f 4133/6953 4127/6956 4118/6957
f 4127/6956 4121/6955 4107/6958
f 4127/6956 4107/6958 4118/6957
f 4118/6959 4107/6960 4105/6961
f 4118/6959 4105/6961 4124/6962
f 4105/6961 4107/6960 4085/6963
f 4124/6962 4105/6961 4093/6964
f 4093/6964 4105/6961 4085/6963
f 4124/6962 4093/6964 4126/6965
f 4093/6964 4085/6963 4086/6966
f 4086/6966 4085/6963 4094/6967
f 4126/6965 4093/6964 4117/6968
f 4126/6965 4117/6968 3981/6969
f 4117/6968 4093/6964 4098/6970
f 4098/6970 4093/6964 4086/6966
f 3981/6969 4117/6968 4041/6971
f 3981/6969 4041/6971 4037/6972
f 4037/6972 4041/6971 4056/6973
f 4086/6966 4094/6967 4103/6974
f 4103/6974 4094/6967 4114/6975
f 4103/6974 4114/6975 4081/6976
f 4103/6974 4081/6976 4047/6977
f 4103/6974 4047/6977 4053/6978
f 4103/6974 4053/6978 4063/6979
f 4103/6974 4063/6979 4086/6966
f 4063/6979 4053/6978 4051/6980
f 4063/6979 4051/6980 4057/6981
f 4063/6979 4057/6981 4064/6982
f 4063/6979 4064/6982 4056/6973
f 4086/6966 4063/6979 4054/6983
f 4054/6983 4063/6979 4056/6973
f 4054/6983 4056/6973 4041/6971
f 4086/6966 4054/6983 4098/6970
f 4098/6970 4054/6983 4048/6984
f 4054/6983 4041/6971 4045/6985
f 4054/6983 4045/6985 4048/6984
f 4098/6970 4048/6984 4095/6986
f 4095/6986 4048/6984 4045/6985
f 4098/6970 4095/6986 4113/6987
f 4113/6987 4095/6986 4045/6985
f 4113/6987 4045/6985 4041/6971
f 4098/6970 4113/6987 4117/6968
f 4117/6968 4113/6987 4041/6971
f 4118/6988 4124/6989 4131/6990
f 4118/6988 4131/6990 4133/6991
f 4133/6991 4131/6990 4142/6992
f 4131/6990 4124/6989 4126/6993
f 4142/6992 4131/6990 4140/6994
f 4140/6994 4131/6990 4126/6993
f 4140/6994 4126/6993 3981/6995
f 4140/6994 3981/6995 4112/6996
f 4140/6994 4112/6996 4136/6997
f 4112/6996 3981/6995 4070/6998
f 4070/6998 3981/6995 4037/6999
f 4070/6998 4037/6999 4080/7000
f 4070/6998 4080/7000 4112/6996
f 4080/7000 4037/6999 4066/7001
f 4112/6996 4080/7000 4106/7002
f 4112/6996 4106/7002 4111/7003
f 4080/7000 4066/7001 4071/7004
f 4106/7002 4080/7000 4083/7005
f 4083/7005 4080/7000 4071/7004
f 4083/7005 4071/7004 4106/7002
f 4071/7004 4066/7001 4104/7006
f 4111/7003 4106/7002 4082/7007
f 4082/7007 4106/7002 4071/7004
f 4111/7003 4082/7007 4067/7008
f 4067/7008 4082/7007 4071/7004
f 4067/7008 4071/7004 4104/7006
f 4067/7008 4104/7006 4101/7009
o tripo_part_9
v -0.024776 0.346032 -0.405441
v -0.024771 0.293163 -0.352602
v -0.024682 0.295200 -0.339728
v -0.024679 0.288589 -0.359827
v -0.024670 0.396526 -0.357401
v -0.024665 0.327790 -0.409167
v -0.024658 0.380283 -0.369175
v -0.024638 0.339063 -0.400247
v -0.024638 0.426032 -0.343012
v -0.024622 0.396068 -0.447729
v -0.024609 0.292091 -0.325926
v -0.024593 0.354678 -0.399453
v -0.024565 0.266776 -0.376322
v -0.024563 0.352858 -0.399768
v -0.024563 0.352858 -0.399768
v -0.024563 0.352858 -0.399768
v -0.024559 0.342703 -0.400836
v -0.024542 0.347979 -0.394696
v -0.024495 0.282851 -0.451147
v -0.024331 0.438094 -0.339426
v -0.024331 0.299854 -0.329588
v -0.024313 0.396709 -0.430010
v -0.024296 0.277240 -0.444308
v -0.024167 0.267776 -0.364428
v -0.024157 0.292545 -0.335772
v -0.023919 0.434371 -0.332938
v -0.023852 0.283328 -0.441061
v -0.023395 0.446357 -0.329855
v -0.023240 0.422202 -0.346854
v -0.023221 0.274406 -0.365402
v -0.023051 0.250655 -0.321959
v -0.020747 0.262313 -0.321989
v -0.020711 0.273696 -0.353266
v -0.020528 0.291843 -0.343886
v -0.020446 0.251281 -0.334353
v -0.020368 0.331875 -0.402046
v -0.020265 0.278846 -0.360682
v -0.020246 0.431678 -0.459044
v -0.020225 0.317226 -0.362055
v -0.020200 0.410400 -0.432452
v -0.020197 0.364602 -0.429091
v -0.020195 0.439636 -0.460814
v -0.020193 0.352852 -0.390338
v -0.020193 0.352852 -0.390338
v -0.020193 0.352852 -0.390338
v -0.020193 0.435783 -0.481451
v -0.020189 0.390682 -0.418450
v -0.020165 0.424293 -0.469610
v -0.020157 0.394416 -0.453829
v -0.020013 0.451972 -0.480902
v -0.019864 0.386619 -0.447363
v -0.018658 0.299865 -0.336512
v -0.018204 0.283626 -0.342009
v -0.017837 0.291675 -0.336127
v -0.017657 0.288818 -0.329756
v -0.017576 0.264190 -0.363413
v -0.017573 0.273330 -0.366987
v -0.017499 0.397182 -0.428961
v -0.017358 0.263953 -0.375120
v -0.016988 0.294337 -0.340002
v -0.016983 0.298187 -0.326643
v -0.016565 0.400779 -0.450915
v -0.016337 0.338993 -0.390113
v -0.016307 0.390556 -0.441366
v -0.016286 0.254188 -0.333578
v -0.016277 0.294643 -0.362833
v -0.016240 0.412971 -0.444582
v -0.016236 0.412299 -0.456023
v -0.016231 0.352764 -0.399682
v -0.016206 0.422523 -0.459654
v -0.016201 0.307201 -0.364355
v -0.016167 0.325366 -0.378220
v -0.016143 0.314027 -0.377964
v -0.016108 0.367660 -0.410106
v -0.016104 0.392635 -0.430048
v -0.016096 0.379024 -0.418944
v -0.016085 0.336108 -0.395870
v -0.016079 0.353654 -0.410095
v -0.016060 0.367816 -0.420925
v -0.015989 0.443725 -0.476507
v -0.015913 0.286910 -0.348925
v -0.015764 0.337179 -0.387409
v -0.015738 0.430595 -0.468237
v -0.015686 0.377239 -0.429903
v -0.015647 0.255660 -0.324339
v -0.015613 0.276939 -0.351492
v -0.015181 0.282699 -0.354044
v -0.014424 0.260726 -0.329848
v -0.012799 0.283885 -0.344260
v -0.011763 0.283759 -0.351862
v -0.024841 0.350900 -0.402140
v -0.024856 0.272392 -0.358103
v -0.024858 0.351253 -0.400547
v -0.024873 0.261161 -0.364987
v -0.024928 0.259498 -0.469862
v -0.025006 0.428924 -0.465742
v -0.025066 0.263625 -0.325369
v -0.025148 0.444618 -0.476668
v -0.025275 0.409637 -0.362715
v -0.025381 0.290721 -0.452994
v -0.025438 0.356130 -0.398614
v -0.025438 0.356130 -0.398614
v -0.025438 0.356130 -0.398614
v -0.025438 0.356130 -0.398614
v -0.025438 0.356130 -0.398614
v -0.025458 0.364913 -0.381984
v -0.025491 0.446532 -0.338961
v -0.025507 0.290065 -0.437449
v -0.025725 0.311666 -0.429808
v -0.025774 0.380786 -0.380337
v -0.025849 0.295509 -0.441717
v -0.025863 0.398494 -0.367749
v -0.025879 0.416068 -0.353056
v -0.025895 0.368695 -0.388206
v -0.025940 0.319965 -0.424282
v -0.025995 0.349191 -0.400972
v -0.026025 0.321923 -0.412358
v -0.026028 0.420387 -0.346133
v -0.026056 0.328221 -0.410519
v -0.026065 0.338141 -0.411612
v -0.026073 0.396388 -0.358126
v -0.026136 0.306768 -0.426462
v -0.026240 0.372497 -0.387010
v -0.026292 0.250503 -0.461417
v -0.026315 0.398887 -0.350683
v -0.026399 0.304656 -0.436228
v -0.026403 0.345426 -0.397506
v -0.026420 0.307498 -0.422222
v -0.026583 0.271758 -0.425389
v -0.026690 0.282172 -0.344347
v -0.026839 0.279243 -0.349554
v -0.026901 0.388290 -0.361056
v -0.026936 0.344157 -0.395061
v -0.027041 0.290324 -0.469237
v -0.027097 0.368568 -0.376351
v -0.027130 0.268005 -0.431681
v -0.027243 0.255950 -0.333758
v -0.027331 0.281104 -0.358256
v -0.027622 0.300361 -0.462164
v -0.027847 0.291434 -0.459692
v -0.028189 0.261153 -0.421246
v -0.029444 0.435279 -0.325239
v -0.029545 0.418082 -0.340517
v -0.029678 0.279800 -0.435267
v -0.030209 0.287708 -0.348170
v -0.030213 0.324593 -0.401954
v -0.030258 0.426986 -0.352694
v -0.030265 0.300285 -0.420647
v -0.030311 0.394103 -0.345648
v -0.030350 0.346965 -0.413739
v -0.030363 0.384094 -0.358053
v -0.030413 0.415588 -0.370474
v -0.030434 0.403571 -0.373368
v -0.030509 0.291702 -0.453573
v -0.030577 0.252578 -0.475188
v -0.030685 0.282508 -0.344610
v -0.031289 0.432807 -0.346091
v -0.033535 0.424102 -0.340636
v -0.033562 0.284400 -0.454855
v -0.033564 0.290069 -0.459318
v -0.033664 0.275428 -0.442114
v -0.033722 0.270194 -0.421982
v -0.034000 0.264632 -0.431261
v -0.034180 0.293761 -0.455492
v -0.034408 0.289947 -0.467848
v -0.034426 0.250625 -0.461798
v -0.034671 0.298785 -0.469191
v -0.034811 0.346112 -0.406393
v -0.034812 0.322619 -0.411463
v -0.034854 0.398036 -0.351637
v -0.034860 0.293220 -0.444773
v -0.034863 0.385215 -0.365059
v -0.034908 0.411262 -0.362025
v -0.034953 0.311414 -0.420735
v -0.035728 0.439803 -0.340304
v -0.035750 0.287845 -0.437907
v -0.036116 0.260184 -0.471098
v -0.036623 0.434005 -0.332075
v -0.036824 0.422874 -0.347449
v -0.036856 0.288776 -0.449873
v -0.037054 0.447685 -0.329558
v -0.038263 0.274352 -0.440005
v -0.038555 0.281921 -0.439387
v -0.042140 0.284957 -0.451121
vt 0.099125 0.232442
vt 0.091553 0.237189
vt 0.093644 0.222949
vt 0.085225 0.239392
vt 0.111274 0.233685
vt 0.104041 0.264538
vt 0.097147 0.269623
vt 0.095735 0.272674
vt 0.103872 0.238714
vt 0.119467 0.267758
vt 0.126135 0.264085
vt 0.109127 0.272505
vt 0.100255 0.286970
vt 0.118394 0.273296
vt 0.124779 0.279568
vt 0.114043 0.280868
vt 0.102516 0.288892
vt 0.111839 0.290982
vt 0.093531 0.296350
vt 0.090875 0.289118
vt 0.085225 0.300532
vt 0.098052 0.303809
vt 0.100142 0.295277
vt 0.105115 0.296746
vt 0.876164 0.684476
vt 0.858138 0.695777
vt 0.869157 0.684024
vt 0.863733 0.653002
vt 0.860003 0.681425
vt 0.846894 0.684532
vt 0.848080 0.654697
vt 0.853900 0.651533
vt 0.846103 0.650911
vt 0.866106 0.646560
vt 0.867518 0.654584
vt 0.857573 0.640006
vt 0.843221 0.644865
vt 0.867631 0.638650
vt 0.872039 0.640684
vt 0.876164 0.629326
vt 0.862320 0.633621
vt 0.868423 0.632377
vt 0.861868 0.625032
vt 0.500586 0.956300
vt 0.506914 0.939462
vt 0.512678 0.957939
vt 0.505276 0.966415
vt 0.500021 0.964776
vt 0.487081 0.977886
vt 0.491771 0.963646
vt 0.487081 0.953588
vt 0.500755 0.934263
vt 0.494766 0.936806
vt 0.716069 0.424474
vt 0.723246 0.423739
vt 0.719403 0.441708
vt 0.710306 0.425830
vt 0.740367 0.491659
vt 0.738728 0.427243
vt 0.715561 0.453461
vt 0.707707 0.460355
vt 0.700643 0.427186
vt 0.726014 0.468435
vt 0.719121 0.476177
vt 0.700643 0.503469
vt 0.712114 0.502283
vt 0.723867 0.502622
vt 0.721946 0.487365
vt 0.724432 0.488043
vt 0.731269 0.491151
vt 0.730309 0.512793
vt 0.734038 0.528106
vt 0.751838 0.528953
vt 0.756810 0.500135
vt 0.751838 0.494880
vt 0.748447 0.492903
vt 0.862096 0.005263
vt 0.867859 0.005884
vt 0.867520 0.013174
vt 0.872267 0.069849
vt 0.862096 0.067080
vt 0.886393 0.070527
vt 0.878596 0.011252
vt 0.877296 0.002494
vt 0.895152 0.028317
vt 0.884303 0.003850
vt 0.885658 0.972576
vt 0.884923 0.977605
vt 0.877295 0.977775
vt 0.885658 0.990658
vt 0.878199 0.995517
vt 0.871644 0.978340
vt 0.869441 0.969920
vt 0.865994 0.980995
vt 0.860626 0.969864
vt 0.861021 0.975910
vt 0.309405 0.425084
vt 0.317372 0.417682
vt 0.317372 0.427232
vt 0.377106 0.303754
vt 0.379761 0.306409
vt 0.377106 0.313303
vt 0.322797 0.124074
vt 0.319099 0.134273
vt 0.319099 0.123333
vt 0.869892 0.429944
vt 0.862151 0.428814
vt 0.860173 0.407172
vt 0.857913 0.390220
vt 0.851415 0.418926
vt 0.847742 0.399431
vt 0.866389 0.385361
vt 0.862716 0.373947
vt 0.882945 0.421807
vt 0.870344 0.372421
vt 0.882945 0.359764
vt 0.002105 0.325489
vt 0.004069 0.336124
vt 0.002105 0.336360
vt 0.740705 0.710473
vt 0.739913 0.728499
vt 0.736128 0.713355
vt 0.743247 0.694878
vt 0.728782 0.737822
vt 0.730929 0.688719
vt 0.729573 0.664647
vt 0.721380 0.709739
vt 0.724600 0.726012
vt 0.710304 0.736071
vt 0.713864 0.708270
vt 0.718611 0.694991
vt 0.711265 0.698155
vt 0.720023 0.682785
vt 0.713356 0.665664
vt 0.722679 0.672501
vt 0.719684 0.661200
vt 0.710304 0.649842
vt 0.730364 0.656793
vt 0.719232 0.646396
vt 0.720588 0.635998
vt 0.639548 0.702340
vt 0.646951 0.703696
vt 0.646216 0.719405
vt 0.615759 0.742572
vt 0.625422 0.745963
vt 0.622992 0.752856
vt 0.619206 0.703696
vt 0.609092 0.760767
vt 0.608809 0.770373
vt 0.599429 0.756925
vt 0.607792 0.740255
vt 0.611691 0.705900
vt 0.610052 0.697367
vt 0.599429 0.670923
vt 0.679964 0.551995
vt 0.671365 0.519039
vt 0.702559 0.575067
vt 0.683861 0.516569
vt 0.678053 0.517359
vt 0.660682 0.520085
vt 0.685290 0.514640
vt 0.665676 0.513941
vt 0.693188 0.498853
vt 0.702559 0.466353
vt 0.971388 0.918155
vt 0.967829 0.912956
vt 0.977548 0.914426
vt 0.967829 0.929004
vt 0.976248 0.942622
vt 0.982746 0.918437
vt 0.983876 0.926518
vt 0.986023 0.922336
vt 0.973818 0.906910
vt 0.970597 0.907249
vt 0.976304 0.910866
vt 0.979073 0.910188
vt 0.975965 0.912278
vt 0.980429 0.907362
vt 0.977830 0.911092
vt 0.684762 0.346368
vt 0.682841 0.356878
vt 0.681202 0.342864
vt 0.690978 0.366540
vt 0.690299 0.368066
vt 0.694876 0.372134
vt 0.696911 0.390612
vt 0.698888 0.386656
vt 0.704652 0.383379
vt 0.706573 0.368574
vt 0.726972 0.353883
vt 0.713297 0.301728
vt 0.726972 0.283081
vt 0.697702 0.362076
vt 0.700810 0.299411
vt 0.687248 0.319358
vt 0.684536 0.322918
vt 0.676569 0.310147
vt 0.678038 0.344842
vt 0.677190 0.324895
vt 0.674026 0.343486
vt 0.671313 0.315459
vt 0.673461 0.337440
vt 0.675043 0.322805
vt 0.284109 0.015516
vt 0.289597 0.003606
vt 0.303257 0.010169
vt 0.313145 0.002933
vt 0.284163 0.028732
vt 0.312943 0.007155
vt 0.330581 0.006947
vt 0.319849 0.008275
vt 0.341058 0.013733
vt 0.338186 0.027800
vt 0.344823 0.022024
vt 0.282989 0.039277
vt 0.226043 0.050183
vt 0.318433 0.050183
vt 0.342689 0.036921
vt 0.351059 0.020950
vt 0.378118 0.024199
vt 0.354187 0.041098
vt 0.382137 0.036987
vt 0.387899 0.045469
vt 0.387319 0.024725
vt 0.243456 0.986194
vt 0.236901 0.992805
vt 0.237184 0.969072
vt 0.242834 0.970485
vt 0.259052 0.992805
vt 0.250350 0.966982
vt 0.256791 0.979356
vt 0.760995 0.583717
vt 0.752576 0.582530
vt 0.760769 0.572811
vt 0.771957 0.580835
vt 0.764611 0.562301
vt 0.768849 0.555916
vt 0.761560 0.551621
vt 0.769132 0.552751
vt 0.770827 0.546988
vt 0.762464 0.542863
vt 0.775573 0.554729
vt 0.777099 0.575071
vt 0.785688 0.575184
vt 0.781676 0.546592
vt 0.783880 0.589593
vt 0.773539 0.581287
vt 0.778964 0.598239
vt 0.778512 0.589932
vt 0.786649 0.610331
vt 0.774556 0.537382
vt 0.786649 0.529132
vt 0.778625 0.529414
vt 0.770318 0.518170
vt 0.771392 0.528058
vt 0.766420 0.528793
vt 0.756814 0.526872
vt 0.767380 0.536195
vt 0.427866 0.014063
vt 0.438931 0.022517
vt 0.426420 0.022208
vt 0.414670 0.008780
vt 0.405862 0.015400
vt 0.424650 0.030962
vt 0.507253 0.002702
vt 0.404206 0.022004
vt 0.396647 0.012343
vt 0.386116 0.009066
vt 0.382781 0.013735
vt 0.371928 0.002702
vt 0.397101 0.021236
vt 0.396389 0.029453
vt 0.414091 0.045249
vt 0.417987 0.064053
vt 0.409382 0.052831
vt 0.412744 0.066458
vt 0.395530 0.630904
vt 0.393326 0.621919
vt 0.395925 0.621241
vt 0.401124 0.632203
vt 0.399428 0.646330
vt 0.403610 0.649212
vt 0.385076 0.633446
vt 0.387619 0.651133
vt 0.381516 0.653732
vt 0.400389 0.653393
vt 0.406887 0.653732
vt 0.908715 0.968392
vt 0.877637 0.968392
vt 0.898261 0.960481
vt 0.872777 0.957429
vt 0.904816 0.955395
vt 0.882553 0.948219
vt 0.903234 0.950649
vt 0.874077 0.948332
vt 0.885434 0.941438
vt 0.875941 0.934432
vt 0.878710 0.929911
vt 0.877071 0.925334
vt 0.816943 0.923357
vt 0.827679 0.934884
vt 0.817621 0.932171
vt 0.823328 0.940478
vt 0.837285 0.941382
vt 0.829883 0.953644
vt 0.817847 0.951440
vt 0.818016 0.962346
vt 0.828978 0.965962
vt 0.837059 0.960820
vt 0.849038 0.969748
vt 0.839262 0.953135
vt 0.849038 0.938670
vt 0.410562 0.884307
vt 0.406719 0.891370
vt 0.405363 0.880012
vt 0.412144 0.873797
vt 0.417455 0.877752
vt 0.401521 0.870350
vt 0.399317 0.880351
vt 0.392423 0.888432
vt 0.391802 0.878826
vt 0.379031 0.875605
vt 0.390672 0.919227
vt 0.379031 0.914989
vt 0.384399 0.927364
vt 0.413387 0.898094
vt 0.401069 0.931772
vt 0.421806 0.903575
vt 0.661870 0.755454
vt 0.641302 0.755454
vt 0.652094 0.748617
vt 0.656106 0.735733
vt 0.645935 0.746922
vt 0.644579 0.735394
vt 0.651134 0.723472
vt 0.755229 0.606545
vt 0.751895 0.592475
vt 0.762235 0.610331
vt 0.762235 0.587729
s 1
usemtl Material
f 4228/7010 4175/7011 4174/7012
f 4174/7012 4175/7011 4240/7013
f 4228/7010 4174/7012 4208/7014
f 4240/7013 4175/7011 4196/7015
f 4240/7013 4196/7015 4273/7016
f 4273/7016 4196/7015 4299/7017
f 4175/7011 4228/7010 4231/7018
f 4231/7018 4228/7010 4208/7014
f 4175/7011 4231/7018 4196/7015
f 4231/7018 4208/7014 4229/7019
f 4231/7018 4229/7019 4196/7015
f 4229/7019 4208/7014 4176/7020
f 4196/7015 4229/7019 4232/7021
f 4197/7022 4299/7017 4196/7015
f 4197/7022 4196/7015 4232/7021
f 4232/7021 4229/7019 4233/7023
f 4232/7021 4233/7023 4197/7022
f 4230/7024 4224/7025 4233/7023
f 4233/7023 4224/7025 4203/7026
f 4233/7023 4203/7026 4197/7022
f 4203/7026 4224/7025 4177/7027
f 4197/7022 4203/7026 4204/7028
f 4197/7022 4204/7028 4198/7029
f 4198/7029 4204/7028 4154/7030
f 4154/7030 4204/7028 4164/7031
f 4204/7028 4203/7026 4195/7032
f 4204/7028 4195/7032 4164/7031
f 4195/7032 4203/7026 4146/7033
f 4195/7032 4146/7033 4164/7031
f 4208/7034 4174/7035 4178/7036
f 4208/7034 4178/7036 4176/7037
f 4178/7036 4174/7035 4280/7038
f 4178/7036 4280/7038 4176/7037
f 4280/7038 4174/7035 4240/7039
f 4280/7038 4240/7039 4273/7040
f 4280/7038 4273/7040 4274/7041
f 4280/7038 4274/7041 4176/7037
f 4274/7041 4273/7040 4299/7042
f 4176/7037 4274/7041 4235/7043
f 4235/7043 4274/7041 4299/7042
f 4176/7037 4235/7043 4229/7044
f 4235/7043 4299/7042 4281/7045
f 4281/7045 4299/7042 4288/7046
f 4235/7043 4281/7045 4173/7047
f 4235/7043 4173/7047 4167/7048
f 4167/7048 4173/7047 4156/7049
f 4173/7047 4281/7045 4180/7050
f 4156/7049 4173/7047 4200/7051
f 4200/7051 4173/7047 4180/7050
f 4200/7051 4180/7050 4230/7052
f 4199/7053 4229/7054 4235/7055
f 4199/7053 4235/7055 4167/7056
f 4199/7053 4167/7056 4237/7057
f 4237/7057 4167/7056 4156/7058
f 4237/7057 4156/7058 4202/7059
f 4237/7057 4202/7059 4199/7053
f 4202/7059 4156/7058 4200/7060
f 4202/7059 4200/7060 4199/7053
f 4199/7053 4200/7060 4229/7054
f 4229/7054 4200/7060 4233/7061
f 4233/7061 4200/7060 4230/7062
f 4230/7063 4180/7064 4209/7065
f 4230/7063 4209/7065 4224/7066
f 4209/7065 4180/7064 4179/7067
f 4179/7067 4180/7064 4147/7068
f 4224/7066 4209/7065 4214/7069
f 4224/7066 4214/7069 4182/7070
f 4224/7066 4182/7070 4177/7071
f 4214/7069 4209/7065 4216/7072
f 4216/7072 4209/7065 4179/7067
f 4182/7070 4214/7069 4215/7073
f 4215/7073 4214/7069 4216/7072
f 4161/7074 4182/7070 4186/7075
f 4186/7075 4182/7070 4215/7073
f 4186/7075 4215/7073 4212/7076
f 4212/7076 4215/7073 4225/7077
f 4225/7077 4215/7073 4206/7078
f 4225/7077 4206/7078 4212/7076
f 4206/7078 4215/7073 4216/7072
f 4212/7076 4206/7078 4220/7079
f 4220/7079 4206/7078 4216/7072
f 4220/7079 4216/7072 4179/7067
f 4212/7076 4220/7079 4221/7080
f 4221/7080 4220/7079 4179/7067
f 4221/7080 4179/7067 4222/7081
f 4222/7081 4179/7067 4184/7082
f 4184/7082 4179/7067 4144/7083
f 4144/7083 4179/7067 4160/7084
f 4160/7084 4179/7067 4151/7085
f 4180/7086 4281/7087 4147/7088
f 4151/7089 4179/7090 4147/7088
f 4151/7089 4147/7088 4161/7091
f 4147/7088 4281/7087 4145/7092
f 4147/7088 4145/7092 4161/7091
f 4145/7092 4281/7087 4288/7093
f 4161/7091 4145/7092 4182/7094
f 4145/7092 4288/7093 4177/7095
f 4145/7092 4177/7095 4182/7094
f 4203/7096 4177/7097 4146/7098
f 4146/7098 4177/7097 4288/7099
f 4146/7098 4288/7099 4299/7100
f 4146/7098 4299/7100 4168/7101
f 4146/7098 4168/7101 4164/7102
f 4168/7101 4299/7100 4197/7103
f 4164/7102 4168/7101 4154/7104
f 4168/7101 4197/7103 4198/7105
f 4168/7101 4198/7105 4154/7104
f 4188/7106 4247/7107 4161/7108
f 4248/7109 4159/7110 4161/7111
f 4245/7112 4186/7113 4157/7114
f 4186/7115 4212/7116 4217/7117
f 4217/7117 4212/7116 4219/7118
f 4219/7118 4212/7116 4221/7119
f 4219/7118 4221/7119 4222/7120
f 4217/7117 4219/7118 4190/7121
f 4217/7117 4190/7121 4186/7115
f 4190/7121 4219/7118 4201/7122
f 4186/7115 4190/7121 4155/7123
f 4190/7121 4201/7122 4165/7124
f 4190/7121 4165/7124 4155/7123
f 4155/7123 4165/7124 4153/7125
f 4187/7126 4155/7127 4244/7128
f 4201/7129 4219/7130 4218/7131
f 4201/7129 4218/7131 4183/7132
f 4218/7131 4219/7130 4222/7133
f 4183/7132 4218/7131 4210/7134
f 4183/7132 4210/7134 4181/7135
f 4218/7131 4222/7133 4207/7136
f 4218/7131 4207/7136 4210/7134
f 4207/7136 4222/7133 4227/7137
f 4227/7137 4222/7133 4184/7138
f 4227/7137 4184/7138 4207/7136
f 4207/7136 4184/7138 4194/7139
f 4207/7136 4194/7139 4205/7140
f 4207/7136 4205/7140 4210/7134
f 4205/7140 4194/7139 4192/7141
f 4205/7140 4192/7141 4211/7142
f 4205/7140 4211/7142 4210/7134
f 4211/7142 4192/7141 4191/7143
f 4210/7134 4211/7142 4213/7144
f 4213/7144 4211/7142 4191/7143
f 4210/7134 4213/7144 4181/7135
f 4213/7144 4191/7143 4226/7145
f 4213/7144 4226/7145 4181/7135
f 4226/7145 4191/7143 4189/7146
f 4181/7135 4226/7145 4185/7147
f 4226/7145 4189/7146 4223/7148
f 4226/7145 4223/7148 4185/7147
f 4223/7148 4189/7146 4193/7149
f 4223/7148 4193/7149 4185/7147
f 4165/7150 4201/7151 4183/7152
f 4165/7150 4183/7152 4239/7153
f 4239/7153 4183/7152 4181/7154
f 4239/7153 4181/7154 4185/7155
f 4165/7150 4239/7153 4153/7156
f 4239/7153 4185/7155 4241/7157
f 4241/7157 4185/7155 4193/7158
f 4241/7157 4193/7158 4189/7159
f 4241/7157 4189/7159 4239/7153
f 4239/7153 4189/7159 4191/7160
f 4239/7153 4191/7160 4153/7156
f 4153/7156 4191/7160 4192/7161
f 4153/7156 4192/7161 4194/7162
f 4153/7156 4194/7162 4184/7163
f 4184/7164 4144/7165 4153/7166
f 4153/7166 4144/7165 4155/7167
f 4155/7167 4144/7165 4234/7168
f 4234/7168 4144/7165 4263/7169
f 4155/7167 4234/7168 4246/7170
f 4246/7170 4234/7168 4263/7169
f 4246/7170 4263/7169 4293/7171
f 4246/7170 4293/7171 4266/7172
f 4266/7172 4293/7171 4296/7173
f 4144/7174 4160/7175 4259/7176
f 4144/7174 4259/7176 4263/7177
f 4263/7177 4259/7176 4262/7178
f 4262/7178 4259/7176 4270/7179
f 4262/7178 4270/7179 4151/7180
f 4151/7180 4270/7179 4160/7181
f 4161/7182 4160/7175 4270/7183
f 4160/7175 4161/7182 4236/7184
f 4236/7184 4161/7182 4158/7185
f 4160/7175 4236/7184 4234/7186
f 4160/7175 4234/7186 4259/7176
f 4259/7176 4234/7186 4236/7184
f 4246/7187 4259/7176 4158/7185
f 4236/7184 4158/7185 4155/7188
f 4236/7184 4155/7188 4259/7176
f 4259/7176 4155/7188 4158/7185
f 4276/7189 4151/7190 4161/7191
f 4151/7190 4276/7189 4149/7192
f 4151/7190 4149/7192 4262/7193
f 4262/7193 4149/7192 4260/7194
f 4260/7194 4149/7192 4276/7189
f 4262/7193 4260/7194 4265/7195
f 4265/7195 4260/7194 4271/7196
f 4271/7196 4260/7194 4317/7197
f 4317/7197 4260/7194 4312/7198
f 4317/7197 4312/7198 4311/7199
f 4311/7199 4312/7198 4315/7200
f 4311/7199 4315/7200 4316/7201
f 4312/7198 4260/7194 4289/7202
f 4312/7198 4289/7202 4315/7200
f 4289/7202 4260/7194 4276/7189
f 4315/7200 4289/7202 4294/7203
f 4294/7203 4289/7202 4276/7189
f 4294/7203 4276/7189 4278/7204
f 4278/7204 4276/7189 4249/7205
f 4278/7204 4249/7205 4150/7206
f 4249/7205 4276/7189 4161/7191
f 4249/7205 4161/7191 4270/7207
f 4249/7205 4270/7207 4257/7208
f 4257/7208 4270/7207 4259/7209
f 4249/7205 4257/7208 4253/7210
f 4257/7208 4259/7209 4246/7211
f 4253/7210 4257/7208 4266/7212
f 4266/7212 4257/7208 4246/7211
f 4263/7213 4262/7214 4258/7215
f 4258/7215 4262/7214 4265/7216
f 4263/7213 4258/7215 4293/7217
f 4258/7215 4265/7216 4252/7218
f 4252/7218 4265/7216 4254/7219
f 4258/7215 4252/7218 4269/7220
f 4269/7220 4252/7218 4254/7219
f 4258/7215 4269/7220 4293/7217
f 4269/7220 4254/7219 4297/7221
f 4269/7220 4297/7221 4293/7217
f 4293/7217 4297/7221 4314/7222
f 4314/7222 4297/7221 4323/7223
f 4293/7217 4314/7222 4311/7224
f 4293/7217 4311/7224 4296/7225
f 4311/7224 4314/7222 4317/7226
f 4317/7226 4314/7222 4319/7227
f 4319/7227 4314/7222 4323/7223
f 4319/7227 4323/7223 4302/7228
f 4319/7227 4302/7228 4320/7229
f 4319/7227 4320/7229 4304/7230
f 4304/7230 4320/7229 4309/7231
f 4304/7230 4309/7231 4267/7232
f 4309/7231 4320/7229 4298/7233
f 4309/7231 4298/7233 4267/7232
f 4253/7234 4266/7235 4296/7236
f 4253/7234 4296/7236 4255/7237
f 4253/7234 4255/7237 4249/7238
f 4249/7238 4255/7237 4264/7239
f 4249/7238 4264/7239 4150/7240
f 4255/7241 4296/7242 4242/7243
f 4255/7241 4242/7243 4264/7244
f 4264/7244 4242/7243 4256/7245
f 4264/7244 4256/7245 4261/7246
f 4261/7246 4256/7245 4290/7247
f 4261/7246 4290/7247 4172/7248
f 4172/7248 4290/7247 4152/7249
f 4152/7249 4290/7247 4300/7250
f 4261/7246 4172/7248 4286/7251
f 4286/7251 4172/7248 4152/7249
f 4264/7244 4261/7246 4268/7252
f 4268/7252 4261/7246 4286/7251
f 4268/7252 4286/7251 4292/7253
f 4286/7251 4152/7249 4301/7254
f 4268/7252 4292/7253 4294/7255
f 4264/7244 4268/7252 4148/7256
f 4148/7256 4268/7252 4294/7255
f 4264/7244 4148/7256 4150/7257
f 4148/7256 4294/7255 4275/7258
f 4148/7256 4275/7258 4150/7257
f 4275/7258 4294/7255 4278/7259
f 4275/7258 4278/7259 4150/7257
f 4169/7260 4301/7254 4152/7249
f 4301/7254 4169/7260 4321/7261
f 4321/7261 4169/7260 4285/7262
f 4321/7261 4285/7262 4324/7263
f 4285/7262 4169/7260 4171/7264
f 4285/7262 4171/7264 4324/7263
f 4324/7263 4171/7264 4250/7265
f 4250/7265 4171/7264 4169/7260
f 4324/7263 4250/7265 4318/7266
f 4163/7267 4169/7260 4152/7249
f 4169/7260 4163/7267 4250/7265
f 4250/7265 4163/7267 4318/7266
f 4163/7267 4152/7249 4300/7250
f 4163/7267 4300/7250 4318/7266
f 4242/7268 4296/7269 4295/7270
f 4242/7268 4295/7270 4256/7271
f 4256/7271 4295/7270 4290/7272
f 4295/7270 4296/7269 4316/7273
f 4295/7270 4316/7273 4290/7272
f 4316/7273 4296/7269 4311/7274
f 4290/7272 4316/7273 4322/7275
f 4290/7272 4322/7275 4300/7276
f 4300/7276 4322/7275 4318/7277
f 4321/7278 4324/7279 4318/7277
f 4321/7278 4318/7277 4301/7280
f 4301/7280 4318/7277 4322/7275
f 4301/7280 4322/7275 4286/7281
f 4322/7275 4316/7273 4313/7282
f 4322/7275 4313/7282 4286/7281
f 4313/7282 4316/7273 4315/7283
f 4286/7281 4313/7282 4292/7284
f 4313/7282 4315/7283 4294/7285
f 4313/7282 4294/7285 4292/7284
f 4323/7286 4297/7287 4307/7288
f 4323/7286 4307/7288 4327/7289
f 4323/7286 4327/7289 4326/7290
f 4326/7290 4327/7289 4325/7291
f 4323/7286 4326/7290 4302/7292
f 4302/7292 4326/7290 4304/7293
f 4302/7292 4304/7293 4325/7294
f 4304/7293 4326/7290 4319/7295
f 4319/7295 4326/7290 4287/7296
f 4317/7297 4319/7298 4291/7299
f 4291/7299 4319/7298 4287/7300
f 4317/7297 4291/7299 4271/7301
f 4291/7299 4287/7300 4251/7302
f 4291/7299 4251/7302 4271/7301
f 4271/7301 4251/7302 4265/7303
f 4251/7302 4287/7300 4170/7304
f 4265/7303 4251/7302 4254/7305
f 4254/7305 4251/7302 4170/7304
f 4254/7305 4170/7304 4243/7306
f 4254/7305 4243/7306 4297/7307
f 4297/7307 4243/7306 4307/7308
f 4243/7309 4170/7310 4162/7311
f 4162/7311 4170/7310 4166/7312
f 4166/7312 4170/7310 4287/7313
f 4166/7312 4287/7313 4279/7314
f 4166/7312 4279/7314 4304/7315
f 4304/7315 4279/7314 4325/7316
f 4325/7316 4279/7314 4306/7317
f 4306/7317 4279/7314 4284/7318
f 4306/7317 4284/7318 4305/7319
f 4279/7314 4287/7313 4272/7320
f 4279/7314 4272/7320 4284/7318
f 4284/7318 4272/7320 4305/7319
f 4272/7320 4287/7313 4326/7321
f 4272/7320 4326/7321 4305/7319
f 4243/7322 4162/7323 4283/7324
f 4282/7325 4307/7326 4243/7322
f 4282/7325 4243/7322 4283/7324
f 4282/7325 4283/7324 4277/7327
f 4277/7327 4283/7324 4303/7328
f 4303/7328 4283/7324 4302/7329
f 4302/7329 4283/7324 4162/7323
f 4303/7328 4302/7329 4327/7330
f 4327/7330 4302/7329 4325/7331
f 4302/7329 4162/7323 4238/7332
f 4302/7329 4238/7332 4320/7333
f 4320/7333 4238/7332 4298/7334
f 4238/7332 4162/7323 4166/7335
f 4298/7334 4238/7332 4267/7336
f 4267/7336 4238/7332 4166/7335
f 4267/7336 4166/7335 4304/7337
f 4282/7338 4277/7339 4310/7340
f 4282/7338 4310/7340 4307/7341
f 4310/7340 4277/7339 4308/7342
f 4308/7342 4277/7339 4303/7343
f 4308/7342 4303/7343 4310/7340
f 4310/7340 4303/7343 4307/7341
f 4307/7341 4303/7343 4327/7344
f 4325/7345 4306/7346 4326/7347
f 4326/7347 4306/7346 4305/7348
o tripo_part_10
v 0.002348 0.011372 0.075213
v 0.002676 0.105654 0.094540
v 0.002730 0.080031 0.058077
v 0.002801 0.069942 0.057129
v 0.002801 0.103108 0.061638
v 0.003082 0.026436 0.109865
v 0.003096 0.026425 0.044039
v 0.003109 0.110867 0.096106
v 0.003140 0.110939 0.057055
v 0.003143 0.100060 0.057095
v 0.003294 0.051361 0.109812
v 0.003298 0.043179 0.043596
v 0.003329 0.110853 0.109583
v 0.003389 0.071907 0.094769
v 0.003444 0.061562 0.094612
v 0.003476 0.052233 0.043802
v 0.003485 0.106385 0.058903
v 0.003509 0.067935 0.061687
v 0.003534 0.105025 0.068708
v 0.003540 0.155445 0.077521
v 0.003548 0.051516 0.075656
v 0.003551 0.061497 0.056955
v 0.003571 0.051100 0.100725
v 0.003591 0.061531 0.076589
v 0.003644 0.062273 0.059631
v 0.003649 0.107367 0.077216
v 0.004194 0.025955 0.072301
v 0.004271 0.111140 0.043932
v 0.004311 0.085145 0.043976
v 0.004591 0.093290 0.030664
v 0.005088 0.091763 0.121298
v 0.005100 0.068525 0.032911
v 0.005105 0.031437 0.121382
v 0.005120 0.012684 0.043972
v 0.005121 0.025139 0.120001
v 0.005124 0.106158 0.030424
v 0.005125 0.091700 0.032942
v 0.005134 0.030018 0.033804
v 0.005136 0.031456 0.031683
v 0.005142 0.067354 0.120771
v 0.005144 0.011624 0.079929
v 0.005145 0.045937 0.109961
v 0.005148 0.012875 0.111155
v 0.005152 0.045624 0.043497
v 0.005154 0.141239 0.121176
v 0.005168 0.014195 0.077325
v 0.005173 0.111048 0.070872
v 0.005174 0.135918 0.030367
v 0.005178 0.149060 0.078563
v 0.005189 0.126904 0.108553
v 0.005206 0.025826 0.043175
v 0.005207 0.148937 0.074893
v 0.005215 0.088509 0.121130
v 0.005217 0.024819 0.111849
v 0.005227 0.141628 0.081775
v 0.005241 0.026333 0.109968
v 0.005257 0.140404 0.072711
v 0.005280 0.138161 0.043104
v 0.005305 0.126850 0.063108
v 0.005316 0.149571 0.042809
v 0.005464 0.137223 0.032358
v 0.005902 0.149876 0.111837
v 0.006067 0.014233 0.030779
v 0.006099 0.150341 0.030741
v 0.006199 0.138787 0.030485
v 0.006263 0.024697 0.123423
v 0.006430 0.025353 0.030699
v 0.006434 0.014698 0.122805
v 0.006489 0.150303 0.123243
v 0.006620 0.141705 0.123442
v 0.006664 0.144203 0.036951
v 0.006694 0.024983 0.034571
v 0.006758 0.155529 0.075246
v 0.006770 0.024716 0.111692
v 0.006792 0.014347 0.043671
v 0.006795 0.141701 0.111994
v 0.006810 0.014752 0.111292
v 0.006867 0.138943 0.042900
v 0.006916 0.024128 0.042967
v 0.008380 0.146916 0.075305
v 0.009001 0.140572 0.072945
v 0.009967 0.140980 0.079734
v 0.002251 0.062790 0.062489
v 0.002250 0.062258 0.094191
v 0.002221 0.061699 0.077426
v -0.001556 0.069630 0.109510
v -0.001582 0.090204 0.059554
v -0.001659 0.026421 0.044453
v -0.001916 0.045765 0.043741
v -0.001954 0.026146 0.099386
v -0.001961 0.110951 0.109648
v -0.002156 0.141434 0.121088
v -0.002173 0.111216 0.046738
v -0.002180 0.088607 0.121096
v -0.002191 0.131977 0.118635
v -0.002227 0.149388 0.111734
v -0.002256 0.149082 0.075488
v -0.002257 0.025818 0.043139
v -0.002260 0.066800 0.120604
v -0.002273 0.011425 0.080027
v -0.002276 0.031128 0.121100
v -0.002277 0.025696 0.110430
v -0.002283 0.091618 0.121309
v -0.002284 0.134789 0.046299
v -0.002311 0.121628 0.043411
v -0.002312 0.091244 0.120211
v -0.002322 0.135948 0.030321
v -0.002323 0.063835 0.032877
v -0.002331 0.011860 0.058426
v -0.002360 0.136292 0.032026
v -0.002362 0.069244 0.032763
v -0.002367 0.032017 0.031717
v -0.002374 0.093021 0.030516
v -0.002389 0.014187 0.077551
v -0.002392 0.064434 0.109884
v -0.002403 0.068363 0.033854
v -0.002404 0.091556 0.032827
v -0.002407 0.135575 0.102568
v -0.002449 0.149624 0.042893
v -0.002457 0.013127 0.112005
v -0.002542 0.025376 0.034033
v -0.002542 0.025318 0.030607
v -0.002555 0.025158 0.121138
v -0.002615 0.014370 0.123079
v -0.002621 0.014202 0.030844
v -0.002700 0.138432 0.042654
v -0.002751 0.150173 0.030684
v -0.002770 0.141346 0.111555
v -0.002909 0.138779 0.030741
v -0.003584 0.150280 0.122942
v -0.003764 0.150601 0.112078
v -0.003843 0.141583 0.123076
vt 0.370748 0.482251
vt 0.377669 0.484152
vt 0.369133 0.486226
vt 0.372515 0.476741
vt 0.376379 0.496402
vt 0.363955 0.476742
vt 0.380310 0.473125
vt 0.379457 0.486897
vt 0.358723 0.482017
vt 0.354246 0.489423
vt 0.343419 0.471738
vt 0.381606 0.471632
vt 0.385670 0.487900
vt 0.402990 0.466670
vt 0.347865 0.451859
vt 0.381861 0.467863
vt 0.353738 0.446909
vt 0.343272 0.449079
vt 0.331753 0.436196
vt 0.346427 0.441450
vt 0.352433 0.441273
vt 0.323880 0.423372
vt 0.362191 0.432201
vt 0.383327 0.464888
vt 0.391050 0.423372
vt 0.405967 0.453215
vt 0.409385 0.464047
vt 0.471989 0.471363
vt 0.245433 0.938671
vt 0.251649 0.937710
vt 0.245489 0.944999
vt 0.253626 0.942344
vt 0.235488 0.937258
vt 0.226786 0.974382
vt 0.224639 0.935337
vt 0.224639 0.979242
vt 0.931942 0.670800
vt 0.928212 0.678145
vt 0.918889 0.641021
vt 0.934484 0.638478
vt 0.916459 0.619040
vt 0.914877 0.621583
vt 0.907757 0.623956
vt 0.912673 0.644185
vt 0.907757 0.664471
vt 0.763934 0.781226
vt 0.738619 0.800212
vt 0.744326 0.788006
vt 0.752802 0.774049
vt 0.742292 0.767777
vt 0.754384 0.762748
vt 0.755345 0.757380
vt 0.755571 0.766591
vt 0.760091 0.766534
vt 0.758735 0.773315
vt 0.763595 0.765686
vt 0.763651 0.759640
vt 0.764329 0.777496
vt 0.768341 0.770037
vt 0.770545 0.768229
vt 0.792074 0.800212
vt 0.791791 0.789136
vt 0.772297 0.768173
vt 0.775348 0.753199
vt 0.774274 0.749921
vt 0.776309 0.744666
vt 0.778004 0.708389
vt 0.763143 0.756080
vt 0.760204 0.721047
vt 0.754497 0.727432
vt 0.010473 0.216030
vt 0.010191 0.212258
vt 0.015880 0.207841
vt 0.017846 0.210944
vt 0.010606 0.217710
vt 0.049300 0.228957
vt 0.001940 0.167753
vt 0.041628 0.245674
vt 0.036613 0.250703
vt 0.030513 0.248774
vt 0.049014 0.244448
vt 0.051385 0.254790
vt 0.038361 0.251320
vt 0.037815 0.259287
vt 0.042834 0.247182
vt 0.042257 0.254327
vt 0.046151 0.251508
vt 0.045874 0.259208
vt 0.046191 0.259996
vt 0.085446 0.260596
vt 0.030918 0.265466
vt 0.020096 0.317277
vt 0.037657 0.296257
vt 0.007926 0.320603
vt 0.001940 0.317567
vt 0.029653 0.327232
vt 0.020330 0.323265
vt 0.014486 0.332845
vt 0.025769 0.337716
vt 0.271258 0.913690
vt 0.252668 0.929738
vt 0.234981 0.920923
vt 0.252103 0.930359
vt 0.266907 0.913520
vt 0.218425 0.931772
vt 0.242101 0.875548
vt 0.218425 0.870180
vt 0.474702 0.846841
vt 0.467752 0.890746
vt 0.433904 0.843733
vt 0.426672 0.891933
vt 0.474702 0.910015
vt 0.436334 0.910071
vt 0.842599 0.786649
vt 0.850170 0.737884
vt 0.864749 0.747321
vt 0.866162 0.746699
vt 0.870739 0.764103
vt 0.867461 0.735906
vt 0.846046 0.720254
vt 0.842599 0.718502
vt 0.843898 0.713699
vt 0.960537 0.967601
vt 0.960537 0.924939
vt 0.967035 0.946185
vt 0.961780 0.966357
vt 0.967035 0.968392
vt 0.664642 0.322797
vt 0.638536 0.322063
vt 0.668936 0.298669
vt 0.640627 0.306297
vt 0.642265 0.297991
vt 0.688996 0.303868
vt 0.674587 0.291662
vt 0.658935 0.283752
vt 0.655375 0.283752
vt 0.640118 0.269004
vt 0.654640 0.276632
vt 0.648085 0.254312
vt 0.653340 0.268891
vt 0.647746 0.246006
vt 0.638536 0.250978
vt 0.643734 0.241598
vt 0.643000 0.230749
vt 0.644978 0.213232
vt 0.647690 0.229732
vt 0.903292 0.096866
vt 0.910807 0.093419
vt 0.924651 0.138342
vt 0.924990 0.105625
vt 0.920357 0.097657
vt 0.924990 0.080932
vt 0.374624 0.620515
vt 0.378693 0.662273
vt 0.376376 0.672105
vt 0.389937 0.680015
vt 0.375302 0.694142
vt 0.420846 0.689056
vt 0.391633 0.683914
vt 0.376772 0.702166
vt 0.424406 0.695046
vt 0.425875 0.694876
vt 0.380670 0.706347
vt 0.374624 0.714654
vt 0.418756 0.710020
vt 0.419716 0.710981
vt 0.379427 0.713806
vt 0.410732 0.722677
vt 0.417343 0.726972
vt 0.415761 0.722508
vt 0.057083 0.931772
vt 0.068836 0.912334
vt 0.070814 0.931602
vt 0.094094 0.917024
vt 0.091721 0.927760
vt 0.076408 0.900298
vt 0.057987 0.889731
vt 0.095451 0.918493
vt 0.096976 0.919849
vt 0.092512 0.929060
vt 0.097259 0.926912
vt 0.102683 0.926630
vt 0.107712 0.921262
vt 0.101327 0.915159
vt 0.100310 0.912560
vt 0.109860 0.908830
vt 0.098897 0.912051
vt 0.104265 0.895382
vt 0.101553 0.887471
vt 0.073865 0.884985
vt 0.073922 0.887471
vt 0.068328 0.889449
vt 0.070588 0.890353
vt 0.057083 0.871254
vt 0.422489 0.795190
vt 0.426953 0.813046
vt 0.394688 0.788805
vt 0.413279 0.818188
vt 0.420229 0.824573
vt 0.416443 0.824912
vt 0.449725 0.820166
vt 0.418082 0.833840
vt 0.416217 0.831636
vt 0.450007 0.830054
vt 0.451420 0.820731
vt 0.456732 0.825477
vt 0.462495 0.829885
vt 0.451816 0.836835
vt 0.463851 0.837061
vt 0.418251 0.842711
vt 0.415765 0.837117
vt 0.394688 0.868026
vt 0.977999 0.869047
vt 0.979242 0.901707
vt 0.965455 0.874133
vt 0.958843 0.903290
vt 0.967941 0.869556
vt 0.964776 0.865600
vt 0.969014 0.864188
vt 0.975061 0.865035
vt 0.979242 0.862379
vt 0.976925 0.865487
s 1
usemtl Material
f 4395/7349 4393/7350 4451/7351
f 4393/7350 4395/7349 4404/7352
f 4451/7351 4393/7350 4450/7353
f 4404/7352 4395/7349 4370/7354
f 4370/7354 4395/7349 4451/7351
f 4393/7350 4404/7352 4401/7355
f 4401/7355 4404/7352 4370/7354
f 4450/7353 4393/7350 4362/7356
f 4362/7356 4393/7350 4401/7355
f 4451/7351 4450/7353 4447/7357
f 4451/7351 4447/7357 4370/7354
f 4447/7357 4450/7353 4429/7358
f 4447/7357 4429/7358 4417/7359
f 4362/7356 4401/7355 4381/7360
f 4381/7360 4401/7355 4370/7354
f 4362/7356 4381/7360 4360/7361
f 4360/7361 4381/7360 4369/7362
f 4447/7357 4417/7359 4427/7363
f 4447/7357 4427/7363 4370/7354
f 4381/7360 4370/7354 4383/7364
f 4381/7360 4383/7364 4369/7362
f 4370/7354 4427/7363 4368/7365
f 4370/7354 4368/7365 4383/7364
f 4427/7363 4417/7359 4441/7366
f 4427/7363 4441/7366 4368/7365
f 4441/7366 4417/7359 4436/7367
f 4441/7366 4436/7367 4328/7368
f 4441/7366 4328/7368 4373/7369
f 4441/7366 4373/7369 4368/7365
f 4373/7369 4328/7368 4361/7370
f 4368/7365 4373/7369 4354/7371
f 4368/7365 4354/7371 4383/7364
f 4383/7364 4354/7371 4333/7372
f 4383/7364 4333/7372 4369/7362
f 4333/7372 4354/7371 4348/7373
f 4333/7372 4348/7373 4350/7374
f 4333/7372 4350/7374 4338/7375
f 4333/7372 4338/7375 4369/7362
f 4369/7362 4338/7375 4340/7376
f 4450/7377 4362/7378 4428/7379
f 4428/7379 4362/7378 4360/7380
f 4450/7377 4428/7379 4429/7381
f 4429/7381 4428/7379 4442/7382
f 4429/7381 4442/7382 4417/7383
f 4417/7383 4442/7382 4413/7384
f 4428/7385 4360/7386 4426/7387
f 4428/7385 4426/7387 4442/7388
f 4442/7388 4426/7387 4433/7389
f 4433/7389 4426/7387 4421/7390
f 4421/7390 4426/7387 4380/7391
f 4426/7387 4360/7386 4367/7392
f 4426/7387 4367/7392 4380/7391
f 4367/7392 4360/7386 4369/7393
f 4367/7392 4369/7393 4380/7391
f 4361/7394 4328/7395 4436/7396
f 4361/7394 4436/7396 4452/7397
f 4452/7397 4436/7396 4425/7398
f 4452/7397 4425/7398 4448/7399
f 4448/7399 4425/7398 4439/7400
f 4452/7397 4448/7399 4449/7401
f 4449/7401 4448/7399 4394/7402
f 4452/7397 4449/7401 4390/7403
f 4390/7403 4449/7401 4394/7402
f 4452/7397 4390/7403 4361/7394
f 4394/7402 4448/7399 4399/7404
f 4394/7402 4399/7404 4390/7403
f 4448/7399 4439/7400 4365/7405
f 4448/7399 4365/7405 4399/7404
f 4390/7403 4399/7404 4402/7406
f 4390/7403 4402/7406 4361/7394
f 4402/7406 4399/7404 4406/7407
f 4402/7406 4406/7407 4361/7394
f 4406/7407 4399/7404 4378/7408
f 4406/7407 4378/7408 4361/7394
f 4378/7408 4399/7404 4365/7405
f 4373/7409 4361/7394 4354/7410
f 4354/7410 4361/7394 4378/7408
f 4354/7410 4378/7408 4334/7411
f 4334/7411 4378/7408 4339/7412
f 4339/7412 4378/7408 4371/7413
f 4371/7413 4378/7408 4365/7405
f 4339/7412 4371/7413 4343/7414
f 4343/7414 4371/7413 4356/7415
f 4371/7413 4365/7405 4366/7416
f 4371/7413 4366/7416 4356/7415
f 4366/7416 4365/7405 4439/7400
f 4356/7415 4366/7416 4359/7417
f 4366/7416 4439/7400 4435/7418
f 4366/7416 4435/7418 4359/7417
f 4433/7419 4421/7420 4380/7421
f 4433/7419 4380/7421 4358/7422
f 4433/7419 4358/7422 4430/7423
f 4358/7422 4380/7421 4377/7424
f 4377/7424 4380/7421 4369/7425
f 4430/7423 4358/7422 4372/7426
f 4372/7426 4358/7422 4377/7424
f 4430/7423 4372/7426 4419/7427
f 4430/7423 4419/7427 4422/7428
f 4372/7426 4377/7424 4403/7429
f 4403/7429 4377/7424 4389/7430
f 4419/7427 4372/7426 4459/7431
f 4419/7427 4459/7431 4455/7432
f 4419/7427 4455/7432 4422/7428
f 4459/7431 4372/7426 4397/7433
f 4397/7433 4372/7426 4403/7429
f 4459/7431 4397/7433 4457/7434
f 4459/7431 4457/7434 4455/7432
f 4397/7433 4403/7429 4396/7435
f 4397/7433 4396/7435 4457/7434
f 4396/7435 4403/7429 4389/7430
f 4457/7434 4396/7435 4458/7436
f 4457/7434 4458/7436 4455/7432
f 4458/7436 4396/7435 4389/7430
f 4458/7436 4389/7430 4423/7437
f 4458/7436 4423/7437 4455/7432
f 4423/7437 4389/7430 4376/7438
f 4455/7432 4423/7437 4445/7439
f 4455/7432 4445/7439 4422/7428
f 4445/7439 4423/7437 4431/7440
f 4445/7439 4431/7440 4422/7428
f 4431/7440 4423/7437 4424/7441
f 4422/7428 4431/7440 4432/7442
f 4422/7428 4432/7442 4420/7443
f 4431/7440 4424/7441 4446/7444
f 4431/7440 4446/7444 4453/7445
f 4431/7440 4453/7445 4456/7446
f 4456/7446 4453/7445 4446/7444
f 4456/7446 4446/7444 4454/7447
f 4442/7448 4433/7449 4418/7450
f 4418/7450 4433/7449 4430/7451
f 4442/7448 4418/7450 4413/7452
f 4418/7450 4430/7451 4422/7453
f 4413/7452 4418/7450 4414/7454
f 4418/7450 4422/7453 4420/7455
f 4418/7450 4420/7455 4414/7454
f 4413/7456 4414/7457 4417/7458
f 4417/7458 4414/7457 4416/7459
f 4416/7459 4414/7457 4420/7460
f 4416/7459 4420/7460 4443/7461
f 4417/7462 4416/7463 4415/7464
f 4417/7462 4415/7464 4425/7465
f 4425/7465 4415/7464 4416/7463
f 4417/7462 4425/7465 4436/7466
f 4425/7465 4416/7463 4439/7467
f 4439/7467 4416/7463 4435/7468
f 4435/7468 4416/7463 4443/7469
f 4435/7468 4443/7469 4359/7470
f 4443/7471 4420/7472 4444/7473
f 4443/7471 4444/7473 4438/7474
f 4443/7471 4438/7474 4359/7475
f 4359/7475 4438/7474 4444/7473
f 4354/7476 4334/7477 4348/7478
f 4348/7478 4334/7477 4339/7479
f 4348/7478 4339/7479 4343/7480
f 4342/7481 4348/7478 4351/7482
f 4351/7482 4348/7478 4352/7483
f 4348/7478 4343/7480 4349/7484
f 4348/7478 4349/7484 4352/7483
f 4349/7484 4343/7480 4356/7485
f 4352/7483 4349/7484 4331/7486
f 4349/7484 4356/7485 4337/7487
f 4349/7484 4337/7487 4331/7486
f 4352/7483 4331/7486 4330/7488
f 4330/7488 4331/7486 4337/7487
f 4352/7483 4330/7488 4344/7489
f 4344/7489 4330/7488 4337/7487
f 4337/7487 4356/7485 4355/7490
f 4337/7487 4355/7490 4336/7491
f 4337/7487 4336/7491 4344/7489
f 4336/7491 4355/7490 4374/7492
f 4336/7491 4374/7492 4335/7493
f 4336/7491 4335/7493 4344/7489
f 4344/7489 4335/7493 4353/7494
f 4338/7495 4350/7496 4340/7497
f 4340/7497 4350/7496 4341/7498
f 4341/7498 4350/7496 4342/7499
f 4342/7499 4350/7496 4348/7500
f 4369/7501 4340/7502 4377/7503
f 4377/7503 4340/7502 4335/7504
f 4377/7503 4335/7504 4374/7505
f 4335/7504 4340/7502 4341/7506
f 4335/7504 4341/7506 4329/7507
f 4335/7504 4329/7507 4353/7508
f 4329/7507 4341/7506 4411/7509
f 4411/7509 4341/7506 4342/7510
f 4353/7508 4329/7507 4346/7511
f 4353/7508 4346/7511 4344/7512
f 4411/7509 4342/7510 4412/7513
f 4411/7509 4412/7513 4329/7507
f 4412/7513 4342/7510 4351/7514
f 4346/7511 4329/7507 4332/7515
f 4346/7511 4332/7515 4344/7512
f 4332/7515 4329/7507 4412/7513
f 4344/7512 4332/7515 4345/7516
f 4344/7512 4345/7516 4352/7517
f 4332/7515 4412/7513 4410/7518
f 4410/7518 4412/7513 4351/7514
f 4332/7515 4410/7518 4345/7516
f 4410/7518 4351/7514 4352/7517
f 4410/7518 4352/7517 4345/7516
f 4374/7519 4355/7520 4386/7521
f 4386/7521 4355/7520 4375/7522
f 4386/7521 4375/7522 4385/7523
f 4375/7522 4355/7520 4363/7524
f 4363/7524 4355/7520 4356/7525
f 4385/7523 4375/7522 4388/7526
f 4385/7523 4388/7526 4392/7527
f 4385/7523 4392/7527 4405/7528
f 4405/7528 4392/7527 4398/7529
f 4398/7529 4392/7527 4391/7530
f 4391/7530 4392/7527 4454/7531
f 4454/7531 4392/7527 4456/7532
f 4456/7532 4392/7527 4388/7526
f 4456/7532 4388/7526 4437/7533
f 4437/7533 4388/7526 4375/7522
f 4456/7532 4437/7533 4431/7534
f 4437/7533 4375/7522 4434/7535
f 4437/7533 4434/7535 4431/7534
f 4431/7534 4434/7535 4432/7536
f 4432/7536 4434/7535 4420/7537
f 4420/7537 4434/7535 4444/7538
f 4434/7535 4375/7522 4363/7524
f 4444/7538 4434/7535 4440/7539
f 4440/7539 4434/7535 4363/7524
f 4444/7538 4440/7539 4364/7540
f 4440/7539 4363/7524 4357/7541
f 4440/7539 4357/7541 4364/7540
f 4364/7540 4357/7541 4363/7524
f 4444/7538 4364/7540 4359/7542
f 4364/7540 4363/7524 4356/7525
f 4364/7540 4356/7525 4359/7542
f 4374/7543 4386/7544 4377/7545
f 4377/7545 4386/7544 4382/7546
f 4382/7546 4386/7544 4384/7547
f 4382/7546 4384/7547 4408/7548
f 4384/7547 4386/7544 4385/7549
f 4408/7548 4384/7547 4379/7550
f 4408/7548 4379/7550 4407/7551
f 4384/7547 4385/7549 4387/7552
f 4384/7547 4387/7552 4379/7550
f 4387/7552 4385/7549 4405/7553
f 4387/7552 4405/7553 4398/7554
f 4387/7552 4398/7554 4391/7555
f 4387/7552 4391/7555 4446/7556
f 4387/7552 4446/7556 4379/7550
f 4446/7556 4391/7555 4454/7557
f 4379/7550 4446/7556 4424/7558
f 4379/7550 4424/7558 4376/7559
f 4376/7559 4424/7558 4423/7560
f 4376/7561 4389/7562 4382/7563
f 4382/7563 4389/7562 4377/7564
f 4376/7561 4382/7563 4409/7565
f 4409/7565 4382/7563 4408/7566
f 4409/7565 4408/7566 4407/7567
f 4409/7565 4407/7567 4376/7561
f 4376/7561 4407/7567 4400/7568
f 4400/7568 4407/7567 4379/7569
f 4347/7570 4379/7569 4376/7561
f 4379/7569 4347/7570 4400/7568
f 4400/7568 4347/7570 4376/7561
o tripo_part_11
v -0.016509 0.037295 0.170093
v -0.015670 0.037105 0.289135
v -0.015552 0.138396 0.227323
v -0.015472 0.131702 0.166248
v -0.015439 0.031787 0.272930
v -0.015130 0.137691 0.159634
v -0.014946 0.034976 0.163631
v -0.014773 0.029223 0.295681
v -0.014323 0.107114 0.288761
v -0.014290 0.083095 0.163582
v -0.014281 0.082785 0.156795
v -0.014095 0.132144 0.229077
v -0.013995 0.031447 0.225905
v -0.013980 0.127097 0.163162
v -0.013920 0.129561 0.283615
v -0.013873 0.036506 0.284618
v -0.013772 0.086048 0.160259
v -0.013740 0.037372 0.220926
v -0.013731 0.031520 0.167091
v -0.013598 0.090920 0.157101
v -0.013544 0.082518 0.169365
v -0.013497 0.024501 0.157741
v -0.013413 0.126628 0.168659
v -0.013246 0.035407 0.289745
v -0.013131 0.132712 0.162022
v -0.013079 0.036807 0.230496
v -0.013076 0.133750 0.290089
v -0.013026 0.025699 0.227986
v -0.012990 0.083386 0.162311
v -0.012978 0.028720 0.292171
v -0.012966 0.025394 0.189140
v -0.012948 0.134936 0.156780
v -0.012930 0.080213 0.168259
v -0.012929 0.030299 0.226327
v -0.012893 0.126460 0.236223
v -0.012883 0.133700 0.228395
v -0.012871 0.029185 0.162258
v -0.012798 0.081501 0.283852
v -0.012767 0.089810 0.284019
v -0.012759 0.091316 0.294163
v -0.012759 0.135005 0.221815
v -0.012695 0.137317 0.248466
v -0.010787 0.130012 0.165176
v -0.018446 0.095996 0.281731
v -0.018511 0.038150 0.225786
v -0.018549 0.126159 0.281753
v -0.018551 0.038695 0.282253
v -0.018567 0.079217 0.170093
v -0.018581 0.124682 0.169765
v -0.018584 0.054952 0.246124
v -0.018592 0.054103 0.209134
v -0.018593 0.105062 0.192776
v -0.018596 0.102391 0.256050
v -0.018618 0.086897 0.219972
v -0.018621 0.125316 0.206463
v -0.018624 0.048841 0.235006
v -0.018646 0.137336 0.294002
v -0.018648 0.064587 0.201559
v -0.018674 0.075185 0.282120
v -0.018906 0.069011 0.263084
v -0.019870 0.050931 0.210787
v -0.019924 0.050588 0.244242
v -0.021676 0.025889 0.294292
v -0.022605 0.091739 0.156826
v -0.022758 0.027659 0.295551
v -0.022811 0.138103 0.237424
v -0.022890 0.037414 0.170914
v -0.022924 0.068569 0.264412
v -0.022926 0.070351 0.170261
v -0.022931 0.054090 0.220221
v -0.022963 0.078096 0.281937
v -0.023300 0.026111 0.229134
v -0.023642 0.125293 0.169186
v -0.023650 0.126575 0.282486
v -0.023673 0.037963 0.254326
v -0.024086 0.136371 0.157688
v -0.024102 0.026210 0.158398
v -0.024478 0.037765 0.283386
v -0.024572 0.036201 0.168934
v -0.024628 0.027942 0.293453
vt 0.488720 0.267643
vt 0.492110 0.264196
vt 0.501321 0.267643
vt 0.518103 0.135532
vt 0.443346 0.206786
vt 0.504711 0.267756
vt 0.518103 0.257189
vt 0.499795 0.270129
vt 0.481374 0.263122
vt 0.426111 0.196106
vt 0.475667 0.266004
vt 0.468095 0.279396
vt 0.478549 0.260805
vt 0.440633 0.224246
vt 0.434474 0.216279
vt 0.424021 0.214979
vt 0.440068 0.234869
vt 0.469169 0.268151
vt 0.426224 0.254703
vt 0.494651 0.676736
vt 0.495046 0.678940
vt 0.460860 0.685890
vt 0.491938 0.686851
vt 0.459108 0.678714
vt 0.474534 0.693179
vt 0.495046 0.707984
vt 0.482841 0.707588
vt 0.493972 0.667921
vt 0.458035 0.673685
vt 0.483180 0.665491
vt 0.302796 0.538730
vt 0.295281 0.533701
vt 0.307260 0.513472
vt 0.305734 0.538843
vt 0.310650 0.495221
vt 0.313193 0.497085
vt 0.314323 0.499741
vt 0.307091 0.538391
vt 0.310990 0.534549
vt 0.312628 0.539521
vt 0.317092 0.500137
vt 0.316471 0.496803
vt 0.338960 0.489683
vt 0.341164 0.485954
vt 0.341107 0.489740
vt 0.341785 0.492791
vt 0.340542 0.485163
vt 0.338112 0.483129
vt 0.341672 0.484372
vt 0.340034 0.478043
vt 0.305113 0.490531
vt 0.299123 0.495108
vt 0.275617 0.542177
vt 0.241487 0.468154
vt 0.297146 0.495786
vt 0.236402 0.459057
vt 0.278442 0.486688
vt 0.275504 0.518106
vt 0.261716 0.542516
vt 0.224196 0.539408
vt 0.211596 0.542516
vt 0.218094 0.506296
vt 0.230695 0.460357
vt 0.208375 0.499176
vt 0.206680 0.511947
vt 0.206340 0.494882
vt 0.846325 0.608419
vt 0.844913 0.636785
vt 0.844122 0.636841
vt 0.840053 0.605311
vt 0.840731 0.635146
vt 0.837454 0.638875
vt 0.833838 0.607741
vt 0.831182 0.635598
vt 0.836945 0.672609
vt 0.827735 0.630456
vt 0.828526 0.646108
vt 0.822875 0.630230
vt 0.813891 0.608362
vt 0.826661 0.648651
vt 0.813269 0.619098
vt 0.806376 0.674079
vt 0.791345 0.620794
vt 0.799312 0.608080
vt 0.817507 0.653849
vt 0.799708 0.643791
vt 0.773150 0.650403
vt 0.788520 0.660687
vt 0.773433 0.606893
vt 0.782135 0.676960
vt 0.768178 0.634750
vt 0.770155 0.605311
vt 0.762414 0.635372
vt 0.805472 0.677978
vt 0.780326 0.680916
vt 0.784056 0.686114
vt 0.805415 0.681650
vt 0.781965 0.685436
vt 0.780044 0.685662
vt 0.781400 0.688318
vt 0.805415 0.682781
vt 0.779874 0.692217
vt 0.803098 0.686792
vt 0.806263 0.693065
vt 0.805754 0.684645
vt 0.888370 0.631059
vt 0.883945 0.656382
vt 0.881837 0.630531
vt 0.881837 0.694421
vt 0.663172 0.598806
vt 0.661816 0.631919
vt 0.660629 0.634744
vt 0.657239 0.632936
vt 0.663342 0.629941
vt 0.666958 0.593099
vt 0.665998 0.628811
vt 0.675095 0.590387
vt 0.677807 0.609655
vt 0.672383 0.629489
vt 0.686283 0.620222
vt 0.664811 0.592534
vt 0.657239 0.558518
vt 0.661929 0.593099
vt 0.660912 0.581572
vt 0.058321 0.071714
vt 0.056286 0.073240
vt 0.056286 0.067024
vt 0.814511 0.222154
vt 0.827337 0.181243
vt 0.818805 0.222719
vt 0.813606 0.249446
vt 0.827337 0.263120
vt 0.811007 0.227352
vt 0.799706 0.260182
vt 0.791852 0.253458
vt 0.801797 0.227974
vt 0.773770 0.247129
vt 0.293298 0.930416
vt 0.293298 0.874983
vt 0.297028 0.880973
vt 0.524264 0.106874
vt 0.534379 0.117950
vt 0.524264 0.198018
vt 0.587050 0.533022
vt 0.587050 0.425265
vt 0.588915 0.484088
vt 0.610331 0.495163
s 1
usemtl Material
f 4489/7571 4467/7572 4524/7573
f 4524/7573 4467/7572 4516/7574
f 4516/7574 4467/7572 4499/7575
f 4499/7575 4467/7572 4489/7571
f 4524/7573 4516/7574 4539/7576
f 4539/7576 4516/7574 4537/7577
f 4524/7573 4539/7576 4522/7578
f 4524/7573 4522/7578 4489/7571
f 4499/7575 4489/7571 4483/7579
f 4499/7575 4483/7579 4468/7580
f 4483/7579 4489/7571 4475/7581
f 4475/7581 4489/7571 4464/7582
f 4468/7580 4483/7579 4461/7583
f 4461/7583 4483/7579 4475/7581
f 4461/7583 4475/7581 4468/7580
f 4468/7580 4475/7581 4497/7584
f 4468/7580 4497/7584 4498/7585
f 4498/7585 4497/7584 4503/7586
f 4497/7584 4475/7581 4518/7587
f 4497/7584 4518/7587 4503/7586
f 4518/7587 4475/7581 4506/7588
f 4503/7586 4518/7587 4519/7589
f 4522/7590 4539/7591 4531/7592
f 4531/7592 4539/7591 4537/7593
f 4522/7590 4531/7592 4487/7594
f 4531/7592 4537/7593 4534/7595
f 4534/7595 4537/7593 4530/7596
f 4534/7595 4530/7596 4527/7597
f 4522/7590 4487/7594 4489/7598
f 4489/7598 4487/7594 4493/7599
f 4489/7598 4493/7599 4464/7600
f 4487/7601 4531/7602 4490/7603
f 4487/7601 4490/7603 4493/7604
f 4490/7603 4531/7602 4481/7605
f 4493/7604 4490/7603 4496/7606
f 4496/7606 4490/7603 4481/7605
f 4493/7604 4496/7606 4478/7607
f 4493/7604 4478/7607 4472/7608
f 4472/7608 4478/7607 4477/7609
f 4472/7608 4477/7609 4504/7610
f 4504/7610 4477/7609 4460/7611
f 4460/7611 4477/7609 4478/7607
f 4478/7607 4496/7606 4466/7612
f 4460/7611 4478/7607 4492/7613
f 4478/7607 4466/7612 4469/7614
f 4478/7607 4469/7614 4492/7613
f 4460/7611 4492/7613 4480/7615
f 4480/7615 4492/7613 4469/7614
f 4460/7611 4480/7615 4507/7616
f 4469/7614 4466/7612 4488/7617
f 4488/7617 4466/7612 4496/7606
f 4488/7617 4496/7606 4481/7605
f 4488/7617 4481/7605 4470/7618
f 4488/7617 4470/7618 4476/7619
f 4476/7619 4470/7618 4523/7620
f 4523/7620 4470/7618 4481/7605
f 4523/7620 4481/7605 4536/7621
f 4536/7621 4481/7605 4531/7602
f 4536/7621 4531/7602 4538/7622
f 4538/7622 4531/7602 4534/7623
f 4536/7621 4538/7622 4532/7624
f 4538/7622 4534/7623 4526/7625
f 4536/7621 4532/7624 4535/7626
f 4538/7622 4526/7625 4528/7627
f 4538/7622 4528/7627 4532/7624
f 4526/7625 4534/7623 4529/7628
f 4526/7625 4529/7628 4528/7627
f 4528/7627 4529/7628 4532/7624
f 4529/7628 4534/7623 4527/7629
f 4529/7628 4527/7629 4533/7630
f 4529/7628 4533/7630 4532/7624
f 4532/7624 4533/7630 4516/7631
f 4532/7624 4516/7631 4535/7626
f 4535/7626 4516/7631 4525/7632
f 4535/7626 4525/7632 4465/7633
f 4525/7632 4516/7631 4462/7634
f 4525/7632 4462/7634 4465/7633
f 4462/7634 4516/7631 4501/7635
f 4465/7633 4462/7634 4500/7636
f 4464/7637 4493/7638 4472/7639
f 4464/7637 4472/7639 4475/7640
f 4475/7640 4472/7639 4485/7641
f 4485/7641 4472/7639 4504/7642
f 4485/7641 4504/7642 4475/7640
f 4475/7640 4504/7642 4506/7643
f 4506/7643 4504/7642 4515/7644
f 4515/7644 4504/7642 4460/7645
f 4506/7643 4515/7644 4521/7646
f 4515/7644 4460/7645 4520/7647
f 4515/7644 4520/7647 4521/7646
f 4506/7643 4521/7646 4509/7648
f 4509/7648 4521/7646 4520/7647
f 4506/7643 4509/7648 4518/7649
f 4520/7647 4460/7645 4510/7650
f 4520/7647 4510/7650 4509/7648
f 4518/7649 4509/7648 4519/7651
f 4510/7650 4460/7645 4507/7652
f 4512/7653 4503/7654 4519/7651
f 4509/7648 4510/7650 4517/7655
f 4517/7655 4510/7650 4507/7652
f 4519/7651 4509/7648 4513/7656
f 4519/7651 4513/7656 4512/7653
f 4513/7656 4509/7648 4517/7655
f 4512/7653 4513/7656 4514/7657
f 4513/7656 4517/7655 4511/7658
f 4513/7656 4511/7658 4514/7657
f 4511/7658 4517/7655 4507/7652
f 4512/7653 4514/7657 4505/7659
f 4511/7658 4507/7652 4508/7660
f 4505/7659 4514/7657 4494/7661
f 4505/7659 4494/7661 4474/7662
f 4474/7662 4494/7661 4471/7663
f 4508/7660 4507/7652 4480/7664
f 4508/7660 4480/7664 4482/7665
f 4482/7665 4480/7664 4473/7666
f 4473/7666 4480/7664 4469/7667
f 4482/7665 4473/7666 4502/7668
f 4482/7665 4502/7668 4463/7669
f 4473/7666 4469/7667 4484/7670
f 4463/7669 4502/7668 4484/7670
f 4484/7670 4502/7668 4473/7666
f 4484/7670 4469/7667 4488/7671
f 4484/7670 4488/7671 4491/7672
f 4491/7672 4488/7671 4479/7673
f 4491/7672 4479/7673 4523/7674
f 4479/7673 4488/7671 4476/7675
f 4479/7673 4476/7675 4523/7674
f 4491/7676 4523/7677 4535/7678
f 4535/7678 4523/7677 4536/7679
f 4500/7680 4484/7681 4491/7682
f 4500/7680 4491/7682 4465/7683
f 4484/7681 4500/7680 4463/7684
f 4463/7684 4500/7680 4471/7685
f 4463/7684 4471/7685 4482/7686
f 4482/7686 4471/7685 4494/7687
f 4482/7686 4494/7687 4514/7688
f 4482/7686 4514/7688 4508/7689
f 4508/7689 4514/7688 4511/7690
f 4471/7685 4500/7680 4495/7691
f 4471/7685 4495/7691 4486/7692
f 4495/7691 4500/7680 4462/7693
f 4486/7692 4495/7691 4501/7694
f 4501/7694 4495/7691 4462/7693
f 4465/7695 4491/7696 4535/7697
f 4486/7698 4501/7699 4516/7700
f 4486/7698 4516/7700 4468/7701
f 4468/7701 4516/7700 4499/7702
f 4486/7698 4468/7701 4474/7703
f 4474/7703 4468/7701 4498/7704
f 4474/7703 4498/7704 4503/7705
f 4474/7703 4503/7705 4505/7706
f 4505/7706 4503/7705 4512/7707
f 4471/7708 4486/7709 4474/7710
f 4516/7711 4533/7712 4537/7713
f 4537/7714 4533/7715 4530/7716
f 4530/7716 4533/7715 4527/7717
