# Blender 5.0.1
# www.blender.org
mtllib tripo_convert_71ced92c-14d4-4041-b697-20c6d90be167.mtl
o tripo_part_0
v -0.129947 0.022797 -0.421473
v -0.129665 0.131245 -0.470145
v -0.129526 0.109993 -0.479789
v -0.129284 0.131607 -0.331115
v -0.128942 0.130196 -0.477927
v -0.128617 0.067818 -0.467170
v -0.128563 0.084569 -0.465880
v -0.128551 0.082410 -0.464766
v -0.128524 0.085360 -0.467078
v -0.128487 0.067381 -0.475035
v -0.128480 0.085435 -0.475783
v -0.128384 0.042866 -0.451094
v -0.128330 0.076765 -0.327506
v -0.128315 0.082209 -0.477820
v -0.128311 0.068689 -0.465956
v -0.128310 0.071881 -0.464850
v -0.128309 0.063465 -0.328368
v -0.128298 0.042946 -0.478034
v -0.128247 0.129696 -0.435962
v -0.128131 0.068480 -0.476500
v -0.128094 0.089937 -0.315223
v -0.128067 0.071386 -0.477813
v -0.127525 0.043011 -0.316146
v -0.127354 0.043080 -0.471022
v -0.126795 0.131359 -0.329268
v -0.126490 0.076495 -0.317252
v -0.125910 0.044029 -0.442786
v -0.125856 0.076459 -0.325118
v -0.125455 0.042805 -0.442725
v -0.124461 0.094820 -0.316123
v -0.124124 0.109057 -0.381440
v -0.124015 0.042961 -0.441329
v -0.123823 0.088898 -0.475821
v -0.123506 0.083681 -0.314963
v -0.123495 0.082679 -0.328124
v -0.123494 0.096840 -0.324675
v -0.123439 0.117829 -0.311805
v -0.123340 0.121742 -0.478995
v -0.123175 0.131386 -0.467513
v -0.122933 0.059794 -0.314917
v -0.122797 0.093007 -0.328147
v -0.122760 0.079700 -0.317755
v -0.122643 0.130936 -0.416618
v -0.122124 0.055510 -0.324790
v -0.122075 0.040867 -0.311774
v -0.122043 0.043068 -0.466010
v -0.122030 0.071967 -0.315596
v -0.121797 0.043522 -0.411348
v -0.121629 0.129284 -0.313079
v -0.121397 0.076299 -0.477515
v -0.121347 0.131268 -0.477759
v -0.121246 0.062252 -0.475302
v -0.120972 0.076686 -0.464633
v -0.120900 0.088898 -0.464537
v -0.120879 0.091592 -0.466727
v -0.120838 0.087932 -0.477645
v -0.120803 0.131806 -0.340953
v -0.120749 0.058809 -0.328002
v -0.120491 0.072409 -0.325240
v -0.120216 0.062660 -0.476531
v -0.120126 0.127812 -0.311988
v -0.119764 0.023167 -0.312293
v -0.119290 0.131378 -0.327460
v -0.119277 0.060442 -0.466994
v -0.119165 0.064137 -0.464373
v -0.118874 0.100639 -0.316672
v -0.118864 0.052736 -0.316832
v -0.118605 0.082420 -0.325560
v -0.118571 0.076454 -0.476348
v -0.118365 0.129917 -0.479018
v -0.118339 0.109076 -0.320761
v -0.118045 0.097513 -0.314666
v -0.117872 0.070067 -0.316703
v -0.117745 0.066463 -0.327903
v -0.117601 0.072899 -0.464190
v -0.117483 0.043125 -0.446811
v -0.117331 0.101729 -0.324492
v -0.117167 0.131676 -0.351340
v -0.117157 0.131588 -0.358973
v -0.116673 0.076426 -0.466590
v -0.116456 0.042889 -0.468062
v -0.116274 0.108999 -0.478247
v -0.116144 0.076529 -0.474692
v -0.116018 0.030510 -0.479331
v -0.115947 0.076478 -0.473700
v -0.115925 0.109619 -0.311805
v -0.115899 0.095132 -0.474417
v -0.114931 0.042954 -0.329322
v -0.114876 0.043076 -0.402637
v -0.114748 0.042931 -0.440497
v -0.114670 0.131107 -0.369517
v -0.114536 0.129936 -0.416506
v -0.114412 0.082073 -0.477309
v -0.114334 0.130493 -0.445750
v -0.114281 0.100512 -0.327620
v -0.114223 0.043091 -0.458026
v -0.114199 0.090097 -0.314627
v -0.114046 0.050041 -0.326300
v -0.113920 0.130985 -0.468802
v -0.113914 0.042759 -0.444110
v -0.113756 0.072928 -0.464492
v -0.113617 0.090211 -0.327658
v -0.113594 0.042339 -0.477111
v -0.113521 0.130856 -0.416190
v -0.113495 0.042816 -0.409994
v -0.113415 0.121777 -0.311293
v -0.113214 0.060234 -0.477210
v -0.113087 0.103825 -0.326354
v -0.112696 0.130718 -0.413962
v -0.112690 0.097958 -0.466002
v -0.112522 0.043137 -0.382321
v -0.112453 0.081018 -0.465544
v -0.112436 0.065193 -0.326140
v -0.112400 0.089187 -0.326896
v -0.112160 0.110577 -0.478972
v -0.111952 0.130531 -0.448188
v -0.111685 0.073089 -0.474158
v -0.111519 0.040318 -0.311316
v -0.111362 0.118179 -0.478926
v -0.111254 0.055876 -0.464820
v -0.111236 0.080938 -0.466880
v -0.111179 0.054526 -0.473464
v -0.111004 0.054033 -0.466079
v -0.110937 0.061342 -0.314254
v -0.110811 0.094602 -0.477111
v -0.110784 0.042965 -0.454486
v -0.110603 0.130249 -0.411444
v -0.110479 0.026634 -0.479003
v -0.110248 0.081405 -0.474318
v -0.110233 0.067703 -0.477126
v -0.110210 0.089592 -0.317221
v -0.110124 0.042988 -0.391579
v -0.109924 0.099739 -0.474128
v -0.109863 0.060579 -0.327292
v -0.109695 0.054217 -0.475005
v -0.109442 0.085477 -0.464011
v -0.109239 0.108975 -0.315764
v -0.109136 0.109034 -0.322486
v -0.109115 0.108198 -0.323951
v -0.109115 0.131687 -0.319182
v -0.109043 0.109055 -0.454829
v -0.108978 0.108330 -0.316169
v -0.108930 0.042973 -0.469344
v -0.108833 0.131607 -0.311469
v -0.108387 0.061165 -0.314948
v -0.108265 0.129952 -0.425530
v -0.108238 0.066422 -0.463813
v -0.108200 0.105879 -0.314177
v -0.107611 0.042576 -0.312629
v -0.107586 0.107733 -0.326285
v -0.107471 0.091215 -0.324965
v -0.107319 0.043606 -0.324607
v -0.107231 0.098360 -0.463740
v -0.107136 0.042984 -0.317282
v -0.106750 0.109078 -0.326896
v -0.106748 0.061278 -0.316565
v -0.106645 0.068956 -0.466140
v -0.106556 0.131344 -0.458087
v -0.106287 0.116360 -0.310920
v -0.106272 0.085438 -0.475577
v -0.106232 0.061392 -0.324256
v -0.106108 0.131497 -0.469977
v -0.106047 0.039017 -0.477546
v -0.105947 0.046253 -0.314055
v -0.105858 0.108790 -0.314276
v -0.105631 0.102345 -0.464602
v -0.105568 0.067201 -0.464846
v -0.105360 0.053198 -0.463721
v -0.105333 0.101898 -0.475699
v -0.105265 0.042999 -0.451339
v -0.105137 0.067978 -0.473845
v -0.105032 0.107016 -0.327117
v -0.104841 0.131371 -0.327987
v -0.104824 0.041985 -0.475928
v -0.104721 0.043171 -0.405407
v -0.104507 0.042988 -0.315108
v -0.104498 0.028549 -0.310744
v -0.104397 0.097637 -0.313979
v -0.104242 0.042919 -0.325957
v -0.104126 0.042992 -0.347796
v -0.103922 0.022801 -0.469466
v -0.103340 0.119423 -0.478530
v -0.103285 0.088000 -0.465407
v -0.103256 0.045052 -0.327025
v -0.103010 0.063929 -0.476241
v -0.102791 0.048126 -0.474463
v -0.102690 0.091903 -0.463748
v -0.102396 0.055515 -0.326941
v -0.102220 0.109139 -0.311362
v -0.102144 0.109057 -0.341216
v -0.102041 0.023373 -0.478072
v -0.102020 0.131580 -0.477042
v -0.101976 0.102245 -0.476638
v -0.101953 0.050537 -0.476577
v -0.101948 0.105841 -0.474509
v -0.101814 0.046829 -0.465827
v -0.101738 0.043251 -0.438994
v -0.101669 0.088296 -0.466925
v -0.101097 0.045349 -0.442721
v -0.101019 0.131828 -0.342391
v -0.100904 0.091796 -0.476462
v -0.100567 0.130066 -0.478385
v -0.100012 0.062338 -0.464560
v -0.100006 0.089366 -0.474242
v -0.099657 0.108170 -0.466201
v -0.099352 0.063492 -0.473853
v -0.099264 0.109280 -0.477446
v -0.099260 0.109026 -0.473769
v -0.099237 0.116524 -0.478270
v -0.098680 0.098421 -0.315810
v -0.098486 0.108671 -0.474128
v -0.098444 0.042832 -0.467246
v -0.098287 0.098105 -0.324019
v -0.098173 0.059229 -0.476378
v -0.098158 0.108986 -0.463084
v -0.098116 0.107685 -0.464133
v -0.098051 0.043514 -0.466445
v -0.097730 0.042549 -0.325705
v -0.097669 0.054743 -0.324309
v -0.097631 0.042755 -0.472274
v -0.097517 0.043747 -0.472686
v -0.097288 0.045483 -0.475722
v -0.097280 0.092954 -0.464621
v -0.097254 0.131832 -0.348155
v -0.097132 0.131558 -0.366645
v -0.097109 0.104769 -0.313430
v -0.097105 0.043030 -0.328528
v -0.097074 0.108940 -0.313514
v -0.097025 0.051380 -0.330382
v -0.096792 0.050226 -0.313475
v -0.096781 0.042931 -0.314246
v -0.096636 0.036553 -0.477469
v -0.096533 0.049488 -0.328391
v -0.096498 0.052073 -0.338408
v -0.096422 0.108727 -0.326560
v -0.096407 0.060999 -0.466155
v -0.096380 0.042889 -0.443774
v -0.096372 0.042999 -0.340880
v -0.096350 0.043335 -0.464480
v -0.096277 0.053370 -0.315688
v -0.096109 0.101608 -0.314368
v -0.096083 0.045498 -0.326567
v -0.095861 0.103287 -0.326430
v -0.095293 0.107723 -0.463172
v -0.095239 0.130779 -0.310134
v -0.095232 0.040505 -0.476531
v -0.095209 0.041672 -0.310057
v -0.095186 0.033299 -0.310073
v -0.095171 0.108809 -0.475806
v -0.095136 0.110253 -0.310096
v -0.095079 0.117729 -0.310111
v -0.095026 0.023976 -0.310263
v -0.095014 0.056416 -0.463153
v -0.094980 0.049322 -0.326331
v -0.094896 0.135079 -0.309333
v -0.094885 0.043030 -0.386245
v -0.094873 0.131863 -0.311347
v -0.094759 0.022812 -0.311209
v -0.094747 0.048918 -0.386168
v -0.094625 0.108839 -0.315146
v -0.094583 0.014671 -0.309439
v -0.094534 0.053436 -0.393274
v -0.094511 0.051603 -0.316481
v -0.094503 0.122650 -0.308875
v -0.094488 0.103192 -0.315398
v -0.094450 0.018440 -0.308448
v -0.094400 0.051275 -0.312064
v -0.094400 0.043041 -0.395861
v -0.094389 0.100960 -0.311980
v -0.094374 0.022812 -0.330489
v -0.094362 0.052326 -0.331610
v -0.094343 0.043137 -0.316199
v -0.094339 0.131928 -0.326178
v -0.094335 0.101494 -0.319320
v -0.094324 0.042195 -0.474410
v -0.094259 0.108608 -0.311591
v -0.094232 0.029789 -0.477874
v -0.094187 0.080023 -0.311202
v -0.094183 0.043121 -0.324401
v -0.094175 0.042988 -0.312232
v -0.094164 0.051401 -0.324805
v -0.094164 0.043331 -0.326773
v -0.094152 0.042881 -0.401174
v -0.094080 0.108399 -0.325476
v -0.094076 0.049275 -0.401323
v -0.094015 0.053110 -0.319335
v -0.094004 0.102181 -0.324996
v -0.093954 0.028309 -0.307936
v -0.093790 0.135212 -0.327712
v -0.093756 0.014336 -0.326651
v -0.093752 0.022312 -0.328566
v -0.093691 0.099964 -0.327147
v -0.093687 0.107542 -0.476294
v -0.093668 0.051897 -0.327048
v -0.093626 0.109112 -0.327552
v -0.093611 0.079868 -0.327285
v -0.093538 0.049341 -0.327811
v -0.093469 0.042603 -0.308768
v -0.093359 0.042999 -0.463301
v -0.093248 0.110693 -0.477927
v -0.093206 0.015823 -0.328322
v -0.093069 0.131451 -0.349406
v -0.092817 0.131508 -0.447322
v -0.092707 0.135281 -0.306365
v -0.092676 0.058388 -0.473937
v -0.092672 0.131066 -0.411504
v -0.092638 0.131786 -0.357096
v -0.092604 0.044106 -0.411170
v -0.092531 0.131821 -0.329947
v -0.092436 0.012177 -0.310897
v -0.092378 0.107926 -0.309409
v -0.092317 0.109625 -0.306678
v -0.092314 0.039265 -0.306205
v -0.092226 0.138188 -0.309020
v -0.092184 0.086428 -0.309562
v -0.091974 0.105358 -0.309554
v -0.091963 0.043583 -0.309523
v -0.091883 0.016281 -0.306342
v -0.091802 0.105757 -0.328757
v -0.091802 0.042923 -0.410428
v -0.091677 0.095705 -0.474227
v -0.091566 0.069966 -0.328986
v -0.091528 0.024883 -0.306159
v -0.091448 0.099968 -0.463053
v -0.091432 0.072300 -0.309417
v -0.091425 0.109091 -0.329757
v -0.091387 0.053251 -0.329093
v -0.091326 0.096441 -0.465262
v -0.091101 0.042881 -0.445887
v -0.091078 0.022343 -0.330138
v -0.091009 0.138230 -0.326957
v -0.090906 0.131802 -0.366042
v -0.090879 0.012215 -0.327452
v -0.090849 0.043488 -0.438002
v -0.090837 0.051636 -0.329596
v -0.090837 0.048382 -0.446952
v -0.090780 0.031441 -0.477675
v -0.090620 0.015328 -0.329840
v -0.090597 0.043736 -0.446170
v -0.090578 0.135487 -0.329749
v -0.090547 0.042996 -0.452273
v -0.090505 0.012680 -0.308364
v -0.090494 0.053135 -0.451598
v -0.090250 0.043057 -0.407653
v -0.090227 0.043015 -0.459842
v -0.090132 0.051914 -0.456694
v -0.090067 0.050383 -0.458388
v -0.089773 0.080680 -0.329139
v -0.089685 0.052204 -0.448188
v -0.089575 0.131210 -0.413304
v -0.089357 0.045448 -0.475936
v -0.089025 0.045990 -0.444770
v -0.088919 0.047432 -0.460143
v -0.088495 0.041172 -0.348017
v -0.088404 0.055287 -0.465224
v -0.088205 0.051485 -0.475966
v -0.088060 0.119778 -0.305800
v -0.087953 0.049294 -0.462737
v -0.087866 0.042919 -0.460223
v -0.087862 0.126751 -0.305884
v -0.087690 0.135250 -0.430844
v -0.087686 0.032887 -0.305747
v -0.087675 0.143295 -0.428977
v -0.087618 0.101948 -0.475745
v -0.087553 0.043480 -0.442443
v -0.087545 0.120602 -0.304137
v -0.087461 0.131775 -0.331389
v -0.087351 0.108118 -0.329055
v -0.087290 0.148590 -0.333174
v -0.087252 0.131165 -0.449038
v -0.087194 0.152374 -0.435447
v -0.087141 0.053190 -0.451510
v -0.087053 0.131668 -0.440593
v -0.087011 0.054239 -0.473601
v -0.086889 0.148491 -0.339713
v -0.086840 0.131790 -0.345122
v -0.086832 0.052487 -0.329032
v -0.086805 0.025429 -0.305732
v -0.086794 0.126892 -0.304114
v -0.086782 0.131580 -0.433211
v -0.086717 0.140759 -0.344973
v -0.086702 0.032837 -0.304175
v -0.086630 0.043045 -0.444812
v -0.086531 0.145439 -0.448481
v -0.086523 0.043507 -0.309256
v -0.086428 0.135777 -0.428878
v -0.086126 0.150765 -0.444442
v -0.085882 0.141506 -0.426877
v -0.085737 0.131390 -0.468756
v -0.085668 0.026028 -0.304038
v -0.085657 0.041092 -0.347449
v -0.085512 0.131786 -0.467505
v -0.085382 0.134758 -0.446509
v -0.085367 0.042969 -0.347544
v -0.085291 0.043366 -0.443347
v -0.085176 0.103989 -0.463153
v -0.085111 0.022701 -0.463839
v -0.085096 0.131764 -0.459986
v -0.085058 0.108688 -0.462703
v -0.085050 0.139912 -0.449042
v -0.085031 0.014107 -0.461978
v -0.085012 0.131760 -0.475890
v -0.085012 0.049856 -0.462989
v -0.085005 0.131851 -0.442969
v -0.084982 0.101502 -0.464656
v -0.084970 0.130783 -0.477614
v -0.084963 0.136261 -0.459624
v -0.084955 0.043530 -0.340823
v -0.084951 0.022782 -0.459807
v -0.084947 0.108797 -0.475440
v -0.084894 0.100462 -0.462825
v -0.084894 0.131779 -0.470046
v -0.084883 0.047508 -0.340350
v -0.084883 0.042973 -0.463027
v -0.084871 0.042618 -0.474524
v -0.084829 0.041248 -0.338782
v -0.084768 0.023285 -0.477362
v -0.084757 0.052082 -0.464350
v -0.084749 0.109989 -0.477546
v -0.084661 0.084880 -0.461604
v -0.084623 0.052984 -0.334807
v -0.084589 0.048901 -0.474974
v -0.084574 0.030220 -0.477469
v -0.084562 0.102795 -0.474753
v -0.084562 0.042652 -0.344588
v -0.084486 0.047108 -0.342746
v -0.084486 0.041348 -0.477057
v -0.084478 0.119812 -0.477546
v -0.084471 0.057428 -0.461287
v -0.084452 0.051994 -0.473586
v -0.084436 0.118324 -0.477591
v -0.084436 0.131809 -0.368258
v -0.084398 0.100998 -0.472953
v -0.084368 0.135796 -0.477080
v -0.084303 0.133545 -0.479857
v -0.084299 0.109476 -0.479735
v -0.084287 0.015015 -0.479216
v -0.084253 0.108563 -0.476607
v -0.084234 0.104929 -0.461158
v -0.084226 0.042149 -0.479903
v -0.084207 0.097248 -0.477225
v -0.084196 0.066719 -0.477553
v -0.084188 0.118946 -0.479644
v -0.084108 0.043186 -0.460669
v -0.084085 0.054047 -0.477607
v -0.083944 0.023857 -0.480368
v -0.083483 0.132332 -0.331305
v -0.083471 0.131626 -0.450496
v -0.083460 0.132801 -0.330291
v -0.083292 0.045372 -0.445243
v -0.083265 0.060179 -0.328864
v -0.083246 0.043537 -0.478629
v -0.083174 0.122822 -0.481086
v -0.083124 0.054882 -0.460017
v -0.082979 0.022797 -0.458113
v -0.082910 0.067070 -0.328902
v -0.082788 0.043675 -0.445761
v -0.082777 0.047550 -0.459685
v -0.082723 0.108917 -0.459510
v -0.082701 0.131786 -0.375075
v -0.082643 0.012734 -0.478667
v -0.082632 0.107983 -0.478408
v -0.082468 0.098526 -0.478751
v -0.082445 0.052893 -0.453749
v -0.082445 0.021641 -0.458449
v -0.082361 0.070385 -0.479277
v -0.082315 0.095342 -0.328727
v -0.082292 0.015091 -0.458506
v -0.082235 0.043118 -0.341384
v -0.082212 0.085760 -0.459601
v -0.082098 0.043636 -0.459544
v -0.082094 0.131848 -0.458167
v -0.081991 0.138210 -0.461310
v -0.081961 0.043114 -0.441939
v -0.081934 0.051584 -0.459544
v -0.081777 0.108217 -0.459571
v -0.081758 0.015183 -0.305648
v -0.081701 0.012200 -0.460730
v -0.081522 0.121872 -0.482108
v -0.081503 0.043007 -0.481536
v -0.081465 0.138165 -0.478904
v -0.081446 0.041992 -0.482383
v -0.081377 0.043640 -0.479605
v -0.081358 0.134560 -0.331366
v -0.081343 0.134472 -0.482436
v -0.081343 0.136330 -0.481620
v -0.081259 0.135136 -0.458392
v -0.081255 0.117298 -0.304061
v -0.081232 0.014992 -0.482344
v -0.081137 0.130192 -0.305709
v -0.081129 0.043553 -0.308997
v -0.081098 0.109882 -0.482169
v -0.081068 0.129097 -0.303809
v -0.080854 0.035465 -0.303794
v -0.080767 0.090037 -0.308883
v -0.080763 0.042652 -0.347792
v -0.080633 0.107983 -0.479117
v -0.080492 0.116528 -0.305854
v -0.080458 0.036789 -0.305655
v -0.080221 0.131783 -0.350470
v -0.080030 0.131771 -0.409036
v -0.079973 0.042965 -0.407776
v -0.079630 0.131626 -0.413657
v -0.079580 0.022759 -0.329581
v -0.079573 0.047409 -0.459494
v -0.079489 0.108933 -0.481604
v -0.079325 0.012283 -0.480262
v -0.079313 0.024094 -0.305556
v -0.079275 0.147263 -0.342799
v -0.079122 0.135227 -0.329810
v -0.078813 0.134129 -0.406737
v -0.078470 0.131725 -0.375018
v -0.078379 0.132961 -0.374997
v -0.078268 0.131642 -0.405928
v -0.078073 0.042904 -0.441195
v -0.077928 0.043736 -0.440688
v -0.077864 0.120144 -0.481955
v -0.077825 0.032429 -0.482184
v -0.077818 0.132050 -0.330214
v -0.077738 0.151825 -0.432475
v -0.077627 0.131596 -0.401408
v -0.077608 0.053076 -0.450465
v -0.077581 0.046436 -0.444869
v -0.077352 0.042923 -0.306426
v -0.077326 0.125778 -0.481894
v -0.077093 0.144882 -0.344455
v -0.077093 0.061037 -0.453780
v -0.077001 0.109055 -0.399241
v -0.076994 0.049173 -0.458125
v -0.076917 0.125015 -0.483992
v -0.076780 0.045151 -0.440257
v -0.076712 0.109059 -0.360526
v -0.076708 0.120766 -0.484084
v -0.076654 0.025650 -0.482238
v -0.076425 0.043133 -0.437552
v -0.076177 0.030174 -0.303412
v -0.076120 0.014015 -0.329009
v -0.076105 0.052809 -0.448359
v -0.076078 0.026322 -0.484343
v -0.076032 0.123196 -0.303405
v -0.075575 0.049360 -0.444518
v -0.075556 0.125282 -0.305419
v -0.075456 0.043331 -0.479140
v -0.075434 0.109097 -0.329093
v -0.075296 0.121792 -0.305777
v -0.074949 0.055634 -0.479186
v -0.074938 0.043583 -0.308623
v -0.074896 0.031227 -0.305487
v -0.074804 0.051937 -0.329009
v -0.074701 0.048704 -0.385232
v -0.074678 0.107878 -0.308486
v -0.074529 0.052706 -0.328391
v -0.074312 0.053131 -0.390384
v -0.074266 0.108776 -0.306479
v -0.074221 0.102205 -0.459311
v -0.074209 0.107573 -0.328360
v -0.074137 0.021156 -0.305350
v -0.074087 0.148369 -0.332503
v -0.074007 0.041550 -0.305350
v -0.073980 0.042568 -0.481650
v -0.073973 0.110661 -0.305480
v -0.073885 0.053061 -0.331298
v -0.073812 0.077377 -0.328360
v -0.073759 0.131825 -0.399995
v -0.073702 0.131066 -0.305320
v -0.073690 0.120381 -0.305449
v -0.073664 0.135418 -0.305228
v -0.073618 0.137905 -0.307921
v -0.073561 0.074059 -0.459258
v -0.073492 0.128521 -0.481856
v -0.073454 0.053129 -0.334395
v -0.073423 0.043030 -0.444995
v -0.073393 0.036072 -0.484267
v -0.073381 0.046036 -0.459311
v -0.073374 0.043949 -0.437526
v -0.073347 0.107021 -0.478934
v -0.073248 0.125340 -0.305327
v -0.073240 0.043068 -0.306617
v -0.073152 0.036991 -0.482085
v -0.073133 0.115536 -0.481879
v -0.073065 0.042915 -0.437320
v -0.073042 0.043045 -0.385226
v -0.072992 0.092990 -0.309607
v -0.072946 0.116367 -0.484023
v -0.072943 0.022846 -0.329207
v -0.072920 0.022808 -0.338210
v -0.072836 0.048256 -0.341155
v -0.072817 0.062704 -0.327781
v -0.072706 0.134880 -0.482024
v -0.072691 0.108175 -0.327903
v -0.072615 0.051327 -0.327819
v -0.072546 0.047852 -0.386304
v -0.072515 0.012299 -0.308242
v -0.072481 0.043434 -0.309752
v -0.072477 0.128353 -0.484191
v -0.072359 0.043240 -0.340644
v -0.072325 0.022526 -0.457778
v -0.072298 0.033917 -0.305777
v -0.072260 0.043274 -0.435847
v -0.072077 0.043457 -0.327063
v -0.071974 0.048348 -0.400240
v -0.071913 0.015656 -0.305220
v -0.071886 0.149269 -0.334769
v -0.071863 0.043286 -0.314948
v -0.071855 0.107922 -0.310256
v -0.071852 0.043301 -0.310805
v -0.071817 0.043018 -0.399166
v -0.071810 0.043205 -0.320243
v -0.071730 0.101452 -0.326789
v -0.071707 0.052923 -0.396078
v -0.071630 0.052548 -0.319030
v -0.071581 0.101158 -0.315543
v -0.071577 0.131764 -0.356181
v -0.071577 0.051880 -0.330275
v -0.071573 0.062405 -0.315146
v -0.071569 0.077843 -0.479102
v -0.071543 0.023556 -0.482001
v -0.071504 0.012245 -0.326010
v -0.071440 0.109099 -0.328666
v -0.071398 0.043251 -0.339392
v -0.071379 0.054606 -0.321738
v -0.071379 0.048752 -0.338393
v -0.071321 0.073857 -0.319808
v -0.071287 0.125488 -0.331359
v -0.071260 0.043488 -0.325972
v -0.071234 0.071187 -0.326224
v -0.071112 0.048853 -0.326079
v -0.071081 0.024281 -0.483733
v -0.071050 0.138371 -0.332022
v -0.071028 0.135151 -0.329039
v -0.070982 0.109036 -0.350730
v -0.070955 0.015640 -0.328818
v -0.070951 0.131893 -0.329734
v -0.070944 0.138222 -0.314238
v -0.070864 0.148148 -0.339530
v -0.070818 0.116367 -0.332709
v -0.070780 0.138233 -0.325911
v -0.070650 0.025486 -0.328765
v -0.070604 0.123863 -0.328650
v -0.070577 0.117920 -0.328528
v -0.070555 0.109163 -0.338874
v -0.070555 0.127606 -0.328833
v -0.070528 0.032639 -0.328391
v -0.070501 0.030056 -0.328322
v -0.070490 0.042195 -0.328543
v -0.070436 0.138146 -0.479476
v -0.070387 0.110140 -0.328032
v -0.070352 0.012474 -0.314200
v -0.070238 0.031483 -0.342006
v -0.070234 0.022946 -0.347995
v -0.070154 0.140629 -0.344046
v -0.070120 0.131424 -0.344023
v -0.070047 0.042679 -0.312072
v -0.070017 0.037926 -0.336882
v -0.069967 0.026386 -0.338950
v -0.069914 0.043434 -0.479087
v -0.069643 0.042908 -0.348410
v -0.069624 0.115364 -0.348014
v -0.069567 0.029194 -0.308196
v -0.069517 0.109091 -0.377757
v -0.069506 0.120182 -0.308593
v -0.069498 0.131737 -0.374461
v -0.069414 0.134098 -0.308745
v -0.069395 0.031593 -0.309768
v -0.069364 0.116978 -0.354560
v -0.069364 0.125218 -0.308440
v -0.069353 0.123802 -0.351573
v -0.069338 0.041439 -0.309188
v -0.069296 0.032551 -0.349822
v -0.069269 0.109968 -0.350817
v -0.069254 0.112206 -0.308409
v -0.069250 0.121719 -0.351786
v -0.069242 0.122093 -0.310180
v -0.069200 0.014946 -0.307540
v -0.069197 0.107931 -0.478957
v -0.069193 0.022179 -0.308554
v -0.069101 0.110077 -0.309981
v -0.069101 0.130623 -0.357501
v -0.069040 0.124642 -0.310447
v -0.069040 0.037666 -0.313346
v -0.069029 0.042767 -0.325774
v -0.068960 0.116978 -0.313552
v -0.068960 0.129803 -0.313826
v -0.068907 0.025971 -0.313109
v -0.068827 0.052750 -0.448016
v -0.068811 0.030266 -0.357688
v -0.068777 0.022785 -0.384833
v -0.068685 0.109612 -0.368644
v -0.068666 0.132076 -0.431115
v -0.068659 0.022774 -0.407043
v -0.068632 0.035702 -0.362082
v -0.068472 0.116581 -0.320105
v -0.068449 0.047489 -0.444449
v -0.068369 0.026016 -0.321280
v -0.068361 0.042843 -0.374018
v -0.068334 0.115700 -0.370265
v -0.068296 0.036530 -0.321616
v -0.068258 0.109921 -0.325515
v -0.068258 0.128506 -0.321006
v -0.068251 0.033302 -0.325217
v -0.068220 0.117020 -0.484031
v -0.068197 0.042835 -0.393966
v -0.068193 0.122349 -0.326133
v -0.068189 0.015999 -0.325766
v -0.068170 0.122006 -0.373957
v -0.068163 0.023438 -0.370539
v -0.068128 0.122315 -0.323615
v -0.068113 0.045536 -0.459040
v -0.068098 0.135468 -0.325721
v -0.068052 0.109350 -0.382344
v -0.068029 0.130680 -0.373986
v -0.068022 0.042839 -0.411719
v -0.068014 0.041077 -0.324897
v -0.068014 0.031662 -0.370776
v -0.067999 0.054262 -0.447982
v -0.067983 0.023625 -0.396692
v -0.067922 0.116814 -0.374579
v -0.067808 0.129032 -0.375539
v -0.067747 0.120644 -0.378026
v -0.067678 0.115044 -0.380849
v -0.067671 0.132439 -0.443023
v -0.067671 0.023445 -0.406328
v -0.067556 0.042858 -0.458442
v -0.067488 0.030388 -0.379983
v -0.067449 0.109091 -0.402545
v -0.067419 0.116058 -0.481650
v -0.067411 0.123245 -0.382624
v -0.067396 0.033241 -0.381112
v -0.067381 0.035618 -0.481643
v -0.067327 0.128258 -0.481513
v -0.067320 0.110453 -0.384593
v -0.067289 0.039017 -0.380988
v -0.067182 0.127274 -0.483542
v -0.066961 0.109051 -0.449027
v -0.066946 0.042027 -0.391992
v -0.066923 0.031597 -0.310965
v -0.066816 0.025269 -0.481742
v -0.066809 0.033726 -0.388990
v -0.066801 0.129753 -0.392366
v -0.066748 0.119103 -0.396918
v -0.066709 0.052757 -0.453429
v -0.066694 0.109955 -0.395853
v -0.066664 0.129017 -0.314223
v -0.066625 0.123066 -0.310607
v -0.066595 0.121182 -0.399500
v -0.066534 0.036884 -0.313590
v -0.066526 0.050047 -0.444831
v -0.066488 0.087302 -0.478041
v -0.066480 0.131176 -0.404416
v -0.066450 0.039097 -0.390655
v -0.066374 0.117935 -0.313384
v -0.066374 0.052460 -0.446917
v -0.066328 0.026859 -0.313788
v -0.066244 0.076000 -0.478171
v -0.066236 0.053021 -0.450087
v -0.066213 0.033505 -0.399883
v -0.066168 0.030922 -0.405506
v -0.066099 0.039570 -0.400040
v -0.066007 0.036194 -0.320792
v -0.065992 0.042366 -0.409782
v -0.065916 0.131802 -0.450064
v -0.065908 0.041195 -0.481635
v -0.065878 0.127873 -0.320464
v -0.065863 0.118755 -0.321349
v -0.065855 0.042908 -0.412397
v -0.065847 0.049000 -0.457534
v -0.065840 0.116116 -0.408438
v -0.065824 0.110029 -0.409046
v -0.065817 0.131901 -0.431945
v -0.065779 0.042893 -0.444732
v -0.065779 0.026909 -0.320296
v -0.065740 0.108969 -0.458106
v -0.065718 0.047814 -0.445102
v -0.065649 0.120899 -0.413852
v -0.065519 0.052536 -0.452746
v -0.065351 0.053620 -0.458819
v -0.065351 0.051277 -0.448138
v -0.065321 0.043095 -0.457709
v -0.065298 0.109495 -0.424115
v -0.065283 0.109579 -0.450728
v -0.065183 0.042877 -0.435874
v -0.065145 0.041668 -0.416198
v -0.065115 0.029377 -0.416774
v -0.065016 0.049727 -0.455725
v -0.064993 0.107962 -0.478507
v -0.064985 0.032349 -0.483832
v -0.064947 0.014290 -0.457770
v -0.064909 0.108391 -0.458712
v -0.064894 0.043026 -0.454718
v -0.064764 0.120266 -0.435508
v -0.064749 0.130768 -0.426671
v -0.064733 0.122028 -0.483825
v -0.064710 0.077453 -0.458808
v -0.064649 0.034893 -0.422726
v -0.064634 0.032612 -0.481322
v -0.064627 0.047142 -0.456679
v -0.064627 0.040615 -0.421727
v -0.064558 0.152825 -0.434577
v -0.064520 0.023167 -0.428750
v -0.064489 0.040932 -0.424117
v -0.064482 0.042786 -0.434970
v -0.064382 0.043961 -0.436354
v -0.064337 0.122299 -0.481353
v -0.064314 0.109598 -0.439524
v -0.064314 0.031609 -0.428504
v -0.064283 0.131977 -0.457183
v -0.064230 0.038605 -0.390157
v -0.064222 0.064114 -0.478598
v -0.064199 0.119087 -0.435008
v -0.064176 0.035030 -0.390322
v -0.064161 0.131176 -0.436602
v -0.064108 0.041176 -0.429292
v -0.064085 0.042862 -0.458953
v -0.064024 0.131043 -0.439879
v -0.063993 0.038834 -0.399398
v -0.063986 0.013847 -0.481093
v -0.063864 0.135677 -0.427386
v -0.063841 0.120052 -0.456107
v -0.063833 0.042320 -0.443229
v -0.063825 0.022865 -0.456031
v -0.063810 0.035816 -0.381318
v -0.063742 0.121227 -0.444274
v -0.063734 0.035366 -0.399311
v -0.063703 0.140816 -0.447936
v -0.063574 0.028607 -0.439795
v -0.063528 0.037186 -0.440638
v -0.063421 0.042507 -0.456168
v -0.063337 0.041264 -0.443141
v -0.063307 0.111206 -0.449439
v -0.063269 0.136505 -0.480864
v -0.063223 0.082397 -0.475333
v -0.063223 0.118721 -0.448146
v -0.063215 0.090558 -0.475524
v -0.063192 0.096275 -0.459704
v -0.063177 0.050709 -0.459376
v -0.063162 0.038876 -0.381852
v -0.063032 0.151390 -0.442042
v -0.062986 0.042622 -0.479468
v -0.062979 0.132256 -0.433278
v -0.062971 0.147507 -0.446078
v -0.062963 0.133961 -0.444453
v -0.062864 0.042954 -0.478652
v -0.062750 0.121113 -0.457526
v -0.062750 0.130970 -0.457156
v -0.062628 0.135674 -0.446036
v -0.062582 0.110008 -0.457484
v -0.062567 0.068263 -0.460078
v -0.062567 0.031643 -0.457637
v -0.062559 0.138142 -0.460513
v -0.062551 0.026993 -0.457461
v -0.062536 0.023873 -0.457381
v -0.062506 0.108843 -0.480689
v -0.062506 0.041451 -0.457888
v -0.062475 0.037357 -0.457621
v -0.062178 0.076138 -0.473052
v -0.062139 0.148384 -0.427991
v -0.062101 0.038723 -0.481688
v -0.062086 0.143349 -0.426266
v -0.062040 0.101853 -0.461089
v -0.062040 0.012276 -0.460540
v -0.062033 0.111729 -0.481437
v -0.062017 0.135883 -0.457503
v -0.062017 0.042160 -0.461036
v -0.061994 0.108057 -0.460860
v -0.061964 0.059704 -0.460883
v -0.061903 0.135739 -0.429503
v -0.061872 0.099970 -0.471259
v -0.061857 0.042103 -0.467116
v -0.061827 0.082358 -0.469428
v -0.061704 0.044579 -0.464225
v -0.061674 0.108011 -0.476271
v -0.061651 0.019825 -0.481475
v -0.061628 0.012245 -0.478270
v -0.061613 0.107981 -0.467551
v -0.061613 0.065001 -0.466475
v -0.061598 0.137955 -0.478370
v -0.061582 0.063381 -0.472098
v -0.061552 0.042168 -0.471144
v -0.061529 0.030808 -0.481238
v -0.061483 0.150749 -0.436484
v -0.061483 0.065742 -0.475814
v -0.061445 0.035488 -0.481261
v -0.061430 0.132279 -0.438544
v -0.061369 0.056072 -0.469695
v -0.061361 0.134537 -0.481498
v -0.061308 0.108713 -0.479743
v -0.061216 0.019440 -0.457816
v -0.061170 0.127953 -0.480864
v -0.061117 0.138283 -0.468978
v -0.060987 0.136582 -0.443873
v -0.060919 0.145607 -0.445746
v -0.060911 0.042549 -0.476874
v -0.060896 0.120659 -0.458255
v -0.060514 0.109825 -0.458792
v -0.060438 0.013756 -0.459262
v -0.060224 0.026428 -0.458968
v -0.060118 0.127548 -0.459639
v -0.060102 0.031986 -0.459155
v -0.060095 0.012947 -0.467353
v -0.059950 0.040421 -0.459346
v -0.059934 0.128525 -0.464751
v -0.059728 0.134930 -0.480460
v -0.059667 0.015228 -0.480246
v -0.059660 0.134579 -0.458628
v -0.059622 0.040817 -0.464247
v -0.059507 0.036110 -0.390581
v -0.059469 0.111595 -0.460055
v -0.059469 0.135990 -0.461940
v -0.059439 0.125168 -0.460097
v -0.059347 0.038708 -0.465133
v -0.059316 0.121220 -0.461425
v -0.059316 0.032406 -0.461551
v -0.059316 0.022534 -0.460448
v -0.059294 0.015137 -0.460013
v -0.059217 0.032250 -0.475753
v -0.059187 0.109615 -0.464381
v -0.059141 0.109026 -0.477019
v -0.059118 0.127407 -0.465377
v -0.059057 0.114998 -0.464736
v -0.059034 0.026295 -0.464934
v -0.059027 0.038548 -0.472159
v -0.058943 0.041229 -0.477469
v -0.058882 0.126652 -0.477797
v -0.058798 0.014794 -0.471015
v -0.058782 0.033863 -0.475051
v -0.058760 0.121952 -0.477965
v -0.058752 0.131752 -0.467040
v -0.058752 0.034573 -0.477698
v -0.058744 0.127010 -0.472136
v -0.058714 0.114926 -0.472304
v -0.058691 0.134609 -0.478164
v -0.058676 0.121857 -0.475455
v -0.058660 0.041172 -0.422276
v -0.058653 0.018494 -0.478171
v -0.058645 0.030407 -0.478087
v -0.058622 0.026596 -0.472457
v -0.058561 0.039776 -0.398611
v -0.058386 0.111683 -0.477210
v -0.057768 0.039215 -0.391305
v -0.057539 0.036892 -0.398752
v -0.057112 0.038357 -0.465087
v -0.056860 0.115406 -0.465163
v -0.056845 0.032059 -0.462397
v -0.056784 0.127194 -0.465316
v -0.056455 0.121208 -0.462222
v -0.056417 0.027622 -0.465010
v -0.056356 0.032856 -0.474417
v -0.056333 0.037079 -0.465735
v -0.056211 0.126644 -0.471183
v -0.056150 0.115482 -0.471381
v -0.056097 0.027332 -0.471976
v -0.056089 0.121685 -0.474494
v -0.056066 0.037754 -0.471511
v -0.130632 0.041405 -0.479934
v -0.130797 0.114823 -0.479674
v -0.130818 0.116249 -0.312506
v -0.130916 0.076829 -0.328444
v -0.130958 0.121575 -0.312384
v -0.130962 0.062132 -0.326506
v -0.131119 0.040329 -0.312354
v -0.131150 0.131176 -0.476424
v -0.131306 0.129349 -0.422269
v -0.131395 0.089121 -0.327933
v -0.131625 0.131149 -0.369738
v -0.131633 0.130654 -0.453238
v -0.131743 0.076558 -0.315444
v -0.131822 0.128544 -0.313483
v -0.131917 0.090592 -0.317778
v -0.132099 0.043118 -0.442961
v -0.132177 0.066156 -0.466101
v -0.132460 0.130467 -0.468856
v -0.132489 0.023174 -0.479743
v -0.133039 0.131451 -0.364550
v -0.133169 0.043038 -0.454936
v -0.133219 0.043705 -0.442767
v -0.133764 0.089647 -0.475852
v -0.133854 0.126709 -0.312896
v -0.133896 0.030815 -0.312384
v -0.133925 0.033569 -0.312506
v -0.134016 0.043038 -0.336592
v -0.134495 0.043053 -0.342471
v -0.134629 0.043030 -0.411241
v -0.134962 0.129200 -0.416661
v -0.135561 0.129563 -0.413480
v -0.135659 0.076416 -0.478217
v -0.135765 0.075654 -0.465277
v -0.135951 0.087316 -0.326484
v -0.135954 0.061897 -0.476203
v -0.135968 0.045506 -0.445903
v -0.136023 0.043465 -0.412715
v -0.136457 0.109055 -0.479041
v -0.137066 0.064880 -0.465331
v -0.137296 0.114964 -0.312636
v -0.137567 0.130036 -0.446322
v -0.137809 0.131760 -0.352046
v -0.137998 0.129856 -0.448073
v -0.138002 0.043087 -0.462943
v -0.138048 0.068936 -0.327979
v -0.138067 0.067592 -0.326720
v -0.138068 0.131310 -0.360869
v -0.138091 0.082477 -0.328925
v -0.138116 0.071426 -0.328833
v -0.138159 0.070807 -0.315879
v -0.138203 0.083985 -0.316558
v -0.138210 0.085287 -0.327239
v -0.138286 0.082412 -0.315825
v -0.138336 0.089568 -0.465255
v -0.138379 0.042904 -0.445311
v -0.138422 0.092096 -0.467032
v -0.138538 0.067767 -0.317977
v -0.138674 0.085461 -0.317748
v -0.138686 0.060167 -0.467948
v -0.138797 0.062170 -0.465781
v -0.139513 0.062096 -0.478537
v -0.139665 0.043018 -0.331145
v -0.139672 0.042988 -0.315581
v -0.139823 0.129925 -0.477607
v -0.139861 0.027767 -0.312735
v -0.140044 0.076322 -0.467521
v -0.140099 0.094468 -0.476119
v -0.140172 0.080445 -0.465400
v -0.140285 0.131661 -0.343707
v -0.140569 0.130932 -0.370215
v -0.140652 0.076696 -0.476210
v -0.140721 0.117363 -0.312720
v -0.140734 0.043144 -0.474852
v -0.140814 0.091646 -0.478453
v -0.140902 0.042988 -0.470351
v -0.140974 0.076696 -0.468848
v -0.141458 0.081681 -0.478568
v -0.141503 0.041313 -0.312743
v -0.141579 0.130814 -0.470267
v -0.141674 0.129982 -0.317389
v -0.141773 0.042973 -0.392768
v -0.141911 0.043076 -0.449347
v -0.142089 0.095728 -0.469107
v -0.142143 0.043045 -0.406135
v -0.142773 0.131481 -0.370738
v -0.143154 0.120068 -0.313231
v -0.143356 0.109652 -0.313445
v -0.143844 0.043114 -0.403281
v -0.144168 0.130287 -0.467719
v -0.144238 0.093524 -0.465667
v -0.144274 0.081195 -0.466376
v -0.144483 0.055264 -0.476668
v -0.144807 0.055340 -0.469611
v -0.144912 0.042927 -0.387514
v -0.144960 0.043045 -0.477027
v -0.144990 0.043137 -0.329451
v -0.144994 0.043171 -0.385354
v -0.145061 0.076945 -0.329200
v -0.145168 0.090966 -0.327155
v -0.145310 0.109039 -0.470275
v -0.145310 0.024059 -0.481047
v -0.145374 0.074948 -0.316359
v -0.145614 0.131493 -0.362822
v -0.145619 0.059603 -0.465827
v -0.145764 0.069482 -0.478865
v -0.145814 0.042050 -0.480994
v -0.145952 0.087691 -0.316230
v -0.146237 0.061840 -0.318480
v -0.146240 0.081283 -0.476470
v -0.146784 0.129597 -0.313109
v -0.146820 0.042950 -0.452559
v -0.146946 0.088952 -0.329398
v -0.146988 0.110096 -0.480979
v -0.147232 0.130860 -0.476912
v -0.147375 0.042698 -0.444732
v -0.147432 0.023281 -0.313620
v -0.147468 0.063421 -0.329421
v -0.147886 0.131516 -0.327895
v -0.148033 0.076524 -0.328460
v -0.148451 0.063126 -0.316603
v -0.148758 0.070369 -0.469023
v -0.149187 0.054514 -0.478911
v -0.149219 0.130077 -0.478240
v -0.149221 0.130661 -0.373416
v -0.149614 0.093581 -0.328490
v -0.149683 0.037708 -0.481353
v -0.149742 0.084278 -0.467307
v -0.149862 0.097429 -0.465972
v -0.149937 0.102257 -0.477027
v -0.150011 0.085927 -0.478217
v -0.150080 0.066119 -0.466063
v -0.150129 0.094600 -0.319190
v -0.150364 0.076537 -0.326697
v -0.150400 0.042225 -0.314215
v -0.150493 0.076328 -0.318923
v -0.150532 0.043751 -0.443503
v -0.150574 0.042797 -0.447650
v -0.150619 0.068671 -0.477149
v -0.150709 0.058008 -0.326979
v -0.150848 0.131779 -0.336455
v -0.150894 0.102846 -0.469504
v -0.150976 0.088733 -0.479041
v -0.151178 0.055231 -0.466231
v -0.151245 0.130303 -0.459021
v -0.151457 0.099899 -0.479071
v -0.151512 0.081383 -0.316535
v -0.151874 0.043099 -0.459468
v -0.152054 0.031635 -0.481520
v -0.152237 0.049170 -0.476432
v -0.152464 0.089646 -0.466063
v -0.152784 0.129601 -0.448043
v -0.152849 0.109062 -0.345073
v -0.153126 0.131687 -0.360095
v -0.153719 0.131554 -0.314116
v -0.153883 0.029762 -0.481742
v -0.154184 0.042915 -0.348040
v -0.154337 0.128365 -0.430627
v -0.154388 0.098177 -0.326964
v -0.154610 0.062872 -0.479361
v -0.154663 0.116577 -0.480628
v -0.155039 0.043026 -0.338576
v -0.155165 0.072477 -0.328154
v -0.155262 0.088009 -0.468398
v -0.155426 0.094718 -0.316695
v -0.155512 0.054558 -0.320258
v -0.155630 0.088659 -0.476889
v -0.155752 0.126694 -0.479514
v -0.155784 0.131722 -0.325850
v -0.155956 0.124851 -0.313643
v -0.155973 0.131584 -0.331588
v -0.156053 0.130467 -0.375214
v -0.156174 0.131943 -0.375287
v -0.156736 0.084861 -0.329795
v -0.156845 0.068123 -0.330062
v -0.157049 0.104748 -0.466452
v -0.157133 0.058617 -0.466613
v -0.157253 0.100577 -0.327674
v -0.157289 0.121662 -0.313559
v -0.157400 0.127773 -0.415240
v -0.157400 0.043080 -0.321425
v -0.157524 0.082278 -0.318503
v -0.157575 0.109022 -0.476935
v -0.157581 0.128719 -0.416487
v -0.157581 0.058514 -0.317076
v -0.157638 0.108559 -0.476416
v -0.157638 0.109131 -0.480498
v -0.157753 0.096981 -0.329932
v -0.158031 0.094683 -0.479277
v -0.158159 0.108729 -0.469168
v -0.158357 0.130360 -0.379807
v -0.158417 0.130623 -0.470549
v -0.158779 0.042904 -0.472678
v -0.158947 0.047646 -0.479537
v -0.159365 0.060301 -0.467223
v -0.159391 0.043984 -0.469901
v -0.159698 0.108566 -0.478904
v -0.159891 0.043091 -0.477561
v -0.159927 0.127735 -0.416490
v -0.159963 0.118820 -0.313712
v -0.159965 0.131710 -0.329085
v -0.160040 0.102459 -0.319129
v -0.160103 0.108717 -0.467330
v -0.160688 0.109053 -0.419974
v -0.160778 0.045750 -0.466872
v -0.160843 0.129879 -0.378167
v -0.160848 0.068655 -0.320380
v -0.160873 0.131043 -0.479186
v -0.160925 0.042877 -0.481208
v -0.160951 0.085344 -0.327895
v -0.160967 0.043148 -0.468467
v -0.161014 0.109846 -0.481513
v -0.161398 0.064825 -0.317275
v -0.161438 0.109049 -0.466231
v -0.161548 0.108063 -0.466697
v -0.161898 0.034229 -0.314017
v -0.162077 0.115597 -0.313895
v -0.162252 0.135079 -0.368552
v -0.162340 0.051767 -0.330184
v -0.162390 0.130932 -0.370242
v -0.162424 0.062590 -0.330375
v -0.162561 0.059750 -0.469718
v -0.162618 0.059326 -0.478019
v -0.163061 0.130154 -0.376199
v -0.163126 0.109686 -0.314574
v -0.163198 0.090646 -0.329993
v -0.163275 0.097803 -0.466788
v -0.163736 0.032574 -0.314551
v -0.163919 0.040199 -0.314002
v -0.163938 0.047459 -0.327590
v -0.164060 0.095016 -0.468993
v -0.164270 0.134434 -0.369162
v -0.164511 0.116844 -0.481467
v -0.164694 0.128929 -0.415486
v -0.164755 0.042904 -0.445578
v -0.164984 0.043560 -0.443888
v -0.165029 0.065035 -0.328322
v -0.165045 0.096071 -0.477736
v -0.165125 0.043072 -0.417646
v -0.165396 0.044949 -0.445567
v -0.165556 0.092506 -0.317282
v -0.166200 0.043011 -0.315421
v -0.166258 0.045906 -0.413231
v -0.166494 0.130482 -0.314170
v -0.166513 0.104681 -0.330283
v -0.166609 0.108023 -0.328048
v -0.166666 0.043129 -0.446479
v -0.167017 0.130352 -0.377415
v -0.167024 0.022804 -0.314963
v -0.167147 0.109060 -0.328215
v -0.167250 0.109102 -0.318236
v -0.167368 0.108215 -0.320014
v -0.167627 0.131767 -0.314963
v -0.167768 0.022797 -0.451403
v -0.167784 0.131420 -0.365016
v -0.167803 0.043080 -0.480017
v -0.168074 0.042477 -0.448485
v -0.168230 0.043099 -0.412616
v -0.168264 0.128082 -0.413122
v -0.168264 0.131672 -0.343955
v -0.168478 0.130268 -0.462050
v -0.168520 0.043003 -0.332984
v -0.168707 0.043053 -0.327475
v -0.168947 0.046726 -0.317679
v -0.169008 0.043053 -0.464125
v -0.169012 0.043129 -0.467726
v -0.169084 0.048784 -0.464232
v -0.169176 0.120537 -0.314635
v -0.169309 0.058939 -0.317733
v -0.169344 0.149704 -0.446017
v -0.169470 0.043038 -0.456149
v -0.169481 0.051115 -0.480231
v -0.169485 0.043003 -0.392772
v -0.169496 0.043400 -0.320807
v -0.169584 0.108975 -0.480246
v -0.169634 0.052031 -0.460727
v -0.169683 0.101803 -0.480056
v -0.169794 0.131462 -0.420802
v -0.169878 0.043221 -0.465407
v -0.169912 0.042992 -0.450766
v -0.170198 0.092670 -0.328147
v -0.170317 0.045441 -0.450396
v -0.170347 0.109106 -0.330977
v -0.170378 0.108709 -0.330313
v -0.170389 0.092362 -0.319442
v -0.170572 0.045578 -0.330893
v -0.170912 0.127968 -0.409066
v -0.171022 0.042362 -0.314772
v -0.171106 0.022846 -0.481978
v -0.171163 0.108553 -0.467322
v -0.171179 0.129646 -0.450938
v -0.171194 0.058661 -0.330191
v -0.171224 0.103130 -0.467543
v -0.171236 0.096949 -0.330542
v -0.171293 0.032036 -0.482840
v -0.171377 0.130943 -0.480620
v -0.171507 0.130360 -0.380795
v -0.171522 0.042935 -0.330718
v -0.171530 0.100716 -0.469481
v -0.171533 0.024082 -0.482863
v -0.171572 0.050223 -0.467421
v -0.171572 0.042858 -0.350543
v -0.171617 0.108740 -0.317733
v -0.171617 0.041882 -0.482871
v -0.171625 0.043354 -0.318663
v -0.171629 0.130360 -0.481383
v -0.171667 0.143860 -0.442778
v -0.171690 0.131218 -0.364199
v -0.171751 0.110319 -0.482215
v -0.171820 0.043327 -0.479308
v -0.171823 0.101378 -0.478949
v -0.171827 0.123955 -0.481879
v -0.171827 0.022179 -0.481932
v -0.171842 0.131371 -0.451625
v -0.171877 0.052267 -0.478843
v -0.171930 0.133568 -0.484412
v -0.171938 0.108769 -0.478896
v -0.171976 0.143791 -0.361235
v -0.172018 0.047810 -0.407813
v -0.172121 0.135449 -0.359610
v -0.172159 0.042206 -0.450553
v -0.172170 0.110039 -0.484282
v -0.172182 0.014145 -0.480277
v -0.172205 0.102698 -0.473822
v -0.172315 0.043007 -0.400804
v -0.172319 0.108439 -0.474036
v -0.172323 0.130650 -0.472052
v -0.172335 0.042893 -0.482032
v -0.172396 0.016586 -0.485106
v -0.172399 0.130413 -0.469893
v -0.172411 0.042965 -0.407520
v -0.172430 0.047955 -0.481635
v -0.172434 0.043434 -0.469382
v -0.172491 0.051752 -0.468680
v -0.172506 0.134792 -0.467475
v -0.172541 0.059710 -0.320586
v -0.172560 0.131725 -0.355201
v -0.172575 0.136276 -0.483611
v -0.172621 0.106978 -0.482650
v -0.172663 0.022621 -0.464469
v -0.172689 0.014954 -0.466315
v -0.172716 0.056490 -0.478164
v -0.172724 0.138153 -0.461676
v -0.172861 0.107838 -0.468550
v -0.172861 0.053002 -0.397618
v -0.172891 0.108360 -0.476638
v -0.172914 0.103068 -0.473929
v -0.172941 0.150925 -0.349208
v -0.173014 0.048975 -0.393791
v -0.173036 0.063524 -0.470771
v -0.173075 0.108967 -0.466491
v -0.173090 0.089475 -0.482825
v -0.173094 0.103506 -0.469016
v -0.173162 0.101826 -0.466704
v -0.173162 0.043564 -0.475943
v -0.173197 0.138535 -0.444796
v -0.173281 0.131878 -0.347037
v -0.173292 0.063929 -0.465956
v -0.173330 0.053272 -0.401783
v -0.173372 0.043816 -0.483329
v -0.173395 0.152207 -0.355933
v -0.173395 0.022808 -0.354319
v -0.173422 0.043549 -0.470610
v -0.173429 0.143425 -0.342883
v -0.173551 0.130390 -0.463755
v -0.173582 0.150475 -0.446986
v -0.173612 0.109131 -0.315772
v -0.173620 0.042580 -0.448153
v -0.173685 0.133766 -0.360507
v -0.173696 0.134556 -0.446612
v -0.173700 0.090190 -0.466117
v -0.173803 0.022579 -0.463256
v -0.173830 0.030712 -0.314742
v -0.173838 0.129265 -0.386328
v -0.173910 0.046318 -0.465468
v -0.174024 0.108381 -0.465590
v -0.174150 0.049366 -0.464698
v -0.174280 0.031464 -0.486693
v -0.174311 0.129509 -0.380938
v -0.174322 0.138962 -0.363631
v -0.174322 0.045685 -0.452868
v -0.174394 0.144859 -0.457145
v -0.174566 0.042656 -0.465606
v -0.174589 0.107857 -0.484481
v -0.174696 0.148598 -0.344062
v -0.174745 0.041824 -0.487098
v -0.174764 0.040817 -0.451236
v -0.174829 0.138184 -0.483901
v -0.174875 0.111040 -0.487151
v -0.175047 0.050070 -0.464515
v -0.175115 0.097500 -0.484626
v -0.175146 0.151909 -0.348059
v -0.175161 0.041443 -0.447943
v -0.175173 0.135975 -0.464328
v -0.175192 0.138271 -0.476584
v -0.175230 0.131481 -0.362922
v -0.175264 0.108965 -0.486563
v -0.175352 0.135533 -0.342807
v -0.175409 0.043068 -0.486281
v -0.175455 0.012222 -0.466666
v -0.175478 0.076389 -0.464785
v -0.175493 0.012306 -0.484694
v -0.175497 0.145271 -0.342086
v -0.175508 0.152405 -0.441584
v -0.175531 0.043713 -0.484595
v -0.175630 0.040600 -0.453112
v -0.175688 0.131611 -0.358409
v -0.175711 0.138012 -0.466704
v -0.175764 0.022789 -0.463424
v -0.175798 0.134853 -0.487319
v -0.175848 0.016113 -0.463565
v -0.175920 0.109007 -0.464381
v -0.176042 0.139664 -0.341491
v -0.176157 0.015900 -0.487067
v -0.176187 0.042339 -0.453067
v -0.176210 0.108078 -0.464755
v -0.176294 0.056543 -0.328986
v -0.176298 0.042893 -0.451766
v -0.176382 0.128090 -0.401168
v -0.176393 0.109066 -0.399529
v -0.176668 0.042935 -0.347064
v -0.176775 0.123024 -0.487326
v -0.176912 0.043110 -0.348922
v -0.176939 0.045338 -0.451182
v -0.177091 0.053057 -0.340564
v -0.177103 0.054268 -0.464244
v -0.177118 0.051932 -0.461898
v -0.177210 0.134716 -0.447669
v -0.177412 0.013886 -0.464141
v -0.177660 0.131870 -0.345748
v -0.177713 0.042935 -0.448703
v -0.177786 0.126732 -0.418929
v -0.177797 0.046761 -0.332907
v -0.177801 0.047856 -0.452040
v -0.177870 0.043175 -0.332793
v -0.177915 0.032391 -0.487250
v -0.178003 0.131035 -0.369700
v -0.178018 0.040623 -0.448321
v -0.178026 0.059307 -0.457637
v -0.178110 0.046917 -0.453097
v -0.178251 0.065290 -0.458739
v -0.178308 0.041927 -0.447566
v -0.178377 0.052765 -0.336760
v -0.178591 0.101912 -0.318000
v -0.178598 0.123200 -0.489035
v -0.178678 0.047691 -0.408293
v -0.178686 0.101751 -0.330924
v -0.178717 0.040608 -0.453059
v -0.178774 0.108786 -0.330893
v -0.179003 0.031967 -0.488944
v -0.179041 0.052876 -0.453944
v -0.179102 0.077122 -0.464736
v -0.179258 0.044396 -0.453059
v -0.179315 0.099688 -0.329131
v -0.179334 0.049189 -0.331466
v -0.179422 0.109194 -0.421899
v -0.179434 0.043186 -0.414012
v -0.179499 0.132771 -0.462691
v -0.179617 0.045849 -0.451644
v -0.179876 0.145668 -0.445552
v -0.179911 0.129738 -0.450629
v -0.179945 0.044064 -0.451091
v -0.179964 0.055203 -0.455699
v -0.180227 0.108631 -0.317916
v -0.180227 0.042668 -0.453017
v -0.180254 0.055857 -0.403765
v -0.180410 0.149025 -0.448027
v -0.180479 0.131703 -0.359088
v -0.180517 0.053473 -0.455821
v -0.180548 0.049893 -0.407266
v -0.180757 0.043324 -0.318335
v -0.180780 0.042477 -0.448565
v -0.180979 0.024586 -0.487517
v -0.180982 0.148842 -0.457118
v -0.180998 0.049715 -0.318122
v -0.180998 0.042832 -0.330771
v -0.181043 0.044865 -0.415856
v -0.181074 0.109072 -0.430196
v -0.181257 0.025940 -0.488997
v -0.181410 0.116085 -0.487540
v -0.181452 0.040547 -0.449492
v -0.181627 0.052555 -0.319976
v -0.181658 0.052471 -0.454310
v -0.181665 0.051748 -0.329848
v -0.181696 0.022728 -0.332404
v -0.181776 0.131779 -0.328101
v -0.181791 0.043163 -0.419757
v -0.181856 0.101706 -0.319472
v -0.181902 0.014946 -0.331054
v -0.181948 0.108402 -0.329322
v -0.181970 0.136646 -0.331992
v -0.182066 0.023403 -0.315192
v -0.182081 0.103207 -0.328658
v -0.182100 0.042984 -0.451575
v -0.182150 0.118870 -0.314994
v -0.182165 0.109013 -0.331984
v -0.182192 0.046936 -0.332282
v -0.182196 0.050856 -0.331221
v -0.182253 0.137367 -0.486068
v -0.182276 0.042313 -0.315161
v -0.182283 0.131413 -0.315032
v -0.182287 0.043186 -0.320777
v -0.182291 0.135632 -0.325240
v -0.182295 0.097325 -0.331641
v -0.182310 0.022724 -0.317488
v -0.182325 0.110399 -0.315055
v -0.182337 0.121903 -0.315161
v -0.182348 0.073850 -0.329055
v -0.182409 0.131802 -0.334121
v -0.182421 0.087715 -0.465133
v -0.182455 0.144219 -0.448676
v -0.182466 0.050871 -0.328391
v -0.182485 0.108751 -0.319426
v -0.182505 0.052879 -0.332267
v -0.182573 0.043869 -0.328666
v -0.182581 0.015015 -0.314009
v -0.182630 0.103016 -0.323005
v -0.182657 0.079159 -0.332312
v -0.182733 0.050676 -0.322951
v -0.182752 0.134785 -0.313041
v -0.182855 0.022148 -0.312827
v -0.182875 0.042980 -0.323050
v -0.182897 0.109474 -0.313453
v -0.182966 0.109097 -0.316252
v -0.182989 0.028481 -0.313407
v -0.182993 0.043141 -0.332785
v -0.183008 0.091604 -0.316176
v -0.183031 0.054541 -0.316504
v -0.183195 0.117008 -0.489203
v -0.183245 0.109335 -0.408274
v -0.183245 0.129826 -0.487731
v -0.183245 0.043511 -0.315512
v -0.183256 0.127171 -0.423718
v -0.183340 0.049715 -0.334075
v -0.183424 0.068076 -0.485038
v -0.183508 0.043396 -0.311888
v -0.183584 0.080503 -0.333136
v -0.183718 0.043156 -0.451030
v -0.183775 0.108027 -0.485106
v -0.183969 0.051836 -0.333609
v -0.184000 0.129120 -0.489249
v -0.184133 0.042820 -0.388329
v -0.184267 0.022717 -0.334471
v -0.184347 0.109038 -0.334319
v -0.184389 0.127026 -0.417365
v -0.184431 0.015648 -0.334235
v -0.184576 0.107514 -0.333930
v -0.184599 0.012428 -0.312690
v -0.184603 0.109593 -0.422101
v -0.184889 0.012261 -0.332129
v -0.184923 0.074976 -0.314475
v -0.184938 0.042156 -0.310775
v -0.185030 0.138287 -0.331855
v -0.185106 0.043659 -0.314185
v -0.185148 0.127686 -0.401636
v -0.185217 0.085436 -0.333998
v -0.185221 0.043678 -0.484969
v -0.185228 0.134930 -0.334471
v -0.185247 0.127979 -0.433982
v -0.185266 0.107950 -0.314391
v -0.185320 0.117958 -0.311019
v -0.185377 0.138153 -0.314040
v -0.185572 0.069776 -0.334159
v -0.185663 0.147286 -0.458972
v -0.186182 0.135887 -0.464251
v -0.186277 0.036430 -0.489386
v -0.186418 0.109003 -0.310988
v -0.186472 0.128742 -0.392290
v -0.186510 0.127194 -0.402840
v -0.186613 0.128472 -0.405518
v -0.186689 0.124169 -0.403491
v -0.186697 0.078247 -0.465422
v -0.186724 0.130497 -0.463446
v -0.186781 0.139362 -0.461806
v -0.186838 0.029427 -0.310958
v -0.186880 0.015343 -0.310782
v -0.186998 0.128643 -0.401433
v -0.187067 0.144600 -0.454081
v -0.187189 0.127155 -0.401954
v -0.187235 0.123985 -0.400749
v -0.187250 0.037232 -0.487883
v -0.187315 0.135296 -0.310752
v -0.187372 0.109678 -0.403083
v -0.187548 0.132332 -0.449363
v -0.187578 0.129707 -0.450637
v -0.187605 0.052519 -0.461081
v -0.187635 0.127712 -0.406079
v -0.187929 0.025223 -0.489478
v -0.188074 0.051947 -0.465216
v -0.188494 0.043030 -0.408905
v -0.188539 0.023838 -0.487868
v -0.188551 0.051375 -0.405479
v -0.188669 0.067591 -0.485198
v -0.188833 0.124149 -0.310851
v -0.188913 0.046894 -0.394128
v -0.188936 0.049954 -0.465239
v -0.188974 0.043183 -0.465262
v -0.189077 0.042992 -0.394590
v -0.189085 0.052275 -0.398074
v -0.189199 0.130535 -0.464396
v -0.189535 0.032482 -0.310958
v -0.189573 0.043198 -0.451571
v -0.189600 0.051964 -0.455256
v -0.189615 0.051863 -0.334266
v -0.189737 0.128433 -0.390894
v -0.189913 0.108284 -0.465384
v -0.190157 0.043663 -0.314154
v -0.190271 0.075477 -0.465255
v -0.190325 0.126881 -0.489348
v -0.190416 0.125240 -0.429625
v -0.190431 0.126721 -0.414647
v -0.190519 0.126747 -0.434684
v -0.190557 0.109154 -0.335250
v -0.190676 0.123493 -0.308867
v -0.190763 0.127789 -0.488005
v -0.190832 0.124455 -0.420180
v -0.190981 0.031902 -0.308997
v -0.191057 0.119633 -0.489501
v -0.191122 0.084192 -0.334273
v -0.191286 0.116940 -0.311019
v -0.191561 0.024342 -0.311080
v -0.191629 0.030289 -0.489478
v -0.191725 0.111485 -0.419043
v -0.191862 0.043751 -0.485389
v -0.191988 0.012207 -0.466521
v -0.192072 0.117977 -0.309027
v -0.192175 0.127705 -0.406194
v -0.192201 0.109041 -0.352546
v -0.192266 0.118649 -0.488074
v -0.192304 0.093608 -0.465857
v -0.192362 0.078418 -0.465598
v -0.192457 0.108063 -0.485541
v -0.192610 0.108397 -0.465567
v -0.192667 0.025726 -0.308890
v -0.192812 0.030121 -0.488028
v -0.193075 0.111298 -0.411016
v -0.193189 0.079411 -0.485404
v -0.193258 0.130917 -0.367713
v -0.193304 0.061163 -0.465598
v -0.193533 0.108969 -0.464778
v -0.193594 0.129040 -0.441806
v -0.193693 0.121975 -0.420760
v -0.193914 0.115627 -0.419244
v -0.194013 0.022770 -0.464141
v -0.194151 0.122494 -0.431985
v -0.194311 0.138268 -0.484443
v -0.194326 0.109053 -0.383906
v -0.194387 0.074463 -0.466300
v -0.194532 0.108940 -0.487769
v -0.194532 0.012268 -0.485862
v -0.194563 0.043293 -0.465659
v -0.194647 0.022858 -0.452681
v -0.194670 0.042648 -0.464350
v -0.194723 0.043770 -0.484816
v -0.194753 0.129860 -0.464690
v -0.194822 0.014687 -0.488028
v -0.194830 0.119187 -0.420539
v -0.194883 0.109064 -0.449450
v -0.194898 0.028500 -0.464202
v -0.194906 0.109707 -0.464736
v -0.194929 0.114159 -0.464690
v -0.194952 0.116345 -0.464701
v -0.194959 0.121391 -0.464652
v -0.195021 0.024235 -0.464095
v -0.195066 0.030228 -0.464190
v -0.195074 0.037106 -0.464225
v -0.195120 0.115460 -0.457682
v -0.195135 0.109303 -0.396011
v -0.195150 0.113102 -0.488112
v -0.195219 0.125893 -0.415938
v -0.195326 0.135132 -0.488051
v -0.195333 0.110039 -0.399961
v -0.195364 0.117008 -0.409742
v -0.195410 0.128254 -0.403178
v -0.195425 0.144928 -0.364898
v -0.195448 0.135117 -0.363395
v -0.195486 0.043179 -0.443393
v -0.195547 0.127903 -0.441817
v -0.195616 0.128544 -0.448260
v -0.195616 0.131607 -0.359851
v -0.195623 0.109751 -0.426852
v -0.195700 0.030995 -0.450507
v -0.195730 0.042984 -0.448081
v -0.195745 0.109137 -0.432301
v -0.195776 0.107954 -0.483664
v -0.195783 0.082965 -0.484023
v -0.195837 0.081563 -0.314505
v -0.195845 0.061237 -0.483718
v -0.195883 0.109804 -0.445838
v -0.195913 0.042801 -0.487632
v -0.195913 0.034355 -0.448134
v -0.195974 0.128491 -0.399775
v -0.195989 0.107025 -0.477538
v -0.196043 0.036438 -0.311362
v -0.196066 0.043591 -0.483504
v -0.196089 0.023552 -0.442294
v -0.196104 0.062443 -0.477248
v -0.196112 0.128372 -0.392657
v -0.196127 0.113030 -0.422524
v -0.196142 0.015885 -0.464392
v -0.196279 0.116120 -0.439650
v -0.196279 0.122025 -0.438746
v -0.196287 0.035458 -0.309188
v -0.196318 0.043541 -0.473716
v -0.196333 0.106300 -0.469046
v -0.196394 0.083136 -0.468825
v -0.196394 0.127487 -0.409774
v -0.196394 0.012955 -0.485503
v -0.196417 0.107906 -0.468451
v -0.196447 0.015846 -0.487479
v -0.196462 0.138268 -0.477362
v -0.196470 0.040867 -0.431979
v -0.196485 0.118992 -0.432500
v -0.196493 0.042793 -0.420741
v -0.196493 0.040779 -0.435359
v -0.196585 0.152542 -0.351752
v -0.196592 0.027851 -0.435580
v -0.196661 0.128227 -0.311133
v -0.196668 0.126969 -0.309211
v -0.196668 0.043503 -0.467780
v -0.196676 0.118046 -0.424557
v -0.196722 0.128025 -0.391712
v -0.196760 0.151909 -0.358210
v -0.196783 0.012222 -0.468764
v -0.196829 0.149262 -0.345713
v -0.196874 0.110901 -0.428433
v -0.196928 0.139897 -0.342723
v -0.196928 0.034424 -0.430209
v -0.197073 0.138172 -0.467482
v -0.197080 0.144127 -0.343283
v -0.197134 0.109488 -0.382750
v -0.197141 0.125664 -0.412557
v -0.197180 0.024929 -0.464869
v -0.197248 0.043034 -0.400176
v -0.197271 0.023060 -0.410959
v -0.197279 0.137596 -0.483290
v -0.197309 0.110817 -0.391450
v -0.197363 0.128952 -0.382003
v -0.197454 0.029072 -0.421229
v -0.197470 0.116467 -0.309478
v -0.197470 0.149742 -0.361472
v -0.197515 0.126591 -0.407069
v -0.197553 0.024269 -0.420993
v -0.197576 0.042835 -0.379988
v -0.197592 0.120758 -0.400648
v -0.197637 0.137116 -0.362990
v -0.197759 0.134739 -0.464965
v -0.197790 0.115276 -0.311339
v -0.197790 0.041210 -0.409815
v -0.197843 0.131439 -0.359648
v -0.197882 0.022801 -0.383834
v -0.197958 0.111450 -0.465194
v -0.197981 0.108456 -0.467139
v -0.198187 0.131828 -0.347426
v -0.198187 0.042626 -0.465255
v -0.198248 0.033795 -0.409653
v -0.198263 0.126480 -0.392904
v -0.198332 0.015000 -0.466201
v -0.198339 0.041554 -0.390243
v -0.198370 0.030274 -0.407617
v -0.198423 0.025322 -0.309333
v -0.198576 0.149468 -0.347968
v -0.198622 0.110546 -0.380090
v -0.198675 0.137760 -0.344531
v -0.198789 0.032807 -0.404079
v -0.198828 0.093578 -0.334647
v -0.198828 0.023232 -0.388073
v -0.198927 0.108790 -0.483229
v -0.198973 0.130112 -0.374503
v -0.199041 0.029034 -0.485534
v -0.199049 0.130573 -0.369307
v -0.199064 0.111557 -0.485572
v -0.199102 0.041744 -0.485045
v -0.199125 0.041397 -0.375033
v -0.199186 0.037857 -0.389414
v -0.199201 0.134869 -0.485198
v -0.199209 0.015946 -0.484282
v -0.199240 0.028103 -0.390838
v -0.199339 0.120926 -0.482428
v -0.199362 0.039719 -0.406997
v -0.199377 0.031170 -0.482825
v -0.199446 0.115429 -0.479209
v -0.199446 0.025520 -0.479049
v -0.199461 0.037617 -0.479705
v -0.199468 0.116451 -0.378747
v -0.199476 0.032356 -0.389815
v -0.199537 0.043232 -0.349101
v -0.199560 0.108067 -0.314635
v -0.199583 0.051796 -0.345996
v -0.199621 0.077747 -0.334548
v -0.199674 0.122292 -0.379054
v -0.199674 0.022808 -0.365561
v -0.199705 0.053019 -0.339034
v -0.199713 0.014641 -0.473815
v -0.199720 0.126167 -0.479857
v -0.199743 0.025494 -0.473441
v -0.199758 0.024403 -0.311370
v -0.199774 0.128693 -0.377602
v -0.199858 0.037666 -0.472594
v -0.199865 0.030178 -0.385300
v -0.199873 0.042759 -0.467826
v -0.199880 0.115299 -0.472533
v -0.199880 0.040924 -0.368041
v -0.199919 0.032673 -0.467688
v -0.199949 0.049828 -0.335204
v -0.199964 0.109709 -0.468344
v -0.199980 0.035912 -0.407176
v -0.200041 0.135052 -0.467307
v -0.200041 0.018215 -0.468390
v -0.200086 0.124207 -0.375798
v -0.200094 0.122109 -0.469535
v -0.200102 0.043278 -0.334899
v -0.200102 0.031559 -0.469817
v -0.200109 0.127545 -0.473532
v -0.200254 0.026684 -0.378056
v -0.200369 0.038784 -0.391298
v -0.200460 0.109448 -0.363169
v -0.200582 0.034210 -0.370799
v -0.200605 0.035122 -0.390327
v -0.200788 0.023571 -0.367636
v -0.200842 0.131554 -0.348174
v -0.200857 0.091647 -0.333968
v -0.200926 0.129852 -0.359366
v -0.200979 0.116230 -0.360331
v -0.201002 0.080683 -0.333480
v -0.201032 0.121357 -0.359332
v -0.201086 0.014244 -0.335067
v -0.201094 0.042107 -0.359282
v -0.201109 0.108612 -0.335059
v -0.201307 0.121628 -0.309584
v -0.201460 0.124233 -0.355132
v -0.201582 0.023090 -0.342665
v -0.201696 0.131779 -0.335334
v -0.201719 0.032440 -0.348197
v -0.201727 0.109972 -0.348471
v -0.201826 0.030800 -0.309607
v -0.201872 0.121765 -0.342906
v -0.201956 0.037167 -0.346293
v -0.202017 0.031216 -0.481887
v -0.202024 0.067961 -0.334777
v -0.202047 0.083830 -0.316138
v -0.202116 0.026756 -0.473563
v -0.202146 0.130497 -0.341327
v -0.202200 0.036633 -0.479064
v -0.202284 0.123619 -0.481307
v -0.202291 0.032185 -0.311492
v -0.202329 0.100332 -0.334403
v -0.202375 0.120934 -0.311515
v -0.202391 0.036636 -0.473250
v -0.202406 0.027306 -0.478827
v -0.202482 0.109827 -0.335219
v -0.202482 0.116154 -0.335204
v -0.202490 0.042320 -0.335570
v -0.202497 0.117157 -0.479132
v -0.202505 0.023781 -0.335295
v -0.202551 0.124390 -0.335219
v -0.202551 0.033463 -0.335273
v -0.202581 0.031582 -0.470900
v -0.202719 0.121456 -0.470725
v -0.202726 0.108475 -0.334365
v -0.202986 0.051037 -0.334822
v -0.203787 0.039963 -0.401201
v -0.203832 0.039852 -0.391011
v -0.204153 0.056934 -0.314910
v -0.204229 0.088746 -0.329947
v -0.204298 0.036572 -0.391052
v -0.204420 0.108048 -0.314841
v -0.204481 0.042931 -0.311950
v -0.204527 0.077227 -0.330199
v -0.204580 0.043430 -0.334563
v -0.204717 0.096098 -0.331160
v -0.204969 0.108656 -0.312438
v -0.205091 0.036892 -0.402107
v -0.205206 0.043625 -0.314986
v -0.205252 0.125366 -0.335128
v -0.205488 0.107847 -0.332244
v -0.205694 0.083385 -0.326499
v -0.205717 0.064919 -0.332412
v -0.205747 0.107920 -0.328231
v -0.205778 0.012238 -0.333075
v -0.205786 0.134987 -0.335456
v -0.205793 0.110560 -0.335326
v -0.205801 0.138222 -0.332495
v -0.205847 0.079967 -0.319449
v -0.206114 0.067686 -0.327903
v -0.206137 0.107758 -0.317267
v -0.206251 0.044087 -0.330809
v -0.206274 0.042313 -0.335059
v -0.206289 0.015648 -0.335295
v -0.206411 0.015007 -0.311820
v -0.206419 0.034668 -0.311919
v -0.206442 0.135246 -0.311866
v -0.206518 0.040863 -0.408911
v -0.206541 0.058724 -0.317603
v -0.206556 0.110407 -0.311827
v -0.206579 0.138237 -0.314505
v -0.206777 0.012245 -0.314780
v -0.206823 0.043579 -0.317267
v -0.206976 0.109036 -0.334761
v -0.207189 0.040692 -0.403489
v -0.208196 0.037995 -0.408173
v -0.208319 0.108391 -0.315688
v -0.208807 0.043240 -0.317206
v -0.208929 0.030186 -0.332297
v -0.208967 0.122715 -0.332099
v -0.209028 0.108940 -0.332526
v -0.209112 0.041916 -0.332618
v -0.209120 0.016670 -0.332091
v -0.209127 0.135338 -0.332274
v -0.209371 0.121037 -0.330207
v -0.209371 0.037850 -0.328009
v -0.209379 0.025799 -0.326674
v -0.209410 0.115109 -0.327269
v -0.209432 0.127110 -0.327353
v -0.209478 0.014610 -0.321013
v -0.209555 0.030811 -0.330024
v -0.209638 0.026459 -0.320693
v -0.209669 0.016091 -0.315474
v -0.209707 0.115418 -0.320815
v -0.209715 0.037777 -0.320548
v -0.209799 0.127049 -0.321006
v -0.209829 0.031796 -0.317595
v -0.209844 0.109745 -0.316291
v -0.209860 0.041664 -0.315627
v -0.209905 0.135025 -0.314757
v -0.209936 0.122898 -0.314986
v -0.211019 0.121201 -0.318251
v -0.211714 0.126110 -0.327193
v -0.211927 0.035935 -0.327834
v -0.212080 0.125908 -0.321486
v -0.212126 0.036587 -0.321158
v -0.212149 0.028095 -0.327567
v -0.212156 0.027645 -0.321578
v -0.212194 0.117657 -0.328307
v -0.212248 0.032208 -0.318694
v -0.212377 0.116913 -0.321524
vt 0.564739 0.895271
vt 0.565128 0.889043
vt 0.571616 0.894233
vt 0.562793 0.894363
vt 0.569799 0.889562
vt 0.563960 0.887356
vt 0.571486 0.888524
vt 0.557732 0.887616
vt 0.559419 0.890989
vt 0.563960 0.898126
vt 0.561495 0.895401
vt 0.558511 0.897088
vt 0.555526 0.890211
vt 0.559419 0.900591
vt 0.557343 0.898126
vt 0.553061 0.895271
vt 0.546444 0.896309
vt 0.557083 0.900332
vt 0.552542 0.896958
vt 0.548260 0.898775
vt 0.547352 0.905652
vt 0.545406 0.906300
vt 0.550985 0.905522
vt 0.556694 0.904484
vt 0.552412 0.914604
vt 0.553061 0.908247
vt 0.558251 0.906171
vt 0.563312 0.910971
vt 0.563182 0.908506
vt 0.565388 0.914086
vt 0.554748 0.922519
vt 0.567593 0.910323
vt 0.561106 0.902018
vt 0.563831 0.900332
vt 0.566945 0.908376
vt 0.568631 0.901110
vt 0.568631 0.899034
vt 0.573043 0.895271
vt 0.578622 0.902278
vt 0.577455 0.881388
vt 0.581996 0.890600
vt 0.580050 0.905133
vt 0.568112 0.912269
vt 0.580698 0.906949
vt 0.578752 0.923557
vt 0.571875 0.924985
vt 0.605871 0.943929
vt 0.563831 0.923038
vt 0.559289 0.943929
vt 0.553710 0.940036
vt 0.545406 0.942631
vt 0.886811 0.728393
vt 0.895635 0.736956
vt 0.892261 0.743574
vt 0.884087 0.752267
vt 0.879934 0.750191
vt 0.877469 0.757587
vt 0.884606 0.757068
vt 0.882270 0.728652
vt 0.871890 0.750450
vt 0.857487 0.748374
vt 0.858006 0.759533
vt 0.848145 0.756030
vt 0.859304 0.743703
vt 0.849053 0.744741
vt 0.847886 0.748893
vt 0.853984 0.743963
vt 0.849832 0.737605
vt 0.852038 0.733712
vt 0.848015 0.732285
vt 0.838673 0.739811
vt 0.837376 0.729820
vt 0.860342 0.724500
vt 0.851129 0.727355
vt 0.849702 0.723073
vt 0.841268 0.713082
vt 0.850091 0.727355
vt 0.853984 0.717493
vt 0.856449 0.722035
vt 0.859563 0.718921
vt 0.859823 0.714768
vt 0.859174 0.705167
vt 0.882400 0.723721
vt 0.892002 0.721905
vt 0.882530 0.719310
vt 0.885644 0.718402
vt 0.867997 0.690634
vt 0.870203 0.683887
vt 0.875004 0.703480
vt 0.886163 0.691024
vt 0.884865 0.704388
vt 0.890185 0.692191
vt 0.895635 0.698809
vt 0.355135 0.965459
vt 0.353318 0.968314
vt 0.347220 0.972466
vt 0.357211 0.971039
vt 0.348647 0.954560
vt 0.353059 0.946775
vt 0.359157 0.969352
vt 0.356951 0.957415
vt 0.355394 0.945218
vt 0.354227 0.938860
vt 0.358249 0.941844
vt 0.366294 0.957155
vt 0.364866 0.939249
vt 0.374208 0.924328
vt 0.373689 0.956506
vt 0.374208 0.963254
vt 0.362660 0.966757
vt 0.359806 0.971558
vt 0.363309 0.970909
vt 0.362271 0.972466
vt 0.367721 0.965719
vt 0.369667 0.963513
vt 0.375376 0.964162
vt 0.370186 0.964292
vt 0.725194 0.473190
vt 0.726232 0.461512
vt 0.733238 0.475396
vt 0.722988 0.474098
vt 0.731551 0.459177
vt 0.734536 0.478380
vt 0.730254 0.483570
vt 0.718187 0.478250
vt 0.724026 0.486035
vt 0.733628 0.492783
vt 0.746862 0.490836
vt 0.737780 0.491096
vt 0.746214 0.498881
vt 0.754388 0.494599
vt 0.766195 0.493431
vt 0.745954 0.504331
vt 0.727270 0.491096
vt 0.730254 0.495248
vt 0.764898 0.495637
vt 0.766195 0.501476
vt 0.749847 0.508742
vt 0.768142 0.501087
vt 0.759189 0.506277
vt 0.752701 0.510559
vt 0.758021 0.509391
vt 0.753480 0.511726
vt 0.765936 0.505369
vt 0.767493 0.502384
vt 0.767623 0.505239
vt 0.768531 0.509910
vt 0.770996 0.508483
vt 0.768791 0.504201
vt 0.770867 0.503941
vt 0.775019 0.513673
vt 0.772813 0.498232
vt 0.777095 0.503422
vt 0.776705 0.497843
vt 0.776316 0.488371
vt 0.772294 0.486684
vt 0.776057 0.485646
vt 0.776186 0.476044
vt 0.769569 0.485387
vt 0.772683 0.474617
vt 0.748938 0.486554
vt 0.743359 0.478380
vt 0.756724 0.482532
vt 0.757762 0.481105
vt 0.748290 0.478121
vt 0.740504 0.471892
vt 0.752961 0.468908
vt 0.746733 0.464367
vt 0.755815 0.466443
vt 0.774370 0.470076
vt 0.752442 0.462161
vt 0.732719 0.457230
vt 0.720003 0.455933
vt 0.750885 0.456192
vt 0.732719 0.444125
vt 0.766974 0.453857
vt 0.775797 0.459696
vt 0.773072 0.454506
vt 0.751144 0.439714
vt 0.716500 0.443606
vt 0.777095 0.451651
vt 0.758670 0.431280
vt 0.754388 0.402994
vt 0.185542 0.026342
vt 0.182558 0.008177
vt 0.188786 0.021282
vt 0.186710 0.006879
vt 0.188786 0.003246
vt 0.113839 0.962064
vt 0.114748 0.959859
vt 0.116175 0.960248
vt 0.116175 0.961545
vt 0.120976 0.961416
vt 0.116824 0.962454
vt 0.115915 0.958172
vt 0.120327 0.957134
vt 0.122792 0.954798
vt 0.131875 0.970109
vt 0.127074 0.969850
vt 0.117343 0.976856
vt 0.135248 0.976467
vt 0.151468 0.967903
vt 0.128112 0.949478
vt 0.125128 0.950127
vt 0.121365 0.947273
vt 0.140309 0.951165
vt 0.121624 0.945716
vt 0.124998 0.944937
vt 0.146796 0.947013
vt 0.122014 0.944029
vt 0.139660 0.943640
vt 0.151468 0.938190
vt 0.123052 0.941045
vt 0.121365 0.932481
vt 0.131356 0.937411
vt 0.142644 0.929497
vt 0.122403 0.931313
vt 0.121365 0.930794
vt 0.120067 0.930405
vt 0.125906 0.928069
vt 0.144591 0.925344
vt 0.848606 0.092945
vt 0.848606 0.101379
vt 0.841729 0.100081
vt 0.842767 0.101768
vt 0.847698 0.103066
vt 0.851331 0.110332
vt 0.837967 0.105531
vt 0.848606 0.107996
vt 0.841600 0.105531
vt 0.844973 0.110072
vt 0.843935 0.111889
vt 0.851720 0.120582
vt 0.835761 0.117987
vt 0.829662 0.099562
vt 0.835501 0.122010
vt 0.853926 0.125383
vt 0.827846 0.111370
vt 0.829792 0.097746
vt 0.832906 0.094502
vt 0.828105 0.096319
vt 0.824213 0.099173
vt 0.824472 0.097097
vt 0.815260 0.100341
vt 0.810848 0.082305
vt 0.812924 0.107477
vt 0.824083 0.100990
vt 0.816687 0.109943
vt 0.815779 0.117598
vt 0.814871 0.120063
vt 0.821488 0.107477
vt 0.817595 0.113057
vt 0.820061 0.121620
vt 0.821228 0.110332
vt 0.819931 0.119285
vt 0.820580 0.130444
vt 0.823045 0.116819
vt 0.824213 0.112408
vt 0.824602 0.117987
vt 0.832257 0.119934
vt 0.824342 0.132520
vt 0.820450 0.134725
vt 0.845492 0.141732
vt 0.852758 0.137839
vt 0.847309 0.143419
vt 0.853407 0.143030
vt 0.845752 0.147701
vt 0.842248 0.144068
vt 0.821618 0.139137
vt 0.818763 0.142121
vt 0.841210 0.155486
vt 0.818893 0.149128
vt 0.816947 0.149258
vt 0.814611 0.158470
vt 0.810848 0.165736
vt 0.930934 0.947522
vt 0.930675 0.943888
vt 0.947024 0.946094
vt 0.931064 0.941812
vt 0.949100 0.952193
vt 0.931713 0.959199
vt 0.949359 0.941293
vt 0.947543 0.935974
vt 0.964411 0.944278
vt 0.973364 0.955307
vt 0.954290 0.962573
vt 0.973753 0.945056
vt 0.973753 0.958810
vt 0.973234 0.961535
vt 0.963632 0.941553
vt 0.974142 0.943110
vt 0.974012 0.934157
vt 0.957404 0.934287
vt 0.951565 0.932470
vt 0.959091 0.931302
vt 0.974661 0.931562
vt 0.965838 0.964649
vt 0.974661 0.965038
vt 0.969341 0.968542
vt 0.968952 0.972564
vt 0.952863 0.979051
vt 0.942872 0.965038
vt 0.932751 0.967893
vt 0.930286 0.959848
vt 0.195329 0.931594
vt 0.198313 0.931075
vt 0.200000 0.931724
vt 0.204152 0.922771
vt 0.194161 0.933929
vt 0.182743 0.933021
vt 0.200908 0.933670
vt 0.179110 0.936784
vt 0.178591 0.934189
vt 0.176904 0.935616
vt 0.173660 0.946645
vt 0.198832 0.939768
vt 0.180148 0.948072
vt 0.204152 0.955209
vt 0.180277 0.952744
vt 0.180277 0.937822
vt 0.183521 0.947164
vt 0.189490 0.939768
vt 0.185078 0.944439
vt 0.189879 0.941325
vt 0.195848 0.941715
vt 0.200778 0.955598
vt 0.201946 0.958712
vt 0.195199 0.947683
vt 0.194550 0.943012
vt 0.193253 0.946905
vt 0.189490 0.947683
vt 0.188452 0.949630
vt 0.187025 0.944569
vt 0.186116 0.956896
vt 0.184300 0.959750
vt 0.181835 0.972466
vt 0.178201 0.968444
vt 0.182224 0.958712
vt 0.176904 0.956506
vt 0.173790 0.965070
vt 0.868084 0.302842
vt 0.871199 0.303361
vt 0.869901 0.303880
vt 0.872366 0.305567
vt 0.867955 0.305697
vt 0.866917 0.304269
vt 0.862894 0.307643
vt 0.858094 0.309978
vt 0.857315 0.311146
vt 0.865619 0.309719
vt 0.859132 0.316077
vt 0.868993 0.309070
vt 0.868214 0.317634
vt 0.872756 0.317634
vt 0.879633 0.309589
vt 0.869382 0.328274
vt 0.861727 0.326717
vt 0.864192 0.335151
vt 0.866008 0.340211
vt 0.871847 0.339432
vt 0.873015 0.325549
vt 0.877427 0.340341
vt 0.881968 0.330869
vt 0.880152 0.323343
vt 0.883395 0.342417
vt 0.877427 0.349034
vt 0.885212 0.321526
vt 0.884693 0.331777
vt 0.886380 0.340081
vt 0.890661 0.326717
vt 0.892997 0.340341
vt 0.894035 0.331517
vt 0.894035 0.341119
vt 0.895852 0.342287
vt 0.900652 0.341249
vt 0.900523 0.328663
vt 0.902339 0.339173
vt 0.892997 0.316077
vt 0.902988 0.331777
vt 0.904415 0.337746
vt 0.901820 0.323084
vt 0.899225 0.321656
vt 0.901690 0.316466
vt 0.903896 0.312963
vt 0.901431 0.309070
vt 0.899225 0.309070
vt 0.896630 0.304529
vt 0.892997 0.309200
vt 0.891829 0.307124
vt 0.889364 0.312444
vt 0.882487 0.306605
vt 0.888845 0.306735
vt 0.878854 0.305437
vt 0.886639 0.298430
vt 0.880541 0.300507
vt 0.893905 0.287661
vt 0.895462 0.283120
vt 0.894035 0.304140
vt 0.890661 0.275075
vt 0.899744 0.293370
vt 0.898447 0.278708
vt 0.902210 0.275464
vt 0.904415 0.290256
vt 0.885990 0.287401
vt 0.885342 0.278189
vt 0.878465 0.299858
vt 0.882357 0.291813
vt 0.877946 0.296744
vt 0.868863 0.294927
vt 0.882876 0.286753
vt 0.874183 0.291683
vt 0.882357 0.275594
vt 0.872885 0.290905
vt 0.554603 0.967991
vt 0.554732 0.972921
vt 0.551748 0.975387
vt 0.550970 0.979539
vt 0.555381 0.985637
vt 0.551099 0.969418
vt 0.548245 0.975906
vt 0.548245 0.980447
vt 0.554732 0.959427
vt 0.545650 0.976684
vt 0.549023 0.967731
vt 0.550840 0.961503
vt 0.553694 0.950215
vt 0.540460 0.969418
vt 0.530988 0.981355
vt 0.544222 0.949177
vt 0.551618 0.948528
vt 0.540330 0.947101
vt 0.534232 0.967991
vt 0.533064 0.964358
vt 0.537735 0.959427
vt 0.539681 0.948658
vt 0.526057 0.974608
vt 0.537475 0.948917
vt 0.539162 0.945154
vt 0.532285 0.963190
vt 0.536827 0.947620
vt 0.526057 0.959687
vt 0.535529 0.946322
vt 0.537475 0.942689
vt 0.539422 0.942948
vt 0.869695 0.954592
vt 0.876053 0.947585
vt 0.879945 0.948234
vt 0.879945 0.944601
vt 0.876961 0.953684
vt 0.881762 0.945899
vt 0.883967 0.948883
vt 0.885525 0.947845
vt 0.885395 0.949661
vt 0.876442 0.960301
vt 0.892272 0.965880
vt 0.893439 0.965751
vt 0.882800 0.944861
vt 0.886692 0.932404
vt 0.887601 0.942136
vt 0.890196 0.932534
vt 0.891882 0.933572
vt 0.893439 0.923062
vt 0.891104 0.920597
vt 0.960963 0.653357
vt 0.962260 0.653097
vt 0.962520 0.664645
vt 0.961871 0.676842
vt 0.966931 0.654654
vt 0.967191 0.677880
vt 0.957589 0.687092
vt 0.973679 0.673987
vt 0.981075 0.687092
vt 0.983410 0.684238
vt 0.973160 0.659455
vt 0.974198 0.651670
vt 0.976663 0.670743
vt 0.989119 0.684108
vt 0.979647 0.658287
vt 0.978869 0.650891
vt 0.982761 0.664126
vt 0.984318 0.672041
vt 0.990027 0.677620
vt 0.237040 0.001964
vt 0.262731 0.012344
vt 0.269478 0.022854
vt 0.237948 0.017275
vt 0.249755 0.036738
vt 0.272203 0.032067
vt 0.255465 0.038684
vt 0.237040 0.076831
vt 0.777952 0.333515
vt 0.773930 0.318723
vt 0.780807 0.330141
vt 0.780288 0.355184
vt 0.780807 0.376723
vt 0.784699 0.317685
vt 0.796247 0.331699
vt 0.795858 0.356352
vt 0.803124 0.378669
vt 0.814413 0.355443
vt 0.807666 0.335721
vt 0.808444 0.329752
vt 0.810261 0.323005
vt 0.798972 0.306397
vt 0.814413 0.317426
vt 0.783921 0.301077
vt 0.811169 0.294070
vt 0.799232 0.303672
vt 0.812467 0.292513
vt 0.798713 0.291994
vt 0.778601 0.287453
vt 0.782234 0.284987
vt 0.780158 0.280835
vt 0.773670 0.286674
vt 0.769648 0.298352
vt 0.766534 0.289788
vt 0.755375 0.291475
vt 0.766275 0.303542
vt 0.761993 0.296925
vt 0.757581 0.294330
vt 0.750055 0.309381
vt 0.762901 0.303672
vt 0.764718 0.311198
vt 0.757711 0.307694
vt 0.803548 0.967861
vt 0.803807 0.950085
vt 0.810295 0.948658
vt 0.818469 0.972532
vt 0.820026 0.985637
vt 0.824698 0.985637
vt 0.828331 0.983431
vt 0.829758 0.981096
vt 0.818599 0.963839
vt 0.822751 0.966304
vt 0.823011 0.955405
vt 0.829888 0.978241
vt 0.833780 0.984599
vt 0.834170 0.973440
vt 0.828201 0.958000
vt 0.829628 0.952550
vt 0.834170 0.941651
vt 0.880562 0.832922
vt 0.870182 0.847065
vt 0.874464 0.838760
vt 0.877318 0.832143
vt 0.872777 0.835517
vt 0.883676 0.842004
vt 0.894575 0.832792
vt 0.874204 0.848103
vt 0.869922 0.850698
vt 0.873166 0.870161
vt 0.879784 0.847065
vt 0.880822 0.864971
vt 0.884974 0.846156
vt 0.892759 0.841745
vt 0.898468 0.843432
vt 0.888088 0.844599
vt 0.893018 0.844470
vt 0.885103 0.864581
vt 0.895613 0.865100
vt 0.900025 0.869512
vt 0.890164 0.864322
vt 0.891980 0.866917
vt 0.900025 0.874313
vt 0.879135 0.867566
vt 0.877967 0.880411
vt 0.887569 0.881709
vt 0.897949 0.879892
vt 0.886790 0.884174
vt 0.897560 0.899225
vt 0.887309 0.900653
vt 0.890034 0.902210
vt 0.879654 0.883266
vt 0.883546 0.895852
vt 0.883157 0.899614
vt 0.878875 0.902339
vt 0.874723 0.892478
vt 0.878226 0.904415
vt 0.872777 0.889364
vt 0.872777 0.903377
vt 0.869922 0.890532
vt 0.161654 0.402210
vt 0.162822 0.422063
vt 0.155816 0.404157
vt 0.164639 0.399486
vt 0.159708 0.401691
vt 0.147641 0.402340
vt 0.151404 0.424268
vt 0.147252 0.408698
vt 0.146733 0.402859
vt 0.158930 0.435427
vt 0.145306 0.410255
vt 0.146084 0.423101
vt 0.150366 0.426734
vt 0.151534 0.431275
vt 0.144787 0.436335
vt 0.152701 0.434778
vt 0.157113 0.445678
vt 0.161395 0.453463
vt 0.159838 0.451906
vt 0.164639 0.460988
vt 0.153091 0.442304
vt 0.154518 0.440358
vt 0.151793 0.439709
vt 0.151793 0.437503
vt 0.143749 0.438282
vt 0.953133 0.457962
vt 0.949111 0.455367
vt 0.953652 0.444078
vt 0.950927 0.443300
vt 0.954690 0.455886
vt 0.953263 0.437850
vt 0.950278 0.442651
vt 0.960010 0.434995
vt 0.955209 0.435514
vt 0.960269 0.432141
vt 0.962605 0.431103
vt 0.962605 0.427470
vt 0.969352 0.425913
vt 0.967016 0.424485
vt 0.970390 0.435125
vt 0.972466 0.427729
vt 0.963513 0.442391
vt 0.969482 0.450696
vt 0.960529 0.459259
vt 0.952095 0.469510
vt 0.966887 0.458870
vt 0.963513 0.469769
vt 0.969611 0.458091
vt 0.972466 0.459648
vt 0.355124 0.029684
vt 0.349545 0.027219
vt 0.356292 0.021639
vt 0.362261 0.023975
vt 0.361871 0.031241
vt 0.357460 0.015671
vt 0.355514 0.017876
vt 0.368229 0.020082
vt 0.369397 0.028386
vt 0.368748 0.032928
vt 0.372900 0.017747
vt 0.377571 0.026440
vt 0.364466 0.003344
vt 0.349545 0.005031
vt 0.349675 0.015671
vt 0.350842 0.010091
vt 0.352399 0.013984
vt 0.349934 0.015281
vt 0.351491 0.013335
vt 0.350972 0.013335
vt 0.052684 0.019206
vt 0.050998 0.026342
vt 0.050998 0.018298
vt 0.016772 0.072441
vt 0.016772 0.064137
vt 0.019757 0.066732
vt 0.017421 0.063229
vt 0.057075 0.001362
vt 0.057075 0.019757
vt 0.049579 0.004646
vt 0.175615 0.153459
vt 0.175615 0.169029
vt 0.173928 0.153978
vt 0.504510 0.179146
vt 0.486993 0.183298
vt 0.506845 0.171361
vt 0.506197 0.177199
vt 0.512295 0.175642
vt 0.524362 0.172009
vt 0.509570 0.168895
vt 0.491405 0.179535
vt 0.538894 0.170971
vt 0.523843 0.183038
vt 0.525270 0.168246
vt 0.534223 0.181741
vt 0.509830 0.160980
vt 0.493740 0.155660
vt 0.506586 0.158904
vt 0.554724 0.177070
vt 0.560563 0.177848
vt 0.566142 0.176940
vt 0.572371 0.172399
vt 0.567959 0.179535
vt 0.583919 0.176421
vt 0.583140 0.183298
vt 0.562380 0.171361
vt 0.561601 0.170582
vt 0.537856 0.164484
vt 0.515928 0.158645
vt 0.526438 0.153065
vt 0.538765 0.157477
vt 0.517874 0.152676
vt 0.506067 0.147097
vt 0.517096 0.150470
vt 0.531628 0.150730
vt 0.513203 0.148135
vt 0.493221 0.140350
vt 0.499969 0.133732
vt 0.274387 0.025823
vt 0.276593 0.001430
vt 0.276593 0.026342
vt 0.119935 0.331473
vt 0.119935 0.302408
vt 0.125125 0.305652
vt 0.592225 0.484309
vt 0.593004 0.483141
vt 0.603903 0.493910
vt 0.608055 0.492353
vt 0.589111 0.486125
vt 0.608315 0.490018
vt 0.610261 0.490666
vt 0.607925 0.493910
vt 0.604162 0.499490
vt 0.600789 0.494170
vt 0.591576 0.490537
vt 0.577433 0.485995
vt 0.601308 0.500268
vt 0.606628 0.504809
vt 0.575098 0.495338
vt 0.601308 0.501695
vt 0.587424 0.496635
vt 0.593652 0.499879
vt 0.585478 0.499360
vt 0.601438 0.504161
vt 0.577174 0.506886
vt 0.598453 0.526608
vt 0.575098 0.548796
vt 0.605590 0.517266
vt 0.606757 0.518823
vt 0.730286 0.655786
vt 0.730675 0.661235
vt 0.720425 0.661235
vt 0.734049 0.662663
vt 0.726653 0.664739
vt 0.721463 0.654488
vt 0.726004 0.666426
vt 0.717959 0.662273
vt 0.714456 0.665777
vt 0.732232 0.674211
vt 0.733530 0.653969
vt 0.744299 0.660457
vt 0.716402 0.669929
vt 0.704465 0.662273
vt 0.735995 0.675638
vt 0.732751 0.676936
vt 0.710304 0.652542
vt 0.699794 0.659549
vt 0.713158 0.641773
vt 0.717830 0.644108
vt 0.719776 0.640475
vt 0.722371 0.649039
vt 0.734697 0.648390
vt 0.727561 0.644108
vt 0.738590 0.648779
vt 0.738330 0.654099
vt 0.736773 0.633079
vt 0.730416 0.622180
vt 0.749230 0.653969
vt 0.746894 0.660327
vt 0.745337 0.664609
vt 0.748970 0.660327
vt 0.748840 0.662533
vt 0.747024 0.670837
vt 0.770509 0.707946
vt 0.754679 0.700032
vt 0.742742 0.673173
vt 0.738590 0.676027
vt 0.753512 0.637880
vt 0.755977 0.635674
vt 0.756885 0.632430
vt 0.757534 0.635415
vt 0.758572 0.634117
vt 0.762335 0.625683
vt 0.766487 0.617379
vt 0.763373 0.625294
vt 0.758961 0.623737
vt 0.747413 0.645406
vt 0.748840 0.632430
vt 0.748840 0.637231
vt 0.753252 0.626851
vt 0.761816 0.609983
vt 0.770509 0.599343
vt 0.757274 0.615692
vt 0.751695 0.625683
vt 0.758442 0.600771
vt 0.751046 0.615043
vt 0.747154 0.625683
vt 0.747413 0.613227
vt 0.744559 0.622439
vt 0.751955 0.607258
vt 0.746894 0.638918
vt 0.738460 0.636323
vt 0.736514 0.641383
vt 0.744688 0.644497
vt 0.739109 0.645665
vt 0.733919 0.642811
vt 0.957100 0.004504
vt 0.955802 0.010991
vt 0.948796 0.008007
vt 0.933744 0.002947
vt 0.934912 0.008915
vt 0.936339 0.027340
vt 0.931149 0.009304
vt 0.924013 0.010083
vt 0.924921 0.013716
vt 0.924921 0.020852
vt 0.932057 0.014884
vt 0.933095 0.028508
vt 0.928814 0.032790
vt 0.929333 0.036812
vt 0.934653 0.030973
vt 0.931279 0.036423
vt 0.949444 0.042262
vt 0.939194 0.061465
vt 0.936599 0.030584
vt 0.953337 0.035774
vt 0.952688 0.032271
vt 0.955672 0.031492
vt 0.957100 0.035904
vt 0.953207 0.039018
vt 0.950482 0.042910
vt 0.954894 0.045895
vt 0.011225 0.038506
vt 0.012003 0.044994
vt 0.002272 0.040193
vt 0.013171 0.059785
vt 0.002272 0.140492
vt 0.039513 0.860538
vt 0.035750 0.871826
vt 0.036788 0.862095
vt 0.038735 0.857164
vt 0.033155 0.868323
vt 0.033804 0.872864
vt 0.035621 0.860408
vt 0.036399 0.859240
vt 0.001496 0.837571
vt 0.037437 0.856905
vt 0.016028 0.859370
vt 0.034193 0.864041
vt 0.029393 0.875849
vt 0.024332 0.865858
vt 0.006426 0.869620
vt 0.023035 0.870010
vt 0.009021 0.876757
vt 0.016807 0.880130
vt 0.001496 0.880130
vt 0.027965 0.879482
vt 0.026278 0.883634
vt 0.019531 0.891808
vt 0.014211 0.893106
vt 0.027446 0.883504
vt 0.014341 0.902188
vt 0.029522 0.881428
vt 0.033804 0.899204
vt 0.034842 0.891419
vt 0.027317 0.892976
vt 0.030690 0.896609
vt 0.034193 0.902837
vt 0.032896 0.903097
vt 0.031209 0.900891
vt 0.028095 0.897517
vt 0.028744 0.901021
vt 0.010449 0.908157
vt 0.030560 0.903356
vt 0.030431 0.908806
vt 0.225304 0.496291
vt 0.230494 0.489673
vt 0.217000 0.519516
vt 0.221931 0.513678
vt 0.226083 0.514586
vt 0.224266 0.515235
vt 0.222579 0.522501
vt 0.219335 0.522501
vt 0.221671 0.524058
vt 0.225693 0.530416
vt 0.217908 0.523539
vt 0.216740 0.522241
vt 0.223358 0.534957
vt 0.228029 0.534438
vt 0.230494 0.553641
vt 0.224136 0.548841
vt 0.225304 0.557274
vt 0.220763 0.539239
vt 0.217130 0.560389
vt 0.208825 0.526393
vt 0.211810 0.559740
vt 0.201819 0.524836
vt 0.213497 0.521203
vt 0.203635 0.535865
vt 0.207528 0.566357
vt 0.196758 0.526004
vt 0.193904 0.546764
vt 0.195461 0.526134
vt 0.732502 0.976846
vt 0.730426 0.979052
vt 0.725885 0.973342
vt 0.722641 0.976586
vt 0.721473 0.974251
vt 0.722771 0.958032
vt 0.724587 0.955956
vt 0.735746 0.967893
vt 0.739120 0.971137
vt 0.731594 0.947522
vt 0.721084 0.942591
vt 0.737563 0.954009
vt 0.740547 0.969969
vt 0.737563 0.930005
vt 0.740287 0.931432
vt 0.751187 0.940255
vt 0.750797 0.931821
vt 0.752614 0.931302
vt 0.755339 0.940515
vt 0.748073 0.966206
vt 0.749500 0.971526
vt 0.749630 0.950376
vt 0.755728 0.950117
vt 0.751446 0.959329
vt 0.753392 0.970877
vt 0.754171 0.976197
vt 0.761307 0.946743
vt 0.762345 0.933249
vt 0.762994 0.957123
vt 0.757934 0.976067
vt 0.757026 0.979052
vt 0.761956 0.975808
vt 0.764811 0.976975
vt 0.763254 0.965946
vt 0.765849 0.971396
vt 0.768314 0.957902
vt 0.765459 0.952712
vt 0.766757 0.945316
vt 0.150289 0.030582
vt 0.149381 0.032917
vt 0.141855 0.028895
vt 0.140947 0.033306
vt 0.146137 0.035123
vt 0.148473 0.018385
vt 0.140298 0.019034
vt 0.140298 0.002685
vt 0.150549 0.017477
vt 0.150419 0.005539
vt 0.153663 0.002036
vt 0.152365 0.016049
vt 0.939572 0.800333
vt 0.937496 0.792808
vt 0.940870 0.790602
vt 0.945282 0.801242
vt 0.947747 0.793716
vt 0.948655 0.788915
vt 0.937496 0.786709
vt 0.935550 0.793976
vt 0.941130 0.780741
vt 0.932436 0.789953
vt 0.948396 0.779703
vt 0.950212 0.788526
vt 0.931009 0.786320
vt 0.950472 0.775161
vt 0.948525 0.769971
vt 0.952029 0.780871
vt 0.951899 0.788007
vt 0.958776 0.785152
vt 0.959295 0.787099
vt 0.952288 0.769063
vt 0.957868 0.771139
vt 0.957089 0.766079
vt 0.950082 0.757904
vt 0.955143 0.757256
vt 0.947747 0.759072
vt 0.948266 0.755569
vt 0.940870 0.752844
vt 0.943335 0.750119
vt 0.941000 0.748692
vt 0.940610 0.761408
vt 0.938145 0.754012
vt 0.937107 0.752195
vt 0.933734 0.753233
vt 0.937367 0.757645
vt 0.940481 0.771528
vt 0.930360 0.758423
vt 0.928673 0.752974
vt 0.936588 0.769582
vt 0.937367 0.782428
vt 0.930230 0.779054
vt 0.928933 0.767636
vt 0.926727 0.771788
vt 0.926467 0.753882
vt 0.924781 0.749860
vt 0.922705 0.751027
vt 0.927635 0.787228
vt 0.926338 0.781649
vt 0.925429 0.788915
vt 0.931528 0.795403
vt 0.919461 0.795143
vt 0.918812 0.789694
vt 0.925170 0.772177
vt 0.919331 0.776459
vt 0.919071 0.757515
vt 0.916995 0.756996
vt 0.918423 0.767117
vt 0.916995 0.759072
vt 0.915179 0.758813
vt 0.914271 0.758034
vt 0.916736 0.764651
vt 0.915049 0.768285
vt 0.915698 0.774902
vt 0.916995 0.783466
vt 0.914271 0.787228
vt 0.915698 0.789175
vt 0.946635 0.552984
vt 0.945856 0.546108
vt 0.948192 0.547924
vt 0.948711 0.552206
vt 0.950527 0.548832
vt 0.952344 0.553893
vt 0.950916 0.547016
vt 0.957664 0.544550
vt 0.949100 0.555969
vt 0.963373 0.551427
vt 0.955198 0.569593
vt 0.949230 0.561029
vt 0.974661 0.583866
vt 0.973753 0.554022
vt 0.967006 0.584385
vt 0.962854 0.590483
vt 0.961297 0.594895
vt 0.939498 0.583736
vt 0.939498 0.566089
vt 0.009419 0.117330
vt 0.010976 0.126023
vt 0.009419 0.127321
vt 0.941312 0.893299
vt 0.936511 0.895635
vt 0.936382 0.888888
vt 0.945335 0.885773
vt 0.944945 0.893040
vt 0.948319 0.882789
vt 0.945464 0.875653
vt 0.938458 0.880324
vt 0.934435 0.888628
vt 0.939885 0.874744
vt 0.936901 0.877599
vt 0.932359 0.886292
vt 0.941312 0.866959
vt 0.947670 0.867868
vt 0.945983 0.859174
vt 0.941702 0.860472
vt 0.928856 0.878248
vt 0.938588 0.869165
vt 0.926521 0.884865
vt 0.939885 0.860342
vt 0.941183 0.856709
vt 0.924834 0.881232
vt 0.923147 0.887201
vt 0.915751 0.885773
vt 0.932100 0.867219
vt 0.928726 0.869035
vt 0.918216 0.879935
vt 0.914454 0.884995
vt 0.920941 0.871760
vt 0.913675 0.883697
vt 0.916919 0.874485
vt 0.923666 0.857228
vt 0.918865 0.865791
vt 0.920163 0.858525
vt 0.931321 0.857747
vt 0.928726 0.853335
vt 0.933657 0.856320
vt 0.936252 0.855152
vt 0.935733 0.852038
vt 0.942610 0.853335
vt 0.948319 0.839192
vt 0.912248 0.866181
vt 0.914454 0.857098
vt 0.911599 0.858006
vt 0.908874 0.865791
vt 0.908615 0.872020
vt 0.911858 0.869295
vt 0.908485 0.876301
vt 0.906149 0.883049
vt 0.470544 0.051306
vt 0.468079 0.049360
vt 0.470674 0.044818
vt 0.473788 0.043780
vt 0.469636 0.042872
vt 0.463408 0.052474
vt 0.467430 0.040926
vt 0.467690 0.039628
vt 0.481573 0.042094
vt 0.481054 0.043261
vt 0.482222 0.049100
vt 0.483909 0.046375
vt 0.485206 0.045597
vt 0.484168 0.054939
vt 0.485206 0.055977
vt 0.501685 0.028989
vt 0.533474 0.001611
vt 0.550991 0.023539
vt 0.463538 0.017441
vt 0.462499 0.037942
vt 0.453287 0.037423
vt 0.450562 0.013808
vt 0.434603 0.001611
vt 0.969516 0.234885
vt 0.971592 0.224504
vt 0.975484 0.220352
vt 0.970554 0.222558
vt 0.966272 0.222428
vt 0.962509 0.217368
vt 0.972370 0.218536
vt 0.964456 0.211270
vt 0.973408 0.216979
vt 0.962509 0.203484
vt 0.976393 0.220352
vt 0.975484 0.222299
vt 0.973927 0.208674
vt 0.964715 0.194272
vt 0.978469 0.205560
vt 0.979896 0.215032
vt 0.985865 0.212178
vt 0.992223 0.210880
vt 0.986643 0.208285
vt 0.988590 0.196867
vt 0.005063 0.909989
vt 0.008436 0.925040
vt 0.002597 0.908691
vt 0.006101 0.926857
vt 0.012588 0.926986
vt 0.011291 0.930101
vt 0.003765 0.929711
vt 0.014016 0.932825
vt 0.015443 0.928673
vt 0.016351 0.931139
vt 0.018946 0.929192
vt 0.026342 0.929322
vt 0.026212 0.928284
vt 0.016221 0.936329
vt 0.016092 0.938924
vt 0.011940 0.952937
vt 0.004544 0.940091
vt 0.003376 0.941259
vt 0.002597 0.946449
vt 0.005063 0.959295
vt 0.671146 0.223444
vt 0.670756 0.209171
vt 0.674389 0.213712
vt 0.680099 0.214880
vt 0.692295 0.218254
vt 0.685937 0.212026
vt 0.690090 0.223055
vt 0.695020 0.219551
vt 0.707476 0.209301
vt 0.704752 0.219422
vt 0.707995 0.222925
vt 0.695799 0.222017
vt 0.704622 0.226818
vt 0.711239 0.226818
vt 0.706698 0.234732
vt 0.694761 0.224871
vt 0.691776 0.227856
vt 0.688013 0.232527
vt 0.700340 0.238625
vt 0.705530 0.241609
vt 0.699432 0.245891
vt 0.682304 0.235122
vt 0.683861 0.241609
vt 0.707995 0.256271
vt 0.671146 0.233954
vt 0.651423 0.210079
vt 0.696318 0.257699
vt 0.660376 0.231878
vt 0.676076 0.242258
vt 0.658560 0.233954
vt 0.640524 0.223963
vt 0.673741 0.243945
vt 0.711239 0.311676
vt 0.637280 0.250043
vt 0.655186 0.346839
vt 0.731202 0.611267
vt 0.725363 0.588950
vt 0.730294 0.602055
vt 0.732889 0.611007
vt 0.733019 0.612565
vt 0.737560 0.616846
vt 0.738209 0.616587
vt 0.733538 0.608802
vt 0.728737 0.591804
vt 0.728737 0.587522
vt 0.732759 0.600627
vt 0.727958 0.583240
vt 0.721211 0.581943
vt 0.733408 0.571822
vt 0.738987 0.594659
vt 0.735354 0.594659
vt 0.738598 0.598032
vt 0.736133 0.602963
vt 0.730813 0.570135
vt 0.733149 0.568578
vt 0.728867 0.564167
vt 0.726401 0.566632
vt 0.706938 0.560274
vt 0.698634 0.581164
vt 0.733927 0.545093
vt 0.738209 0.554435
vt 0.739636 0.552619
vt 0.741453 0.552748
vt 0.741972 0.543925
vt 0.735225 0.517066
vt 0.737690 0.515509
vt 0.732111 0.521089
vt 0.731072 0.529133
vt 0.721341 0.506946
vt 0.698634 0.494879
vt 0.951867 0.065741
vt 0.965880 0.062887
vt 0.943303 0.072358
vt 0.939411 0.066779
vt 0.960561 0.090783
vt 0.951608 0.085204
vt 0.932274 0.084815
vt 0.965880 0.109208
vt 0.929679 0.100255
vt 0.923970 0.100126
vt 0.951737 0.092730
vt 0.937724 0.093378
vt 0.945120 0.094546
vt 0.956019 0.105445
vt 0.947715 0.106743
vt 0.935648 0.116345
vt 0.941876 0.107911
vt 0.933702 0.100645
vt 0.927474 0.104407
vt 0.922413 0.104278
vt 0.922284 0.106743
vt 0.917872 0.108689
vt 0.731721 0.603871
vt 0.733019 0.603222
vt 0.733668 0.607374
vt 0.735354 0.604390
vt 0.736392 0.607504
vt 0.735354 0.609191
vt 0.736003 0.611397
vt 0.737301 0.607764
vt 0.960171 0.698094
vt 0.960301 0.700170
vt 0.958614 0.698224
vt 0.960950 0.708474
vt 0.949142 0.706917
vt 0.965880 0.717817
vt 0.965102 0.710031
vt 0.949142 0.746362
vt 0.151965 0.188786
vt 0.133411 0.157905
vt 0.155858 0.157905
vt 0.655205 0.895131
vt 0.665066 0.905511
vt 0.661952 0.908495
vt 0.667791 0.906809
vt 0.670516 0.904343
vt 0.662082 0.916410
vt 0.679079 0.909663
vt 0.675446 0.904084
vt 0.680507 0.908625
vt 0.668050 0.921211
vt 0.666623 0.922768
vt 0.660784 0.920173
vt 0.662860 0.934965
vt 0.655854 0.933019
vt 0.655205 0.935354
vt 0.658578 0.936911
vt 0.658189 0.939506
vt 0.660525 0.938598
vt 0.661822 0.941063
vt 0.659876 0.942231
vt 0.659357 0.942101
vt 0.657540 0.946124
vt 0.096773 0.972077
vt 0.079776 0.972466
vt 0.111954 0.957804
vt 0.079776 0.924976
vt 0.594203 0.906375
vt 0.594593 0.880943
vt 0.603675 0.902352
vt 0.593425 0.928562
vt 0.592646 0.913122
vt 0.592646 0.899628
vt 0.570906 0.374677
vt 0.584011 0.388691
vt 0.566364 0.375456
vt 0.588163 0.403742
vt 0.576226 0.401017
vt 0.594391 0.413863
vt 0.596467 0.355604
vt 0.580767 0.411787
vt 0.573890 0.402834
vt 0.645254 0.407894
vt 0.645384 0.317197
vt 0.578691 0.418664
vt 0.569738 0.409970
vt 0.579340 0.420480
vt 0.613724 0.422426
vt 0.634225 0.418664
vt 0.617617 0.426838
vt 0.616449 0.430082
vt 0.589331 0.414641
vt 0.592834 0.415939
vt 0.590628 0.422556
vt 0.594780 0.426319
vt 0.580378 0.422167
vt 0.575707 0.423984
vt 0.612427 0.424373
vt 0.593612 0.428265
vt 0.589331 0.425281
vt 0.584919 0.425930
vt 0.575317 0.425022
vt 0.577653 0.426708
vt 0.581416 0.429303
vt 0.585178 0.428914
vt 0.587644 0.431769
vt 0.581805 0.430341
vt 0.567013 0.476144
vt 0.567402 0.456551
vt 0.584789 0.438775
vt 0.581675 0.478480
vt 0.584140 0.471084
vt 0.587125 0.443317
vt 0.587255 0.461742
vt 0.604901 0.463039
vt 0.605550 0.434364
vt 0.616060 0.452010
vt 0.618784 0.452010
vt 0.632408 0.479647
vt 0.619952 0.434234
vt 0.794931 0.010534
vt 0.797396 0.012740
vt 0.797526 0.016114
vt 0.802457 0.008977
vt 0.795839 0.010145
vt 0.802457 0.010275
vt 0.810501 0.002619
vt 0.806479 0.009366
vt 0.803495 0.005863
vt 0.799343 0.001970
vt 0.808685 0.001841
vt 0.797526 0.020395
vt 0.792725 0.013129
vt 0.818416 0.007809
vt 0.800640 0.017671
vt 0.798824 0.022731
vt 0.820492 0.002619
vt 0.804663 0.015075
vt 0.801548 0.019617
vt 0.811280 0.014556
vt 0.821530 0.009496
vt 0.804663 0.018579
vt 0.824904 0.005085
vt 0.808036 0.035317
vt 0.811669 0.034409
vt 0.823347 0.010664
vt 0.828278 0.010404
vt 0.827110 0.021044
vt 0.830743 0.019487
vt 0.833208 0.022471
vt 0.830354 0.029997
vt 0.822828 0.013518
vt 0.828407 0.029089
vt 0.819844 0.011961
vt 0.822828 0.020266
vt 0.826072 0.030516
vt 0.812188 0.038950
vt 0.826331 0.034668
vt 0.829835 0.034019
vt 0.836712 0.029867
vt 0.823087 0.041805
vt 0.806349 0.038820
vt 0.811280 0.043621
vt 0.800381 0.042583
vt 0.795839 0.028959
vt 0.798564 0.044919
vt 0.797007 0.048552
vt 0.799083 0.066198
vt 0.798175 0.078784
vt 0.792725 0.083455
vt 0.810112 0.061916
vt 0.819714 0.043751
vt 0.831651 0.067625
vt 0.833078 0.088905
vt 0.822309 0.043102
vt 0.831781 0.060619
vt 0.833597 0.075021
vt 0.835284 0.072945
vt 0.831651 0.054520
vt 0.828278 0.038171
vt 0.830094 0.037133
vt 0.838658 0.048941
vt 0.845145 0.063344
vt 0.840474 0.046995
vt 0.847171 0.245010
vt 0.842500 0.240598
vt 0.862611 0.243842
vt 0.854696 0.247216
vt 0.861962 0.239950
vt 0.844705 0.224639
vt 0.874678 0.245918
vt 0.874159 0.243193
vt 0.872083 0.249941
vt 0.872602 0.238652
vt 0.875197 0.239950
vt 0.873640 0.233203
vt 0.875846 0.252665
vt 0.852101 0.259542
vt 0.862352 0.260451
vt 0.877792 0.256688
vt 0.855345 0.265900
vt 0.842500 0.275113
vt 0.847300 0.275113
vt 0.880258 0.262786
vt 0.854307 0.271090
vt 0.881166 0.265511
vt 0.860405 0.274334
vt 0.852101 0.281990
vt 0.882463 0.271220
vt 0.852361 0.287569
vt 0.161021 0.919707
vt 0.164784 0.913220
vt 0.164395 0.918410
vt 0.159334 0.923859
vt 0.168417 0.911273
vt 0.165043 0.910495
vt 0.158815 0.931904
vt 0.156739 0.930996
vt 0.167119 0.908938
vt 0.166990 0.918410
vt 0.171661 0.906991
vt 0.162319 0.891291
vt 0.177500 0.909327
vt 0.166990 0.884804
vt 0.156999 0.878446
vt 0.156739 0.869882
vt 0.178408 0.905694
vt 0.174515 0.874424
vt 0.182690 0.887269
vt 0.184247 0.906472
vt 0.193848 0.880262
vt 0.183598 0.910106
vt 0.188529 0.907511
vt 0.190994 0.906343
vt 0.192032 0.911403
vt 0.199428 0.914387
vt 0.215128 0.913998
vt 0.196963 0.916074
vt 0.194886 0.916334
vt 0.186582 0.913609
vt 0.189567 0.927492
vt 0.178408 0.928271
vt 0.180484 0.917891
vt 0.175813 0.912701
vt 0.176072 0.927363
vt 0.170363 0.934629
vt 0.169714 0.930866
vt 0.167379 0.932812
vt 0.165692 0.935148
vt 0.166471 0.926065
vt 0.177240 0.919837
vt 0.163486 0.926844
vt 0.169974 0.919578
vt 0.169325 0.918540
vt 0.175164 0.916204
vt 0.460321 0.865077
vt 0.432683 0.879090
vt 0.450719 0.866115
vt 0.457207 0.856643
vt 0.440209 0.867282
vt 0.430218 0.874678
vt 0.425158 0.879349
vt 0.415296 0.882463
vt 0.422692 0.875197
vt 0.435668 0.865596
vt 0.421914 0.869748
vt 0.456947 0.850285
vt 0.460580 0.852620
vt 0.457077 0.844316
vt 0.462397 0.856772
vt 0.466030 0.869358
vt 0.461099 0.850025
vt 0.454871 0.829135
vt 0.459802 0.830043
vt 0.455650 0.827318
vt 0.466938 0.856772
vt 0.462008 0.827448
vt 0.465122 0.850674
vt 0.472388 0.862611
vt 0.473556 0.870396
vt 0.479524 0.855734
vt 0.485363 0.849376
vt 0.484974 0.854567
vt 0.488866 0.860665
vt 0.477578 0.846262
vt 0.480432 0.859238
vt 0.489645 0.864039
vt 0.481860 0.862092
vt 0.485104 0.874549
vt 0.485233 0.842889
vt 0.476021 0.865077
vt 0.476021 0.870137
vt 0.482768 0.877014
vt 0.491721 0.882463
vt 0.477318 0.843019
vt 0.482898 0.840943
vt 0.484195 0.833936
vt 0.486401 0.832509
vt 0.469533 0.842370
vt 0.471739 0.839904
vt 0.482768 0.826151
vt 0.468755 0.834455
vt 0.471350 0.834455
vt 0.480822 0.828486
vt 0.476151 0.829135
vt 0.474075 0.826540
vt 0.475632 0.820961
vt 0.488737 0.816549
vt 0.476151 0.817717
vt 0.460580 0.823556
vt 0.456428 0.823685
vt 0.459023 0.821869
vt 0.456558 0.821609
vt 0.468495 0.815381
vt 0.471350 0.817327
vt 0.480043 0.807466
vt 0.470571 0.812916
vt 0.477318 0.805390
vt 0.778527 0.445603
vt 0.775153 0.445344
vt 0.779176 0.445084
vt 0.773077 0.443138
vt 0.790334 0.445603
vt 0.795135 0.443008
vt 0.778138 0.441840
vt 0.783457 0.443138
vt 0.790853 0.439245
vt 0.776580 0.437559
vt 0.771780 0.434963
vt 0.771131 0.431460
vt 0.782938 0.438207
vt 0.777748 0.433147
vt 0.790205 0.436910
vt 0.780992 0.433796
vt 0.797471 0.432239
vt 0.793189 0.427049
vt 0.805256 0.438597
vt 0.795524 0.424843
vt 0.788388 0.424324
vt 0.783198 0.424454
vt 0.789037 0.422118
vt 0.801753 0.413165
vt 0.780214 0.415760
vt 0.775672 0.429254
vt 0.772039 0.428346
vt 0.766330 0.426270
vt 0.775283 0.413295
vt 0.772039 0.402525
vt 0.778527 0.410051
vt 0.782679 0.409013
vt 0.779695 0.404731
vt 0.772428 0.386566
vt 0.774634 0.385268
vt 0.775802 0.395000
vt 0.778786 0.386436
vt 0.781252 0.381895
vt 0.807981 0.390977
vt 0.814987 0.388772
vt 0.799936 0.409143
vt 0.811743 0.397465
vt 0.803829 0.409402
vt 0.821605 0.393832
vt 0.806943 0.411867
vt 0.818101 0.399930
vt 0.829779 0.401358
vt 0.821994 0.392015
vt 0.815636 0.417706
vt 0.810186 0.420431
vt 0.816415 0.425362
vt 0.810446 0.439245
vt 0.813690 0.439894
vt 0.810835 0.442619
vt 0.816934 0.440154
vt 0.817453 0.447160
vt 0.816544 0.453518
vt 0.821734 0.452610
vt 0.820177 0.465845
vt 0.829779 0.460784
vt 0.819139 0.469218
vt 0.805645 0.440154
vt 0.807332 0.442489
vt 0.798768 0.444565
vt 0.802531 0.455464
vt 0.805256 0.476355
vt 0.733024 0.859323
vt 0.728482 0.857117
vt 0.739252 0.846737
vt 0.741198 0.832723
vt 0.738214 0.851538
vt 0.747945 0.825846
vt 0.739381 0.805735
vt 0.739252 0.863864
vt 0.754433 0.821046
vt 0.728482 0.780692
vt 0.745999 0.847256
vt 0.748464 0.853095
vt 0.741068 0.864902
vt 0.747296 0.850889
vt 0.754822 0.840509
vt 0.756379 0.845050
vt 0.751319 0.853095
vt 0.780643 0.823770
vt 0.794397 0.813520
vt 0.764424 0.838951
vt 0.778956 0.827403
vt 0.792580 0.821046
vt 0.767538 0.849332
vt 0.756898 0.855949
vt 0.776361 0.848813
vt 0.783757 0.839341
vt 0.793618 0.829609
vt 0.794656 0.835837
vt 0.148494 0.074460
vt 0.149272 0.085229
vt 0.146029 0.077185
vt 0.145380 0.075498
vt 0.140060 0.087954
vt 0.134091 0.097686
vt 0.134091 0.006599
vt 0.198088 0.807390
vt 0.223909 0.809596
vt 0.170321 0.871358
vt 0.223909 0.871488
vt 0.167336 0.822182
vt 0.190043 0.802200
vt 0.191860 0.788835
vt 0.216981 0.571875
vt 0.261227 0.605870
vt 0.177536 0.595750
vt 0.246565 0.592765
vt 0.249938 0.581347
vt 0.219706 0.569929
vt 0.231384 0.565777
vt 0.192328 0.577974
vt 0.189733 0.577714
vt 0.187527 0.575638
vt 0.154829 0.568502
vt 0.164950 0.559808
vt 0.104615 0.605870
vt 0.918757 0.746386
vt 0.915902 0.749240
vt 0.914604 0.748592
vt 0.902538 0.768314
vt 0.902667 0.745997
vt 0.893455 0.762735
vt 0.908506 0.741455
vt 0.931213 0.745477
vt 0.901110 0.737563
vt 0.928358 0.737044
vt 0.907598 0.734448
vt 0.900591 0.708238
vt 0.896958 0.710055
vt 0.943280 0.734319
vt 0.943929 0.742753
vt 0.930175 0.730167
vt 0.918627 0.727182
vt 0.915253 0.715764
vt 0.924336 0.710315
vt 0.943929 0.704605
vt 0.936144 0.716543
vt 0.924855 0.712650
vt 0.933029 0.719008
vt 0.918757 0.717321
vt 0.929267 0.728350
vt 0.920833 0.725755
vt 0.166834 0.244955
vt 0.164109 0.268829
vt 0.162293 0.243268
vt 0.149058 0.199930
vt 0.152950 0.243398
vt 0.149058 0.272203
vt 0.894188 0.983442
vt 0.898600 0.964498
vt 0.906126 0.969299
vt 0.894188 0.941142
vt 0.902233 0.953599
vt 0.921047 0.979290
vt 0.920399 0.961643
vt 0.926367 0.965666
vt 0.824417 0.943865
vt 0.814166 0.941270
vt 0.820524 0.939194
vt 0.827920 0.939583
vt 0.825455 0.934653
vt 0.829996 0.936339
vt 0.812090 0.936080
vt 0.828958 0.932576
vt 0.821432 0.920769
vt 0.836224 0.928424
vt 0.838560 0.933225
vt 0.826493 0.924532
vt 0.810663 0.928814
vt 0.834797 0.916487
vt 0.836873 0.913114
vt 0.821043 0.913892
vt 0.825844 0.914930
vt 0.829607 0.904290
vt 0.821692 0.908572
vt 0.817151 0.907404
vt 0.818708 0.902863
vt 0.807160 0.914152
vt 0.797428 0.897803
vt 0.832461 0.906237
vt 0.834148 0.898970
vt 0.834797 0.904420
vt 0.800802 0.909221
vt 0.795222 0.900528
vt 0.787307 0.894948
vt 0.793406 0.901566
vt 0.799115 0.910129
vt 0.786659 0.905588
vt 0.777446 0.897673
vt 0.782766 0.903771
vt 0.784064 0.906626
vt 0.791460 0.916617
vt 0.804824 0.923494
vt 0.802229 0.922715
vt 0.806900 0.932187
vt 0.796131 0.926997
vt 0.809236 0.940232
vt 0.809365 0.941400
vt 0.793406 0.926478
vt 0.800413 0.938934
vt 0.803397 0.943605
vt 0.804046 0.944384
vt 0.801451 0.945682
vt 0.800153 0.949185
vt 0.785880 0.917136
vt 0.781598 0.905588
vt 0.793536 0.933225
vt 0.777836 0.927516
vt 0.791589 0.952039
vt 0.796390 0.957100
vt 0.790551 0.955413
vt 0.784712 0.943086
vt 0.777446 0.936080
vt 0.784193 0.951131
vt 0.787956 0.955932
vt 0.186824 0.748019
vt 0.201864 0.735751
vt 0.185587 0.754602
vt 0.209642 0.744684
vt 0.207169 0.732017
vt 0.213246 0.711301
vt 0.220428 0.722811
vt 0.237095 0.716824
vt 0.226907 0.740402
vt 0.186743 0.759310
vt 0.175503 0.757543
vt 0.210618 0.751074
vt 0.193731 0.764324
vt 0.210795 0.758089
vt 0.228150 0.750824
vt 0.234782 0.737524
vt 0.223596 0.759773
vt 0.241493 0.756030
vt 0.244890 0.763921
vt 0.197218 0.769232
vt 0.224410 0.767197
vt 0.208399 0.768661
vt 0.194648 0.772660
vt 0.201404 0.776758
vt 0.195512 0.769830
vt 0.211913 0.772662
vt 0.212558 0.777095
vt 0.223432 0.769504
vt 0.232833 0.771995
vt 0.232774 0.769657
vt 0.233112 0.771354
vt 0.240540 0.770410
vt 0.241125 0.772505
vt 0.246958 0.777095
vt 0.191814 0.771925
vt 0.194534 0.772137
vt 0.183101 0.768157
vt 0.185821 0.772653
vt 0.188749 0.774559
vt 0.185476 0.775498
vt 0.183022 0.766467
vt 0.182593 0.763469
vt 0.175775 0.765729
vt 0.181402 0.759928
vt 0.176529 0.762247
vt 0.175256 0.761430
vt 0.171396 0.760275
vt 0.170238 0.768548
vt 0.166264 0.766870
vt 0.168653 0.760841
vt 0.138373 0.774855
vt 0.913196 0.554333
vt 0.897756 0.551478
vt 0.900480 0.542136
vt 0.875438 0.539671
vt 0.890619 0.553684
vt 0.875179 0.531885
vt 0.905411 0.527733
vt 0.871675 0.543563
vt 0.874011 0.536686
vt 0.869469 0.549142
vt 0.863111 0.552127
vt 0.857662 0.556798
vt 0.857532 0.554462
vt 0.858440 0.557576
vt 0.875438 0.517742
vt 0.870248 0.523581
vt 0.872454 0.519170
vt 0.865707 0.515407
vt 0.892046 0.510346
vt 0.873621 0.507881
vt 0.913196 0.487510
vt 0.897237 0.489716
vt 0.870637 0.502042
vt 0.900372 0.135931
vt 0.904005 0.140084
vt 0.899853 0.139175
vt 0.895571 0.135153
vt 0.906859 0.126460
vt 0.875329 0.153059
vt 0.896609 0.121010
vt 0.908806 0.120750
vt 0.877016 0.142808
vt 0.872734 0.132817
vt 0.869880 0.150594
vt 0.866117 0.161363
vt 0.868712 0.162790
vt 0.861316 0.171224
vt 0.863133 0.163569
vt 0.863652 0.142808
vt 0.869620 0.129574
vt 0.852234 0.150594
vt 0.894663 0.118804
vt 0.874032 0.121529
vt 0.856126 0.116858
vt 0.857034 0.099211
vt 0.892197 0.108813
vt 0.907638 0.100639
vt 0.889732 0.106478
vt 0.876238 0.108294
vt 0.864430 0.096746
vt 0.852234 0.097006
vt 0.850163 0.315079
vt 0.852109 0.319751
vt 0.841340 0.316377
vt 0.839913 0.316117
vt 0.847698 0.311446
vt 0.844324 0.319491
vt 0.848347 0.322475
vt 0.853926 0.323513
vt 0.849904 0.326368
vt 0.839264 0.310149
vt 0.846790 0.327147
vt 0.822915 0.318064
vt 0.808253 0.307813
vt 0.820839 0.330261
vt 0.834463 0.310668
vt 0.807864 0.301715
vt 0.829533 0.298601
vt 0.835371 0.300677
vt 0.840172 0.300677
vt 0.841340 0.297044
vt 0.841600 0.301196
vt 0.843935 0.300677
vt 0.847049 0.334153
vt 0.851331 0.337397
vt 0.826937 0.342717
vt 0.850423 0.340122
vt 0.841081 0.343366
vt 0.807864 0.380864
vt 0.928144 0.643776
vt 0.913222 0.640013
vt 0.940859 0.642738
vt 0.913611 0.633655
vt 0.953964 0.637159
vt 0.908940 0.622626
vt 0.949423 0.622496
vt 0.960841 0.631449
vt 0.959803 0.636120
vt 0.961490 0.635342
vt 0.959414 0.637937
vt 0.952278 0.645852
vt 0.956040 0.643127
vt 0.957727 0.648836
vt 0.955781 0.651172
vt 0.958376 0.650393
vt 0.955002 0.654675
vt 0.953186 0.653248
vt 0.952537 0.668299
vt 0.955392 0.672451
vt 0.930609 0.657530
vt 0.923472 0.648447
vt 0.954224 0.672192
vt 0.922045 0.662850
vt 0.922694 0.671413
vt 0.918153 0.669467
vt 0.908940 0.676474
vt 0.919839 0.674787
vt 0.937875 0.672711
vt 0.926068 0.682702
vt 0.954094 0.678939
vt 0.955521 0.677901
vt 0.166037 0.214580
vt 0.168287 0.215792
vt 0.167495 0.219375
vt 0.171624 0.218126
vt 0.173419 0.230494
vt 0.164831 0.230494
vt 0.941142 0.384723
vt 0.949317 0.386280
vt 0.949447 0.392508
vt 0.953988 0.392898
vt 0.961643 0.402370
vt 0.983442 0.381998
vt 0.940104 0.393157
vt 0.978901 0.413918
vt 0.940234 0.396660
vt 0.983442 0.428061
vt 0.650568 0.638105
vt 0.661078 0.620848
vt 0.667047 0.625260
vt 0.675610 0.621237
vt 0.660170 0.642387
vt 0.676389 0.627725
vt 0.680541 0.622924
vt 0.677297 0.616826
vt 0.663673 0.649653
vt 0.649400 0.642387
vt 0.660299 0.655622
vt 0.659132 0.669505
vt 0.665879 0.683000
vt 0.682747 0.619940
vt 0.682876 0.634083
vt 0.691570 0.642906
vt 0.676259 0.657957
vt 0.682098 0.660552
vt 0.692867 0.643425
vt 0.677946 0.688190
vt 0.700263 0.651989
vt 0.685601 0.685465
vt 0.700263 0.601645
vt 0.696890 0.596455
vt 0.683914 0.610987
vt 0.692348 0.599569
vt 0.681838 0.585426
vt 0.666787 0.562200
vt 0.688586 0.576992
vt 0.693646 0.598141
vt 0.698058 0.556101
vt 0.908416 0.668863
vt 0.900372 0.674442
vt 0.907638 0.665749
vt 0.887656 0.654590
vt 0.897388 0.655499
vt 0.906989 0.634349
vt 0.908806 0.639539
vt 0.895830 0.640836
vt 0.880649 0.643951
vt 0.881558 0.650957
vt 0.880001 0.662375
vt 0.878314 0.659132
vt 0.874291 0.653163
vt 0.870918 0.649270
vt 0.868842 0.653033
vt 0.889473 0.674442
vt 0.874811 0.663024
vt 0.901540 0.684174
vt 0.890640 0.682487
vt 0.902707 0.692997
vt 0.883374 0.680671
vt 0.908806 0.700263
vt 0.866549 0.831111
vt 0.865251 0.832408
vt 0.866549 0.826829
vt 0.856817 0.842529
vt 0.868755 0.827737
vt 0.867587 0.839026
vt 0.863694 0.849536
vt 0.871350 0.826569
vt 0.865770 0.815930
vt 0.860321 0.813594
vt 0.891202 0.807755
vt 0.896262 0.815411
vt 0.898468 0.813724
vt 0.900025 0.812037
vt 0.894186 0.802306
vt 0.867717 0.808534
vt 0.860321 0.807885
vt 0.856817 0.782583
vt 0.888088 0.805160
vt 0.889385 0.799840
vt 0.889256 0.774539
vt 0.896132 0.780637
vt 0.591619 0.943317
vt 0.596160 0.947469
vt 0.584482 0.949026
vt 0.593825 0.953178
vt 0.601480 0.962909
vt 0.595252 0.974717
vt 0.599534 0.988989
vt 0.595641 0.990027
vt 0.587726 0.963688
vt 0.589154 0.984059
vt 0.567096 0.945522
vt 0.564241 0.943317
vt 0.562943 0.950064
vt 0.560867 0.947469
vt 0.561905 0.989638
vt 0.568393 0.950323
vt 0.566966 0.969397
vt 0.567744 0.988341
vt 0.576438 0.963688
vt 0.570599 0.972641
vt 0.575659 0.983799
vt 0.574621 0.973160
vt 0.578514 0.967970
vt 0.578384 0.980685
vt 0.585910 0.967451
vt 0.586299 0.980556
vt 0.588764 0.974327
vt 0.591749 0.973938
vt 0.805843 0.560529
vt 0.800134 0.537692
vt 0.814537 0.514726
vt 0.824138 0.518489
vt 0.819597 0.564162
vt 0.815704 0.513558
vt 0.827901 0.538601
vt 0.831015 0.543272
vt 0.829588 0.516932
vt 0.827771 0.511223
vt 0.835297 0.515505
vt 0.840357 0.556766
vt 0.812980 0.510834
vt 0.845937 0.513429
vt 0.835686 0.511612
vt 0.852165 0.554820
vt 0.812461 0.508109
vt 0.808698 0.508758
vt 0.800134 0.483326
vt 0.808828 0.495133
vt 0.857355 0.522901
vt 0.861118 0.531594
vt 0.860080 0.511093
vt 0.856966 0.510963
vt 0.855279 0.509147
vt 0.859950 0.507720
vt 0.863843 0.510315
vt 0.861767 0.508368
vt 0.868903 0.495393
vt 0.856187 0.506552
vt 0.866957 0.483845
vt 0.869292 0.486440
vt 0.857874 0.493057
vt 0.859172 0.480731
vt 0.848921 0.486829
vt 0.852425 0.500064
vt 0.852035 0.493576
vt 0.849570 0.498767
vt 0.839579 0.499805
vt 0.840877 0.497858
vt 0.845807 0.488516
vt 0.839190 0.489165
vt 0.837243 0.486700
vt 0.831015 0.478006
vt 0.835816 0.506422
vt 0.828939 0.506422
vt 0.827382 0.480990
vt 0.821154 0.503308
vt 0.824138 0.495652
vt 0.820376 0.489554
vt 0.813499 0.486570
vt 0.819467 0.493317
vt 0.819078 0.499545
vt 0.811423 0.495004
vt 0.814277 0.502659
vt 0.883308 0.563812
vt 0.884995 0.562125
vt 0.885384 0.562644
vt 0.895635 0.566277
vt 0.879935 0.566796
vt 0.873447 0.605333
vt 0.895635 0.621422
vt 0.858785 0.567964
vt 0.877210 0.617529
vt 0.882140 0.636603
vt 0.870852 0.617010
vt 0.856839 0.586259
vt 0.857098 0.569131
vt 0.859044 0.566926
vt 0.853854 0.604554
vt 0.855282 0.564201
vt 0.856968 0.563293
vt 0.854762 0.566666
vt 0.854373 0.590151
vt 0.849053 0.571467
vt 0.850091 0.608187
vt 0.853465 0.610263
vt 0.867478 0.629986
vt 0.858136 0.627131
vt 0.858655 0.619216
vt 0.852427 0.620384
vt 0.850610 0.629467
vt 0.851908 0.615194
vt 0.846718 0.619735
vt 0.844772 0.615194
vt 0.836597 0.607279
vt 0.842825 0.596639
vt 0.833613 0.599494
vt 0.844772 0.578214
vt 0.842695 0.570948
vt 0.837635 0.568353
vt 0.831277 0.566666
vt 0.829071 0.558492
vt 0.676174 0.828272
vt 0.680715 0.830867
vt 0.679677 0.833591
vt 0.675525 0.830737
vt 0.682532 0.834110
vt 0.678120 0.844750
vt 0.687463 0.829958
vt 0.687203 0.828791
vt 0.690577 0.823211
vt 0.693691 0.831645
vt 0.698102 0.824379
vt 0.701995 0.826196
vt 0.682662 0.845658
vt 0.693820 0.842674
vt 0.696286 0.833072
vt 0.709780 0.849811
vt 0.711337 0.835278
vt 0.699140 0.848902
vt 0.715230 0.836187
vt 0.713543 0.849162
vt 0.711726 0.864732
vt 0.715749 0.864083
vt 0.717825 0.871479
vt 0.717695 0.878226
vt 0.714581 0.879135
vt 0.702644 0.871739
vt 0.706277 0.879005
vt 0.699530 0.859282
vt 0.694210 0.856298
vt 0.697843 0.862786
vt 0.696545 0.870052
vt 0.698492 0.878486
vt 0.684478 0.859282
vt 0.713283 0.884584
vt 0.702125 0.886271
vt 0.701606 0.890683
vt 0.694469 0.890034
vt 0.689928 0.879524
vt 0.688760 0.881989
vt 0.695507 0.900025
vt 0.684608 0.867068
vt 0.683959 0.874074
vt 0.684349 0.885752
vt 0.690836 0.895224
vt 0.679288 0.898857
vt 0.675396 0.888996
vt 0.680975 0.878097
vt 0.679807 0.861359
vt 0.669686 0.874204
vt 0.670205 0.887569
vt 0.667610 0.885882
vt 0.666702 0.871998
vt 0.665794 0.885233
vt 0.669946 0.865511
vt 0.669816 0.857466
vt 0.664107 0.865770
vt 0.655154 0.867457
vt 0.653857 0.876150
vt 0.663329 0.852406
vt 0.653857 0.853184
vt 0.655414 0.842415
vt 0.663199 0.840728
vt 0.654246 0.842025
vt 0.667221 0.845399
vt 0.665275 0.840209
vt 0.665924 0.838522
vt 0.667091 0.839171
vt 0.028605 0.587011
vt 0.026139 0.585584
vt 0.029772 0.583119
vt 0.034444 0.570922
vt 0.038985 0.570533
vt 0.023285 0.575723
vt 0.015240 0.587660
vt 0.008623 0.588309
vt 0.011218 0.568976
vt 0.006287 0.562099
vt 0.023415 0.564175
vt 0.007585 0.545620
vt 0.034314 0.553795
vt 0.011867 0.528104
vt 0.002914 0.535500
vt 0.023155 0.534721
vt 0.029513 0.532256
vt 0.036130 0.539652
vt 0.037298 0.566251
vt 0.042358 0.568327
vt 0.042358 0.569235
vt 0.052220 0.547567
vt 0.024842 0.526806
vt 0.051571 0.568587
vt 0.055723 0.571441
vt 0.079338 0.533164
vt 0.116058 0.588309
vt 0.175615 0.549772
vt 0.867738 0.410597
vt 0.860342 0.386333
vt 0.878897 0.398011
vt 0.864753 0.369595
vt 0.880324 0.412154
vt 0.877858 0.417085
vt 0.885254 0.402682
vt 0.880713 0.382830
vt 0.877988 0.366611
vt 0.869035 0.349613
vt 0.881621 0.362070
vt 0.884476 0.376732
vt 0.885903 0.389188
vt 0.895635 0.399698
vt 0.895635 0.375175
vt 0.892780 0.364535
vt 0.894726 0.349484
vt 0.944146 0.335463
vt 0.943886 0.338058
vt 0.938307 0.337409
vt 0.943237 0.333128
vt 0.947909 0.330792
vt 0.952709 0.279540
vt 0.937139 0.335333
vt 0.938566 0.332479
vt 0.930003 0.300560
vt 0.914692 0.338058
vt 0.926240 0.333257
vt 0.920012 0.300949
vt 0.917936 0.333387
vt 0.906128 0.292904
vt 0.914303 0.335074
vt 0.911318 0.335204
vt 0.157783 0.169744
vt 0.160248 0.174804
vt 0.157783 0.182200
vt 0.004390 0.030733
vt 0.002314 0.025802
vt 0.004390 0.022558
vt 0.665609 0.482319
vt 0.652374 0.481151
vt 0.657824 0.471420
vt 0.640956 0.482838
vt 0.644848 0.472717
vt 0.661716 0.468955
vt 0.667685 0.473107
vt 0.648741 0.460910
vt 0.642123 0.467917
vt 0.661976 0.460521
vt 0.666128 0.467398
vt 0.633819 0.474664
vt 0.629927 0.465581
vt 0.642253 0.461429
vt 0.627851 0.457277
vt 0.643810 0.449621
vt 0.653282 0.445599
vt 0.644199 0.440798
vt 0.627202 0.443004
vt 0.637323 0.423411
vt 0.628629 0.432883
vt 0.634209 0.423282
vt 0.634209 0.422114
vt 0.645886 0.426266
vt 0.646665 0.420297
vt 0.651206 0.416794
vt 0.648092 0.433792
vt 0.654320 0.417313
vt 0.663533 0.409398
vt 0.651855 0.429899
vt 0.667944 0.417054
vt 0.667815 0.439501
vt 0.671577 0.412512
vt 0.664441 0.408620
vt 0.672486 0.426266
vt 0.669112 0.451049
vt 0.673005 0.441317
vt 0.670669 0.458574
vt 0.667685 0.467398
vt 0.679103 0.461948
vt 0.677546 0.470512
vt 0.667944 0.483487
vt 0.677935 0.484525
vt 0.679882 0.476870
vt 0.686110 0.476351
vt 0.681179 0.464024
vt 0.684034 0.448194
vt 0.681958 0.445469
vt 0.684812 0.428472
vt 0.685591 0.438463
vt 0.685461 0.458574
vt 0.688834 0.445080
vt 0.689483 0.427174
vt 0.694673 0.478816
vt 0.698047 0.490234
vt 0.697009 0.467657
vt 0.697139 0.480373
vt 0.701161 0.466879
vt 0.698566 0.479205
vt 0.702459 0.452476
vt 0.698177 0.445859
vt 0.701161 0.443264
vt 0.701291 0.430159
vt 0.699215 0.427953
vt 0.702459 0.429640
vt 0.693506 0.416534
vt 0.689483 0.418351
vt 0.690651 0.414977
vt 0.687537 0.415367
vt 0.686239 0.417443
vt 0.676897 0.413031
vt 0.691300 0.398110
vt 0.702199 0.358016
vt 0.685201 0.374365
vt 0.674302 0.404078
vt 0.681828 0.377609
vt 0.670929 0.401353
vt 0.664311 0.406284
vt 0.663662 0.405246
vt 0.674821 0.371900
vt 0.661716 0.393698
vt 0.659251 0.390454
vt 0.656267 0.388378
vt 0.871434 0.222044
vt 0.870526 0.218800
vt 0.875327 0.223212
vt 0.842629 0.209068
vt 0.874938 0.226196
vt 0.688985 0.548872
vt 0.688337 0.552635
vt 0.686261 0.546018
vt 0.679773 0.559772
vt 0.675361 0.557955
vt 0.689245 0.533691
vt 0.693916 0.541736
vt 0.693786 0.534859
vt 0.696252 0.532004
vt 0.682109 0.533042
vt 0.694565 0.529669
vt 0.697160 0.529539
vt 0.690283 0.531226
vt 0.694305 0.527074
vt 0.698068 0.527982
vt 0.689504 0.516694
vt 0.691710 0.526944
vt 0.687169 0.532264
vt 0.687558 0.516694
vt 0.691840 0.511114
vt 0.697809 0.507741
vt 0.682109 0.531615
vt 0.690802 0.511244
vt 0.680292 0.527463
vt 0.692359 0.509946
vt 0.688077 0.507611
vt 0.688337 0.506054
vt 0.683017 0.516953
vt 0.686520 0.507611
vt 0.685352 0.504237
vt 0.685093 0.500085
vt 0.683666 0.501902
vt 0.680811 0.502161
vt 0.681071 0.498139
vt 0.673156 0.497231
vt 0.678605 0.508000
vt 0.673415 0.501123
vt 0.669393 0.493857
vt 0.668744 0.494376
vt 0.674194 0.508519
vt 0.671209 0.501902
vt 0.668095 0.496841
vt 0.668484 0.500993
vt 0.665500 0.497750
vt 0.663294 0.493598
vt 0.665500 0.499436
vt 0.668095 0.503589
vt 0.669133 0.506313
vt 0.673026 0.513580
vt 0.668355 0.508779
vt 0.678216 0.518899
vt 0.677048 0.523311
vt 0.679903 0.521754
vt 0.677697 0.527723
vt 0.678865 0.530577
vt 0.675621 0.531096
vt 0.674842 0.529150
vt 0.671339 0.539141
vt 0.674972 0.548613
vt 0.670171 0.556657
vt 0.670561 0.553933
vt 0.672896 0.541995
vt 0.663294 0.547315
vt 0.606243 0.642823
vt 0.603648 0.653722
vt 0.601572 0.650089
vt 0.598718 0.646845
vt 0.596252 0.652684
vt 0.595214 0.645288
vt 0.591062 0.631924
vt 0.595214 0.622711
vt 0.617532 0.653333
vt 0.614158 0.642693
vt 0.591841 0.640617
vt 0.592749 0.643212
vt 0.591581 0.643991
vt 0.579514 0.634389
vt 0.579774 0.631924
vt 0.560441 0.618559
vt 0.578995 0.627772
vt 0.567836 0.630626
vt 0.577308 0.642044
vt 0.570432 0.618040
vt 0.567317 0.635686
vt 0.565631 0.635686
vt 0.564722 0.641655
vt 0.567577 0.643861
vt 0.549541 0.660859
vt 0.563684 0.658653
vt 0.571859 0.645937
vt 0.572897 0.664621
vt 0.585613 0.656187
vt 0.579644 0.665140
vt 0.575103 0.618819
vt 0.575362 0.615185
vt 0.576789 0.608828
vt 0.581331 0.618559
vt 0.557975 0.600004
vt 0.579903 0.626993
vt 0.566539 0.599485
vt 0.553045 0.593517
vt 0.549541 0.589235
vt 0.559143 0.590792
vt 0.579903 0.604935
vt 0.584056 0.614277
vt 0.590024 0.623230
vt 0.580552 0.588846
vt 0.550320 0.572627
vt 0.566798 0.573794
vt 0.596901 0.593647
vt 0.560311 0.566009
vt 0.651138 0.496072
vt 0.662945 0.581580
vt 0.599626 0.606233
vt 0.609617 0.614926
vt 0.644131 0.649700
vt 0.623371 0.632702
vt 0.607800 0.615575
vt 0.610785 0.630756
vt 0.621424 0.649830
vt 0.601572 0.623749
vt 0.589765 0.629977
vt 0.586651 0.626733
vt 0.582758 0.624657
vt 0.586780 0.625176
vt 0.582239 0.622711
vt 0.848556 0.002343
vt 0.854654 0.005586
vt 0.858806 0.026347
vt 0.862569 0.023103
vt 0.858157 0.005067
vt 0.862569 0.004029
vt 0.873079 0.021287
vt 0.871133 0.032186
vt 0.879826 0.026477
vt 0.878918 0.031407
vt 0.862958 0.046459
vt 0.850761 0.075783
vt 0.849853 0.041398
vt 0.848556 0.075523
vt 0.858287 0.075134
vt 0.877361 0.051649
vt 0.870614 0.079027
vt 0.875414 0.076821
vt 0.883200 0.043604
vt 0.886314 0.031018
vt 0.888779 0.033094
vt 0.890725 0.033354
vt 0.891244 0.058136
vt 0.888649 0.051778
vt 0.886314 0.069165
vt 0.887222 0.070982
vt 0.534463 0.574540
vt 0.561967 0.633887
vt 0.534463 0.636603
vt 0.807827 0.169187
vt 0.796020 0.171392
vt 0.790570 0.167500
vt 0.806140 0.165164
vt 0.786418 0.168408
vt 0.777335 0.176712
vt 0.774351 0.168019
vt 0.779541 0.157509
vt 0.771107 0.154265
vt 0.780839 0.142198
vt 0.753461 0.161920
vt 0.807827 0.076932
vt 0.772664 0.117804
vt 0.884068 0.096588
vt 0.879786 0.095680
vt 0.880175 0.093085
vt 0.890296 0.090749
vt 0.890036 0.093863
vt 0.879916 0.089841
vt 0.895226 0.090360
vt 0.888479 0.086467
vt 0.881473 0.081407
vt 0.899119 0.086078
vt 0.904828 0.087116
vt 0.917025 0.091009
vt 0.893280 0.084521
vt 0.901584 0.083223
vt 0.918712 0.085170
vt 0.893150 0.079980
vt 0.906515 0.069470
vt 0.904439 0.061165
vt 0.909629 0.076866
vt 0.920399 0.084521
vt 0.911705 0.074530
vt 0.926367 0.082834
vt 0.924810 0.075698
vt 0.921956 0.069729
vt 0.926367 0.069470
vt 0.923772 0.066745
vt 0.918582 0.058960
vt 0.910537 0.064799
vt 0.909370 0.061295
vt 0.913522 0.059998
vt 0.905347 0.058960
vt 0.924291 0.052342
vt 0.901455 0.048060
vt 0.906126 0.045855
vt 0.901325 0.038978
vt 0.912743 0.046633
vt 0.906774 0.033269
vt 0.900027 0.031582
vt 0.914170 0.040535
vt 0.912354 0.035734
vt 0.916246 0.031193
vt 0.921696 0.040146
vt 0.922085 0.047152
vt 0.925070 0.046503
vt 0.886901 0.223082
vt 0.896113 0.220876
vt 0.898838 0.225158
vt 0.903120 0.221395
vt 0.890404 0.227493
vt 0.902601 0.226585
vt 0.907921 0.228921
vt 0.905456 0.229699
vt 0.885603 0.232554
vt 0.908570 0.230088
vt 0.927124 0.233332
vt 0.927254 0.230478
vt 0.928681 0.239560
vt 0.908051 0.243323
vt 0.927903 0.254222
vt 0.905585 0.258504
vt 0.887939 0.260191
vt 0.919858 0.263305
vt 0.901433 0.267068
vt 0.885603 0.268236
vt 0.918820 0.264473
vt 0.930757 0.274594
vt 0.918950 0.270831
vt 0.925697 0.287569
vt 0.455833 0.984459
vt 0.450513 0.987832
vt 0.450123 0.969148
vt 0.448566 0.975895
vt 0.448956 0.969537
vt 0.447399 0.968240
vt 0.444674 0.966812
vt 0.458557 0.963828
vt 0.446101 0.950074
vt 0.448437 0.947220
vt 0.464266 0.943976
vt 0.469586 0.981474
vt 0.478020 0.949426
vt 0.478150 0.969278
vt 0.480096 0.987832
vt 0.480745 0.967202
vt 0.957123 0.176427
vt 0.961146 0.158392
vt 0.971785 0.163582
vt 0.972564 0.158002
vt 0.955696 0.180320
vt 0.950506 0.177595
vt 0.957253 0.182655
vt 0.953620 0.187846
vt 0.955956 0.188624
vt 0.977494 0.187975
vt 0.979052 0.195371
vt 0.974121 0.181877
vt 0.976716 0.182655
vt 0.979052 0.151515
vt 0.974510 0.156964
vt 0.972045 0.153461
vt 0.975678 0.153850
vt 0.415075 0.986275
vt 0.404046 0.987832
vt 0.389124 0.982642
vt 0.411701 0.976284
vt 0.425066 0.978879
vt 0.425066 0.984978
vt 0.430256 0.976803
vt 0.423249 0.971743
vt 0.424287 0.952410
vt 0.418578 0.970835
vt 0.418448 0.955654
vt 0.429867 0.947739
vt 0.430256 0.948906
vt 0.417021 0.949685
vt 0.414426 0.952799
vt 0.414037 0.947868
vt 0.412220 0.953318
vt 0.416632 0.944235
vt 0.414426 0.971873
vt 0.410663 0.951501
vt 0.407160 0.955654
vt 0.402748 0.953967
vt 0.405992 0.942159
vt 0.411442 0.944106
vt 0.411961 0.942289
vt 0.405992 0.940343
vt 0.395482 0.942419
vt 0.386918 0.945273
vt 0.392757 0.951242
vt 0.401451 0.956432
vt 0.401191 0.976803
vt 0.396131 0.955524
vt 0.389254 0.955654
vt 0.383934 0.969926
vt 0.777095 0.887701
vt 0.766844 0.895745
vt 0.761524 0.895745
vt 0.764379 0.899119
vt 0.775538 0.883159
vt 0.765157 0.889647
vt 0.757372 0.883678
vt 0.771905 0.874726
vt 0.747900 0.897562
vt 0.762822 0.899768
vt 0.770088 0.905347
vt 0.771256 0.909759
vt 0.730903 0.924291
vt 0.774370 0.926367
vt 0.743100 0.901844
vt 0.728178 0.897821
vt 0.722728 0.898730
vt 0.725842 0.891593
vt 0.744397 0.885235
vt 0.729735 0.882511
vt 0.752182 0.879916
vt 0.771905 0.872779
vt 0.733368 0.873298
vt 0.722728 0.873039
vt 0.729865 0.871871
vt 0.751144 0.867719
vt 0.768791 0.859674
vt 0.684942 0.481281
vt 0.691559 0.490623
vt 0.678973 0.483357
vt 0.254837 0.920520
vt 0.267812 0.912346
vt 0.254967 0.951012
vt 0.258211 0.954256
vt 0.248479 0.953866
vt 0.244327 0.920260
vt 0.238618 0.912605
vt 0.236412 0.949844
vt 0.233817 0.914292
vt 0.233298 0.953866
vt 0.230573 0.899111
vt 0.227329 0.905988
vt 0.229795 0.916498
vt 0.225772 0.923375
vt 0.217987 0.954904
vt 0.221880 0.917925
vt 0.224345 0.914422
vt 0.221491 0.905988
vt 0.217987 0.912086
vt 0.836378 0.389394
vt 0.835469 0.389265
vt 0.833264 0.386280
vt 0.837805 0.397828
vt 0.837286 0.407689
vt 0.843644 0.388616
vt 0.839751 0.408598
vt 0.839232 0.414177
vt 0.846628 0.398996
vt 0.847926 0.384334
vt 0.842736 0.420535
vt 0.841438 0.422611
vt 0.843774 0.428061
vt 0.849742 0.420405
vt 0.848964 0.411323
vt 0.852078 0.418199
vt 0.851818 0.408079
vt 0.854413 0.424817
vt 0.860512 0.402370
vt 0.854413 0.388746
vt 0.846109 0.389005
vt 0.852986 0.385372
vt 0.855192 0.379793
vt 0.851429 0.381220
vt 0.852727 0.373175
vt 0.857268 0.373824
vt 0.857268 0.371488
vt 0.849223 0.380312
vt 0.853116 0.363703
vt 0.856360 0.366039
vt 0.859733 0.362406
vt 0.849483 0.364092
vt 0.850521 0.360330
vt 0.860512 0.347354
vt 0.840140 0.380571
vt 0.840270 0.363703
vt 0.833783 0.383685
vt 0.827814 0.382907
vt 0.833393 0.381220
vt 0.846369 0.352025
vt 0.843644 0.355529
vt 0.830928 0.360070
vt 0.833912 0.362535
vt 0.828852 0.364352
vt 0.823662 0.376030
vt 0.832745 0.365260
vt 0.830928 0.375900
vt 0.205161 0.963645
vt 0.210351 0.960531
vt 0.208664 0.981162
vt 0.211648 0.959234
vt 0.198154 0.996992
vt 0.201268 0.996213
vt 0.201008 0.998808
vt 0.202695 0.997511
vt 0.213335 0.979086
vt 0.215541 0.969354
vt 0.219693 0.983368
vt 0.220082 0.973896
vt 0.237080 0.998808
vt 0.228516 0.972339
vt 0.220601 0.958844
vt 0.963496 0.127535
vt 0.964501 0.131065
vt 0.960609 0.125572
vt 0.965880 0.153663
vt 0.965880 0.116210
vt 0.957197 0.122632
vt 0.960691 0.118489
vt 0.956209 0.119231
vt 0.947753 0.118682
vt 0.230960 0.026549
vt 0.234593 0.034593
vt 0.229273 0.035891
vt 0.241470 0.035242
vt 0.239005 0.037318
vt 0.238356 0.031090
vt 0.235891 0.028365
vt 0.238356 0.025640
vt 0.233166 0.024992
vt 0.230441 0.020061
vt 0.229273 0.021618
vt 0.279612 0.002240
vt 0.280650 0.003797
vt 0.279612 0.014696
vt 0.281558 0.010155
vt 0.282855 0.013009
vt 0.283245 0.007041
vt 0.290251 0.001851
vt 0.284672 0.011712
vt 0.285450 0.014826
vt 0.290511 0.008987
vt 0.292457 0.005743
vt 0.296350 0.007041
vt 0.285969 0.017291
vt 0.287526 0.019757
vt 0.288565 0.013009
vt 0.290511 0.015345
vt 0.293236 0.018589
vt 0.294274 0.019757
s 1
usemtl Material
f 540/1 493/2 366/3
f 493/2 540/1 542/4
f 366/3 493/2 379/5
f 379/5 493/2 490/6
f 490/6 493/2 542/4
f 379/5 490/6 360/7
f 379/5 360/7 366/3
f 490/6 542/4 567/8
f 567/8 542/4 565/9
f 545/10 542/4 540/1
f 565/9 542/4 577/11
f 577/11 542/4 545/10
f 565/9 577/11 666/12
f 565/9 666/12 663/13
f 666/12 577/11 673/14
f 673/14 577/11 545/10
f 663/13 666/12 679/15
f 679/15 666/12 673/14
f 663/13 679/15 683/16
f 663/13 683/16 699/17
f 683/16 679/15 744/18
f 744/18 679/15 673/14
f 699/17 683/16 743/19
f 743/19 683/16 744/18
f 699/17 743/19 763/20
f 763/20 743/19 744/18
f 699/17 763/20 707/21
f 699/17 707/21 703/22
f 763/20 744/18 764/23
f 763/20 764/23 707/21
f 764/23 744/18 751/24
f 751/24 744/18 673/14
f 703/22 707/21 698/25
f 707/21 764/23 692/26
f 692/26 764/23 751/24
f 707/21 692/26 698/25
f 692/26 751/24 682/27
f 692/26 682/27 698/25
f 682/27 751/24 673/14
f 698/25 682/27 677/28
f 682/27 673/14 671/29
f 682/27 671/29 677/28
f 698/25 677/28 605/30
f 698/25 605/30 609/31
f 677/28 671/29 554/32
f 677/28 554/32 605/30
f 671/29 673/14 661/33
f 661/33 673/14 566/34
f 661/33 566/34 671/29
f 566/34 673/14 545/10
f 671/29 566/34 561/35
f 671/29 561/35 554/32
f 566/34 545/10 498/36
f 566/34 498/36 561/35
f 498/36 545/10 488/37
f 488/37 545/10 540/1
f 488/37 540/1 366/3
f 488/37 366/3 357/38
f 488/37 357/38 498/36
f 357/38 366/3 360/7
f 561/35 498/36 312/39
f 312/39 498/36 357/38
f 312/39 357/38 360/7
f 561/35 312/39 554/32
f 312/39 360/7 304/40
f 312/39 304/40 264/41
f 554/32 312/39 311/42
f 554/32 311/42 551/43
f 551/43 311/42 316/44
f 554/32 551/43 605/30
f 551/43 316/44 495/45
f 551/43 495/45 583/46
f 551/43 583/46 605/30
f 583/46 495/45 547/47
f 605/30 583/46 612/48
f 612/48 583/46 615/49
f 605/30 612/48 609/31
f 612/48 615/49 623/50
f 612/48 623/50 609/31
f 609/31 623/50 626/51
f 304/52 360/53 490/54
f 304/52 490/54 567/55
f 304/52 567/55 568/56
f 568/56 567/55 663/57
f 663/57 567/55 565/58
f 304/52 568/56 314/59
f 568/56 663/57 634/60
f 568/56 634/60 314/59
f 634/60 663/57 709/61
f 709/61 663/57 699/62
f 709/61 699/62 703/63
f 634/60 709/61 637/64
f 634/60 637/64 314/59
f 709/61 703/63 633/65
f 633/65 703/63 642/66
f 637/64 709/61 630/67
f 630/67 709/61 633/65
f 630/67 633/65 519/68
f 637/64 630/67 510/69
f 510/69 630/67 519/68
f 519/68 633/65 484/70
f 519/68 484/70 510/69
f 484/70 633/65 558/71
f 484/70 558/71 369/72
f 637/64 510/69 331/73
f 637/64 331/73 314/59
f 510/69 484/70 449/74
f 484/70 369/72 367/75
f 367/75 369/72 376/76
f 484/70 367/75 447/77
f 484/70 447/77 449/74
f 449/74 447/77 367/75
f 367/75 376/76 309/78
f 367/75 309/78 449/74
f 510/69 449/74 340/79
f 340/79 449/74 309/78
f 510/69 340/79 331/73
f 331/73 340/79 289/80
f 289/80 340/79 309/78
f 331/73 289/80 314/59
f 289/80 309/78 273/81
f 273/81 309/78 173/82
f 314/59 289/80 255/83
f 314/59 255/83 304/52
f 304/52 255/83 264/84
f 255/83 289/80 257/85
f 255/83 257/85 264/84
f 257/85 289/80 273/81
f 264/84 257/85 245/86
f 273/81 173/82 63/87
f 63/87 173/82 25/88
f 273/81 63/87 140/89
f 273/81 140/89 257/85
f 140/89 63/87 49/90
f 257/85 140/89 144/91
f 144/91 140/89 49/90
f 257/85 144/91 245/86
f 144/91 49/90 61/92
f 144/91 61/92 245/86
f 245/86 61/92 106/93
f 251/94 264/95 245/96
f 264/95 251/94 312/97
f 251/94 245/96 106/98
f 251/94 106/98 37/99
f 312/97 251/94 250/100
f 251/94 37/99 159/101
f 251/94 159/101 250/100
f 159/101 37/99 956/102
f 956/102 37/99 1025/103
f 159/101 956/102 993/104
f 159/101 993/104 86/105
f 159/101 86/105 250/100
f 86/105 993/104 1040/106
f 1203/107 71/108 1040/106
f 1040/106 71/108 86/105
f 86/105 71/108 138/109
f 250/100 86/105 189/110
f 250/100 189/110 276/111
f 276/111 189/110 228/112
f 228/112 189/110 86/105
f 276/111 228/112 260/113
f 228/112 86/105 165/114
f 86/105 138/109 137/115
f 86/105 137/115 165/114
f 137/115 138/109 139/116
f 165/114 137/115 142/117
f 142/117 137/115 139/116
f 49/118 63/119 967/120
f 49/118 967/120 61/121
f 967/120 63/119 25/122
f 61/121 967/120 977/123
f 61/121 977/123 958/124
f 61/121 958/124 106/125
f 106/125 958/124 37/126
f 37/126 958/124 1025/127
f 958/124 977/123 1131/128
f 1025/127 958/124 1039/129
f 1039/129 958/124 1131/128
f 1025/127 1039/129 1152/130
f 1039/129 1131/128 1220/131
f 1039/129 1220/131 1152/130
f 1220/131 1131/128 1459/132
f 1025/127 1152/130 1169/133
f 1025/127 1169/133 956/134
f 956/134 1169/133 993/135
f 1152/130 1220/131 1447/136
f 1152/130 1447/136 1169/133
f 1447/136 1220/131 1459/132
f 1169/133 1447/136 1458/137
f 1169/133 1458/137 1177/138
f 1458/137 1447/136 1475/139
f 1475/139 1447/136 1459/132
f 1177/138 1458/137 1319/140
f 1177/138 1319/140 1203/141
f 1203/141 1319/140 1255/142
f 1203/141 1255/142 1204/143
f 1255/142 1319/140 1416/144
f 1319/140 1458/137 1476/145
f 1319/140 1476/145 1416/144
f 1476/145 1458/137 1475/139
f 1416/144 1476/145 1465/146
f 1416/144 1465/146 1440/147
f 1465/146 1476/145 1469/148
f 1476/145 1475/139 1512/149
f 1512/149 1475/139 1519/150
f 1512/149 1519/150 1740/151
f 1519/150 1475/139 1513/152
f 1519/150 1513/152 1572/153
f 1572/153 1513/152 1546/154
f 1546/154 1513/152 1534/155
f 1513/152 1475/139 1472/156
f 1513/152 1472/156 1534/155
f 1534/155 1472/156 1514/157
f 1472/156 1475/139 1459/132
f 1514/157 1472/156 1455/158
f 1455/158 1472/156 1453/159
f 1453/159 1472/156 1459/132
f 1455/158 1453/159 1438/160
f 1453/159 1459/132 1122/161
f 1122/161 1459/132 1131/128
f 1122/161 1131/128 977/123
f 1122/161 977/123 1063/162
f 1063/162 977/123 967/120
f 1453/159 1122/161 1196/163
f 1196/163 1122/161 1063/162
f 1453/159 1196/163 1205/164
f 1453/159 1205/164 1438/160
f 1196/163 1063/162 1107/165
f 1196/163 1107/165 1205/164
f 1063/162 967/120 1033/166
f 1063/162 1033/166 1107/165
f 1033/166 967/120 25/122
f 1205/164 1107/165 1121/167
f 1205/164 1121/167 1438/160
f 1107/165 1033/166 1071/168
f 1071/168 1033/166 25/122
f 1107/165 1071/168 1121/167
f 1438/160 1121/167 1153/169
f 1153/169 1121/167 1071/168
f 1438/160 1153/169 1461/170
f 1153/169 1071/168 1123/171
f 1123/171 1071/168 25/122
f 1153/169 1123/171 1461/170
f 1123/171 25/122 4/172
f 4/172 25/122 173/173
f 1123/171 4/172 1093/174
f 1123/171 1093/174 1461/170
f 1093/174 4/172 57/175
f 1461/170 1093/174 1212/176
f 1212/176 1093/174 57/175
f 1461/170 1212/176 1382/177
f 1382/177 1212/176 1309/178
f 1212/176 57/175 1022/179
f 1212/176 1022/179 1309/178
f 1022/179 57/175 200/180
f 1309/178 1022/179 1289/181
f 1289/181 1022/179 995/182
f 995/182 1022/179 224/183
f 993/184 1169/185 1040/186
f 1040/186 1169/185 1177/187
f 1040/186 1177/187 1203/188
f 312/189 250/190 276/191
f 312/189 276/191 311/192
f 311/192 276/191 269/193
f 311/192 269/193 316/194
f 260/195 265/196 276/191
f 276/191 265/196 269/193
f 269/193 265/196 274/197
f 316/194 269/193 278/198
f 316/194 278/198 315/199
f 316/194 315/199 495/200
f 495/200 315/199 325/201
f 325/201 315/199 278/198
f 278/198 269/193 286/202
f 269/193 274/197 292/203
f 269/193 292/203 286/202
f 292/203 274/197 287/204
f 292/203 287/204 284/205
f 286/202 292/203 296/206
f 292/203 284/205 295/207
f 296/206 292/203 319/208
f 319/208 292/203 295/207
f 296/206 319/208 322/209
f 319/208 295/207 326/210
f 322/209 319/208 348/211
f 322/209 348/211 456/212
f 319/208 326/210 368/213
f 319/208 368/213 348/211
f 368/213 326/210 544/214
f 456/212 348/211 467/215
f 467/215 348/211 368/213
f 456/212 467/215 563/216
f 467/215 368/213 556/217
f 556/217 368/213 544/214
f 467/215 556/217 563/216
f 556/217 544/214 590/218
f 590/218 544/214 619/219
f 563/216 556/217 609/220
f 590/218 619/219 609/220
f 590/218 609/220 556/217
f 563/216 609/220 626/221
f 1519/222 1572/223 1700/224
f 1700/224 1572/223 1692/225
f 1692/225 1572/223 1578/226
f 1578/226 1572/223 1546/227
f 1700/224 1692/225 1800/228
f 1578/226 1546/227 1566/229
f 1692/225 1578/226 1782/230
f 1782/230 1578/226 1566/229
f 1692/225 1782/230 1800/228
f 1566/229 1546/227 1671/231
f 1566/229 1671/231 1782/230
f 1671/231 1546/227 1670/232
f 1671/231 1670/232 1782/230
f 1782/230 1670/232 1800/228
f 1670/232 1546/227 1534/233
f 1800/228 1670/232 1844/234
f 1844/234 1670/232 1534/233
f 1847/235 1700/224 1800/228
f 1700/224 1847/235 1519/222
f 1847/235 1800/228 1844/234
f 1844/234 1534/233 1848/236
f 1848/236 1534/233 1514/237
f 1847/235 1844/234 1878/238
f 1519/222 1847/235 1824/239
f 1519/222 1824/239 1740/240
f 1740/240 1824/239 1819/241
f 1819/241 1824/239 1854/242
f 1854/242 1824/239 1847/235
f 1819/241 1854/242 1838/243
f 1838/243 1854/242 1831/244
f 1838/243 1831/244 1829/245
f 1831/244 1854/242 1858/246
f 1854/242 1847/235 1875/247
f 1854/242 1875/247 1858/246
f 1875/247 1847/235 1878/238
f 1858/246 1875/247 1865/248
f 1858/246 1865/248 1862/249
f 1858/246 1862/249 1857/250
f 1865/248 1875/247 1871/251
f 1871/251 1875/247 1878/238
f 1862/249 1865/248 1886/252
f 1886/252 1865/248 1871/251
f 1857/250 1862/249 1866/253
f 1886/252 1871/251 1888/254
f 1862/249 1886/252 1880/255
f 1862/249 1880/255 1866/253
f 1857/250 1866/253 1861/256
f 1880/255 1886/252 1882/257
f 1882/257 1886/252 1888/254
f 1888/254 1871/251 1879/258
f 1888/254 1879/258 1882/257
f 1879/258 1871/251 1878/238
f 1880/255 1882/257 1873/259
f 1873/259 1882/257 1879/258
f 1880/255 1873/259 1866/253
f 1873/259 1879/258 1878/238
f 1866/253 1873/259 1877/260
f 1877/260 1873/259 1878/238
f 1866/253 1877/260 1861/256
f 1877/260 1878/238 1844/234
f 1877/260 1844/234 1848/236
f 1877/260 1848/236 1861/256
f 1861/256 1848/236 1835/261
f 1861/256 1835/261 1833/262
f 1835/261 1848/236 1505/263
f 1835/261 1505/263 1833/262
f 1505/263 1848/236 1514/237
f 1505/263 1514/237 1455/264
f 1505/263 1455/264 1443/265
f 1443/265 1455/264 1438/266
f 1443/265 1438/266 1461/267
f 1505/263 1443/265 1510/268
f 1510/268 1443/265 1461/267
f 1505/263 1510/268 1833/262
f 1510/268 1461/267 1785/269
f 1510/268 1785/269 1833/262
f 1833/262 1785/269 1808/270
f 1785/269 1461/267 1382/271
f 1785/269 1382/271 1706/272
f 1785/269 1706/272 1773/273
f 1773/273 1706/272 1702/274
f 1773/273 1702/274 1723/275
f 1740/276 1819/277 1793/278
f 1793/278 1819/277 1838/279
f 1740/276 1793/278 1639/280
f 1740/276 1639/280 1512/281
f 1793/278 1838/279 1836/282
f 1836/282 1838/279 1829/283
f 1639/280 1793/278 1816/284
f 1816/284 1793/278 1836/282
f 1639/280 1816/284 1559/285
f 1512/281 1639/280 1503/286
f 1503/286 1639/280 1559/285
f 1559/285 1816/284 1826/287
f 1503/286 1559/285 1506/288
f 1503/286 1506/288 1484/289
f 1826/287 1816/284 1846/290
f 1846/290 1816/284 1836/282
f 1826/287 1846/290 1850/291
f 1850/291 1846/290 1839/292
f 1846/290 1836/282 1837/293
f 1846/290 1837/293 1839/292
f 1837/293 1836/282 1829/283
f 1837/293 1829/283 1821/294
f 1837/293 1821/294 1830/295
f 1837/293 1830/295 1839/292
f 1839/292 1830/295 1822/296
f 1480/297 1503/286 1484/289
f 1480/297 1484/289 1474/298
f 1480/297 1474/298 1471/299
f 1480/297 1471/299 1464/300
f 1480/297 1464/300 1460/301
f 1503/286 1480/297 1479/302
f 1479/302 1480/297 1460/301
f 1503/286 1479/302 1512/281
f 1479/302 1460/301 1469/303
f 1512/281 1479/302 1476/304
f 1476/304 1479/302 1469/303
f 1826/305 1850/306 1855/307
f 1855/307 1850/306 1839/308
f 1826/305 1855/307 1820/309
f 1826/305 1820/309 1559/310
f 1820/309 1855/307 1876/311
f 1559/310 1820/309 1488/312
f 1559/310 1488/312 1506/313
f 1506/313 1488/312 1452/314
f 1452/314 1488/312 1325/315
f 1820/309 1876/311 1843/316
f 1325/315 1488/312 1477/317
f 1843/316 1876/311 1870/318
f 1325/315 1477/317 1473/319
f 1477/317 1488/312 1504/320
f 1504/320 1488/312 1820/309
f 1473/319 1477/317 1527/321
f 1527/321 1477/317 1504/320
f 1504/320 1820/309 1646/322
f 1646/322 1820/309 1843/316
f 1504/320 1646/322 1553/323
f 1504/320 1553/323 1527/321
f 1553/323 1646/322 1655/324
f 1646/322 1843/316 1798/325
f 1646/322 1798/325 1655/324
f 1842/326 1843/316 1870/318
f 1842/326 1870/318 1849/327
f 1798/325 1843/316 1749/328
f 1749/328 1843/316 1842/326
f 1798/325 1749/328 1788/329
f 1798/325 1788/329 1655/324
f 1788/329 1749/328 1713/330
f 1788/329 1713/330 1655/324
f 1655/324 1713/330 1586/331
f 1713/330 1749/328 1573/332
f 1713/330 1573/332 1586/331
f 1573/332 1749/328 1842/326
f 1655/324 1586/331 1569/333
f 1655/324 1569/333 1553/323
f 1569/333 1586/331 1573/332
f 1569/333 1573/332 1553/323
f 1553/323 1573/332 1527/321
f 1573/332 1842/326 1528/334
f 1573/332 1528/334 1527/321
f 1528/334 1842/326 1500/335
f 1528/334 1500/335 1527/321
f 1500/335 1842/326 1849/327
f 1500/335 1849/327 1502/336
f 1527/321 1500/335 1473/319
f 1500/335 1502/336 1441/337
f 1473/319 1500/335 1468/338
f 1468/338 1500/335 1441/337
f 1473/319 1468/338 1457/339
f 1457/339 1468/338 1441/337
f 1457/339 1441/337 1437/340
f 1506/341 1452/342 1484/343
f 1484/343 1452/342 1423/344
f 1484/343 1423/344 1454/345
f 1484/343 1454/345 1474/346
f 1474/346 1454/345 1471/347
f 1464/348 1471/347 1436/349
f 1436/349 1471/347 1434/350
f 1434/350 1471/347 1454/345
f 1436/349 1434/350 1369/351
f 1434/350 1454/345 1427/352
f 1427/352 1454/345 1423/344
f 1369/351 1434/350 1288/353
f 1434/350 1427/352 1221/354
f 1434/350 1221/354 1288/353
f 1427/352 1423/344 1216/355
f 1427/352 1216/355 1221/354
f 1369/351 1288/353 1159/356
f 1369/351 1159/356 1189/357
f 1189/357 1159/356 1115/358
f 1115/358 1159/356 1086/359
f 1086/359 1159/356 1088/360
f 1159/356 1288/353 1165/361
f 1159/356 1165/361 1088/360
f 1165/361 1288/353 1221/354
f 1088/360 1165/361 1055/362
f 1165/361 1221/354 1073/363
f 1165/361 1073/363 1055/362
f 1073/363 1221/354 1137/364
f 1137/364 1221/354 1216/355
f 1055/362 1073/363 1003/365
f 1055/362 1003/365 1006/366
f 1073/363 1137/364 1118/367
f 1118/367 1137/364 1216/355
f 1003/365 1073/363 1061/368
f 1061/368 1073/363 1118/367
f 1003/365 1061/368 1010/369
f 1010/369 1061/368 1092/370
f 1092/370 1061/368 1118/367
f 1010/369 1092/370 999/371
f 999/371 1092/370 1070/372
f 999/371 1070/372 998/373
f 998/373 1070/372 1002/374
f 1002/374 1070/372 1051/375
f 1051/375 1070/372 1127/376
f 1051/375 1127/376 1072/377
f 1070/372 1092/370 1171/378
f 1070/372 1171/378 1127/376
f 1072/377 1127/376 1115/379
f 1072/377 1115/379 1086/380
f 1115/379 1127/376 1189/381
f 1189/381 1127/376 1173/382
f 1173/382 1127/376 1171/378
f 1189/381 1173/382 1244/383
f 1189/381 1244/383 1369/384
f 1369/384 1244/383 1436/385
f 1244/383 1173/382 1407/386
f 1244/383 1407/386 1436/385
f 1407/386 1173/382 1171/378
f 1436/385 1407/386 1428/387
f 1428/387 1407/386 1238/388
f 1238/388 1407/386 1171/378
f 1428/387 1238/388 1250/389
f 1250/389 1238/388 1171/378
f 1182/390 1171/378 1092/370
f 1171/378 1182/390 1250/389
f 1182/390 1092/370 1118/367
f 1182/390 1118/367 1226/391
f 1226/391 1118/367 1216/355
f 1250/389 1182/390 1215/392
f 1215/392 1182/390 1226/391
f 1226/391 1216/355 1257/393
f 1257/393 1216/355 1423/344
f 1215/392 1226/391 1133/394
f 1215/392 1133/394 1250/389
f 1226/391 1257/393 1194/395
f 1194/395 1257/393 1423/344
f 1226/391 1194/395 1133/394
f 1194/395 1423/344 1452/342
f 1250/389 1133/394 1049/396
f 1250/389 1049/396 1015/397
f 1250/389 1015/397 1214/398
f 1049/396 1133/394 23/399
f 1214/398 1015/397 1114/400
f 1114/400 1015/397 980/401
f 1114/400 980/401 981/402
f 1114/400 981/402 1109/403
f 23/399 1133/394 1016/404
f 1016/404 1133/394 1194/395
f 23/399 1016/404 960/405
f 1240/406 1194/395 1452/342
f 1016/404 1194/395 1087/407
f 1087/407 1194/395 1240/406
f 1240/406 1452/342 1181/408
f 1240/406 1181/408 1087/407
f 1181/408 1452/342 1325/409
f 1016/404 1087/407 1031/410
f 1016/404 1031/410 960/405
f 1031/410 1087/407 1181/408
f 960/405 1031/410 1168/411
f 1168/411 1031/410 1181/408
f 1168/411 1181/408 1325/409
f 960/405 1168/411 979/412
f 1180/413 1325/409 979/412
f 1180/413 979/412 1168/411
f 1180/413 1168/411 1325/409
f 1821/414 1829/415 1817/416
f 1817/416 1829/415 1823/417
f 1823/417 1829/415 1831/418
f 1821/414 1817/416 1777/419
f 1817/416 1823/417 1774/420
f 1817/416 1774/420 1777/419
f 1774/420 1823/417 1799/421
f 1821/414 1777/419 1830/422
f 1774/420 1799/421 1718/423
f 1777/419 1774/420 1742/424
f 1742/424 1774/420 1718/423
f 1830/422 1777/419 1792/425
f 1792/425 1777/419 1742/424
f 1830/422 1792/425 1813/426
f 1742/424 1718/423 1571/427
f 1742/424 1571/427 1792/425
f 1571/427 1718/423 1499/428
f 1813/426 1792/425 1556/429
f 1556/429 1792/425 1571/427
f 1813/426 1556/429 1757/430
f 1757/430 1556/429 1486/431
f 1571/427 1499/428 1508/432
f 1508/432 1499/428 1489/433
f 1571/427 1508/432 1515/434
f 1571/427 1515/434 1556/429
f 1515/434 1508/432 1489/433
f 1556/429 1515/434 1492/435
f 1556/429 1492/435 1486/431
f 1492/435 1515/434 1489/433
f 1489/433 1499/428 1456/436
f 1486/431 1492/435 1466/437
f 1466/437 1492/435 1489/433
f 1486/431 1466/437 1449/438
f 1489/433 1456/436 1470/439
f 1489/433 1470/439 1466/437
f 1470/439 1456/436 1450/440
f 1470/439 1450/440 1466/437
f 1466/437 1450/440 1449/438
f 1450/440 1456/436 1460/441
f 1450/440 1460/441 1464/442
f 1450/440 1464/442 1449/438
f 1449/438 1464/442 1467/443
f 1449/438 1467/443 1478/444
f 1823/445 1831/446 1828/447
f 1828/447 1831/446 1858/448
f 1823/445 1828/447 1799/449
f 1828/447 1858/448 1851/450
f 1799/449 1828/447 1812/451
f 1812/451 1828/447 1851/450
f 1812/451 1851/450 1803/452
f 1799/449 1812/451 1781/453
f 1781/453 1812/451 1803/452
f 1799/449 1781/453 1718/454
f 1718/454 1781/453 1499/455
f 1499/455 1781/453 1496/456
f 1834/457 1851/450 1858/448
f 1851/450 1834/457 1803/452
f 1834/457 1858/448 1857/458
f 1803/452 1834/457 1804/459
f 1804/459 1834/457 1827/460
f 1827/460 1834/457 1857/458
f 1804/459 1827/460 1808/461
f 1808/461 1827/460 1833/462
f 1833/462 1827/460 1857/458
f 1833/462 1857/458 1861/463
f 1781/464 1803/465 1787/466
f 1781/464 1787/466 1769/467
f 1787/466 1803/465 1804/468
f 1769/467 1787/466 1776/469
f 1776/469 1787/466 1804/468
f 1769/467 1776/469 1737/470
f 1776/469 1804/468 1778/471
f 1776/469 1778/471 1743/472
f 1743/472 1778/471 1762/473
f 1778/471 1804/468 1789/474
f 1789/474 1804/468 1808/475
f 1762/473 1778/471 1783/476
f 1783/476 1778/471 1789/474
f 1783/476 1789/474 1808/475
f 1762/473 1783/476 1750/477
f 1783/476 1808/475 1795/478
f 1795/478 1808/475 1785/479
f 1795/478 1785/479 1773/480
f 1783/476 1795/478 1775/481
f 1775/481 1795/478 1773/480
f 1783/476 1775/481 1750/477
f 1775/481 1773/480 1723/482
f 1775/481 1723/482 1750/477
f 4/483 173/484 309/485
f 4/483 309/485 57/486
f 57/486 309/485 200/487
f 200/487 309/485 376/488
f 200/487 376/488 224/489
f 200/487 224/489 1022/490
f 224/491 376/492 302/493
f 224/491 302/493 78/494
f 224/491 78/494 995/495
f 78/494 302/493 500/496
f 500/496 302/493 376/492
f 78/494 500/496 307/497
f 78/494 307/497 79/498
f 79/498 307/497 973/499
f 91/500 973/499 225/501
f 225/501 973/499 307/497
f 225/501 307/497 332/502
f 332/502 307/497 432/503
f 432/503 307/497 613/504
f 613/504 307/497 500/496
f 432/503 613/504 512/505
f 613/504 500/496 652/506
f 652/506 500/496 376/492
f 662/507 613/504 678/508
f 678/508 613/504 652/506
f 711/509 678/508 667/510
f 667/510 678/508 642/511
f 642/511 678/508 652/506
f 667/510 642/511 624/512
f 667/510 624/512 639/513
f 642/511 652/506 633/514
f 633/514 652/506 651/515
f 633/514 651/515 629/516
f 633/514 629/516 558/517
f 651/515 652/506 526/518
f 526/518 652/506 376/492
f 629/516 651/515 635/519
f 635/519 651/515 526/518
f 558/517 629/516 603/520
f 603/520 629/516 635/519
f 558/517 603/520 369/521
f 635/519 526/518 509/522
f 526/518 376/492 381/523
f 381/523 376/492 369/521
f 526/518 381/523 509/522
f 369/521 603/520 375/524
f 375/524 603/520 635/519
f 369/521 375/524 381/523
f 375/524 635/519 509/522
f 375/524 509/522 381/523
f 995/525 78/526 79/527
f 995/525 79/527 1106/528
f 995/525 1106/528 1289/529
f 1289/529 1106/528 1359/530
f 1359/530 1106/528 1348/531
f 1348/531 1106/528 1260/532
f 1106/528 79/527 1000/533
f 1106/528 1000/533 1260/532
f 1000/533 79/527 1056/534
f 1000/533 1056/534 1260/532
f 1056/534 79/527 973/535
f 1260/532 1056/534 1207/536
f 1260/532 1207/536 1389/537
f 1389/537 1207/536 1172/538
f 1172/538 1207/536 1056/534
f 1172/538 1056/534 1023/539
f 1023/539 1056/534 973/535
f 1023/539 973/535 964/540
f 964/540 973/535 91/541
f 1272/542 1309/543 1289/544
f 1272/542 1289/544 1321/545
f 1321/545 1289/544 1359/546
f 1309/543 1272/542 1316/547
f 1316/547 1272/542 1270/548
f 1309/543 1316/547 1350/549
f 1309/543 1350/549 1382/550
f 1382/550 1350/549 1706/551
f 1350/549 1316/547 1365/552
f 1706/551 1350/549 1679/553
f 1679/553 1350/549 1365/552
f 1365/552 1316/547 1355/554
f 1365/552 1355/554 1679/553
f 1300/555 1316/547 1270/548
f 1300/555 1270/548 1313/556
f 1316/547 1300/555 1337/557
f 1316/547 1337/557 1355/554
f 1337/557 1300/555 1344/558
f 1337/557 1344/558 1355/554
f 1344/558 1300/555 1313/556
f 1682/559 1679/553 1355/554
f 1344/558 1313/556 1668/560
f 1668/560 1313/556 1675/561
f 1355/554 1344/558 1677/562
f 1677/562 1344/558 1668/560
f 1355/554 1677/562 1682/559
f 1668/560 1675/561 1714/563
f 1668/560 1714/563 1677/562
f 1677/562 1714/563 1682/559
f 1714/563 1675/561 1693/564
f 1716/565 1679/553 1682/559
f 1716/565 1682/559 1714/563
f 1679/553 1716/565 1706/551
f 1706/551 1716/565 1702/566
f 1702/566 1716/565 1714/563
f 1714/563 1693/564 1698/567
f 1714/563 1698/567 1702/566
f 1698/567 1693/564 1627/568
f 1698/567 1627/568 1628/569
f 1628/569 1627/568 1332/570
f 1628/569 1332/570 1321/571
f 1321/571 1332/570 1272/572
f 1698/567 1628/569 1632/573
f 1698/567 1632/573 1702/566
f 1628/569 1321/571 1420/574
f 1628/569 1420/574 1632/573
f 1420/574 1321/571 1359/575
f 1420/574 1359/575 1348/576
f 1632/573 1420/574 1590/577
f 1632/573 1590/577 1702/566
f 1590/577 1420/574 1348/576
f 1590/577 1348/576 1260/578
f 1702/566 1590/577 1723/579
f 1590/577 1260/578 1389/580
f 1590/577 1389/580 1723/579
f 1723/579 1389/580 1721/581
f 1721/582 1389/583 1690/584
f 1723/585 1721/582 1750/586
f 1750/586 1721/582 1690/584
f 1750/586 1690/584 1674/587
f 1690/584 1389/583 1331/588
f 1674/587 1690/584 1557/589
f 1674/587 1557/589 1650/590
f 1557/589 1690/584 1331/588
f 1331/588 1389/583 1172/591
f 1520/592 1557/589 1326/593
f 1326/593 1557/589 1331/588
f 1326/593 1331/588 1249/594
f 1249/594 1331/588 1200/595
f 1249/594 1200/595 1184/596
f 1184/596 1200/595 1176/597
f 1176/597 1200/595 1331/588
f 1176/597 1331/588 1172/591
f 1176/597 1172/591 1077/598
f 1077/598 1172/591 1023/599
f 1077/598 1023/599 1038/600
f 1038/600 1023/599 964/601
f 1077/598 1038/600 1125/602
f 1077/598 1125/602 1124/603
f 1077/598 1124/603 1176/597
f 1124/603 1125/602 1143/604
f 1176/597 1124/603 1158/605
f 1158/605 1124/603 1143/604
f 1176/597 1158/605 1170/606
f 1170/606 1158/605 1143/604
f 1762/607 1750/608 1709/609
f 1709/609 1750/608 1674/610
f 1762/607 1709/609 1743/611
f 1709/609 1674/610 1644/612
f 1644/612 1674/610 1650/613
f 1709/609 1644/612 1694/614
f 1709/609 1694/614 1743/611
f 1694/614 1644/612 1626/615
f 1694/614 1626/615 1659/616
f 1694/614 1659/616 1684/617
f 1684/617 1659/616 1622/618
f 1684/617 1622/618 1609/619
f 1609/619 1622/618 1594/620
f 1684/617 1609/619 1625/621
f 1625/621 1609/619 1595/622
f 1694/614 1684/617 1697/623
f 1697/623 1684/617 1625/621
f 1694/614 1697/623 1743/611
f 1697/623 1625/621 1689/624
f 1743/611 1697/623 1737/625
f 1737/625 1697/623 1689/624
f 1743/611 1737/625 1776/626
f 1737/625 1689/624 1715/627
f 1737/625 1715/627 1769/628
f 1715/627 1689/624 1683/629
f 1715/627 1683/629 1769/628
f 1769/628 1683/629 1599/630
f 1659/631 1626/632 1579/633
f 1659/631 1579/633 1563/634
f 1659/631 1563/634 1622/635
f 1563/634 1579/633 1539/636
f 1539/636 1579/633 1522/637
f 1622/635 1563/634 1497/638
f 1497/638 1563/634 1539/636
f 1622/635 1497/638 1568/639
f 1622/635 1568/639 1594/640
f 1568/639 1497/638 1384/641
f 1568/639 1384/641 1485/642
f 1497/638 1539/636 1239/643
f 1239/643 1539/636 1371/644
f 1529/645 1539/636 1522/637
f 1371/644 1539/636 1507/646
f 1371/644 1507/646 1529/645
f 1539/636 1529/645 1521/647
f 1539/636 1521/647 1507/646
f 1521/647 1529/645 1531/648
f 1531/648 1529/645 1507/646
f 1507/646 1521/647 1523/649
f 1523/649 1521/647 1531/648
f 1531/648 1507/646 1532/650
f 1532/650 1507/646 1523/649
f 1532/650 1523/649 1531/648
f 1184/651 1176/652 1170/653
f 432/654 512/655 460/656
f 460/656 512/655 513/657
f 512/658 613/659 662/660
f 662/661 678/662 711/663
f 711/664 667/665 705/666
f 711/664 705/666 718/667
f 718/667 705/666 727/668
f 727/668 705/666 745/669
f 745/669 705/666 719/670
f 719/670 705/666 672/671
f 727/668 745/669 774/672
f 727/668 774/672 739/673
f 745/669 719/670 740/674
f 745/669 740/674 774/672
f 739/673 774/672 749/675
f 740/674 719/670 717/676
f 717/676 719/670 665/677
f 717/676 665/677 696/678
f 749/675 774/672 791/679
f 749/675 791/679 769/680
f 769/680 791/679 811/681
f 811/681 791/679 774/672
f 811/681 774/672 822/682
f 811/681 822/682 814/683
f 814/683 822/682 843/684
f 814/683 843/684 844/685
f 822/682 774/672 790/686
f 790/686 774/672 809/687
f 809/687 774/672 767/688
s 0
f 767/688 774/672 740/674
s 1
f 767/688 740/674 717/676
f 767/688 717/676 720/689
f 720/689 717/676 696/678
f 767/688 720/689 742/690
f 767/688 742/690 768/691
f 720/689 696/678 731/692
f 720/689 731/692 742/690
f 731/692 696/678 688/693
f 742/690 731/692 710/694
f 710/694 731/692 688/693
f 742/690 710/694 725/695
f 725/695 710/694 660/696
f 660/696 710/694 688/693
f 660/696 688/693 631/697
f 660/696 631/697 532/698
f 672/699 705/700 667/701
f 719/702 672/703 665/704
f 672/705 667/706 640/707
f 640/707 667/706 639/708
f 672/705 640/707 665/709
f 624/710 642/711 639/708
f 639/708 642/711 703/712
f 639/708 703/712 640/707
f 640/707 703/712 698/713
f 665/709 640/707 636/714
f 636/714 640/707 698/713
f 665/709 636/714 658/715
f 665/709 658/715 696/716
f 636/714 698/713 647/717
f 636/714 647/717 658/715
f 647/717 698/713 609/718
f 696/716 658/715 688/719
f 647/717 609/718 619/720
f 658/715 647/717 670/721
f 658/715 670/721 688/719
f 670/721 647/717 641/722
f 670/721 641/722 688/719
f 641/722 647/717 619/720
f 688/719 641/722 631/723
f 631/723 641/722 619/720
f 631/723 619/720 544/724
f 631/723 544/724 532/725
f 532/725 544/724 190/726
s 0
f 532/725 190/726 31/727
s 1
f 190/726 544/724 326/728
f 190/726 326/728 295/729
f 536/730 494/731 390/732
f 494/731 536/730 499/733
f 390/732 494/731 382/734
f 382/734 494/731 499/733
f 536/730 390/732 508/735
f 390/732 382/734 362/736
f 362/736 382/734 499/733
f 390/732 362/736 378/737
f 390/732 378/737 508/735
f 378/737 362/736 323/738
f 378/737 323/738 508/735
f 362/736 499/733 313/739
f 362/736 313/739 323/738
f 548/740 499/733 536/730
f 548/740 536/730 508/735
f 313/739 499/733 559/741
f 559/741 499/733 548/740
f 323/738 313/739 288/742
f 323/738 288/742 318/743
f 298/744 247/745 313/739
f 323/738 318/743 477/746
f 477/746 318/743 342/747
f 477/746 342/747 593/748
f 323/738 477/746 602/749
f 602/749 477/746 593/748
f 323/738 602/749 508/735
f 602/749 593/748 674/750
f 508/735 602/749 557/751
f 557/751 602/749 674/750
f 508/735 557/751 548/740
f 548/740 557/751 659/752
f 557/751 674/750 676/753
f 557/751 676/753 659/752
f 548/740 659/752 664/754
f 664/754 659/752 676/753
f 548/740 664/754 598/755
f 548/740 598/755 559/741
f 676/753 674/750 694/756
f 694/756 674/750 704/757
f 559/741 598/755 668/758
f 668/758 598/755 664/754
f 559/741 668/758 578/759
f 559/741 578/759 524/760
f 559/741 524/760 313/739
f 594/761 547/762 578/759
f 578/759 547/762 524/760
f 313/739 524/760 298/744
f 524/760 547/762 491/763
f 491/763 547/762 495/764
f 491/763 495/764 325/765
f 524/760 491/763 385/766
f 524/760 385/766 298/744
f 385/766 491/763 325/765
f 298/744 385/766 317/767
f 317/767 385/766 325/765
f 713/768 681/769 668/758
f 681/769 713/768 645/770
f 681/769 645/770 625/771
f 625/771 645/770 600/772
f 600/772 645/770 620/773
f 657/774 596/775 620/773
f 657/774 620/773 645/770
f 657/774 645/770 654/776
f 680/777 713/768 668/758
f 700/778 645/770 713/768
f 680/777 668/758 664/754
f 713/768 680/777 697/779
f 713/768 697/779 700/778
f 654/776 645/770 643/780
f 643/780 645/770 700/778
f 654/776 643/780 669/781
f 654/776 669/781 691/782
f 669/781 643/780 649/783
f 649/783 643/780 644/784
f 644/784 643/780 700/778
f 649/783 644/784 686/785
f 686/785 644/784 655/786
f 644/784 700/778 638/787
f 644/784 638/787 655/786
f 638/787 700/778 704/757
f 704/757 700/778 697/779
f 655/786 638/787 586/788
f 586/788 638/787 585/789
f 655/786 586/788 650/790
f 704/757 697/779 694/756
f 694/756 697/779 759/791
f 759/791 697/779 680/777
f 694/756 759/791 771/792
f 694/756 771/792 753/793
f 753/793 771/792 759/791
f 759/791 680/777 746/794
f 759/791 746/794 753/793
f 746/794 680/777 664/754
f 753/793 746/794 736/795
f 736/795 746/794 664/754
f 694/756 753/793 684/796
f 684/796 753/793 736/795
f 684/796 736/795 664/754
f 694/756 684/796 676/753
f 676/753 684/796 664/754
f 674/797 593/798 648/799
f 674/797 648/799 704/800
f 648/799 593/798 618/801
f 648/799 618/801 704/800
f 618/801 593/798 333/802
f 704/800 618/801 632/803
f 704/800 632/803 638/804
f 638/804 632/803 585/805
f 585/805 632/803 504/806
f 632/803 618/801 537/807
f 632/803 537/807 504/806
f 537/807 618/801 333/802
f 504/806 537/807 338/808
f 338/808 537/807 333/802
f 504/806 338/808 330/809
f 504/806 330/809 270/810
f 338/808 333/802 301/811
f 330/809 338/808 291/812
f 330/809 291/812 270/810
f 291/812 338/808 301/811
f 270/810 291/812 258/813
f 270/810 258/813 62/814
f 291/812 301/811 290/815
f 290/815 301/811 333/802
f 258/813 291/812 261/816
f 261/816 291/812 290/815
f 290/815 333/802 310/817
f 290/815 310/817 261/816
f 310/817 333/802 593/798
f 310/817 593/798 342/818
f 310/817 342/818 261/816
f 261/816 342/818 318/819
f 258/813 261/816 266/820
f 266/820 261/816 318/819
f 258/813 266/820 252/821
f 266/820 318/819 288/822
f 266/820 288/822 252/821
f 585/823 504/824 586/825
f 586/825 504/824 270/826
f 586/825 270/826 1314/827
f 668/828 681/829 653/830
f 668/828 653/830 578/831
f 653/830 681/829 608/832
f 608/832 681/829 625/833
f 578/831 653/830 606/834
f 578/831 606/834 594/835
f 594/835 606/834 583/836
f 594/835 583/836 547/837
f 583/836 606/834 615/838
f 606/834 653/830 604/839
f 606/834 604/839 615/838
f 604/839 653/830 608/832
f 627/840 608/832 625/833
f 615/838 604/839 611/841
f 611/841 604/839 608/832
f 615/838 611/841 623/842
f 611/841 608/832 621/843
f 611/841 621/843 623/842
f 621/843 608/832 627/840
f 623/842 621/843 626/844
f 626/844 621/843 627/840
f 626/844 627/840 588/845
f 626/844 588/845 563/846
f 588/845 627/840 591/847
f 563/846 588/845 552/848
f 552/848 588/845 591/847
f 563/846 552/848 451/849
f 563/846 451/849 456/850
f 552/848 591/847 549/851
f 456/850 451/849 322/852
f 549/851 591/847 562/853
f 549/851 562/853 271/854
f 271/854 562/853 421/855
f 451/849 552/848 377/856
f 377/856 552/848 549/851
f 451/849 377/856 322/852
f 549/851 271/854 335/857
f 549/851 335/857 377/856
f 335/857 271/854 229/858
f 335/857 229/858 233/859
f 335/857 233/859 297/860
f 377/856 335/857 327/861
f 377/856 327/861 322/852
f 327/861 335/857 297/860
f 322/852 327/861 294/862
f 294/862 327/861 297/860
f 322/852 294/862 296/863
f 294/862 297/860 281/864
f 296/863 294/862 286/865
f 286/865 294/862 281/864
f 325/866 278/867 317/868
f 317/868 278/867 267/869
f 267/869 278/867 286/870
f 267/869 286/870 263/871
f 267/869 263/871 272/872
f 267/869 272/872 280/873
f 267/869 280/873 317/868
f 280/873 272/872 231/874
f 280/873 231/874 176/875
f 317/868 280/873 247/876
f 317/868 247/876 298/877
f 280/873 176/875 149/878
f 280/873 149/878 247/876
f 149/878 176/875 154/879
f 149/878 154/879 23/880
f 149/878 23/880 45/881
f 45/881 23/880 960/882
f 149/878 45/881 118/883
f 149/878 118/883 247/876
f 45/881 960/882 979/884
f 45/881 979/884 118/883
f 118/883 979/884 247/876
f 247/876 979/884 248/885
f 248/885 979/884 978/886
f 247/876 248/885 288/887
f 247/876 288/887 313/888
f 248/885 978/886 177/889
f 248/885 177/889 288/887
f 177/889 978/886 1018/890
f 288/887 177/889 252/891
f 177/889 1018/890 62/892
f 177/889 62/892 252/891
f 252/891 62/892 258/893
f 231/894 272/895 230/896
f 230/896 272/895 263/897
f 230/896 263/897 240/898
f 230/896 240/898 145/899
f 230/896 145/899 124/900
f 231/894 230/896 164/901
f 164/901 230/896 124/900
f 231/894 164/901 176/902
f 164/901 124/900 40/903
f 164/901 40/903 176/902
f 40/903 124/900 966/904
f 176/902 40/903 67/905
f 176/902 67/905 154/906
f 1003/907 1010/908 40/903
f 40/903 1010/908 67/905
f 67/905 1010/908 959/909
f 959/909 1010/908 999/910
f 959/909 999/910 998/911
f 959/909 998/911 17/912
f 154/906 67/905 152/913
f 154/906 152/913 179/914
f 67/905 959/909 44/915
f 67/905 44/915 152/913
f 959/909 17/912 58/916
f 959/909 58/916 44/915
f 152/913 44/915 98/917
f 152/913 98/917 179/914
f 98/917 44/915 58/916
f 179/914 98/917 184/918
f 184/918 98/917 58/916
f 179/914 184/918 218/919
f 74/920 58/916 17/912
f 74/920 17/912 1002/921
f 184/918 58/916 134/922
f 134/922 58/916 74/920
f 218/919 184/918 242/923
f 218/919 242/923 279/924
f 279/924 242/923 254/925
f 279/924 254/925 281/926
f 242/923 184/918 188/927
f 242/923 188/927 254/925
f 254/925 188/927 281/926
f 188/927 184/918 134/922
f 281/926 188/927 219/928
f 219/928 188/927 161/929
f 188/927 134/922 113/930
f 188/927 113/930 161/929
f 113/930 134/922 74/920
f 161/929 113/930 59/931
f 59/931 113/930 74/920
f 240/932 263/933 219/934
f 219/934 263/933 281/935
f 281/935 263/933 286/936
f 240/932 219/934 156/937
f 156/937 219/934 161/938
f 156/937 161/938 59/939
f 240/932 156/937 145/940
f 156/937 59/939 73/941
f 156/937 73/941 145/940
f 145/940 73/941 47/942
f 145/940 47/942 124/943
f 124/944 47/945 966/946
f 40/947 966/946 1003/948
f 1003/948 966/946 1006/949
f 966/946 47/945 26/950
f 26/950 47/945 73/951
f 1006/949 966/946 34/952
f 34/952 966/946 26/950
f 26/950 73/951 59/953
f 1006/949 34/952 21/954
f 1006/949 21/954 1004/955
f 26/950 59/953 28/956
f 1004/955 21/954 30/957
f 21/954 34/952 72/958
f 21/954 72/958 30/957
f 1004/955 30/957 968/959
f 1004/955 968/959 1011/960
f 1011/960 968/959 987/961
f 1011/960 987/961 1005/962
f 968/959 30/957 66/963
f 968/959 66/963 987/961
f 66/963 30/957 72/958
f 987/961 66/963 36/964
f 36/964 66/963 77/965
f 77/965 66/963 142/966
f 77/965 142/966 139/967
f 142/966 66/963 148/968
f 148/968 66/963 72/958
f 142/966 148/968 165/969
f 165/969 148/968 226/970
f 165/969 226/970 228/971
f 228/971 226/970 260/972
f 226/970 148/968 178/973
f 178/973 148/968 72/958
f 260/972 226/970 241/974
f 241/974 226/970 178/973
f 260/972 241/974 265/975
f 265/975 241/974 274/976
f 241/974 178/973 210/977
f 241/974 210/977 274/976
f 178/973 72/958 97/978
f 178/973 97/978 210/977
f 97/978 72/958 34/952
f 274/976 210/977 213/979
f 274/976 213/979 287/980
f 210/977 97/978 131/981
f 210/977 131/981 213/979
f 97/978 34/952 42/982
f 97/978 42/982 131/981
f 42/982 34/952 26/950
f 42/982 26/950 68/983
f 42/982 68/983 131/981
f 68/983 26/950 28/956
f 213/979 131/981 151/984
f 213/979 151/984 287/980
f 151/984 131/981 68/983
f 287/980 151/984 114/985
f 114/985 151/984 68/983
f 287/980 114/985 243/986
f 287/980 243/986 284/987
f 284/987 243/986 235/988
f 13/989 68/983 28/956
f 13/989 28/956 59/953
f 114/985 68/983 35/990
f 35/990 68/983 13/989
f 13/989 59/953 957/991
f 13/989 957/991 35/990
f 957/991 59/953 74/992
f 957/991 74/992 1002/993
f 957/991 1002/993 1001/994
f 957/991 1001/994 35/990
f 114/985 35/990 102/995
f 114/985 102/995 243/986
f 35/990 1001/994 41/996
f 35/990 41/996 102/995
f 172/997 235/988 243/986
f 172/997 243/986 102/995
f 235/988 172/997 155/998
f 172/997 102/995 95/999
f 95/999 102/995 41/996
f 155/998 172/997 150/1000
f 150/1000 172/997 95/999
f 155/998 150/1000 139/1001
f 155/998 139/1001 138/1002
f 150/1000 95/999 108/1003
f 139/1001 150/1000 77/1004
f 77/1004 150/1000 108/1003
f 77/1004 108/1003 95/999
f 77/1004 95/999 41/996
f 77/1004 41/996 36/1005
f 36/1005 41/996 963/1006
f 963/1006 41/996 1001/994
f 36/1005 963/1006 987/1007
f 963/1006 1001/994 1005/1008
f 963/1006 1005/1008 987/1007
f 279/1009 281/1010 297/1011
f 279/1009 297/1011 282/1012
f 282/1012 297/1011 233/1013
f 279/1009 282/1012 227/1014
f 227/1014 282/1012 233/1013
f 227/1014 233/1013 229/1015
f 227/1014 229/1015 234/1016
f 279/1009 227/1014 218/1017
f 227/1014 234/1016 238/1018
f 218/1017 227/1014 88/1019
f 88/1019 227/1014 238/1018
f 218/1017 88/1019 179/1020
f 981/1021 238/1018 180/1022
f 238/1018 981/1021 980/1023
f 238/1018 980/1023 88/1019
f 88/1019 980/1023 1015/1024
f 88/1019 1015/1024 179/1020
f 179/1020 1015/1024 1049/1025
f 179/1020 1049/1025 23/1026
f 179/1020 23/1026 154/1027
f 17/1028 998/1029 1002/1030
f 1001/1031 1002/1032 1051/1033
f 1001/1031 1051/1033 1065/1034
f 1001/1031 1065/1034 1005/1035
f 1005/1035 1065/1034 1078/1036
f 1078/1036 1065/1034 1140/1037
f 1065/1034 1051/1033 1126/1038
f 1126/1038 1051/1033 1072/1039
f 1140/1037 1065/1034 1178/1040
f 1178/1040 1065/1034 1126/1038
f 1126/1038 1072/1039 1162/1041
f 1126/1038 1162/1041 1178/1040
f 1162/1041 1072/1039 1086/1042
f 1140/1037 1178/1040 1246/1043
f 1140/1037 1246/1043 1197/1044
f 1197/1044 1246/1043 1401/1045
f 1401/1045 1246/1043 1399/1046
f 1162/1041 1086/1042 1134/1047
f 1178/1040 1162/1041 1233/1048
f 1178/1040 1233/1048 1246/1043
f 1233/1048 1162/1041 1134/1047
f 1134/1047 1086/1042 1088/1049
f 1399/1046 1246/1043 1406/1050
f 1406/1050 1246/1043 1233/1048
f 1399/1046 1406/1050 1445/1051
f 1134/1047 1088/1049 1099/1052
f 1099/1052 1088/1049 1055/1053
f 1099/1052 1055/1053 1006/1054
f 1233/1048 1134/1047 1237/1055
f 1233/1048 1237/1055 1406/1050
f 1134/1047 1099/1052 1193/1056
f 1134/1047 1193/1056 1237/1055
f 1099/1052 1006/1054 1060/1057
f 1060/1057 1006/1054 1004/1058
f 1193/1056 1099/1052 1117/1059
f 1117/1059 1099/1052 1060/1057
f 1060/1057 1004/1058 1011/1060
f 1117/1059 1060/1057 1085/1061
f 1085/1061 1060/1057 1011/1060
f 1193/1056 1117/1059 1255/1062
f 1117/1059 1085/1061 1154/1063
f 1117/1059 1154/1063 1255/1062
f 1255/1062 1154/1063 1204/1064
f 1193/1056 1255/1062 1396/1065
f 1193/1056 1396/1065 1237/1055
f 1396/1065 1255/1062 1416/1066
f 1396/1065 1416/1066 1440/1067
f 1396/1065 1440/1067 1237/1055
f 1237/1055 1440/1067 1406/1050
f 1406/1050 1440/1067 1445/1051
f 1445/1051 1440/1067 1469/1068
f 1469/1068 1440/1067 1465/1069
f 1445/1051 1469/1068 1456/1070
f 1456/1070 1469/1068 1460/1071
f 1130/1072 1204/1064 1154/1063
f 1204/1064 1130/1072 1198/1073
f 1198/1073 1130/1072 1197/1074
f 1197/1074 1130/1072 1140/1075
f 1140/1075 1130/1072 1078/1076
f 1130/1072 1154/1063 1111/1077
f 1130/1072 1111/1077 1078/1076
f 1111/1077 1154/1063 1085/1061
f 1111/1077 1085/1061 1011/1060
f 1078/1076 1111/1077 1052/1078
f 1052/1078 1111/1077 1011/1060
f 1078/1076 1052/1078 1005/1079
f 1005/1079 1052/1078 1011/1060
f 1399/1080 1445/1081 1442/1082
f 1399/1080 1442/1082 1401/1083
f 1442/1082 1445/1081 1448/1084
f 1442/1082 1448/1084 1401/1083
f 1448/1084 1445/1081 1456/1085
f 1448/1084 1456/1085 1499/1086
f 1448/1084 1499/1086 1496/1087
f 1401/1083 1448/1084 1235/1088
f 1235/1088 1448/1084 1496/1087
f 1401/1083 1235/1088 1236/1089
f 1401/1083 1236/1089 1197/1090
f 1197/1090 1236/1089 1198/1091
f 1198/1091 1236/1089 1202/1092
f 1202/1092 1236/1089 1235/1088
f 1198/1091 1202/1092 1204/1093
f 1204/1093 1202/1092 1203/1094
f 1203/1094 1202/1092 1105/1095
f 1105/1095 1202/1092 1235/1088
s 0
f 31/1096 190/1097 1105/1095
s 1
f 31/1096 1105/1095 1580/1098
f 1580/1098 1105/1095 1235/1088
f 1580/1098 1235/1088 1496/1087
f 1580/1098 1496/1087 1565/1099
f 1565/1099 1496/1087 1781/1100
f 1565/1099 1781/1100 1580/1098
f 1580/1098 1781/1100 1769/1101
f 1580/1098 1769/1101 1599/1102
f 1830/1103 1813/1104 1822/1105
f 1822/1105 1813/1104 1757/1106
f 1745/1107 1741/1108 1757/1106
f 1757/1106 1741/1108 1764/1109
f 1757/1106 1764/1109 1822/1105
f 1764/1109 1741/1108 1739/1110
f 1764/1109 1739/1110 1805/1111
f 1764/1109 1805/1111 1822/1105
f 1805/1111 1739/1110 1780/1112
f 1822/1105 1805/1111 1840/1113
f 1822/1105 1840/1113 1839/1114
f 1805/1111 1780/1112 1790/1115
f 1790/1115 1780/1112 1770/1116
f 1790/1115 1770/1116 1786/1117
f 1805/1111 1790/1115 1809/1118
f 1809/1118 1790/1115 1786/1117
f 1805/1111 1809/1118 1840/1113
f 1840/1113 1809/1118 1807/1119
f 1807/1119 1809/1118 1786/1117
f 1840/1113 1807/1119 1841/1120
f 1841/1120 1807/1119 1784/1121
f 1784/1121 1807/1119 1786/1117
f 1784/1121 1786/1117 1772/1122
f 1757/1123 1486/1124 1745/1125
f 1745/1125 1486/1124 1395/1126
f 1395/1126 1486/1124 1449/1127
f 1395/1126 1449/1127 1385/1128
f 1395/1126 1385/1128 1377/1129
f 1385/1128 1449/1127 1387/1130
f 1385/1128 1387/1130 1377/1129
f 1387/1130 1449/1127 1478/1131
f 1387/1130 1478/1131 1428/1132
f 1428/1132 1478/1131 1467/1133
f 1428/1132 1467/1133 1436/1134
f 1436/1134 1467/1133 1464/1135
f 1387/1130 1428/1132 1250/1136
f 1387/1130 1250/1136 1214/1137
f 1387/1130 1214/1137 1114/1138
f 1373/1139 1377/1129 1387/1130
f 1373/1139 1387/1130 1114/1138
f 1377/1129 1373/1139 1375/1140
f 1375/1140 1373/1139 1254/1141
f 1254/1141 1373/1139 1114/1138
f 1254/1141 1114/1138 1109/1142
f 1770/1143 1780/1144 1755/1145
f 1770/1143 1755/1145 1726/1146
f 1711/1147 1726/1146 1696/1148
f 1726/1146 1711/1147 1770/1143
f 1770/1143 1711/1147 1727/1149
f 1727/1149 1711/1147 1768/1150
f 1768/1150 1711/1147 1732/1151
f 1768/1150 1732/1151 1814/1152
f 1814/1152 1732/1151 1852/1153
f 1768/1150 1814/1152 1815/1154
f 1768/1150 1815/1154 1727/1149
f 1814/1152 1852/1153 1825/1155
f 1814/1152 1825/1155 1815/1154
f 1825/1155 1852/1153 1853/1156
f 1825/1155 1853/1156 1759/1157
f 1815/1154 1825/1155 1818/1158
f 1815/1154 1818/1158 1727/1149
f 1818/1158 1825/1155 1771/1159
f 1818/1158 1771/1159 1727/1149
f 1771/1159 1825/1155 1759/1157
f 1727/1149 1771/1159 1738/1160
f 1727/1149 1738/1160 1770/1143
f 1771/1159 1759/1157 1717/1161
f 1771/1159 1717/1161 1738/1160
f 1717/1161 1759/1157 1708/1162
f 1717/1161 1708/1162 1712/1163
f 1738/1160 1717/1161 1752/1164
f 1752/1164 1717/1161 1712/1163
f 1738/1160 1752/1164 1770/1143
f 1752/1164 1712/1163 1730/1165
f 1730/1165 1712/1163 1695/1166
f 1770/1143 1752/1164 1767/1167
f 1767/1167 1752/1164 1730/1165
f 1770/1143 1767/1167 1786/1168
f 1730/1165 1695/1166 1687/1169
f 1786/1168 1767/1167 1772/1170
f 1767/1167 1730/1165 1719/1171
f 1767/1167 1719/1171 1772/1170
f 1719/1171 1730/1165 1687/1169
f 1772/1170 1719/1171 1744/1172
f 1772/1170 1744/1172 1784/1173
f 1719/1171 1687/1169 1703/1174
f 1719/1171 1703/1174 1744/1172
f 1703/1174 1687/1169 1206/1175
f 1744/1172 1703/1174 1314/1176
f 1314/1176 1703/1174 1206/1175
s 0
f 1314/1176 1206/1175 1/1177
s 1
f 1840/1178 1841/1179 1856/1180
f 1840/1178 1856/1180 1859/1181
f 1840/1178 1859/1181 1839/1182
f 1839/1182 1859/1181 1855/1183
f 1855/1183 1859/1181 1876/1184
f 1876/1184 1859/1181 1863/1185
f 1863/1185 1859/1181 1856/1180
f 1856/1180 1841/1179 1860/1186
f 1860/1186 1841/1179 1832/1187
f 1856/1180 1860/1186 1864/1188
f 1832/1187 1841/1179 1779/1189
f 1779/1189 1841/1179 1784/1190
f 1832/1187 1779/1189 1502/1191
f 1832/1187 1502/1191 1849/1192
f 1860/1186 1832/1187 1867/1193
f 1867/1193 1832/1187 1849/1192
f 1860/1186 1867/1193 1864/1188
f 1867/1193 1849/1192 1870/1194
f 1864/1188 1867/1193 1869/1195
f 1869/1195 1867/1193 1870/1194
f 1498/1196 1502/1191 1779/1189
f 1502/1191 1498/1196 1441/1197
f 1441/1197 1498/1196 1437/1198
f 1498/1196 1779/1189 1495/1199
f 1498/1196 1495/1199 1437/1198
f 1495/1199 1779/1189 1784/1190
f 1495/1199 1784/1190 1314/1200
f 1495/1199 1314/1200 1437/1198
f 1314/1200 1784/1190 1744/1201
f 1437/1198 1314/1200 1201/1202
f 1437/1198 1201/1202 1457/1203
f 1457/1203 1201/1202 1444/1204
f 1457/1203 1444/1204 1473/1205
f 1473/1205 1444/1204 1325/1206
f 1325/1206 1444/1204 1201/1202
f 978/1207 979/1208 1325/1206
f 978/1207 1325/1206 1018/1209
f 1325/1206 1201/1202 1069/1210
f 1325/1206 1069/1210 1018/1209
f 1069/1210 1201/1202 1314/1200
f 1018/1209 1069/1210 62/1211
f 62/1211 1069/1210 1314/1200
f 62/1211 1314/1200 270/1212
f 1711/1213 1696/1214 1686/1215
f 1711/1213 1686/1215 1732/1216
f 1686/1215 1696/1214 1494/1217
f 1686/1215 1494/1217 1550/1218
f 1686/1215 1550/1218 1542/1219
f 1550/1218 1494/1217 1225/1220
f 1398/1221 1283/1222 1542/1219
f 1550/1218 1225/1220 1547/1223
f 1398/1221 1542/1219 1544/1224
f 1544/1224 1542/1219 1550/1218
f 1550/1218 1547/1223 1551/1225
f 1550/1218 1551/1225 1544/1224
f 1547/1223 1225/1220 1301/1226
f 1547/1223 1301/1226 1551/1225
f 1301/1226 1225/1220 1297/1227
f 1301/1226 1297/1227 1551/1225
f 1297/1227 1225/1220 1271/1228
f 1551/1225 1297/1227 1311/1229
f 1551/1225 1311/1229 1544/1224
f 1311/1229 1297/1227 1271/1228
f 1544/1224 1311/1229 1422/1230
f 1422/1230 1311/1229 1271/1228
f 1544/1224 1422/1230 1398/1221
f 1422/1230 1271/1228 1418/1231
f 1398/1221 1422/1230 1409/1232
f 1409/1232 1422/1230 1429/1233
f 1409/1232 1429/1233 1439/1234
f 1868/1235 1863/1185 1856/1180
f 1868/1235 1856/1180 1864/1188
f 1868/1235 1864/1188 1884/1236
f 1884/1236 1864/1188 1869/1195
f 1863/1185 1868/1235 1881/1237
f 1881/1237 1868/1235 1884/1236
f 1884/1236 1869/1195 1885/1238
f 1884/1236 1885/1238 1881/1237
f 1885/1238 1869/1195 1887/1239
f 1885/1238 1887/1239 1881/1237
f 1863/1185 1881/1237 1883/1240
f 1883/1240 1881/1237 1887/1239
f 1863/1185 1883/1240 1872/1241
f 1872/1241 1883/1240 1887/1239
f 1863/1185 1872/1241 1876/1184
f 1887/1239 1869/1195 1874/1242
f 1887/1239 1874/1242 1872/1241
f 1872/1241 1874/1242 1876/1184
f 1874/1242 1869/1195 1870/1194
f 1874/1242 1870/1194 1876/1184
f 284/1243 235/1244 295/1245
f 295/1245 235/1244 155/1246
f 295/1245 155/1246 190/1247
f 190/1247 155/1246 71/1248
f 71/1248 155/1246 138/1249
f 190/1247 71/1248 1105/1250
f 71/1251 1203/1252 1105/1253
f 421/1254 562/1255 571/1256
f 571/1256 562/1255 614/1257
f 614/1257 562/1255 591/1258
f 571/1256 614/1257 622/1259
f 614/1257 591/1258 600/1260
f 600/1260 591/1258 627/1261
f 600/1260 627/1261 625/1262
f 614/1257 600/1260 620/1263
f 614/1257 620/1263 622/1259
f 622/1259 620/1263 596/1264
f 622/1259 596/1264 587/1265
f 587/1265 596/1264 469/1266
f 587/1265 469/1266 426/1267
f 426/1267 469/1266 413/1268
f 413/1268 469/1266 408/1269
f 413/1268 408/1269 416/1270
f 408/1269 469/1266 425/1271
f 408/1269 425/1271 416/1270
f 425/1271 469/1266 496/1272
f 425/1271 496/1272 394/1273
f 416/1270 425/1271 391/1274
f 391/1274 425/1271 394/1273
f 416/1270 391/1274 354/1275
f 354/1275 391/1274 394/1273
f 660/1276 532/1277 528/1278
s 0
f 528/1278 532/1277 31/1279
s 1
f 725/1280 660/1281 528/1282
f 725/1280 528/1282 779/1283
f 725/1280 779/1283 768/1284
f 725/1280 768/1284 742/1285
f 768/1286 779/1287 767/1288
f 767/1288 779/1287 804/1289
f 767/1288 804/1289 809/1290
f 804/1289 779/1287 734/1291
f 734/1291 779/1287 528/1292
f 809/1290 804/1289 832/1293
f 809/1290 832/1293 790/1294
f 141/1295 528/1292 31/1296
f 528/1292 141/1295 734/1291
f 790/1294 832/1293 818/1297
f 790/1294 818/1297 822/1298
f 822/1298 818/1297 843/1299
f 843/1299 818/1297 832/1293
f 734/1291 141/1295 459/1300
f 459/1300 141/1295 215/1301
f 459/1300 215/1301 399/1302
f 459/1300 399/1302 439/1303
f 829/1304 832/1293 804/1289
f 780/1305 804/1289 734/1291
f 804/1289 780/1305 829/1304
f 832/1293 829/1304 846/1306
f 846/1306 829/1304 780/1305
f 832/1293 846/1306 843/1299
f 780/1305 734/1291 772/1307
f 772/1307 734/1291 459/1300
f 780/1305 772/1307 846/1306
f 843/1299 846/1306 893/1308
f 843/1299 893/1308 897/1309
f 772/1307 459/1300 476/1310
f 476/1310 459/1300 439/1303
f 846/1306 772/1307 788/1311
f 788/1311 772/1307 476/1310
f 893/1308 846/1306 894/1312
f 894/1312 846/1306 788/1311
f 893/1308 894/1312 907/1313
f 893/1308 907/1313 909/1314
f 909/1314 907/1313 911/1315
f 911/1315 907/1313 919/1316
f 919/1316 907/1313 916/1317
f 916/1317 907/1313 894/1312
f 916/1317 894/1312 864/1318
f 864/1318 894/1312 788/1311
f 916/1317 864/1318 874/1319
f 875/1320 869/1321 874/1319
f 875/1320 874/1319 859/1322
f 859/1322 874/1319 864/1318
f 875/1320 859/1322 865/1323
f 865/1323 859/1322 847/1324
f 859/1322 864/1318 834/1325
f 859/1322 834/1325 847/1324
f 834/1325 864/1318 788/1311
f 847/1324 834/1325 793/1326
f 793/1326 834/1325 788/1311
f 793/1326 788/1311 569/1327
f 569/1327 788/1311 555/1328
f 555/1328 788/1311 476/1310
f 569/1327 555/1328 470/1329
f 470/1329 555/1328 476/1310
f 470/1329 476/1310 439/1303
f 470/1329 439/1303 420/1330
f 470/1329 420/1330 454/1331
f 420/1330 439/1303 411/1332
f 893/1333 909/1334 897/1335
f 918/1336 909/1334 911/1337
f 909/1334 918/1336 901/1338
f 909/1334 901/1338 897/1335
f 901/1338 918/1336 929/1339
f 897/1335 901/1338 927/1340
f 927/1340 901/1338 929/1339
f 929/1339 918/1336 944/1341
f 944/1341 918/1336 945/1342
f 944/1341 945/1342 949/1343
f 944/1341 949/1343 929/1339
f 844/1344 843/1345 897/1335
f 927/1340 929/1339 931/1346
f 844/1344 897/1335 904/1347
f 904/1347 897/1335 927/1340
f 844/1344 904/1347 806/1348
f 931/1346 929/1339 923/1349
f 904/1347 927/1340 908/1350
f 908/1350 927/1340 931/1346
f 904/1347 908/1350 862/1351
f 904/1347 862/1351 806/1348
f 908/1350 931/1346 889/1352
f 931/1346 923/1349 902/1353
f 862/1351 908/1350 849/1354
f 849/1354 908/1350 889/1352
f 902/1353 923/1349 888/1355
f 862/1351 849/1354 487/1356
f 862/1351 487/1356 806/1348
f 487/1356 849/1354 473/1357
f 473/1357 849/1354 889/1352
f 902/1353 888/1355 885/1358
f 885/1358 888/1355 730/1359
f 885/1358 730/1359 589/1360
f 589/1360 730/1359 570/1361
f 589/1360 570/1361 525/1362
f 589/1360 525/1362 485/1363
f 885/1358 589/1360 830/1364
f 885/1358 830/1364 902/1353
f 589/1360 485/1363 486/1365
f 589/1360 486/1365 830/1364
f 902/1353 830/1364 876/1366
f 902/1353 876/1366 931/1346
f 931/1346 876/1366 889/1352
f 876/1366 830/1364 646/1367
f 876/1366 646/1367 889/1352
f 646/1367 830/1364 486/1365
f 889/1352 646/1367 481/1368
f 481/1368 646/1367 486/1365
f 889/1352 481/1368 473/1357
f 473/1357 481/1368 407/1369
f 473/1357 407/1369 487/1356
f 481/1368 486/1365 434/1370
f 481/1368 434/1370 407/1369
f 435/1371 486/1365 485/1363
f 486/1365 435/1371 434/1370
f 435/1371 485/1363 453/1372
f 407/1369 434/1370 412/1373
f 412/1373 434/1370 435/1371
f 472/1374 487/1356 407/1369
f 487/1356 472/1374 806/1348
f 472/1374 407/1369 398/1375
f 398/1375 407/1369 412/1373
f 806/1348 472/1374 448/1376
f 448/1376 472/1374 398/1375
f 806/1348 448/1376 761/1377
f 761/1377 448/1376 370/1378
f 761/1377 370/1378 303/1379
f 303/1379 370/1378 116/1380
f 116/1380 370/1378 448/1376
f 965/1381 996/1382 116/1380
f 965/1381 116/1380 158/1383
f 158/1383 116/1380 448/1376
f 158/1383 448/1376 398/1375
f 158/1383 398/1375 392/1384
f 392/1384 398/1375 412/1373
f 158/1383 392/1384 39/1385
f 158/1383 39/1385 1097/1386
f 392/1384 412/1373 389/1387
f 39/1385 392/1384 99/1388
f 99/1388 392/1384 389/1387
f 39/1385 99/1388 971/1389
f 971/1389 99/1388 2/1390
f 99/1388 389/1387 162/1391
f 162/1391 389/1387 412/1373
f 99/1388 162/1391 2/1390
f 162/1391 412/1373 402/1392
f 402/1392 412/1373 435/1371
f 402/1392 435/1371 406/1393
f 162/1391 402/1392 192/1394
f 162/1391 192/1394 2/1390
f 192/1394 402/1392 406/1393
f 2/1390 192/1394 51/1395
f 192/1394 406/1393 202/1396
f 192/1394 202/1396 51/1395
f 847/1397 793/1398 835/1399
f 847/1397 835/1399 865/1400
f 835/1399 793/1398 776/1401
f 776/1401 793/1398 569/1402
f 865/1400 835/1399 863/1403
f 835/1399 776/1401 813/1404
f 835/1399 813/1404 863/1403
f 865/1400 863/1403 870/1405
f 813/1404 776/1401 708/1406
f 813/1404 708/1406 723/1407
f 708/1406 776/1401 574/1408
f 574/1408 776/1401 569/1402
f 870/1405 863/1403 868/1409
f 865/1400 870/1405 875/1410
f 875/1410 870/1405 868/1409
f 875/1410 868/1409 884/1411
f 884/1411 868/1409 878/1412
f 875/1410 884/1411 877/1413
f 877/1413 884/1411 878/1412
f 875/1410 877/1413 869/1414
f 869/1414 877/1413 855/1415
f 877/1413 878/1412 892/1416
f 855/1415 877/1413 881/1417
f 881/1417 877/1413 892/1416
f 881/1417 892/1416 842/1418
f 881/1417 842/1418 808/1419
f 881/1417 808/1419 754/1420
f 808/1419 842/1418 656/1421
f 754/1420 808/1419 616/1422
f 616/1422 808/1419 656/1421
f 868/1423 863/1424 905/1425
f 868/1423 905/1425 878/1426
f 905/1425 863/1424 900/1427
f 900/1427 863/1424 813/1428
f 878/1426 905/1425 922/1429
f 878/1426 922/1429 892/1430
f 900/1427 813/1428 853/1431
f 922/1429 905/1425 910/1432
f 910/1432 905/1425 900/1427
f 900/1427 853/1431 854/1433
f 854/1433 853/1431 828/1434
f 900/1427 854/1433 898/1435
f 854/1433 828/1434 826/1436
f 826/1436 828/1434 812/1437
f 826/1436 812/1437 794/1438
f 854/1433 826/1436 848/1439
f 854/1433 848/1439 898/1435
f 848/1439 826/1436 805/1440
f 848/1439 805/1440 825/1441
f 848/1439 825/1441 850/1442
f 850/1442 825/1441 799/1443
f 848/1439 850/1442 896/1444
f 848/1439 896/1444 898/1435
f 850/1442 799/1443 851/1445
f 850/1442 851/1445 896/1444
f 851/1445 799/1443 820/1446
f 896/1444 851/1445 887/1447
f 887/1447 851/1445 820/1446
f 887/1447 820/1446 787/1448
f 787/1448 820/1446 468/1449
f 887/1447 787/1448 895/1450
f 887/1447 895/1450 914/1451
f 887/1447 914/1451 896/1444
f 896/1444 914/1451 913/1452
f 896/1444 913/1452 898/1435
f 913/1452 914/1451 924/1453
f 913/1452 924/1453 936/1454
f 898/1435 913/1452 920/1455
f 920/1455 913/1452 936/1454
f 898/1435 920/1455 912/1456
f 898/1435 912/1456 900/1427
f 900/1427 912/1456 910/1432
f 920/1455 936/1454 951/1457
f 951/1457 936/1454 915/1458
f 951/1457 915/1458 947/1459
f 947/1459 915/1458 925/1460
f 925/1460 915/1458 928/1461
f 951/1457 947/1459 953/1462
f 953/1462 947/1459 925/1460
f 920/1455 951/1457 946/1463
f 946/1463 951/1457 953/1462
f 925/1460 928/1461 921/1464
f 925/1460 921/1464 953/1462
f 921/1464 928/1461 922/1429
f 921/1464 922/1429 910/1432
f 921/1464 910/1432 953/1462
f 946/1463 953/1462 948/1465
f 953/1462 910/1432 941/1466
f 953/1462 941/1466 948/1465
f 941/1466 910/1432 912/1456
f 946/1463 948/1465 943/1467
f 943/1467 948/1465 941/1466
f 943/1467 941/1466 912/1456
f 946/1463 943/1467 920/1455
f 920/1455 943/1467 912/1456
f 874/1468 869/1469 867/1470
f 874/1468 867/1470 871/1471
f 867/1470 869/1469 833/1472
f 867/1470 833/1472 871/1471
f 833/1472 869/1469 831/1473
f 831/1473 869/1469 855/1474
f 831/1473 855/1474 881/1475
f 831/1473 881/1475 754/1476
f 833/1472 831/1473 748/1477
f 748/1477 831/1473 754/1476
f 833/1472 748/1477 871/1471
f 748/1477 754/1476 616/1478
f 748/1477 616/1478 785/1479
f 748/1477 785/1479 871/1471
f 871/1471 785/1479 886/1480
f 886/1480 785/1479 675/1481
f 917/1482 874/1468 871/1471
f 917/1482 871/1471 886/1480
f 874/1468 917/1482 916/1483
f 886/1480 675/1481 852/1484
f 852/1484 675/1481 497/1485
f 852/1484 497/1485 506/1486
f 506/1486 497/1485 462/1487
f 916/1483 917/1482 938/1488
f 938/1488 917/1482 886/1480
f 852/1484 506/1486 492/1489
f 492/1489 506/1486 462/1487
f 886/1480 852/1484 861/1490
f 886/1480 861/1490 938/1488
f 861/1490 852/1484 492/1489
f 916/1483 938/1488 930/1491
f 916/1483 930/1491 919/1492
f 938/1488 861/1490 926/1493
f 938/1488 926/1493 930/1491
f 926/1493 861/1490 888/1494
f 926/1493 888/1494 923/1495
f 926/1493 923/1495 929/1496
f 888/1494 861/1490 803/1497
f 926/1493 929/1496 932/1498
f 926/1493 932/1498 930/1491
f 932/1498 929/1496 949/1499
f 932/1498 949/1499 952/1500
f 932/1498 952/1500 930/1491
f 952/1500 949/1499 945/1501
f 888/1494 803/1497 730/1502
f 952/1500 945/1501 950/1503
f 952/1500 950/1503 930/1491
f 930/1491 950/1503 942/1504
f 942/1504 950/1503 945/1501
f 930/1491 942/1504 919/1492
f 919/1492 942/1504 911/1505
f 911/1505 942/1504 945/1501
f 911/1505 945/1501 918/1506
f 792/1507 730/1502 803/1497
f 730/1502 792/1507 733/1508
f 730/1502 733/1508 595/1509
f 595/1509 733/1508 792/1507
f 730/1502 595/1509 570/1510
f 792/1507 803/1497 726/1511
f 726/1511 803/1497 861/1490
f 726/1511 861/1490 492/1489
f 792/1507 726/1511 701/1512
f 792/1507 701/1512 595/1509
f 570/1510 595/1509 525/1513
f 701/1512 726/1511 580/1514
f 580/1514 726/1511 492/1489
f 701/1512 580/1514 584/1515
f 525/1513 595/1509 530/1516
f 595/1509 701/1512 533/1517
f 533/1517 701/1512 584/1515
f 595/1509 533/1517 530/1516
f 584/1515 580/1514 517/1518
f 584/1515 517/1518 533/1517
f 533/1517 517/1518 530/1516
f 530/1516 517/1518 525/1513
f 517/1518 580/1514 492/1489
f 525/1513 517/1518 479/1519
f 479/1519 517/1518 492/1489
f 525/1513 479/1519 485/1520
f 485/1520 479/1519 453/1521
f 453/1521 479/1519 492/1489
f 453/1521 492/1489 436/1522
f 436/1522 492/1489 462/1487
f 436/1522 462/1487 438/1523
f 436/1522 438/1523 419/1524
f 419/1524 438/1523 410/1525
f 436/1522 419/1524 431/1526
f 453/1521 436/1522 443/1527
f 443/1527 436/1522 431/1526
f 453/1521 443/1527 435/1528
f 443/1527 431/1526 428/1529
f 443/1527 428/1529 435/1528
f 435/1528 428/1529 406/1530
f 842/1531 892/1532 838/1533
f 838/1533 892/1532 922/1534
f 842/1531 838/1533 656/1535
f 656/1535 838/1533 560/1536
f 838/1533 922/1534 857/1537
f 560/1536 838/1533 762/1538
f 762/1538 838/1533 857/1537
f 762/1538 857/1537 579/1539
f 762/1538 579/1539 560/1536
f 857/1537 922/1534 882/1540
f 882/1540 922/1534 928/1541
f 882/1540 928/1541 915/1542
f 857/1537 882/1540 729/1543
f 857/1537 729/1543 579/1539
f 882/1540 915/1542 795/1544
f 882/1540 795/1544 729/1543
f 579/1539 729/1543 573/1545
f 573/1545 729/1543 786/1546
f 786/1546 729/1543 795/1544
f 579/1539 573/1545 518/1547
f 573/1545 786/1546 539/1548
f 573/1545 539/1548 518/1547
f 579/1539 518/1547 482/1549
f 579/1539 482/1549 560/1536
f 518/1547 539/1548 534/1550
f 539/1548 786/1546 628/1551
f 539/1548 628/1551 534/1550
f 628/1551 786/1546 737/1552
f 737/1552 786/1546 795/1544
f 534/1550 628/1551 617/1553
f 617/1553 628/1551 737/1552
f 518/1547 534/1550 489/1554
f 489/1554 534/1550 617/1553
f 518/1547 489/1554 482/1549
f 617/1553 737/1552 872/1555
f 872/1555 737/1552 795/1544
f 617/1553 872/1555 489/1554
f 872/1555 795/1544 879/1556
f 879/1556 795/1544 915/1542
f 879/1556 915/1542 935/1557
f 935/1557 915/1542 936/1558
f 879/1556 935/1557 934/1559
f 934/1559 935/1557 936/1558
f 879/1556 934/1559 872/1555
f 934/1559 936/1558 924/1560
f 872/1555 934/1559 903/1561
f 903/1561 934/1559 924/1560
f 872/1555 903/1561 816/1562
f 872/1555 816/1562 489/1554
f 903/1561 924/1560 873/1563
f 903/1561 873/1563 816/1562
f 914/1564 895/1565 924/1560
f 924/1560 895/1565 899/1566
f 924/1560 899/1566 873/1563
f 899/1566 895/1565 860/1567
f 899/1566 860/1567 873/1563
f 860/1567 895/1565 787/1568
f 860/1567 787/1568 478/1569
f 860/1567 478/1569 873/1563
f 478/1569 787/1568 468/1570
f 507/1571 816/1562 873/1563
f 507/1571 873/1563 478/1569
f 816/1562 507/1571 489/1554
f 478/1569 468/1570 401/1572
f 507/1571 478/1569 461/1573
f 507/1571 461/1573 489/1554
f 461/1573 478/1569 401/1572
f 401/1572 468/1570 409/1574
f 489/1554 461/1573 437/1575
f 437/1575 461/1573 401/1572
f 401/1572 409/1574 397/1576
f 397/1576 409/1574 181/1577
f 181/1577 409/1574 455/1578
f 397/1576 181/1577 417/1579
f 397/1576 417/1579 401/1572
f 401/1572 417/1579 437/1575
f 489/1554 437/1575 446/1580
f 446/1580 437/1575 417/1579
f 446/1580 417/1579 423/1581
f 489/1554 446/1580 482/1549
f 446/1580 423/1581 440/1582
f 446/1580 440/1582 482/1549
f 440/1582 423/1581 427/1583
f 482/1549 440/1582 452/1584
f 452/1584 440/1582 427/1583
f 415/1585 422/1586 427/1583
f 427/1583 422/1586 445/1587
f 427/1583 445/1587 452/1584
f 445/1587 422/1586 430/1588
f 445/1587 430/1588 442/1589
f 442/1589 430/1588 418/1590
f 445/1587 442/1589 466/1591
f 445/1587 466/1591 452/1584
f 480/1592 482/1549 452/1584
f 482/1549 480/1592 560/1536
f 452/1584 466/1591 483/1593
f 452/1584 483/1593 480/1592
f 560/1536 480/1592 543/1594
f 543/1594 480/1592 483/1593
f 560/1536 543/1594 656/1535
f 483/1593 466/1591 546/1595
f 483/1593 546/1595 543/1594
f 543/1594 546/1595 656/1535
f 546/1595 466/1591 616/1596
f 546/1595 616/1596 656/1535
f 423/1597 417/1598 277/1599
f 277/1599 417/1598 191/1600
f 423/1597 277/1599 337/1601
f 277/1599 191/1600 128/1602
f 128/1602 191/1600 972/1603
f 423/1597 337/1601 427/1604
f 128/1602 972/1603 84/1605
f 128/1602 84/1605 277/1599
f 84/1605 972/1603 1108/1606
f 337/1601 277/1599 232/1607
f 337/1601 232/1607 427/1604
f 232/1607 277/1599 84/1605
f 275/1608 415/1609 427/1604
f 427/1604 232/1607 246/1610
f 427/1604 246/1610 275/1608
f 232/1607 84/1605 163/1611
f 232/1607 163/1611 246/1610
f 275/1608 246/1610 174/1612
f 174/1612 246/1610 163/1611
f 275/1608 174/1612 220/1613
f 163/1611 84/1605 954/1614
f 954/1614 84/1605 1079/1615
f 174/1612 163/1611 103/1616
f 174/1612 103/1616 220/1613
f 103/1616 163/1611 954/1614
f 103/1616 954/1614 18/1617
f 18/1617 954/1614 1059/1618
f 220/1613 103/1616 143/1619
f 143/1619 103/1616 18/1617
f 220/1613 143/1619 212/1620
f 212/1620 143/1619 81/1621
f 143/1619 18/1617 24/1622
f 143/1619 24/1622 81/1621
f 24/1622 18/1617 1026/1623
f 81/1621 24/1622 1028/1624
f 409/1625 468/1626 465/1627
f 409/1625 465/1627 455/1628
f 465/1627 468/1626 597/1629
f 465/1627 597/1629 455/1628
f 597/1629 468/1626 820/1630
f 597/1629 820/1630 455/1628
f 455/1628 820/1630 1/1631
f 181/1632 455/1633 1206/1634
f 1206/1634 455/1633 1/1635
f 181/1632 1206/1634 972/1636
f 181/1632 972/1636 191/1637
f 181/1632 191/1637 417/1638
f 1241/1639 972/1640 1206/1641
f 972/1640 1241/1639 1054/1642
f 972/1640 1054/1642 1108/1643
f 1054/1642 1241/1639 1252/1644
f 1054/1642 1252/1644 1108/1643
f 1108/1643 1252/1644 1247/1645
f 1241/1639 1206/1641 1292/1646
f 1292/1646 1206/1641 1324/1647
f 1324/1647 1206/1641 1361/1648
f 1361/1648 1206/1641 1604/1649
f 1361/1648 1604/1649 1596/1650
f 1604/1649 1206/1641 1687/1651
f 1252/1652 1241/1653 1265/1654
f 1265/1654 1241/1653 1292/1655
f 1265/1654 1292/1655 1275/1656
f 1275/1656 1292/1655 1293/1657
f 1252/1652 1265/1654 1281/1658
f 1281/1658 1265/1654 1275/1656
f 1252/1652 1281/1658 1247/1659
f 1281/1658 1275/1656 1354/1660
f 1247/1659 1281/1658 1330/1661
f 1281/1658 1354/1660 1366/1662
f 1281/1658 1366/1662 1330/1661
f 1366/1662 1354/1660 1608/1663
f 1608/1663 1354/1660 1602/1664
f 1247/1659 1330/1661 1338/1665
f 1247/1659 1338/1665 1256/1666
f 1338/1665 1330/1661 1388/1667
f 1330/1661 1366/1662 1425/1668
f 1330/1661 1425/1668 1388/1667
f 1366/1662 1608/1663 1543/1669
f 1366/1662 1543/1669 1425/1668
f 1543/1669 1608/1663 1587/1670
f 1587/1670 1608/1663 1642/1671
f 1533/1672 1642/1671 1338/1665
f 1642/1671 1533/1672 1587/1670
f 1533/1672 1338/1665 1388/1667
f 1543/1669 1587/1670 1574/1673
f 1574/1673 1587/1670 1533/1672
f 1574/1673 1533/1672 1518/1674
f 1518/1674 1533/1672 1388/1667
f 1543/1669 1574/1673 1540/1675
f 1543/1669 1540/1675 1425/1668
f 1574/1673 1518/1674 1402/1676
f 1402/1676 1518/1674 1388/1667
f 1574/1673 1402/1676 1540/1675
f 1431/1677 1388/1667 1425/1668
f 1388/1667 1431/1677 1402/1676
f 1431/1677 1425/1668 1540/1675
f 1431/1677 1540/1675 1402/1676
f 1108/1678 1247/1679 1101/1680
f 1108/1678 1101/1680 84/1681
f 84/1681 1101/1680 1079/1682
f 1079/1682 1101/1680 1247/1679
f 1079/1682 1247/1679 1256/1683
f 954/1684 1079/1685 1059/1686
f 1059/1686 1079/1685 1256/1687
f 1059/1686 1256/1687 1161/1688
f 1059/1686 1161/1688 18/1689
f 18/1689 1161/1688 1048/1690
f 18/1689 1048/1690 1026/1691
f 415/1692 275/1693 351/1694
f 415/1692 351/1694 422/1695
f 422/1695 351/1694 356/1696
f 422/1695 356/1696 430/1697
f 351/1694 275/1693 222/1698
f 430/1697 356/1696 374/1699
f 356/1696 351/1694 214/1700
f 356/1696 214/1700 374/1699
f 430/1697 374/1699 355/1701
f 430/1697 355/1701 418/1702
f 355/1701 374/1699 305/1703
f 305/1703 374/1699 214/1700
f 351/1694 222/1698 194/1704
f 351/1694 194/1704 214/1700
f 355/1701 305/1703 236/1705
f 355/1701 236/1705 203/1706
f 305/1703 214/1700 185/1707
f 236/1705 305/1703 206/1708
f 206/1708 305/1703 185/1707
f 236/1705 206/1708 157/1709
f 206/1708 185/1707 171/1710
f 206/1708 171/1710 157/1709
f 171/1710 185/1707 130/1711
f 130/1711 185/1707 214/1700
f 171/1710 130/1711 117/1712
f 130/1711 214/1700 107/1713
f 107/1713 214/1700 194/1704
f 130/1711 107/1713 22/1714
f 167/1715 236/1705 157/1709
f 236/1705 167/1715 203/1706
f 167/1715 157/1709 101/1716
f 203/1706 167/1715 147/1717
f 147/1717 167/1715 101/1716
f 22/1714 107/1713 60/1718
f 22/1714 60/1718 20/1719
f 22/1714 20/1719 988/1720
f 988/1720 20/1719 10/1721
f 20/1719 60/1718 52/1722
f 20/1719 52/1722 10/1721
f 52/1722 60/1718 107/1713
f 988/1720 10/1721 6/1723
f 6/1723 10/1721 52/1722
f 1012/1724 6/1723 970/1725
f 970/1725 6/1723 15/1726
f 6/1723 52/1722 64/1727
f 6/1723 64/1727 15/1726
f 52/1722 107/1713 135/1728
f 135/1728 107/1713 194/1704
f 135/1728 194/1704 222/1698
f 52/1722 135/1728 122/1729
f 52/1722 122/1729 64/1727
f 135/1728 222/1698 186/1730
f 135/1728 186/1730 122/1729
f 186/1730 222/1698 275/1693
f 64/1727 122/1729 123/1731
f 123/1731 122/1729 186/1730
f 186/1730 275/1693 221/1732
f 186/1730 221/1732 123/1731
f 221/1732 275/1693 220/1733
f 64/1727 123/1731 120/1734
f 64/1727 120/1734 15/1726
f 123/1731 221/1732 196/1735
f 123/1731 196/1735 120/1734
f 221/1732 220/1733 217/1736
f 221/1732 217/1736 196/1735
f 217/1736 220/1733 212/1737
f 196/1735 217/1736 239/1738
f 239/1738 217/1736 212/1737
f 196/1735 239/1738 120/1734
f 239/1738 212/1737 299/1739
f 65/1740 15/1726 120/1734
f 15/1726 65/1740 16/1741
f 120/1734 239/1738 168/1742
f 168/1742 239/1738 299/1739
f 120/1734 168/1742 65/1740
f 16/1741 65/1740 147/1743
f 147/1743 65/1740 168/1742
f 168/1742 299/1739 358/1744
f 358/1744 299/1739 414/1745
f 358/1744 414/1745 403/1746
f 168/1742 358/1744 253/1747
f 168/1742 253/1747 147/1743
f 253/1747 358/1744 403/1746
f 147/1743 253/1747 203/1748
f 203/1748 253/1747 355/1749
f 355/1749 253/1747 403/1746
f 355/1749 403/1746 418/1750
f 212/1751 81/1752 299/1753
f 299/1753 81/1752 96/1754
f 96/1754 81/1752 46/1755
f 46/1755 81/1752 1028/1756
f 46/1755 1028/1756 997/1757
f 46/1755 997/1757 96/1754
f 96/1754 997/1757 1100/1758
s 0
f 96/1754 1100/1758 974/1759
s 1
f 299/1753 96/1754 345/1760
f 299/1753 345/1760 414/1761
f 96/1754 974/1759 126/1762
f 96/1754 126/1762 341/1763
f 96/1754 341/1763 345/1760
f 126/1762 974/1759 170/1764
f 126/1762 170/1764 341/1763
f 170/1764 974/1759 12/1765
f 12/1765 974/1759 1064/1766
f 170/1764 12/1765 76/1767
f 76/1767 12/1765 1035/1768
f 76/1767 1035/1768 1008/1769
f 170/1764 76/1767 329/1770
f 170/1764 329/1770 341/1763
f 76/1767 1008/1769 100/1771
f 329/1770 76/1767 237/1772
f 237/1772 76/1767 100/1771
f 329/1770 237/1772 383/1773
f 383/1773 237/1772 334/1774
f 341/1763 329/1770 339/1775
f 334/1774 237/1772 197/1776
f 197/1776 237/1772 100/1771
f 334/1774 197/1776 199/1777
f 199/1777 197/1776 90/1778
f 90/1778 197/1776 100/1771
f 90/1778 100/1771 32/1779
f 32/1779 100/1771 29/1780
f 29/1780 100/1771 1008/1769
f 32/1779 29/1780 27/1781
f 29/1780 1008/1769 969/1782
f 29/1780 969/1782 27/1781
f 27/1781 969/1782 975/1783
f 27/1781 975/1783 989/1784
f 336/1785 339/1775 352/1786
f 339/1775 336/1785 341/1763
f 341/1763 336/1785 346/1787
f 346/1787 336/1785 343/1788
f 343/1788 336/1785 349/1789
f 343/1788 349/1789 372/1790
f 341/1763 346/1787 347/1791
f 341/1763 347/1791 345/1760
f 345/1760 347/1791 353/1792
f 353/1792 347/1791 458/1793
f 345/1760 353/1792 359/1794
f 359/1794 353/1792 458/1793
f 345/1760 359/1794 414/1761
f 359/1794 458/1793 471/1795
f 414/1761 359/1794 444/1796
f 444/1796 359/1794 471/1795
f 444/1796 471/1795 458/1793
f 414/1761 444/1796 403/1797
f 444/1796 458/1793 454/1798
f 403/1797 444/1796 429/1799
f 429/1799 444/1796 454/1798
f 403/1797 429/1799 418/1800
f 429/1799 454/1798 420/1801
f 429/1799 420/1801 418/1800
f 24/1802 1026/1803 1028/1804
f 1028/1804 1026/1803 1145/1805
f 1145/1805 1026/1803 1048/1806
f 1028/1804 1145/1805 1163/1807
f 1028/1804 1163/1807 997/1808
f 1145/1805 1048/1806 1150/1809
f 1145/1805 1150/1809 1148/1810
f 1150/1809 1048/1806 1161/1811
f 1150/1809 1161/1811 1208/1812
f 1208/1812 1161/1811 1280/1813
f 1208/1812 1280/1813 1262/1814
f 1280/1813 1161/1811 1256/1815
f 1217/1816 997/1808 1163/1807
f 1217/1816 1163/1807 1218/1817
f 1217/1816 1218/1817 1231/1818
f 1217/1816 1231/1818 1219/1819
f 997/1808 1217/1816 1100/1820
f 1217/1816 1219/1819 1223/1821
f 1217/1816 1223/1821 1100/1820
f 1100/1820 1223/1821 974/1822
f 974/1822 1223/1821 1064/1823
f 1064/1823 1223/1821 1232/1824
f 1163/1825 1145/1826 1148/1827
f 1163/1825 1148/1827 1157/1828
f 1163/1825 1157/1828 1218/1829
f 1157/1828 1148/1827 1046/1830
f 1218/1829 1157/1828 1253/1831
f 1218/1829 1253/1831 1285/1832
f 1157/1828 1046/1830 1096/1833
f 1253/1831 1157/1828 1129/1834
f 1129/1834 1157/1828 1096/1833
f 1096/1833 1046/1830 1057/1835
f 1096/1833 1057/1835 1129/1834
f 1057/1835 1046/1830 1013/1836
f 1013/1836 1046/1830 1012/1837
f 1013/1836 1012/1837 970/1838
f 1013/1836 970/1838 992/1839
f 1013/1836 992/1839 1057/1835
f 1057/1835 992/1839 1129/1834
f 1129/1834 992/1839 1084/1840
f 1129/1834 1084/1840 1147/1841
f 1129/1834 1147/1841 1253/1831
f 1147/1841 1084/1840 1019/1842
f 1253/1831 1147/1841 1286/1843
f 1253/1831 1286/1843 1285/1832
f 1286/1843 1147/1841 1174/1844
f 1174/1844 1147/1841 1074/1845
f 1174/1844 1074/1845 1091/1846
f 1285/1832 1286/1843 1267/1847
f 1267/1847 1286/1843 1174/1844
f 1285/1832 1267/1847 1262/1848
f 1262/1848 1267/1847 1224/1849
f 1267/1847 1174/1844 1175/1850
f 1267/1847 1175/1850 1224/1849
f 1175/1850 1174/1844 1091/1846
f 1224/1849 1175/1850 1112/1851
f 1112/1851 1175/1850 1091/1846
f 1112/1851 1091/1846 1058/1852
f 1219/1853 1231/1854 1329/1855
f 1219/1853 1329/1855 1342/1856
f 1219/1853 1342/1856 1228/1857
f 1329/1855 1231/1854 1327/1858
f 1329/1855 1327/1858 1342/1856
f 1327/1858 1231/1854 1335/1859
f 1335/1859 1231/1854 1218/1860
f 1335/1859 1218/1860 1285/1861
f 1228/1857 1342/1856 1379/1862
f 1327/1858 1335/1859 1315/1863
f 1315/1863 1335/1859 1285/1861
f 1342/1856 1327/1858 1310/1864
f 1310/1864 1327/1858 1315/1863
f 1342/1856 1310/1864 1353/1865
f 1310/1864 1315/1863 1302/1866
f 1342/1856 1353/1865 1378/1867
f 1342/1856 1378/1867 1379/1862
f 1378/1867 1353/1865 1404/1868
f 1378/1867 1404/1868 1393/1869
f 1378/1867 1393/1869 1379/1862
f 1379/1862 1393/1869 1391/1870
f 1379/1862 1391/1870 1415/1871
f 1415/1871 1391/1870 1403/1872
f 1379/1862 1415/1871 1421/1873
f 1379/1862 1421/1873 1403/1874
f 1307/1875 1302/1866 1315/1863
f 1307/1875 1315/1863 1285/1861
f 1307/1875 1285/1861 1262/1876
f 1302/1866 1307/1875 1294/1877
f 1307/1875 1262/1876 1280/1878
f 1307/1875 1280/1878 1294/1877
f 1294/1877 1280/1878 1284/1879
f 1294/1877 1284/1879 1304/1880
f 1353/1881 1310/1882 1323/1883
f 1323/1883 1310/1882 1302/1884
f 1323/1883 1302/1884 1299/1885
f 1299/1885 1302/1884 1294/1886
f 1299/1885 1294/1886 1304/1887
f 1299/1885 1304/1887 1291/1888
f 1299/1885 1291/1888 1298/1889
f 1298/1889 1291/1888 1269/1890
f 1298/1889 1269/1890 1278/1891
f 1298/1889 1278/1891 1299/1885
f 1323/1883 1299/1885 1306/1892
f 1306/1892 1299/1885 1305/1893
f 1306/1892 1305/1893 1296/1894
f 1306/1892 1296/1894 1328/1895
f 1306/1892 1328/1895 1323/1883
f 1328/1895 1296/1894 1303/1896
f 1328/1895 1303/1896 1364/1897
f 1323/1883 1328/1895 1368/1898
f 1368/1898 1328/1895 1364/1897
f 1323/1883 1368/1898 1353/1881
f 1368/1898 1364/1897 1558/1899
f 1558/1899 1364/1897 1592/1900
f 1353/1881 1368/1898 1462/1901
f 1462/1901 1368/1898 1558/1899
f 1353/1881 1462/1901 1404/1902
f 1558/1899 1592/1900 1585/1903
f 1404/1902 1462/1901 1524/1904
f 1524/1904 1462/1901 1583/1905
f 1583/1905 1462/1901 1558/1899
f 1524/1904 1583/1905 1560/1906
f 1560/1906 1583/1905 1591/1907
f 1591/1907 1583/1905 1600/1908
f 1583/1905 1558/1899 1582/1909
f 1583/1905 1582/1909 1600/1908
f 1582/1909 1558/1899 1585/1903
f 1600/1908 1582/1909 1658/1910
f 1658/1910 1582/1909 1657/1911
f 1657/1911 1582/1909 1585/1903
f 1657/1911 1585/1903 1661/1912
f 1415/1913 1403/1914 1435/1915
f 1435/1915 1403/1914 1421/1916
f 1435/1915 1421/1916 1538/1917
f 1435/1915 1538/1917 1555/1918
f 1555/1919 1538/1920 1548/1921
f 1548/1921 1538/1920 1541/1922
f 1548/1921 1541/1922 1591/1923
f 1591/1923 1541/1922 1560/1924
f 1548/1921 1591/1923 1603/1925
f 1603/1925 1591/1923 1600/1926
f 1603/1925 1600/1926 1672/1927
f 1672/1927 1600/1926 1658/1928
f 1555/1929 1548/1930 1549/1931
f 1549/1931 1548/1930 1603/1932
f 1555/1929 1549/1931 1554/1933
f 1549/1931 1603/1932 1605/1934
f 1549/1931 1605/1934 1554/1933
f 1605/1934 1603/1932 1707/1935
f 1707/1935 1603/1932 1672/1936
f 1554/1933 1605/1934 1635/1937
f 1554/1933 1635/1937 1490/1938
f 1490/1938 1635/1937 1629/1939
f 1629/1939 1635/1937 1667/1940
f 1667/1940 1635/1937 1680/1941
f 1707/1935 1672/1936 1753/1942
f 1605/1934 1707/1935 1618/1943
f 1605/1934 1618/1943 1635/1937
f 1618/1943 1707/1935 1617/1944
f 1635/1937 1618/1943 1643/1945
f 1643/1945 1618/1943 1617/1944
f 1635/1937 1643/1945 1680/1941
f 1643/1945 1617/1944 1634/1946
s 0
f 1643/1945 1634/1946 1680/1941
s 1
f 1634/1946 1617/1944 1611/1947
s 0
f 1680/1941 1634/1946 1669/1948
s 1
f 1669/1948 1634/1946 1611/1947
f 1669/1948 1611/1947 1616/1949
f 1669/1948 1616/1949 1648/1950
f 1725/1951 1753/1942 1642/1952
f 1642/1952 1753/1942 1656/1953
f 1656/1953 1753/1942 1672/1936
f 1642/1952 1656/1953 1647/1954
f 1656/1953 1672/1936 1649/1955
f 1656/1953 1649/1955 1647/1954
f 1649/1955 1672/1936 1658/1956
f 1647/1954 1649/1955 1640/1957
f 1647/1954 1640/1957 1606/1958
f 1606/1958 1640/1957 1589/1959
f 1667/1960 1680/1961 1664/1962
f 1664/1962 1680/1961 1701/1963
f 1664/1962 1701/1963 1666/1964
f 1409/1965 1439/1966 1666/1964
f 1409/1965 1666/1964 1542/1967
f 1542/1967 1666/1964 1686/1968
f 1686/1968 1666/1964 1701/1963
f 1686/1968 1701/1963 1732/1969
f 1701/1963 1680/1961 1708/1970
f 1701/1963 1708/1970 1732/1969
f 1732/1969 1708/1970 1759/1971
f 1732/1969 1759/1971 1845/1972
f 1732/1969 1845/1972 1852/1973
f 1845/1972 1759/1971 1853/1974
f 1845/1972 1853/1974 1852/1973
f 1708/1970 1680/1961 1691/1975
f 1708/1970 1691/1975 1712/1976
s 0
f 1691/1975 1680/1961 1669/1977
s 1
f 1712/1976 1691/1975 1695/1978
f 1695/1978 1691/1975 1669/1977
f 1695/1978 1669/1977 1648/1979
f 1695/1978 1648/1979 1687/1980
f 1687/1980 1648/1979 1604/1981
f 1611/1982 1617/1983 1685/1984
f 1685/1984 1617/1983 1707/1985
f 1611/1982 1685/1984 1616/1986
f 1604/1987 1648/1988 1616/1986
f 1604/1987 1616/1986 1596/1989
f 1596/1989 1616/1986 1685/1984
f 1596/1989 1685/1984 1652/1990
f 1652/1990 1685/1984 1710/1991
f 1596/1989 1652/1990 1363/1992
f 1596/1989 1363/1992 1361/1993
f 1361/1993 1363/1992 1324/1994
f 1324/1994 1363/1992 1292/1995
f 1292/1995 1363/1992 1293/1996
f 1652/1990 1710/1991 1577/1997
f 1577/1997 1710/1991 1676/1998
f 1577/1997 1676/1998 1602/1999
f 1381/2000 1363/1992 1652/1990
f 1381/2000 1652/1990 1577/1997
f 1363/1992 1381/2000 1293/1996
f 1577/1997 1602/1999 1352/2001
f 1577/1997 1352/2001 1381/2000
f 1381/2000 1352/2001 1293/1996
f 1352/2001 1602/1999 1354/2002
f 1293/1996 1352/2001 1275/2003
f 1275/2003 1352/2001 1354/2002
f 1676/2004 1710/2005 1746/2006
f 1746/2006 1710/2005 1761/2007
f 1761/2007 1710/2005 1685/2008
f 1761/2007 1685/2008 1756/2009
f 1756/2009 1685/2008 1707/2010
f 1756/2009 1707/2010 1753/2011
f 1761/2007 1756/2009 1748/2012
f 1761/2007 1748/2012 1746/2006
f 1756/2009 1753/2011 1751/2013
f 1660/2014 1676/2004 1746/2006
f 1676/2004 1660/2014 1602/2015
f 1602/2015 1660/2014 1662/2016
f 1602/2015 1662/2016 1608/2017
f 1608/2017 1662/2016 1642/2018
f 1662/2016 1660/2014 1729/2019
f 1729/2019 1660/2014 1746/2006
f 1642/2018 1662/2016 1722/2020
f 1722/2020 1662/2016 1729/2019
f 1642/2018 1722/2020 1725/2021
f 1729/2019 1746/2006 1735/2022
f 1729/2019 1735/2022 1722/2020
f 1735/2022 1746/2006 1748/2012
f 1725/2021 1722/2020 1733/2023
f 1733/2023 1722/2020 1735/2022
f 1725/2021 1733/2023 1736/2024
f 1725/2021 1736/2024 1753/2011
f 1753/2011 1736/2024 1751/2013
f 1736/2024 1733/2023 1791/2025
f 1733/2023 1735/2022 1802/2026
f 1733/2023 1802/2026 1791/2025
f 1802/2026 1735/2022 1748/2012
f 1736/2024 1791/2025 1796/2027
f 1796/2027 1791/2025 1802/2026
f 1736/2024 1796/2027 1751/2013
f 1802/2026 1748/2012 1794/2028
f 1751/2013 1796/2027 1801/2029
f 1796/2027 1802/2026 1810/2030
f 1796/2027 1810/2030 1801/2029
f 1810/2030 1802/2026 1794/2028
f 1801/2029 1810/2030 1751/2013
f 1794/2028 1748/2012 1765/2031
f 1794/2028 1765/2031 1810/2030
f 1810/2030 1765/2031 1751/2013
f 1765/2031 1748/2012 1756/2009
f 1765/2031 1756/2009 1751/2013
f 1649/2032 1658/2033 1657/2034
f 1649/2032 1657/2034 1645/2035
f 1649/2032 1645/2035 1640/2036
f 1645/2035 1657/2034 1661/2037
f 1640/2036 1645/2035 1638/2038
f 1640/2036 1638/2038 1589/2039
f 1645/2035 1661/2037 1637/2040
f 1645/2035 1637/2040 1638/2038
f 1637/2040 1661/2037 1720/2041
f 1589/2039 1638/2038 1584/2042
f 1584/2042 1638/2038 1637/2040
f 1589/2039 1584/2042 1545/2043
f 1720/2041 1661/2037 1705/2044
f 1545/2043 1584/2042 1491/2045
f 1584/2042 1637/2040 1601/2046
f 1601/2046 1637/2040 1720/2041
f 1584/2042 1601/2046 1491/2045
f 1545/2043 1491/2045 1487/2047
f 1720/2041 1705/2044 1758/2048
f 1758/2048 1705/2044 1704/2049
f 1758/2048 1704/2049 1760/2050
f 1758/2048 1760/2050 1763/2051
f 1487/2047 1491/2045 1343/2052
f 1487/2047 1343/2052 1304/2053
f 1304/2053 1343/2052 1291/2054
f 1343/2052 1491/2045 1336/2055
f 1343/2052 1336/2055 1291/2054
f 1336/2055 1491/2045 1349/2056
f 1349/2056 1491/2045 1601/2046
f 1291/2054 1336/2055 1274/2057
f 1274/2057 1336/2055 1349/2056
f 1269/2058 1291/2054 1261/2059
f 1261/2059 1291/2054 1274/2057
f 1261/2059 1274/2057 1264/2060
f 1349/2056 1601/2046 1341/2061
f 1349/2056 1341/2061 1274/2057
f 1264/2060 1274/2057 1268/2062
f 1264/2060 1268/2062 1258/2063
f 1268/2062 1274/2057 1341/2061
f 1268/2062 1341/2061 1374/2064
f 1268/2062 1374/2064 1362/2065
f 1362/2065 1374/2064 1483/2066
f 1374/2064 1341/2061 1432/2067
f 1483/2066 1374/2064 1397/2068
f 1397/2068 1374/2064 1432/2067
f 1397/2068 1432/2067 1481/2069
f 1432/2067 1341/2061 1581/2070
f 1432/2067 1581/2070 1481/2069
f 1397/2068 1481/2069 1570/2071
f 1570/2071 1481/2069 1581/2070
f 1483/2066 1397/2068 1493/2072
f 1493/2072 1397/2068 1570/2071
f 1493/2072 1570/2071 1561/2073
f 1561/2073 1570/2071 1581/2070
f 1483/2066 1493/2072 1567/2074
f 1567/2074 1493/2072 1561/2073
f 1567/2074 1561/2073 1581/2070
f 1483/2066 1567/2074 1623/2075
f 1621/2076 1581/2070 1341/2061
f 1581/2070 1621/2076 1567/2074
f 1567/2074 1621/2076 1623/2075
f 1621/2076 1341/2061 1601/2046
f 1623/2075 1621/2076 1724/2077
f 1724/2077 1621/2076 1601/2046
f 1623/2075 1724/2077 1728/2078
f 1724/2077 1601/2046 1720/2041
f 1724/2077 1720/2041 1734/2079
f 1734/2079 1720/2041 1758/2048
f 1728/2078 1724/2077 1731/2080
f 1731/2080 1724/2077 1734/2079
f 1728/2078 1731/2080 1747/2081
f 1728/2078 1747/2081 1766/2082
f 1747/2081 1731/2080 1797/2083
f 1747/2081 1797/2083 1766/2082
f 1797/2083 1731/2080 1806/2084
f 1806/2084 1731/2080 1734/2079
f 1766/2082 1797/2083 1811/2085
f 1811/2085 1797/2083 1806/2084
f 1766/2082 1811/2085 1763/2051
f 1806/2084 1734/2079 1754/2086
f 1806/2084 1754/2086 1811/2085
f 1811/2085 1754/2086 1763/2051
f 1754/2086 1734/2079 1758/2048
f 1754/2086 1758/2048 1763/2051
f 1303/2087 1296/2088 1242/2089
f 1303/2087 1242/2089 1166/2090
f 1303/2087 1166/2090 1364/2091
f 1364/2091 1166/2090 1430/2092
f 1430/2092 1166/2090 1156/2093
f 1364/2091 1430/2092 1592/2094
f 1430/2092 1156/2093 1408/2095
f 1408/2095 1156/2093 1372/2096
f 1408/2095 1372/2096 1501/2097
f 1408/2095 1501/2097 1430/2092
f 1592/2094 1430/2092 1610/2098
f 1592/2094 1610/2098 1612/2099
f 1592/2094 1612/2099 1585/2100
f 1610/2098 1430/2092 1636/2101
f 1636/2101 1430/2092 1501/2097
f 1705/2102 1661/2103 1585/2100
f 1705/2102 1585/2100 1612/2099
f 1705/2102 1612/2099 1704/2104
f 1610/2098 1636/2101 1641/2105
f 1610/2098 1641/2105 1612/2099
f 1612/2099 1641/2105 1613/2106
f 1612/2099 1613/2106 1704/2104
f 1641/2105 1636/2101 1678/2107
f 1641/2105 1678/2107 1613/2106
f 1633/2108 1636/2101 1501/2097
f 1636/2101 1633/2108 1678/2107
f 1482/2109 1588/2110 1501/2097
f 1633/2108 1501/2097 1575/2111
f 1575/2111 1501/2097 1588/2110
f 1575/2111 1588/2110 1595/2112
f 1595/2112 1588/2110 1625/2113
f 1633/2108 1575/2111 1651/2114
f 1651/2114 1575/2111 1595/2112
f 1633/2108 1651/2114 1678/2107
f 1651/2114 1595/2112 1609/2115
f 1651/2114 1609/2115 1673/2116
f 1651/2114 1673/2116 1678/2107
f 1678/2107 1673/2116 1665/2117
f 1678/2107 1665/2117 1653/2118
f 1678/2107 1653/2118 1613/2106
f 1653/2118 1665/2117 1654/2119
f 1613/2106 1653/2118 1619/2120
f 1613/2106 1619/2120 1614/2121
f 1614/2121 1619/2120 1653/2118
f 1614/2121 1653/2118 1654/2119
f 1613/2106 1614/2121 1704/2104
f 1614/2121 1654/2119 1615/2122
f 1614/2121 1615/2122 1704/2104
f 1615/2122 1654/2119 1607/2123
f 1704/2104 1615/2122 1699/2124
f 1296/2125 1305/2126 1245/2127
f 1296/2125 1245/2127 1242/2128
f 1245/2127 1305/2126 1251/2129
f 1242/2128 1245/2127 1179/2130
f 1251/2129 1305/2126 1276/2131
f 1276/2131 1305/2126 1299/2132
f 1276/2131 1299/2132 1278/2133
f 1276/2131 1278/2133 1263/2134
f 1276/2131 1263/2134 1251/2129
f 1263/2134 1278/2133 1269/2135
f 1263/2134 1269/2135 1227/2136
f 1183/2137 1245/2127 1251/2129
f 1245/2127 1183/2137 1179/2130
f 1251/2129 1263/2134 1190/2138
f 1251/2129 1190/2138 1183/2137
f 1263/2134 1227/2136 1229/2139
f 1263/2134 1229/2139 1190/2138
f 1229/2139 1227/2136 1098/2140
f 1098/2140 1227/2136 1149/2141
f 1190/2138 1229/2139 1141/2142
f 1141/2142 1229/2139 1098/2140
f 1138/2143 1082/2144 1149/2141
f 1149/2141 1082/2144 1098/2140
f 1098/2140 1082/2144 1027/2145
f 1027/2145 1082/2144 1020/2146
f 1027/2145 1020/2146 976/2147
f 1027/2145 976/2147 11/2148
f 1027/2145 11/2148 14/2149
f 1027/2145 14/2149 1030/2150
f 1027/2145 1030/2150 1098/2140
f 1030/2150 14/2149 985/2151
f 1095/2152 1141/2142 1098/2140
f 1141/2142 1095/2152 1190/2138
f 1095/2152 1098/2140 1030/2150
f 1190/2138 1095/2152 1119/2153
f 1095/2152 1030/2150 1083/2154
f 1095/2152 1083/2154 1119/2153
f 1190/2138 1119/2153 1183/2137
f 1083/2154 1030/2150 1062/2155
f 1083/2154 1062/2155 1119/2153
f 1024/2156 1030/2150 985/2151
f 1030/2150 1024/2156 1062/2155
f 1183/2137 1119/2153 1116/2157
f 1116/2157 1119/2153 1062/2155
f 22/2158 1058/2159 985/2151
f 985/2151 1058/2159 1024/2156
f 1024/2156 1058/2159 1091/2160
f 1024/2156 1091/2160 1074/2161
f 1062/2155 1024/2156 1029/2162
f 1029/2162 1024/2156 1074/2161
f 1062/2155 1029/2162 1116/2157
f 1029/2162 1074/2161 1019/2163
f 1019/2163 1074/2161 1147/2164
f 1116/2157 1029/2162 1080/2165
f 1029/2162 1019/2163 1044/2166
f 1029/2162 1044/2166 1080/2165
f 1044/2166 1019/2163 986/2167
f 986/2167 1019/2163 1084/2168
f 986/2167 1084/2168 992/2169
f 986/2167 992/2169 16/2170
f 1044/2166 986/2167 1021/2171
f 1080/2165 1044/2166 1103/2172
f 1103/2172 1044/2166 1021/2171
f 1080/2165 1103/2172 1116/2157
f 1021/2171 986/2167 1007/2173
f 1021/2171 1007/2173 1103/2172
f 1007/2173 986/2167 8/2174
f 1007/2173 8/2174 7/2175
f 1116/2157 1103/2172 1179/2130
f 1116/2157 1179/2130 1183/2137
f 1007/2173 7/2175 1009/2176
f 1009/2176 7/2175 9/2177
f 1103/2172 1007/2173 1043/2178
f 1043/2178 1007/2173 1009/2176
f 1179/2130 1103/2172 1081/2179
f 1081/2179 1103/2172 1043/2178
f 1043/2178 1009/2176 1036/2180
f 1036/2180 1009/2176 9/2177
f 1036/2180 9/2177 1020/2181
f 1020/2181 9/2177 976/2182
f 1043/2178 1036/2180 1094/2183
f 1094/2183 1036/2180 1020/2181
f 1043/2178 1094/2183 1081/2179
f 1094/2183 1020/2181 1082/2184
f 1094/2183 1082/2184 1138/2185
f 1094/2183 1138/2185 1142/2186
f 1142/2186 1138/2185 1135/2187
f 1081/2179 1094/2183 1128/2188
f 1081/2179 1128/2188 1179/2130
f 1094/2183 1142/2186 1155/2189
f 1094/2183 1155/2189 1128/2188
f 1155/2189 1142/2186 1166/2190
f 1179/2130 1128/2188 1167/2191
f 1167/2191 1128/2188 1155/2189
f 1167/2191 1155/2189 1166/2190
f 1179/2130 1167/2191 1242/2128
f 1242/2128 1167/2191 1166/2190
f 1269/2192 1261/2193 1227/2194
f 1227/2194 1261/2193 1164/2195
f 1227/2194 1164/2195 1149/2196
f 1164/2195 1261/2193 1185/2197
f 1185/2197 1261/2193 1264/2198
f 1185/2197 1264/2198 1258/2199
f 1185/2197 1258/2199 1120/2200
f 1120/2200 1258/2199 1076/2201
f 1120/2200 1076/2201 1113/2202
f 1120/2200 1113/2202 1185/2197
f 1113/2202 1076/2201 1017/2203
f 1185/2197 1113/2202 1066/2204
f 1066/2204 1113/2202 1017/2203
f 1185/2197 1066/2204 1164/2195
f 38/2205 1017/2203 5/2206
f 1017/2203 38/2205 955/2207
f 1017/2203 955/2207 1066/2204
f 1066/2204 955/2207 3/2208
f 1066/2204 3/2208 991/2209
f 1164/2195 1066/2204 1139/2210
f 1139/2210 1066/2204 991/2209
f 1164/2195 1139/2210 1149/2196
f 1149/2196 1139/2210 1135/2211
f 1149/2196 1135/2211 1138/2212
f 1139/2210 991/2209 1053/2213
f 1139/2210 1053/2213 1135/2211
f 1053/2213 991/2209 82/2214
f 1135/2211 1053/2213 1142/2215
f 1142/2215 1053/2213 1166/2216
f 1166/2216 1053/2213 141/2217
f 1166/2216 141/2217 1156/2218
s 0
f 1156/2218 141/2217 31/2219
s 1
f 1224/2220 1112/2221 1146/2222
f 1146/2222 1112/2221 1058/2223
f 1224/2220 1146/2222 1208/2224
f 1224/2220 1208/2224 1262/2225
f 1208/2224 1146/2222 1150/2226
f 1146/2222 1058/2223 1075/2227
f 1146/2222 1075/2227 1150/2226
f 1075/2227 1058/2223 1014/2228
f 1014/2228 1058/2223 22/2229
f 1014/2228 22/2229 988/2230
f 1075/2227 1014/2228 1045/2231
f 1045/2231 1014/2228 988/2230
f 1150/2226 1075/2227 1102/2232
f 1102/2232 1075/2227 1045/2231
f 1150/2226 1102/2232 1148/2233
f 1148/2233 1102/2232 1046/2234
f 1046/2234 1102/2232 1045/2231
f 1046/2234 1045/2231 1012/2235
f 1012/2235 1045/2231 988/2230
f 1012/2235 988/2230 6/2236
f 1280/2237 1256/2238 1338/2239
f 1280/2237 1338/2239 1312/2240
f 1280/2237 1312/2240 1284/2241
f 1284/2241 1312/2240 1304/2242
f 1312/2240 1338/2239 1351/2243
f 1304/2242 1312/2240 1357/2244
f 1357/2244 1312/2240 1351/2243
f 1304/2242 1357/2244 1487/2245
f 1351/2243 1338/2239 1642/2246
f 1487/2245 1357/2244 1509/2247
f 1509/2247 1357/2244 1351/2243
f 1509/2247 1351/2243 1642/2246
f 1487/2245 1509/2247 1545/2248
f 1545/2248 1509/2247 1576/2249
f 1576/2249 1509/2247 1642/2246
f 1545/2248 1576/2249 1589/2250
f 1589/2250 1576/2249 1606/2251
f 1606/2251 1576/2249 1642/2246
f 1606/2251 1642/2246 1647/2252
f 992/2253 970/2254 16/2255
f 970/2256 15/2257 16/2258
f 130/2259 22/2260 50/2261
f 50/2261 22/2260 985/2262
f 50/2261 985/2262 14/2263
f 130/2259 50/2261 69/2264
f 130/2259 69/2264 117/2265
f 50/2261 14/2263 56/2266
f 56/2266 14/2263 11/2267
f 69/2264 50/2261 93/2268
f 93/2268 50/2261 56/2266
f 117/2265 69/2264 83/2269
f 83/2269 69/2264 93/2268
f 976/2270 9/2271 11/2267
f 11/2267 9/2271 33/2272
f 11/2267 33/2272 56/2266
f 33/2272 9/2271 55/2273
f 56/2266 33/2272 87/2274
f 87/2274 33/2272 55/2273
f 56/2266 87/2274 125/2275
f 56/2266 125/2275 93/2268
f 87/2274 55/2273 133/2276
f 87/2274 133/2276 125/2275
f 133/2276 55/2273 110/2277
f 133/2276 110/2277 205/2278
f 205/2278 110/2277 166/2279
f 205/2278 166/2279 216/2280
f 205/2278 216/2280 215/2281
f 133/2276 205/2278 195/2282
f 195/2282 205/2278 211/2283
f 195/2282 211/2283 249/2284
f 133/2276 195/2282 169/2285
f 133/2276 169/2285 125/2275
f 195/2282 249/2284 293/2286
f 293/2286 249/2284 410/2287
f 169/2285 195/2282 193/2288
f 193/2288 195/2282 293/2286
f 169/2285 193/2288 125/2275
f 193/2288 293/2286 364/2289
f 193/2288 364/2289 125/2275
f 364/2289 293/2286 410/2287
f 125/2275 364/2289 201/2290
f 125/2275 201/2290 93/2268
f 364/2289 410/2287 424/2291
f 424/2291 410/2287 438/2292
f 201/2290 364/2289 321/2293
f 321/2293 364/2289 424/2291
f 93/2268 201/2290 160/2294
f 93/2268 160/2294 83/2269
f 201/2290 321/2293 204/2295
f 201/2290 204/2295 160/2294
f 83/2269 160/2294 129/2296
f 129/2296 160/2294 204/2295
f 83/2269 129/2296 85/2297
f 83/2269 85/2297 117/2265
f 129/2296 204/2295 121/2298
f 129/2296 121/2298 85/2297
f 117/2265 85/2297 80/2299
f 80/2299 85/2297 121/2298
f 117/2265 80/2299 171/2300
f 171/2300 80/2299 157/2301
f 157/2301 80/2299 101/2302
f 101/2302 80/2299 53/2303
f 80/2299 121/2298 112/2304
f 80/2299 112/2304 53/2303
f 112/2304 121/2298 183/2305
f 198/2306 121/2298 204/2295
f 121/2298 198/2306 183/2305
f 198/2306 204/2295 328/2307
f 328/2307 204/2295 321/2293
f 183/2305 198/2306 223/2308
f 223/2308 198/2306 328/2307
f 112/2304 183/2305 136/2309
f 112/2304 136/2309 53/2303
f 183/2305 223/2308 187/2310
f 183/2305 187/2310 136/2309
f 223/2308 328/2307 324/2311
f 223/2308 324/2311 187/2310
f 53/2303 136/2309 8/2312
f 53/2303 8/2312 986/2313
f 8/2312 136/2309 54/2314
f 54/2314 136/2309 187/2310
f 8/2312 54/2314 7/2315
f 7/2315 54/2314 55/2316
f 7/2315 55/2316 9/2317
f 55/2316 54/2314 110/2318
f 54/2314 187/2310 153/2319
f 54/2314 153/2319 110/2318
f 153/2319 187/2310 324/2311
f 110/2318 153/2319 166/2320
f 166/2320 153/2319 216/2321
f 216/2321 153/2319 244/2322
f 244/2322 153/2319 324/2311
f 216/2321 244/2322 215/2323
f 215/2323 244/2322 399/2324
f 399/2324 244/2322 324/2311
f 399/2324 324/2311 396/2325
f 399/2324 396/2325 439/2326
f 439/2326 396/2325 411/2327
f 396/2325 324/2311 405/2328
f 396/2325 405/2328 411/2327
f 405/2328 324/2311 328/2307
f 411/2327 405/2328 433/2329
f 433/2329 405/2328 328/2307
f 411/2327 433/2329 420/2330
f 433/2329 328/2307 321/2293
f 420/2330 433/2329 418/2331
f 433/2329 321/2293 424/2291
f 418/2331 433/2329 442/2332
f 433/2329 424/2291 441/2333
f 433/2329 441/2333 442/2332
f 441/2333 424/2291 438/2292
f 442/2332 441/2333 466/2334
f 441/2333 438/2292 463/2335
f 441/2333 463/2335 466/2334
f 463/2335 438/2292 462/2336
f 463/2335 462/2336 497/2337
f 463/2335 497/2337 466/2334
f 466/2334 497/2337 616/2338
f 616/2338 497/2337 576/2339
f 576/2339 497/2337 675/2340
f 576/2339 675/2340 616/2338
f 616/2338 675/2340 785/2341
f 475/2342 454/2343 458/2344
f 454/2343 475/2342 470/2345
f 475/2342 458/2344 505/2346
f 470/2345 475/2342 569/1402
f 475/2342 505/2346 574/1408
f 475/2342 574/1408 569/1402
f 505/2347 458/2348 529/2349
f 529/2349 458/2348 347/2350
f 529/2349 347/2350 346/2351
f 505/2347 529/2349 766/2352
f 505/2347 766/2352 574/2353
f 574/2353 766/2352 708/2354
f 708/2354 766/2352 723/2355
f 529/2349 346/2351 741/2356
f 529/2349 741/2356 766/2352
f 723/2355 766/2352 778/2357
f 723/2355 778/2357 813/2358
f 778/2357 766/2352 796/2359
f 813/2358 778/2357 827/2360
f 813/2358 827/2360 853/2361
f 853/2361 827/2360 828/2362
f 827/2360 778/2357 789/2363
f 789/2363 778/2357 796/2359
f 796/2359 766/2352 784/2364
f 796/2359 784/2364 789/2363
f 784/2364 766/2352 741/2356
f 828/2362 827/2360 819/2365
f 819/2365 827/2360 789/2363
f 828/2362 819/2365 801/2366
f 828/2362 801/2366 812/2367
f 784/2364 741/2356 775/2368
f 801/2366 819/2365 781/2369
f 777/2370 789/2363 784/2364
f 777/2370 784/2364 775/2368
f 801/2366 781/2369 802/2371
f 802/2371 781/2369 599/2372
f 802/2371 599/2372 575/2373
f 781/2369 819/2365 770/2374
f 770/2374 819/2365 789/2363
f 599/2372 781/2369 581/2375
f 599/2372 581/2375 575/2373
f 581/2375 781/2369 770/2374
f 575/2373 581/2375 535/2376
f 575/2373 535/2376 531/2377
f 531/2377 535/2376 516/2378
f 535/2376 581/2375 515/2379
f 535/2376 515/2379 516/2378
f 515/2379 581/2375 770/2374
f 516/2378 515/2379 474/2380
f 474/2380 515/2379 383/2381
f 383/2381 515/2379 572/2382
f 572/2382 515/2379 770/2374
f 383/2381 572/2382 457/2383
f 383/2381 457/2383 329/2384
f 329/2384 457/2383 339/2385
f 457/2383 572/2382 523/2386
f 523/2386 572/2382 770/2374
f 339/2385 457/2383 450/2387
f 450/2387 457/2383 523/2386
f 339/2385 450/2387 352/2388
f 352/2388 450/2387 395/2389
f 395/2389 450/2387 523/2386
f 352/2388 395/2389 365/2390
f 352/2388 365/2390 334/2391
f 334/2391 365/2390 383/2392
f 383/2392 365/2390 395/2389
f 383/2392 395/2389 474/2393
f 474/2393 395/2389 516/2394
f 516/2394 395/2389 523/2386
f 516/2394 523/2386 541/2395
f 516/2394 541/2395 531/2396
f 541/2395 523/2386 693/2397
f 693/2397 523/2386 770/2374
f 541/2395 693/2397 747/2398
f 693/2397 770/2374 773/2399
f 693/2397 773/2399 747/2398
f 773/2399 770/2374 789/2363
f 773/2399 789/2363 777/2370
f 773/2399 777/2370 747/2398
f 747/2398 777/2370 752/2400
f 752/2400 777/2370 755/2401
f 755/2401 777/2370 775/2368
f 755/2401 775/2368 741/2356
f 752/2400 755/2401 685/2402
f 752/2400 685/2402 715/2403
f 715/2403 685/2402 538/2404
f 538/2404 685/2402 755/2401
f 755/2401 741/2356 464/2405
f 464/2405 741/2356 346/2351
f 464/2405 346/2351 343/2406
f 464/2405 343/2406 372/2407
f 755/2401 464/2405 522/2408
f 522/2408 464/2405 372/2407
f 755/2401 522/2408 538/2404
f 522/2408 372/2407 527/2409
f 522/2408 527/2409 538/2404
f 794/2410 812/2411 800/2412
f 794/2410 800/2412 797/2413
f 797/2413 800/2412 933/2414
f 797/2413 933/2414 782/2415
f 794/2410 797/2413 758/2416
f 758/2416 797/2413 782/2415
f 794/2410 758/2416 756/2417
s 0
f 826/2418 794/2410 805/2419
s 1
f 805/2419 794/2410 756/2417
f 758/2416 782/2415 760/2420
f 760/2420 782/2415 765/2421
f 760/2420 765/2421 712/2422
f 760/2420 712/2422 702/2423
f 758/2416 760/2420 735/2424
f 735/2424 760/2420 702/2423
f 735/2424 702/2423 695/2425
f 758/2416 735/2424 750/2426
f 750/2426 735/2424 695/2425
f 695/2425 702/2423 582/2427
f 702/2423 712/2422 607/2428
f 702/2423 607/2428 582/2427
f 750/2426 695/2425 732/2429
f 582/2427 607/2428 592/2430
f 582/2427 592/2430 550/2431
f 550/2431 592/2430 553/2432
f 553/2432 592/2430 610/2433
f 610/2433 592/2430 607/2428
f 553/2432 610/2433 262/2434
f 262/2434 610/2433 285/2435
f 285/2435 610/2433 601/2436
f 601/2436 610/2433 607/2428
f 285/2435 601/2436 283/2437
f 283/2437 601/2436 607/2428
f 283/2437 607/2428 712/2422
f 283/2437 712/2422 502/2438
f 283/2437 502/2438 344/2439
f 836/2440 750/2426 732/2429
f 836/2440 732/2429 821/2441
f 821/2441 732/2429 728/2442
f 836/2440 821/2441 810/2443
f 810/2443 821/2441 728/2442
f 728/2442 732/2429 691/2444
f 750/2426 836/2440 807/2445
f 807/2445 836/2440 810/2443
f 728/2442 691/2444 714/2446
f 714/2446 691/2444 669/2447
f 714/2446 669/2447 649/2448
f 714/2446 649/2448 686/2449
f 728/2442 714/2446 724/2450
f 724/2450 714/2446 686/2449
f 738/2451 810/2443 728/2442
f 738/2451 728/2442 724/2450
f 810/2443 738/2451 823/2452
f 724/2450 686/2449 706/2453
f 706/2453 686/2449 655/2454
f 706/2453 655/2454 650/2455
f 706/2453 650/2455 687/2456
f 687/2456 650/2455 586/2457
f 687/2456 586/2457 1314/2458
f 687/2456 1314/2458 1/2459
f 706/2453 687/2456 716/2460
f 706/2453 716/2460 724/2450
f 687/2456 1/2459 690/2461
f 687/2456 690/2461 716/2460
f 690/2461 1/2459 820/2462
f 690/2461 820/2462 799/2463
f 716/2460 690/2461 722/2464
f 722/2464 690/2461 799/2463
f 716/2460 722/2464 724/2450
f 722/2464 799/2463 783/2465
f 783/2465 799/2463 825/2466
f 783/2465 825/2466 805/2419
f 722/2464 783/2465 757/2467
f 757/2467 783/2465 805/2419
f 722/2464 757/2467 724/2450
f 757/2467 805/2419 756/2417
f 757/2467 756/2417 724/2450
f 724/2450 756/2417 738/2451
f 738/2451 756/2417 823/2452
f 823/2452 756/2417 758/2416
f 823/2452 758/2416 815/2468
f 815/2468 758/2416 750/2426
f 815/2468 750/2426 807/2445
f 815/2468 807/2445 937/2469
f 937/2469 807/2445 939/2470
f 815/2468 937/2469 940/2471
f 815/2468 940/2471 823/2452
f 940/2471 937/2469 939/2470
f 939/2470 807/2445 906/2472
f 939/2470 906/2472 940/2471
f 940/2471 906/2472 823/2452
f 906/2472 807/2445 810/2443
f 906/2472 810/2443 823/2452
f 695/2473 582/2474 256/2475
f 256/2475 582/2474 259/2476
f 259/2476 582/2474 550/2477
f 259/2476 550/2477 553/2478
f 259/2476 553/2478 262/2479
f 259/2476 262/2479 268/2480
f 259/2476 268/2480 256/2475
f 268/2480 262/2479 285/2481
f 268/2480 285/2481 283/2482
f 256/2475 268/2480 132/2483
f 256/2475 132/2483 1047/2484
f 256/2475 1047/2484 111/2485
f 111/2485 1047/2484 1050/2486
f 1047/2484 132/2483 1034/2487
f 1034/2487 132/2483 268/2480
f 1034/2487 268/2480 89/2488
f 89/2488 268/2480 283/2482
f 1034/2487 89/2488 1041/2489
f 1041/2489 89/2488 1037/2490
f 89/2488 283/2482 175/2491
f 89/2488 175/2491 1037/2490
f 175/2491 283/2482 344/2492
f 175/2491 344/2492 320/2493
f 320/2493 344/2492 308/2494
f 320/2493 308/2494 48/2495
f 175/2491 320/2493 105/2496
f 105/2496 320/2493 48/2495
f 175/2491 105/2496 1037/2490
f 105/2496 48/2495 982/2497
f 105/2496 982/2497 1037/2490
f 982/2497 48/2495 990/2498
f 982/2497 990/2498 1037/2490
f 31/2499 1580/2500 1599/2501
f 1683/2502 1689/2503 1620/2504
f 1683/2502 1620/2504 1599/2505
f 1620/2504 1689/2503 1624/2506
f 1624/2506 1689/2503 1625/2507
f 1624/2506 1625/2507 1588/2508
f 1624/2506 1588/2508 1535/2509
f 1624/2506 1535/2509 1620/2504
f 1535/2509 1588/2508 1482/2510
f 1599/2505 1620/2504 1372/2511
f 1372/2511 1620/2504 1535/2509
f 1372/2511 1535/2509 1482/2510
f 1372/2511 1482/2510 1501/2512
f 1599/2505 1372/2511 31/2513
f 31/2513 1372/2511 1156/2514
f 1673/2515 1609/2516 1594/2517
f 1673/2515 1594/2517 1597/2518
f 1673/2515 1597/2518 1665/2519
f 1597/2518 1594/2517 1568/2520
f 1665/2519 1597/2518 1654/2521
f 1597/2518 1568/2520 1562/2522
f 1562/2522 1568/2520 1485/2523
f 1654/2521 1597/2518 1630/2524
f 1654/2521 1630/2524 1631/2525
f 1654/2521 1631/2525 1607/2526
f 1630/2524 1597/2518 1564/2527
f 1564/2527 1597/2518 1562/2522
f 1631/2525 1630/2524 1593/2528
f 1631/2525 1593/2528 1607/2526
f 1593/2528 1630/2524 1564/2527
f 1607/2526 1593/2528 1552/2529
f 1564/2527 1562/2522 1511/2530
f 1564/2527 1511/2530 1593/2528
f 1511/2530 1562/2522 1485/2523
f 1511/2530 1485/2523 1413/2531
f 1511/2530 1413/2531 1593/2528
f 1413/2531 1485/2523 1243/2532
f 1552/2529 1593/2528 1537/2533
f 1537/2533 1593/2528 1413/2531
f 1552/2529 1537/2533 1525/2534
f 1525/2534 1537/2533 1536/2535
f 1536/2535 1537/2533 1413/2531
f 1525/2534 1536/2535 1526/2536
f 1526/2536 1536/2535 1530/2537
f 1530/2537 1536/2535 1463/2538
f 1530/2537 1463/2538 1419/2539
f 1419/2539 1463/2538 1412/2540
f 1412/2540 1463/2538 1259/2541
f 1463/2538 1536/2535 1380/2542
f 1463/2538 1380/2542 1259/2541
f 1380/2542 1536/2535 1413/2531
f 1380/2542 1413/2531 1322/2543
f 1322/2543 1413/2531 1243/2532
f 1259/2541 1380/2542 1308/2544
f 1308/2544 1380/2542 1322/2543
f 1322/2543 1243/2532 1266/2545
f 1259/2541 1308/2544 1222/2546
f 1266/2545 1243/2532 1213/2547
f 1266/2545 1213/2547 1295/2548
f 1266/2545 1295/2548 1322/2543
f 1295/2548 1213/2547 1410/2549
f 1308/2544 1322/2543 1334/2550
f 1308/2544 1334/2550 1222/2546
f 1334/2550 1322/2543 1295/2548
f 1295/2548 1410/2549 1526/2551
f 1526/2551 1410/2549 1525/2552
f 1334/2550 1295/2548 1426/2553
f 1334/2550 1426/2553 1222/2546
f 1295/2548 1526/2551 1516/2554
f 1295/2548 1516/2554 1426/2553
f 1516/2554 1526/2551 1530/2555
f 1516/2554 1530/2555 1419/2556
f 1516/2554 1419/2556 1426/2553
f 1222/2546 1426/2553 1318/2557
f 1318/2557 1426/2553 1419/2556
f 1222/2546 1318/2557 1356/2558
f 1356/2558 1318/2557 1419/2556
f 1497/2559 1239/2560 1211/2561
f 1211/2561 1239/2560 1230/2562
f 1497/2559 1211/2561 1384/2563
f 1211/2561 1230/2562 1186/2564
f 1186/2564 1230/2562 1136/2565
f 1384/2563 1211/2561 1151/2566
f 1151/2566 1211/2561 1186/2564
f 1151/2566 1186/2564 1136/2565
f 1384/2563 1151/2566 1485/2567
f 1151/2566 1136/2565 1132/2568
f 983/2569 1132/2568 984/2570
f 1132/2568 983/2569 962/2571
f 1151/2566 1132/2568 1110/2572
f 1110/2572 1132/2568 962/2571
f 1151/2566 1110/2572 1485/2567
s 0
f 1110/2572 962/2571 19/2573
s 1
f 1485/2567 1110/2572 1104/2574
s 0
f 1104/2574 1110/2572 19/2573
s 1
f 1485/2567 1104/2574 1243/2575
f 1104/2574 19/2573 994/2576
f 1243/2575 1104/2574 1097/2577
f 1243/2575 1097/2577 1213/2578
f 1104/2574 994/2576 996/2579
f 996/2579 994/2576 116/2580
f 1104/2574 996/2579 965/2581
f 1104/2574 965/2581 1097/2577
f 1097/2577 965/2581 158/2582
f 962/2583 983/2584 92/2585
f 92/2585 983/2584 43/2586
f 92/2585 43/2586 104/2587
f 92/2585 104/2587 109/2588
f 109/2588 104/2587 127/2589
f 109/2588 127/2589 92/2585
f 962/2583 92/2585 146/2590
f 146/2590 92/2585 127/2589
f 146/2590 127/2589 306/2591
f 146/2590 306/2591 350/2592
f 146/2590 350/2592 380/2593
s 0
f 962/2583 146/2590 19/2594
s 1
f 146/2590 380/2593 303/2595
f 19/2594 146/2590 94/2596
f 94/2596 146/2590 303/2595
f 19/2594 94/2596 994/2597
f 94/2596 303/2595 116/2598
s 0
f 94/2596 116/2598 994/2597
s 1
f 380/2599 350/2600 503/2601
f 503/2601 350/2600 501/2602
f 361/2603 373/2604 380/2599
f 361/2603 380/2599 386/2605
f 361/2603 386/2605 363/2606
f 363/2606 386/2605 388/2607
f 388/2607 386/2605 817/2608
f 388/2607 817/2608 858/2609
f 386/2605 380/2599 689/2610
f 386/2605 689/2610 817/2608
f 689/2610 380/2599 503/2601
f 817/2608 689/2610 769/2611
f 769/2611 689/2610 503/2601
f 769/2611 503/2601 564/2612
f 514/2613 503/2601 501/2602
f 503/2601 514/2613 564/2612
f 514/2613 501/2602 511/2614
f 521/2615 511/2614 564/2612
f 511/2614 521/2615 514/2613
f 514/2613 521/2615 564/2612
f 361/2616 363/2617 371/2618
f 361/2616 371/2618 384/2619
f 361/2616 384/2619 373/2620
f 380/2621 373/2620 303/2622
f 303/2622 373/2620 404/2623
f 303/2622 404/2623 761/2624
f 404/2623 373/2620 393/2625
f 393/2625 373/2620 384/2619
f 761/2624 404/2623 721/2626
f 721/2626 404/2623 393/2625
f 844/2627 806/2628 761/2624
f 844/2627 761/2624 814/2629
f 814/2629 761/2624 721/2626
f 721/2626 393/2625 841/2630
f 721/2626 841/2630 814/2629
f 814/2629 841/2630 883/2631
f 841/2630 393/2625 845/2632
f 841/2630 845/2632 883/2631
f 814/2629 883/2631 811/2633
f 845/2632 393/2625 400/2634
f 400/2634 393/2625 384/2619
f 883/2631 845/2632 890/2635
f 400/2634 384/2619 824/2636
f 400/2634 824/2636 845/2632
f 890/2635 845/2632 891/2637
f 891/2637 845/2632 824/2636
f 883/2631 890/2635 866/2638
f 866/2638 890/2635 891/2637
f 839/2639 811/2633 883/2631
f 839/2639 883/2631 866/2638
f 811/2633 839/2639 769/2640
f 769/2640 839/2639 817/2641
f 817/2641 839/2639 866/2638
f 817/2641 866/2638 858/2642
f 858/2642 866/2638 856/2643
f 880/2644 866/2638 891/2637
f 866/2638 880/2644 856/2643
f 840/2645 891/2637 824/2636
f 840/2645 824/2636 384/2619
f 840/2645 384/2619 387/2646
f 387/2646 384/2619 371/2618
f 891/2637 840/2645 837/2647
f 837/2647 840/2645 387/2646
f 891/2637 837/2647 880/2644
f 837/2647 387/2646 371/2618
f 798/2648 856/2643 880/2644
f 798/2648 880/2644 837/2647
f 798/2648 837/2647 371/2618
f 856/2643 798/2648 520/2649
f 520/2649 798/2648 371/2618
f 410/2650 249/2651 207/2652
f 207/2652 249/2651 211/2653
f 410/2650 207/2652 419/2654
f 419/2654 207/2652 300/2655
f 419/2654 300/2655 209/2656
f 419/2654 209/2656 431/2657
f 300/2655 207/2652 115/2658
f 300/2655 115/2658 209/2656
f 207/2652 211/2653 208/2659
f 208/2659 211/2653 205/2660
f 208/2659 205/2660 215/2661
f 208/2659 215/2661 1053/2662
f 1053/2662 215/2661 141/2663
f 208/2659 1053/2662 82/2664
f 208/2659 82/2664 207/2652
f 207/2652 82/2664 115/2658
f 115/2658 82/2664 3/2665
f 3/2665 82/2664 991/2666
f 115/2658 3/2665 955/2667
f 115/2658 955/2667 119/2668
f 115/2658 119/2668 209/2656
f 119/2668 955/2667 38/2669
f 209/2656 119/2668 431/2657
f 431/2657 119/2668 182/2670
f 431/2657 182/2670 428/2671
f 119/2668 38/2669 70/2672
f 119/2668 70/2672 182/2670
f 70/2672 38/2669 5/2673
f 70/2672 5/2673 51/2674
f 70/2672 51/2674 202/2675
f 70/2672 202/2675 182/2670
f 182/2670 202/2675 428/2671
f 428/2671 202/2675 406/2676
f 75/2677 53/2303 986/2313
f 75/2677 986/2313 16/2678
f 53/2303 75/2677 101/2302
f 75/2677 16/2678 147/2679
f 75/2677 147/2679 101/2302
f 1225/2680 1494/2681 1047/2682
f 1047/2682 1494/2681 1050/2683
f 1225/2680 1047/2682 1034/2684
f 1225/2680 1034/2684 1277/2685
f 1225/2680 1277/2685 1271/2686
f 1277/2685 1034/2684 1041/2687
f 1271/2686 1277/2685 1283/2688
f 1283/2688 1277/2685 1041/2687
f 1283/2688 1041/2687 1037/2689
f 1542/2690 1283/2688 1409/2691
f 1283/2688 1037/2689 1210/2692
f 1283/2688 1210/2692 1409/2691
f 1210/2692 1037/2689 1191/2693
f 1191/2693 1037/2689 990/2694
f 1191/2693 990/2694 1195/2695
f 1191/2693 1195/2695 1210/2692
f 1409/2691 1210/2692 1271/2696
f 1409/2691 1271/2696 1398/2697
f 1398/2697 1271/2696 1283/2698
f 1248/2699 1258/2700 1268/2701
f 1258/2700 1248/2699 1160/2702
f 1258/2700 1160/2702 1076/2703
f 1248/2699 1268/2701 1279/2704
f 1248/2699 1279/2704 1160/2702
f 1076/2703 1160/2702 1067/2705
f 1076/2703 1067/2705 1017/2706
f 1160/2702 1279/2704 1144/2707
f 1160/2702 1144/2707 1067/2705
f 1279/2704 1268/2701 1287/2708
f 1017/2706 1067/2705 961/2709
f 1017/2706 961/2709 5/2710
f 5/2710 961/2709 51/2711
f 51/2711 961/2709 2/2712
f 2/2712 961/2709 1067/2705
f 2/2712 1067/2705 1032/2713
f 1032/2713 1067/2705 1144/2707
f 2/2712 1032/2713 971/2714
f 971/2714 1032/2713 1042/2715
f 1042/2715 1032/2713 1144/2707
f 971/2714 1042/2715 39/2716
f 39/2716 1042/2715 1097/2717
f 1097/2717 1042/2715 1213/2718
f 1042/2715 1144/2707 1282/2719
f 1042/2715 1282/2719 1213/2718
f 1282/2719 1144/2707 1279/2704
f 1282/2719 1279/2704 1287/2708
f 1213/2718 1282/2719 1317/2720
f 1317/2720 1282/2719 1287/2708
f 1213/2718 1317/2720 1410/2721
f 1410/2721 1317/2720 1346/2722
f 1346/2722 1317/2720 1287/2708
f 1410/2721 1346/2722 1517/2723
f 1410/2721 1517/2723 1525/2724
f 1525/2724 1517/2723 1552/2725
f 1517/2723 1346/2722 1360/2726
f 1360/2726 1346/2722 1287/2708
f 1552/2725 1517/2723 1699/2727
f 1552/2725 1699/2727 1607/2728
f 1607/2728 1699/2727 1615/2729
f 1699/2727 1517/2723 1681/2730
f 1681/2730 1517/2723 1360/2726
f 1699/2727 1681/2730 1760/2731
f 1699/2727 1760/2731 1704/2732
f 1681/2730 1360/2726 1347/2733
f 1347/2733 1360/2726 1287/2708
f 1681/2730 1347/2733 1663/2734
f 1681/2730 1663/2734 1760/2731
f 1347/2733 1287/2708 1290/2735
f 1290/2735 1287/2708 1268/2701
f 1290/2735 1268/2701 1362/2736
f 1347/2733 1290/2735 1340/2737
f 1347/2733 1340/2737 1663/2734
f 1340/2737 1290/2735 1362/2736
f 1763/2738 1760/2731 1766/2739
f 1766/2739 1760/2731 1728/2740
f 1728/2740 1760/2731 1688/2741
f 1688/2741 1760/2731 1663/2734
f 1728/2740 1688/2741 1623/2742
f 1483/2743 1623/2742 1362/2736
f 1688/2741 1663/2734 1598/2744
f 1688/2741 1598/2744 1623/2742
f 1598/2744 1663/2734 1340/2737
f 1362/2736 1623/2742 1451/2745
f 1362/2736 1451/2745 1340/2737
f 1451/2745 1623/2742 1598/2744
f 1451/2745 1598/2744 1340/2737
f 989/2746 975/2747 1089/2748
f 1089/2748 975/2747 969/2749
f 989/2746 1089/2748 1192/2750
f 1192/2750 1089/2748 1188/2751
f 1192/2750 1188/2751 1199/2752
f 1199/2752 1188/2751 1187/2753
f 1187/2753 1188/2751 1089/2748
f 1089/2748 969/2749 1068/2754
f 1089/2748 1068/2754 1187/2753
f 1068/2754 969/2749 1008/2755
f 1187/2753 1068/2754 1090/2756
f 1090/2756 1068/2754 1008/2755
f 1090/2756 1008/2755 1035/2757
f 1090/2756 1035/2757 1232/2758
f 1232/2758 1035/2757 1064/2759
f 1064/2759 1035/2757 12/2760
f 1199/2761 1187/2762 1209/2763
f 1209/2763 1187/2762 1090/2764
f 1199/2761 1209/2763 1320/2765
f 1209/2763 1090/2764 1232/2766
f 1320/2765 1209/2763 1273/2767
f 1273/2767 1209/2763 1232/2766
f 1273/2767 1232/2766 1234/2768
f 1234/2768 1232/2766 1223/2769
f 1376/2770 1273/2771 1234/2772
f 1345/2773 1320/2774 1273/2771
f 1345/2773 1273/2771 1339/2775
f 1339/2775 1273/2771 1376/2770
f 1339/2775 1376/2770 1370/2776
f 1339/2775 1370/2776 1367/2777
f 1367/2777 1370/2776 1333/2778
f 1333/2778 1370/2776 1376/2770
f 1367/2777 1333/2778 1392/2779
f 1392/2779 1333/2778 1376/2770
f 1392/2779 1376/2770 1386/2780
f 1320/2781 1345/2782 1383/2783
f 1383/2783 1345/2782 1394/2784
f 1383/2783 1394/2784 1424/2785
f 1394/2784 1345/2782 1390/2786
f 1390/2786 1345/2782 1339/2787
f 1424/2785 1394/2784 1433/2788
f 1433/2788 1394/2784 1390/2786
f 1383/2783 1424/2785 1446/2789
f 1446/2789 1424/2785 1433/2788
f 1433/2788 1390/2786 1400/2790
f 1433/2788 1400/2790 1446/2789
f 1400/2790 1390/2786 1339/2787
f 1400/2790 1339/2787 1358/2791
f 1358/2791 1339/2787 1367/2792
f 1358/2791 1367/2792 1400/2790
f 1383/2783 1446/2789 1414/2793
f 1383/2783 1414/2793 1411/2794
f 1446/2789 1400/2790 1417/2795
f 1417/2795 1400/2790 1367/2792
f 1446/2789 1417/2795 1414/2793
f 1417/2795 1367/2792 1405/2796
f 1417/2795 1405/2796 1414/2793
f 1414/2793 1405/2796 1411/2794
f 1405/2796 1367/2792 1392/2797
f 1405/2796 1392/2797 1411/2794
f 1411/2794 1392/2797 1386/2798
o tripo_part_1
v -0.129500 0.165046 -0.344639
v -0.129493 0.150997 -0.440964
v -0.128596 0.207861 -0.353936
v -0.128508 0.166423 -0.446885
v -0.127638 0.143315 -0.354005
v -0.126036 0.180304 -0.446957
v -0.125293 0.131720 -0.419312
v -0.125044 0.186453 -0.445412
v -0.123947 0.212607 -0.357731
v -0.122643 0.130934 -0.416617
v -0.121421 0.166374 -0.342961
v -0.120723 0.135325 -0.425116
v -0.120549 0.225661 -0.392076
v -0.120232 0.164374 -0.444634
v -0.120104 0.222788 -0.371861
v -0.119551 0.217219 -0.363289
v -0.119123 0.163103 -0.343392
v -0.119018 0.179736 -0.341820
v -0.118897 0.186734 -0.343571
v -0.118254 0.226294 -0.398610
v -0.117985 0.172942 -0.341847
v -0.117910 0.139582 -0.357468
v -0.117661 0.225157 -0.405644
v -0.117453 0.224600 -0.377923
v -0.117171 0.188975 -0.343571
v -0.117051 0.195168 -0.345624
v -0.116993 0.207819 -0.353585
v -0.116635 0.155565 -0.345948
v -0.116370 0.221091 -0.370036
v -0.116331 0.136282 -0.361199
v -0.116115 0.221270 -0.415213
v -0.114670 0.131106 -0.369517
v -0.113520 0.130854 -0.416190
v -0.113022 0.226412 -0.389520
v -0.112953 0.146099 -0.351868
v -0.111986 0.144715 -0.433240
v -0.110918 0.208269 -0.433068
v -0.110604 0.130247 -0.411444
v -0.109642 0.225649 -0.392426
v -0.109410 0.222124 -0.412491
v -0.107802 0.142155 -0.431290
v -0.107621 0.163038 -0.442929
v -0.107363 0.188948 -0.442567
v -0.106774 0.149891 -0.436684
v -0.106510 0.156045 -0.440579
v -0.106480 0.196677 -0.439965
v -0.106024 0.166121 -0.443246
v -0.104615 0.179026 -0.443757
v -0.103825 0.214575 -0.424430
v -0.102505 0.186899 -0.344132
v -0.102492 0.177453 -0.341935
v -0.102461 0.164494 -0.344037
v -0.102433 0.166660 -0.343255
v -0.102162 0.190060 -0.344399
v -0.101845 0.150301 -0.349534
v -0.101588 0.185589 -0.442162
v -0.101460 0.146155 -0.353299
v -0.101096 0.167354 -0.341000
v -0.100943 0.144568 -0.353684
v -0.100899 0.185145 -0.341206
v -0.100724 0.207972 -0.354684
v -0.100474 0.155711 -0.344380
v -0.100272 0.136862 -0.361886
v -0.099886 0.217062 -0.365773
v -0.099419 0.205836 -0.350548
v -0.099186 0.142351 -0.352997
v -0.099099 0.219576 -0.370867
v -0.098637 0.132136 -0.370011
v -0.098442 0.135702 -0.360306
v -0.098130 0.219626 -0.366324
v -0.097130 0.224219 -0.387929
v -0.097130 0.131556 -0.366646
v -0.096073 0.223303 -0.398224
v -0.095917 0.170388 -0.339615
v -0.095696 0.178027 -0.339440
v -0.095333 0.224863 -0.379636
v -0.094776 0.226103 -0.389355
v -0.094666 0.219195 -0.411730
v -0.094220 0.132998 -0.411681
v -0.093541 0.136404 -0.419558
v -0.093281 0.223372 -0.372510
v -0.092728 0.210516 -0.426034
v -0.092675 0.131068 -0.411503
v -0.092617 0.224493 -0.403949
v -0.092472 0.220019 -0.415185
v -0.092408 0.145636 -0.429062
v -0.092392 0.205935 -0.429925
v -0.091645 0.225798 -0.398274
v -0.091496 0.186894 -0.438515
v -0.091446 0.196596 -0.436028
v -0.091416 0.155697 -0.436509
v -0.091294 0.213793 -0.424565
v -0.091130 0.135886 -0.421109
v -0.091111 0.184994 -0.439549
v -0.091027 0.173339 -0.440236
v -0.090988 0.165236 -0.438927
v -0.090905 0.131804 -0.366044
v -0.090451 0.145035 -0.430455
v -0.090111 0.203421 -0.433835
v -0.089573 0.131209 -0.413304
v -0.089100 0.153331 -0.436249
v -0.089096 0.185385 -0.441170
v -0.088917 0.165032 -0.440774
v -0.088864 0.176834 -0.442010
v -0.088700 0.175116 -0.340050
v -0.088299 0.161858 -0.342053
v -0.087708 0.192711 -0.343377
v -0.087674 0.143299 -0.428979
v -0.087590 0.223505 -0.376094
v -0.087460 0.152148 -0.346177
v -0.087197 0.152375 -0.435448
v -0.086975 0.209288 -0.353783
v -0.086891 0.176681 -0.342618
v -0.086857 0.165101 -0.344563
v -0.086586 0.187506 -0.344994
v -0.086479 0.142731 -0.352948
v -0.086430 0.155464 -0.347325
v -0.086148 0.197562 -0.437218
v -0.085934 0.148112 -0.353486
v -0.085884 0.141506 -0.426877
v -0.085602 0.203715 -0.353142
v -0.085339 0.143919 -0.355713
v -0.085285 0.135443 -0.361447
v -0.084717 0.220602 -0.370219
v -0.084633 0.211664 -0.361664
v -0.084538 0.191847 -0.438763
v -0.084439 0.131808 -0.368258
v -0.083893 0.218024 -0.372496
v -0.083847 0.136465 -0.365342
v -0.083321 0.133704 -0.370465
v -0.083283 0.219660 -0.377389
v -0.082703 0.224417 -0.386915
v -0.082699 0.131785 -0.375075
v -0.082291 0.224345 -0.397923
v -0.082268 0.133902 -0.372883
v -0.081402 0.221064 -0.389523
v -0.080452 0.220820 -0.396634
v -0.080277 0.220648 -0.409938
v -0.080033 0.131769 -0.409036
v -0.079407 0.136256 -0.417840
v -0.079373 0.195504 -0.436276
v -0.079350 0.212355 -0.422915
v -0.079281 0.217718 -0.407751
v -0.079052 0.133890 -0.408963
v -0.078816 0.134131 -0.406737
v -0.078472 0.131728 -0.375018
v -0.078381 0.132963 -0.374997
v -0.078167 0.144682 -0.427056
v -0.078026 0.213133 -0.417767
v -0.077858 0.139126 -0.418347
v -0.077740 0.151825 -0.432473
v -0.077565 0.146233 -0.425133
v -0.077523 0.203295 -0.430359
v -0.077484 0.148012 -0.427716
v -0.077202 0.205458 -0.425002
v -0.076870 0.159278 -0.435902
v -0.076817 0.131537 -0.378140
v -0.076588 0.187159 -0.437562
v -0.076393 0.155198 -0.431992
v -0.076283 0.171818 -0.438782
v -0.076226 0.196669 -0.431779
v -0.075833 0.184330 -0.436062
v -0.075825 0.165572 -0.435444
v -0.073780 0.166019 -0.345292
v -0.073757 0.131827 -0.399995
v -0.073471 0.174529 -0.342415
v -0.073445 0.187523 -0.345273
v -0.073265 0.159899 -0.345948
v -0.072365 0.148444 -0.353882
v -0.072361 0.203993 -0.354760
v -0.071663 0.162091 -0.343503
v -0.071476 0.141587 -0.359837
v -0.071476 0.132002 -0.397721
v -0.071476 0.131728 -0.378918
v -0.071396 0.186732 -0.342644
v -0.070561 0.135012 -0.372222
v -0.070378 0.207136 -0.354092
v -0.070370 0.135607 -0.369229
v -0.070210 0.147646 -0.351113
v -0.069897 0.215601 -0.370360
v -0.069496 0.131739 -0.374461
v -0.069340 0.139353 -0.359555
v -0.069081 0.219351 -0.382340
v -0.068268 0.133799 -0.368403
v -0.068199 0.218870 -0.389075
v -0.068028 0.130678 -0.373986
v -0.067818 0.219702 -0.373530
v -0.067807 0.129031 -0.375538
v -0.067791 0.133074 -0.397939
v -0.067406 0.123247 -0.382624
v -0.067330 0.131647 -0.374047
v -0.067330 0.129027 -0.382420
v -0.066803 0.129752 -0.392366
v -0.066613 0.131102 -0.397845
v -0.066475 0.131178 -0.404417
v -0.066262 0.217291 -0.404194
v -0.066216 0.136019 -0.405536
v -0.066086 0.134466 -0.403345
v -0.066048 0.222437 -0.388622
v -0.065911 0.215460 -0.406255
v -0.065811 0.131899 -0.431946
v -0.065049 0.130213 -0.374360
v -0.064492 0.131262 -0.401178
v -0.064133 0.219111 -0.404419
v -0.064125 0.141501 -0.416175
v -0.064011 0.210940 -0.415602
v -0.063759 0.203780 -0.421698
v -0.063370 0.148291 -0.422042
v -0.063019 0.197140 -0.427209
v -0.062874 0.186211 -0.431157
v -0.062798 0.165584 -0.431035
v -0.062691 0.135718 -0.409211
v -0.062500 0.174724 -0.432450
v -0.062363 0.157622 -0.428769
v -0.062226 0.169603 -0.351102
v -0.062142 0.179370 -0.350762
v -0.062142 0.148384 -0.427991
v -0.062126 0.187538 -0.352891
v -0.062088 0.143345 -0.426266
v -0.061898 0.154875 -0.356804
v -0.061798 0.211966 -0.416556
v -0.061661 0.141138 -0.417370
v -0.061127 0.150927 -0.359604
v -0.061028 0.148955 -0.424832
v -0.060860 0.186314 -0.363602
v -0.060814 0.202013 -0.361252
v -0.060677 0.202677 -0.425522
v -0.060410 0.187996 -0.365449
v -0.060318 0.162576 -0.343571
v -0.060044 0.161003 -0.431008
v -0.060028 0.187830 -0.432320
v -0.059891 0.173293 -0.433774
v -0.059349 0.147757 -0.377162
v -0.059265 0.169864 -0.377566
v -0.059243 0.156256 -0.375878
v -0.059159 0.186739 -0.342930
v -0.059159 0.155140 -0.384222
v -0.059136 0.149439 -0.350552
v -0.059014 0.141333 -0.373913
v -0.058808 0.210539 -0.374564
v -0.058579 0.178552 -0.380890
v -0.058556 0.168906 -0.350167
v -0.058503 0.153834 -0.382426
v -0.058495 0.193642 -0.377463
v -0.058274 0.200182 -0.349286
v -0.058190 0.172488 -0.341805
v -0.058129 0.153724 -0.385893
v -0.057968 0.162794 -0.387278
v -0.057938 0.141976 -0.357514
v -0.057854 0.153288 -0.357453
v -0.057709 0.198826 -0.357674
v -0.057701 0.188357 -0.394696
v -0.057556 0.205965 -0.377793
v -0.057457 0.169069 -0.348191
v -0.057450 0.183499 -0.349789
v -0.057267 0.188875 -0.345551
v -0.056992 0.192084 -0.393297
v -0.056969 0.187281 -0.394406
v -0.056946 0.210123 -0.358525
v -0.056923 0.141243 -0.396674
v -0.056862 0.199574 -0.382205
v -0.056603 0.157275 -0.398088
v -0.056588 0.151347 -0.350884
v -0.056458 0.145546 -0.366055
v -0.056321 0.210360 -0.400278
v -0.056244 0.155892 -0.406714
v -0.056229 0.185480 -0.402458
v -0.056221 0.130308 -0.374442
v -0.056061 0.149163 -0.358918
v -0.056053 0.204497 -0.389957
v -0.055954 0.169028 -0.403957
v -0.055764 0.198712 -0.390535
v -0.055718 0.135817 -0.366515
v -0.055542 0.216109 -0.368487
v -0.055519 0.181842 -0.408958
v -0.055519 0.202677 -0.356980
v -0.055268 0.149395 -0.387245
v -0.055268 0.148823 -0.410239
v -0.055107 0.133982 -0.370597
v -0.055085 0.210318 -0.372901
v -0.054962 0.149803 -0.382581
v -0.054863 0.141974 -0.393319
v -0.054772 0.144183 -0.379668
v -0.054619 0.133883 -0.372561
v -0.054589 0.155561 -0.416297
v -0.054581 0.140948 -0.373545
v -0.054520 0.200354 -0.414260
v -0.054383 0.142466 -0.388107
v -0.054184 0.136782 -0.368651
v -0.054116 0.164335 -0.420291
v -0.054047 0.215208 -0.371272
v -0.053917 0.186964 -0.421097
v -0.053879 0.130591 -0.382506
v -0.053818 0.169206 -0.422038
v -0.053696 0.182490 -0.421940
v -0.053696 0.135729 -0.374123
v -0.053414 0.218184 -0.372126
v -0.053223 0.131472 -0.374777
v -0.053025 0.220404 -0.385350
v -0.052742 0.142353 -0.399705
v -0.052697 0.140261 -0.385618
v -0.052178 0.135432 -0.386156
v -0.052101 0.133093 -0.399558
v -0.052033 0.212008 -0.387626
v -0.051987 0.134974 -0.400990
v -0.051766 0.132487 -0.388404
v -0.051407 0.217043 -0.385997
v -0.051331 0.147196 -0.407772
v -0.051163 0.139080 -0.409745
v -0.050957 0.217665 -0.402804
v -0.050904 0.219633 -0.391252
v -0.050698 0.154637 -0.415261
v -0.050515 0.209509 -0.402491
v -0.050484 0.141138 -0.401014
v -0.050316 0.135836 -0.399858
v -0.050179 0.147187 -0.419743
v -0.050057 0.213496 -0.403154
v -0.049843 0.214785 -0.405472
v -0.049568 0.139738 -0.407417
v -0.049561 0.200949 -0.423052
v -0.049477 0.143376 -0.381482
v -0.049401 0.148506 -0.381222
v -0.049172 0.148661 -0.386293
v -0.048973 0.143551 -0.386464
v -0.048966 0.199232 -0.414715
v -0.048951 0.154848 -0.424534
v -0.048798 0.164353 -0.428822
v -0.048783 0.151564 -0.414540
v -0.048699 0.163584 -0.419932
v -0.048592 0.210463 -0.413203
v -0.048325 0.183608 -0.422061
v -0.048310 0.181115 -0.430321
v -0.048279 0.147690 -0.417767
v -0.047875 0.170426 -0.422036
v -0.047226 0.165684 -0.427586
v -0.047196 0.187807 -0.428101
v -0.130072 0.227335 -0.391744
v -0.130154 0.226614 -0.394924
v -0.130232 0.196554 -0.443055
v -0.130941 0.170954 -0.342805
v -0.131081 0.157220 -0.444768
v -0.131412 0.145748 -0.352662
v -0.131625 0.131151 -0.369736
v -0.131816 0.151600 -0.348961
v -0.132166 0.188288 -0.445679
v -0.132175 0.216994 -0.425377
v -0.132546 0.145037 -0.354355
v -0.132695 0.157615 -0.345860
v -0.132744 0.145577 -0.436913
v -0.133792 0.222395 -0.415614
v -0.133857 0.135340 -0.363042
v -0.134152 0.143086 -0.435639
v -0.134231 0.221026 -0.418360
v -0.134236 0.181310 -0.342866
v -0.134627 0.131659 -0.416747
v -0.134923 0.139952 -0.432080
v -0.134962 0.129202 -0.416661
v -0.135561 0.129565 -0.413479
v -0.135917 0.162840 -0.446374
v -0.136662 0.206862 -0.436371
v -0.137001 0.145016 -0.435635
v -0.137297 0.201361 -0.350255
v -0.137313 0.131674 -0.419282
v -0.139046 0.209482 -0.434617
v -0.139103 0.221365 -0.372208
v -0.139454 0.225352 -0.405866
v -0.139878 0.130877 -0.415913
v -0.140023 0.225313 -0.382513
v -0.140623 0.177230 -0.343442
v -0.141992 0.222308 -0.374282
v -0.142129 0.163330 -0.345341
v -0.142227 0.132429 -0.417920
v -0.142539 0.188978 -0.345891
v -0.142774 0.131483 -0.370740
v -0.144445 0.215277 -0.362887
v -0.145966 0.186894 -0.346264
v -0.146296 0.138869 -0.361088
v -0.146450 0.143477 -0.356393
v -0.147086 0.206774 -0.356164
v -0.147442 0.196785 -0.349427
v -0.147576 0.208376 -0.356656
v -0.147633 0.170832 -0.344845
v -0.148016 0.166256 -0.345662
v -0.148558 0.164954 -0.347043
v -0.149741 0.156972 -0.348687
v -0.150149 0.179529 -0.447545
v -0.150200 0.164806 -0.446362
v -0.150269 0.186453 -0.446190
v -0.150721 0.145418 -0.357419
v -0.150780 0.146557 -0.355355
v -0.150795 0.198302 -0.442288
v -0.150885 0.155590 -0.443905
v -0.150942 0.180256 -0.345296
v -0.151638 0.207793 -0.435853
v -0.151718 0.146389 -0.437077
v -0.151945 0.170021 -0.449719
v -0.152645 0.143452 -0.435509
v -0.152851 0.152283 -0.444077
v -0.152932 0.207701 -0.438592
v -0.153107 0.193604 -0.446942
v -0.153578 0.163134 -0.347836
v -0.153717 0.135985 -0.426060
v -0.153914 0.219256 -0.418736
v -0.154162 0.218279 -0.427209
v -0.154263 0.133025 -0.418513
v -0.154276 0.133059 -0.420226
v -0.154436 0.128428 -0.410176
v -0.154450 0.131666 -0.415454
v -0.154463 0.221377 -0.416010
v -0.155424 0.130495 -0.418887
v -0.155627 0.133745 -0.426560
v -0.155823 0.140536 -0.435288
v -0.156174 0.131945 -0.375287
v -0.156342 0.223421 -0.396752
v -0.157317 0.225592 -0.411070
v -0.157347 0.224604 -0.392943
v -0.157400 0.127775 -0.415240
v -0.157582 0.128722 -0.416487
v -0.158358 0.130358 -0.379808
v -0.158453 0.226679 -0.396037
v -0.159403 0.219191 -0.375952
v -0.159966 0.197480 -0.448289
v -0.160439 0.213751 -0.366995
v -0.160509 0.134966 -0.371291
v -0.160837 0.205679 -0.359398
v -0.161202 0.224062 -0.381222
v -0.161244 0.140499 -0.364474
v -0.161778 0.146363 -0.360238
v -0.161839 0.147259 -0.358658
v -0.161949 0.189858 -0.351105
v -0.162083 0.153593 -0.354416
v -0.162251 0.135081 -0.368552
v -0.162293 0.186947 -0.351472
v -0.162567 0.184502 -0.349919
v -0.162590 0.165319 -0.351147
v -0.162613 0.163040 -0.350762
v -0.162758 0.212397 -0.362126
v -0.162945 0.166549 -0.350205
v -0.162957 0.172590 -0.349152
v -0.163327 0.160066 -0.350251
v -0.163422 0.142338 -0.359780
v -0.163910 0.225287 -0.414761
v -0.164021 0.176784 -0.347615
v -0.164269 0.134436 -0.369162
v -0.164532 0.194306 -0.446850
v -0.164543 0.149605 -0.354375
v -0.164742 0.200449 -0.443928
v -0.164791 0.200266 -0.353402
v -0.164994 0.189434 -0.348931
v -0.165173 0.177903 -0.450055
v -0.165173 0.158221 -0.350136
v -0.165375 0.165561 -0.348031
v -0.165390 0.163430 -0.448559
v -0.165821 0.152151 -0.444077
v -0.165917 0.226225 -0.406833
v -0.166123 0.174965 -0.347138
v -0.166554 0.143034 -0.437218
v -0.166836 0.188698 -0.445813
v -0.166897 0.184557 -0.447396
v -0.167122 0.165147 -0.446572
v -0.167122 0.158077 -0.444714
v -0.167809 0.212488 -0.433640
v -0.167885 0.174747 -0.347851
v -0.167942 0.224680 -0.389446
v -0.168244 0.205286 -0.436810
v -0.168328 0.135298 -0.427834
v -0.168373 0.144297 -0.435780
v -0.168637 0.150782 -0.440751
v -0.169213 0.212424 -0.430287
v -0.169346 0.149706 -0.446015
v -0.169480 0.137743 -0.427937
v -0.169792 0.131460 -0.420802
v -0.169842 0.147339 -0.436856
v -0.169957 0.221064 -0.420340
v -0.170746 0.177843 -0.347195
v -0.170838 0.217921 -0.419259
v -0.170914 0.127966 -0.409066
v -0.170937 0.134070 -0.419842
v -0.171059 0.172578 -0.347153
v -0.171200 0.132441 -0.417046
v -0.171505 0.130358 -0.380796
v -0.171666 0.143862 -0.442780
v -0.171807 0.130751 -0.410346
v -0.171837 0.128004 -0.403530
v -0.171887 0.224703 -0.400622
v -0.171978 0.143793 -0.361237
v -0.172119 0.135451 -0.359612
v -0.172402 0.129160 -0.401221
v -0.173127 0.221838 -0.399890
v -0.173394 0.152205 -0.355931
v -0.173653 0.179358 -0.349858
v -0.173840 0.129263 -0.386328
v -0.174206 0.221785 -0.384466
v -0.174321 0.138964 -0.363631
v -0.174473 0.141463 -0.364394
v -0.174527 0.129332 -0.395405
v -0.174530 0.170690 -0.350102
v -0.175000 0.133993 -0.375781
v -0.175064 0.132777 -0.384652
v -0.175259 0.217779 -0.383476
v -0.175412 0.133364 -0.381865
v -0.175507 0.152403 -0.441586
v -0.175919 0.174312 -0.348900
v -0.176148 0.214018 -0.369801
v -0.176380 0.128092 -0.401168
v -0.176579 0.213087 -0.373267
v -0.176678 0.143969 -0.363618
v -0.176697 0.139048 -0.371985
v -0.176781 0.198368 -0.356610
v -0.176876 0.151509 -0.357861
v -0.176945 0.144551 -0.365721
v -0.177071 0.146929 -0.364779
v -0.177315 0.205233 -0.365311
v -0.177636 0.160842 -0.353566
v -0.177822 0.151577 -0.360310
v -0.177883 0.166493 -0.352040
v -0.178009 0.148154 -0.361584
v -0.178032 0.183403 -0.351876
v -0.178517 0.161928 -0.355599
v -0.178555 0.187943 -0.355652
v -0.178604 0.166209 -0.355057
v -0.179005 0.175367 -0.353524
v -0.179879 0.145670 -0.445550
v -0.180294 0.191956 -0.444436
v -0.180317 0.185128 -0.446259
v -0.180382 0.174688 -0.447449
v -0.180409 0.149027 -0.448025
v -0.180519 0.148922 -0.437237
v -0.180634 0.165320 -0.446328
v -0.181145 0.156029 -0.443265
v -0.181156 0.151070 -0.440125
v -0.181160 0.202582 -0.437939
v -0.181618 0.147021 -0.436589
v -0.181908 0.208037 -0.434170
v -0.182011 0.143126 -0.433446
v -0.182286 0.189183 -0.447598
v -0.182293 0.175802 -0.449288
v -0.182541 0.200125 -0.442773
v -0.183331 0.216425 -0.420939
v -0.183506 0.151758 -0.443116
v -0.183533 0.135668 -0.422331
v -0.183689 0.135927 -0.419850
v -0.183853 0.162354 -0.447613
v -0.183968 0.133433 -0.417878
v -0.184391 0.130602 -0.407722
v -0.184407 0.141896 -0.434895
v -0.184666 0.219733 -0.407442
v -0.184731 0.129961 -0.401114
v -0.184777 0.130282 -0.414776
v -0.184792 0.131159 -0.395942
v -0.184861 0.213091 -0.431641
v -0.185284 0.128870 -0.395894
v -0.185425 0.135042 -0.425744
v -0.185486 0.131644 -0.417801
v -0.185677 0.219721 -0.400473
v -0.186123 0.221583 -0.411673
v -0.186470 0.128741 -0.392290
v -0.186611 0.128474 -0.405518
v -0.186653 0.128985 -0.412833
v -0.186779 0.133021 -0.389551
v -0.186997 0.128641 -0.401433
v -0.187367 0.135229 -0.386988
v -0.187657 0.216109 -0.385569
v -0.188458 0.130572 -0.417361
v -0.188462 0.134848 -0.385012
v -0.188862 0.137221 -0.380224
v -0.188885 0.221525 -0.395520
v -0.188919 0.210108 -0.374436
v -0.189507 0.141396 -0.373953
v -0.189514 0.203322 -0.367768
v -0.189736 0.128435 -0.390893
v -0.189949 0.146605 -0.368975
v -0.190083 0.218008 -0.383731
v -0.190083 0.148505 -0.367905
v -0.190205 0.130774 -0.390281
v -0.190369 0.153985 -0.363644
v -0.190373 0.165685 -0.359940
v -0.190789 0.133665 -0.383877
v -0.190850 0.186446 -0.359349
v -0.190960 0.161937 -0.359868
v -0.191048 0.136595 -0.377947
v -0.191109 0.176007 -0.357434
v -0.191674 0.209517 -0.370503
v -0.192017 0.169104 -0.438569
v -0.192089 0.184840 -0.438088
v -0.192150 0.176017 -0.438939
v -0.192173 0.127703 -0.406194
v -0.192177 0.191119 -0.436028
v -0.192387 0.142126 -0.370978
v -0.192490 0.161004 -0.436299
v -0.192833 0.147532 -0.366278
v -0.192963 0.152968 -0.431721
v -0.193024 0.199538 -0.430649
v -0.193245 0.155097 -0.361733
v -0.193543 0.128767 -0.405703
v -0.193611 0.191786 -0.359543
v -0.193672 0.165156 -0.357609
v -0.193779 0.178447 -0.356454
v -0.193886 0.153776 -0.419068
v -0.193985 0.146010 -0.424006
v -0.194107 0.154774 -0.422827
v -0.194588 0.190855 -0.416695
v -0.194908 0.146408 -0.414439
v -0.195015 0.184969 -0.448544
v -0.195076 0.178397 -0.415223
v -0.195153 0.168769 -0.411040
v -0.195259 0.211245 -0.411088
v -0.195404 0.128252 -0.403178
v -0.195420 0.144926 -0.364897
v -0.195870 0.153573 -0.406427
v -0.195977 0.128493 -0.399775
v -0.196053 0.186680 -0.438672
v -0.196106 0.197913 -0.443558
v -0.196106 0.161143 -0.436917
v -0.196106 0.128374 -0.392657
v -0.196167 0.208021 -0.435380
v -0.196183 0.142279 -0.416712
v -0.196328 0.153547 -0.400117
v -0.196579 0.162861 -0.401552
v -0.196610 0.168956 -0.448186
v -0.196625 0.152561 -0.401046
v -0.196663 0.147223 -0.438824
v -0.196686 0.145006 -0.415078
v -0.196762 0.151905 -0.358208
v -0.196991 0.160046 -0.399221
v -0.197472 0.149746 -0.361474
v -0.197495 0.168780 -0.441273
v -0.197502 0.155576 -0.444066
v -0.197655 0.171335 -0.393771
v -0.197678 0.144717 -0.391242
v -0.197739 0.138357 -0.429242
v -0.197747 0.193528 -0.442559
v -0.197800 0.203638 -0.437802
v -0.197853 0.191746 -0.389258
v -0.198067 0.198517 -0.433583
v -0.198098 0.182707 -0.389159
v -0.198120 0.149733 -0.438790
v -0.198166 0.206683 -0.387438
v -0.198204 0.152989 -0.432793
v -0.198334 0.153660 -0.382204
v -0.198342 0.141733 -0.408722
v -0.198456 0.154983 -0.387575
v -0.198914 0.146475 -0.384239
v -0.199135 0.134173 -0.419549
v -0.199234 0.214777 -0.425549
v -0.199242 0.149786 -0.407466
v -0.199326 0.168617 -0.381309
v -0.199417 0.142123 -0.392418
v -0.199448 0.146532 -0.425545
v -0.199524 0.207709 -0.421534
v -0.199646 0.153254 -0.376774
v -0.199791 0.142851 -0.407574
v -0.199807 0.197697 -0.376185
v -0.199875 0.149962 -0.402917
v -0.199898 0.191944 -0.373168
v -0.199997 0.145195 -0.409216
v -0.200150 0.170518 -0.369660
v -0.200234 0.159451 -0.373463
v -0.200447 0.142317 -0.418875
v -0.200486 0.143563 -0.401775
v -0.200493 0.186997 -0.370911
v -0.200508 0.137186 -0.423514
v -0.200615 0.211439 -0.409646
v -0.200631 0.164443 -0.370902
v -0.200646 0.147326 -0.400556
v -0.200669 0.179625 -0.369259
v -0.200798 0.219130 -0.412125
v -0.200898 0.137501 -0.418873
v -0.200936 0.129885 -0.407436
v -0.201012 0.131865 -0.418450
v -0.201287 0.219683 -0.399622
v -0.201622 0.141030 -0.409033
v -0.201950 0.135763 -0.418305
v -0.201966 0.140953 -0.400749
v -0.202050 0.146109 -0.386082
v -0.202813 0.129580 -0.394357
v -0.202973 0.133356 -0.391987
v -0.203255 0.134165 -0.404822
v -0.203392 0.140179 -0.397508
v -0.203400 0.142220 -0.392790
v -0.203644 0.131110 -0.401039
v -0.203652 0.130934 -0.392620
v -0.203720 0.209017 -0.391414
v -0.203965 0.145445 -0.372138
v -0.204026 0.138794 -0.380276
v -0.204041 0.135062 -0.393129
v -0.204071 0.201693 -0.368758
v -0.204384 0.215697 -0.387262
v -0.204407 0.153179 -0.377595
v -0.204552 0.165842 -0.370888
v -0.204621 0.143940 -0.408373
v -0.204811 0.146757 -0.383447
v -0.204903 0.134001 -0.393404
v -0.204949 0.196654 -0.376052
v -0.204949 0.149636 -0.404952
v -0.204956 0.148150 -0.408387
v -0.205056 0.147084 -0.401973
v -0.205078 0.143154 -0.404489
v -0.205201 0.183849 -0.361062
v -0.205422 0.153620 -0.366547
v -0.205551 0.139839 -0.382672
v -0.205712 0.206457 -0.373376
v -0.206131 0.164200 -0.362229
v -0.206223 0.154421 -0.375432
v -0.206269 0.184114 -0.370263
v -0.206406 0.178562 -0.369511
v -0.206421 0.171985 -0.360783
v -0.206627 0.148207 -0.372603
v -0.206673 0.165996 -0.369574
v -0.207169 0.196482 -0.366747
v -0.207642 0.163261 -0.364531
v -0.207650 0.184725 -0.363665
vt 0.159283 0.650840
vt 0.151109 0.651049
vt 0.153238 0.644299
vt 0.143333 0.655864
vt 0.163089 0.638183
vt 0.148755 0.640479
vt 0.155745 0.667455
vt 0.162272 0.653041
vt 0.160215 0.663944
vt 0.173326 0.667359
vt 0.157522 0.681919
vt 0.153637 0.685949
vt 0.140064 0.678512
vt 0.156505 0.693794
vt 0.140357 0.660930
vt 0.138479 0.699210
vt 0.152308 0.704700
vt 0.170699 0.686048
vt 0.169955 0.705447
vt 0.173753 0.688508
vt 0.155813 0.705862
vt 0.156471 0.710986
vt 0.172181 0.716862
vt 0.152334 0.719297
vt 0.173403 0.710372
vt 0.147452 0.710158
vt 0.138959 0.713742
vt 0.142061 0.706730
vt 0.135076 0.719004
vt 0.135305 0.702200
vt 0.118710 0.709626
vt 0.115128 0.701782
vt 0.097305 0.711999
vt 0.095276 0.701947
vt 0.080618 0.704049
vt 0.080261 0.722215
vt 0.097022 0.698895
vt 0.119017 0.699894
vt 0.135944 0.696685
vt 0.117122 0.691917
vt 0.095447 0.688452
vt 0.081758 0.688477
vt 0.136762 0.682151
vt 0.114319 0.684267
vt 0.093678 0.678854
vt 0.120862 0.679065
vt 0.110740 0.678240
vt 0.093155 0.676584
vt 0.104692 0.670206
vt 0.123757 0.665501
vt 0.097220 0.664185
vt 0.103822 0.655286
vt 0.123680 0.658883
vt 0.100635 0.650750
vt 0.139573 0.657687
vt 0.123351 0.655965
vt 0.113471 0.645342
vt 0.126256 0.648044
vt 0.111254 0.638924
vt 0.142606 0.648664
vt 0.129551 0.640189
vt 0.119743 0.633653
vt 0.129930 0.634414
vt 0.146741 0.639055
vt 0.147516 0.636978
vt 0.126354 0.629879
vt 0.153276 0.629247
vt 0.152160 0.621399
vt 0.159544 0.615028
vt 0.166445 0.628640
vt 0.171293 0.618381
vt 0.168072 0.631621
vt 0.162382 0.605616
vt 0.172237 0.602030
vt 0.166458 0.599510
vt 0.175753 0.609031
vt 0.179959 0.603184
vt 0.179904 0.608504
vt 0.174602 0.618634
vt 0.172663 0.622985
vt 0.188809 0.618220
vt 0.194503 0.609387
vt 0.184542 0.626532
vt 0.196256 0.610357
vt 0.192248 0.618408
vt 0.208788 0.616692
vt 0.187789 0.628278
vt 0.180153 0.639190
vt 0.165949 0.641551
vt 0.177633 0.645034
vt 0.176092 0.653989
vt 0.181456 0.642562
vt 0.192556 0.645591
vt 0.198893 0.633837
vt 0.176763 0.666444
vt 0.202770 0.625137
vt 0.201687 0.636168
vt 0.213071 0.616879
vt 0.192962 0.655322
vt 0.209469 0.634727
vt 0.218136 0.619660
vt 0.214779 0.629073
vt 0.200356 0.654141
vt 0.209802 0.639462
vt 0.215834 0.638673
vt 0.221907 0.624389
vt 0.213246 0.642829
vt 0.232689 0.631571
vt 0.202823 0.654785
vt 0.197854 0.669781
vt 0.205161 0.656144
vt 0.226285 0.641963
vt 0.203298 0.666592
vt 0.228099 0.676798
vt 0.227432 0.666873
vt 0.211885 0.679812
vt 0.202340 0.675157
vt 0.201265 0.690730
vt 0.212603 0.682276
vt 0.200516 0.707599
vt 0.215288 0.696544
vt 0.197433 0.688401
vt 0.196492 0.706633
vt 0.193348 0.689576
vt 0.203197 0.719467
vt 0.191372 0.709886
vt 0.191694 0.671868
vt 0.189288 0.668758
vt 0.187886 0.682644
vt 0.187779 0.695814
vt 0.188383 0.707101
vt 0.191183 0.712935
vt 0.199307 0.720966
vt 0.189772 0.722215
vt 0.928230 0.408633
vt 0.942048 0.414667
vt 0.930111 0.418170
vt 0.942113 0.419986
vt 0.931019 0.424268
vt 0.945617 0.419338
vt 0.946071 0.408179
vt 0.956581 0.416418
vt 0.956840 0.421673
vt 0.943605 0.432767
vt 0.931668 0.434065
vt 0.946136 0.432767
vt 0.957100 0.429199
vt 0.943281 0.435168
vt 0.932317 0.443342
vt 0.945227 0.444185
vt 0.943151 0.444056
vt 0.943411 0.454825
vt 0.940946 0.451776
vt 0.929917 0.452100
vt 0.941465 0.458977
vt 0.928230 0.460988
vt 0.940425 0.898559
vt 0.937636 0.904722
vt 0.934067 0.903295
vt 0.938090 0.909912
vt 0.934846 0.911275
vt 0.940685 0.918281
vt 0.923687 0.905046
vt 0.923298 0.898299
vt 0.938025 0.920228
vt 0.943929 0.926780
vt 0.942631 0.931451
vt 0.932186 0.934176
vt 0.928488 0.926131
vt 0.925958 0.916854
vt 0.926607 0.911988
vt 0.925114 0.925223
vt 0.931278 0.937030
vt 0.920573 0.912507
vt 0.920768 0.901024
vt 0.922260 0.937355
vt 0.922130 0.948319
vt 0.906235 0.947021
vt 0.910582 0.932814
vt 0.913956 0.928142
vt 0.897153 0.932035
vt 0.904678 0.920228
vt 0.904030 0.910820
vt 0.910582 0.904527
vt 0.897153 0.905176
vt 0.902083 0.902581
vt 0.908182 0.900246
vt 0.911036 0.891357
vt 0.901045 0.887335
vt 0.466533 0.720011
vt 0.469389 0.720784
vt 0.461350 0.723784
vt 0.457845 0.722623
vt 0.452143 0.726267
vt 0.461589 0.713338
vt 0.470867 0.713320
vt 0.443900 0.724402
vt 0.452197 0.720817
vt 0.454004 0.716143
vt 0.449399 0.716736
vt 0.445886 0.711682
vt 0.456135 0.710884
vt 0.430270 0.721639
vt 0.441632 0.726223
vt 0.442566 0.739326
vt 0.451587 0.740930
vt 0.425216 0.724827
vt 0.420150 0.722177
vt 0.432639 0.738632
vt 0.443611 0.742633
vt 0.455944 0.745982
vt 0.454733 0.757338
vt 0.443377 0.755608
vt 0.412821 0.722905
vt 0.431671 0.741358
vt 0.437791 0.752700
vt 0.424753 0.753439
vt 0.424593 0.737999
vt 0.423905 0.751364
vt 0.420835 0.740796
vt 0.417393 0.738467
vt 0.414823 0.751382
vt 0.406653 0.753993
vt 0.409417 0.740688
vt 0.415485 0.724911
vt 0.407336 0.738357
vt 0.407698 0.724213
vt 0.406512 0.715003
vt 0.407038 0.751462
vt 0.399424 0.739475
vt 0.403674 0.723507
vt 0.403139 0.715074
vt 0.404911 0.725516
vt 0.397052 0.720990
vt 0.400337 0.742003
vt 0.396142 0.753495
vt 0.395174 0.756027
vt 0.394662 0.726249
vt 0.390562 0.719510
vt 0.385505 0.721596
vt 0.386682 0.726265
vt 0.388361 0.755586
vt 0.388105 0.757338
vt 0.386221 0.756239
vt 0.392360 0.743641
vt 0.387918 0.728079
vt 0.386232 0.728147
vt 0.396547 0.728322
vt 0.388981 0.740858
vt 0.387362 0.742093
vt 0.381445 0.735617
vt 0.385291 0.744563
vt 0.380489 0.744053
vt 0.381523 0.742170
vt 0.377693 0.741204
vt 0.382364 0.740741
vt 0.380608 0.738473
vt 0.355111 0.738653
vt 0.904398 0.393393
vt 0.902516 0.383791
vt 0.913935 0.391641
vt 0.911339 0.379899
vt 0.900894 0.373606
vt 0.921525 0.395599
vt 0.909653 0.372762
vt 0.910172 0.369194
vt 0.906863 0.368156
vt 0.919125 0.382169
vt 0.905630 0.359982
vt 0.907966 0.355959
vt 0.905111 0.356024
vt 0.900829 0.349407
vt 0.913610 0.368416
vt 0.912118 0.356413
vt 0.903554 0.347720
vt 0.921849 0.377888
vt 0.917827 0.364264
vt 0.917957 0.343827
vt 0.920487 0.344282
vt 0.930608 0.386322
vt 0.928597 0.392096
vt 0.933981 0.400205
vt 0.934500 0.406109
vt 0.937874 0.398518
vt 0.933787 0.388527
vt 0.937744 0.372697
vt 0.940339 0.378212
vt 0.937939 0.365691
vt 0.948319 0.359333
vt 0.947411 0.343827
vt 0.936836 0.364977
vt 0.945919 0.344022
vt 0.934111 0.362382
vt 0.936122 0.350899
vt 0.929894 0.358554
vt 0.929829 0.352586
vt 0.924834 0.357322
vt 0.924769 0.347915
vt 0.919796 0.490125
vt 0.931473 0.480134
vt 0.923234 0.492071
vt 0.913243 0.499078
vt 0.913633 0.504657
vt 0.932641 0.486492
vt 0.936923 0.482534
vt 0.920315 0.499273
vt 0.937637 0.489022
vt 0.940426 0.486297
vt 0.927776 0.492525
vt 0.932252 0.494342
vt 0.944060 0.500894
vt 0.951845 0.481951
vt 0.956970 0.493823
vt 0.957100 0.516724
vt 0.950353 0.521006
vt 0.940686 0.516659
vt 0.952299 0.540015
vt 0.931668 0.526067
vt 0.934393 0.509393
vt 0.930500 0.521590
vt 0.932447 0.502581
vt 0.931019 0.536252
vt 0.928424 0.524769
vt 0.929268 0.519255
vt 0.925051 0.523796
vt 0.919601 0.527818
vt 0.914995 0.538782
vt 0.913243 0.526780
vt 0.916422 0.524185
vt 0.917849 0.516595
vt 0.914671 0.516335
vt 0.920704 0.522369
vt 0.918563 0.521460
vt 0.919212 0.519644
vt 0.921158 0.520098
vt 0.923624 0.518216
vt 0.918628 0.513091
vt 0.916487 0.507317
vt 0.919147 0.510237
vt 0.925959 0.500375
vt 0.800712 0.570633
vt 0.800193 0.575953
vt 0.794225 0.577121
vt 0.791824 0.575499
vt 0.789359 0.565832
vt 0.793965 0.584517
vt 0.800453 0.558566
vt 0.797533 0.585944
vt 0.798831 0.587631
vt 0.798312 0.594118
vt 0.788126 0.573877
vt 0.790591 0.555322
vt 0.792148 0.549029
vt 0.803437 0.599698
vt 0.802010 0.602228
vt 0.796690 0.595286
vt 0.800453 0.601968
vt 0.795846 0.611051
vt 0.792019 0.609624
vt 0.792019 0.585490
vt 0.781314 0.605991
vt 0.783585 0.612738
vt 0.786050 0.613322
vt 0.779498 0.621237
vt 0.781055 0.592886
vt 0.775475 0.610532
vt 0.771518 0.603525
vt 0.776902 0.591588
vt 0.777616 0.583998
vt 0.759126 0.592302
vt 0.759386 0.586009
vt 0.773594 0.576732
vt 0.756596 0.579262
vt 0.771064 0.568298
vt 0.751601 0.571022
vt 0.761008 0.567195
vt 0.787153 0.565897
vt 0.774113 0.562978
vt 0.757310 0.563886
vt 0.787996 0.557723
vt 0.778459 0.551170
vt 0.762240 0.547083
vt 0.789488 0.547732
vt 0.781184 0.545980
vt 0.765873 0.541828
vt 0.788126 0.545137
vt 0.793057 0.535405
vt 0.777746 0.541179
vt 0.760943 0.537546
vt 0.783714 0.531967
vt 0.771258 0.525739
vt 0.787477 0.520419
vt 0.797793 0.529501
vt 0.798052 0.534886
vt 0.800972 0.525868
vt 0.803437 0.524506
vt 0.643525 0.956508
vt 0.654164 0.967537
vt 0.630225 0.966369
vt 0.641449 0.977009
vt 0.628992 0.955989
vt 0.643784 0.952291
vt 0.629382 0.971818
vt 0.626203 0.971754
vt 0.637361 0.976879
vt 0.627306 0.966239
vt 0.641968 0.980187
vt 0.647482 0.985637
vt 0.641773 0.982004
vt 0.638659 0.984859
vt 0.637037 0.979863
vt 0.629511 0.973181
vt 0.628214 0.974154
vt 0.626462 0.976230
vt 0.622440 0.976489
vt 0.623348 0.974349
vt 0.614265 0.970067
vt 0.616212 0.964552
vt 0.625943 0.958454
vt 0.616406 0.955664
vt 0.614201 0.955794
vt 0.623802 0.949241
vt 0.629057 0.953199
vt 0.641449 0.951188
vt 0.654164 0.940418
vt 0.643135 0.947879
vt 0.643784 0.942429
vt 0.079603 0.590115
vt 0.080471 0.601920
vt 0.073016 0.604985
vt 0.075520 0.592199
vt 0.076199 0.606925
vt 0.068063 0.594031
vt 0.061799 0.608187
vt 0.065231 0.604872
vt 0.066610 0.581708
vt 0.063380 0.588462
vt 0.070905 0.619133
vt 0.053104 0.607297
vt 0.048206 0.591802
vt 0.046749 0.608608
vt 0.042562 0.592008
vt 0.041989 0.596940
vt 0.059231 0.620779
vt 0.043904 0.613350
vt 0.070261 0.621405
vt 0.033949 0.599617
vt 0.032555 0.584179
vt 0.038390 0.613426
vt 0.030159 0.617336
vt 0.026890 0.605535
vt 0.018489 0.590047
vt 0.024948 0.607486
vt 0.015084 0.606144
vt 0.032042 0.618370
vt 0.013105 0.621589
vt 0.008796 0.608687
vt 0.002350 0.597347
vt 0.020506 0.624038
vt 0.012331 0.623601
vt 0.010265 0.628601
vt 0.019303 0.638184
vt 0.030123 0.631414
vt 0.040554 0.624775
vt 0.029221 0.634141
vt 0.043789 0.620422
vt 0.046974 0.623205
vt 0.036674 0.630687
vt 0.051130 0.625272
vt 0.055021 0.624291
vt 0.066133 0.633156
vt 0.073592 0.632167
vt 0.057638 0.634666
vt 0.052062 0.636364
vt 0.042467 0.639693
vt 0.066073 0.635297
vt 0.055568 0.637719
vt 0.046881 0.640851
vt 0.037541 0.641844
vt 0.075351 0.635667
vt 0.082682 0.635457
vt 0.083417 0.645901
vt 0.073946 0.646439
vt 0.075516 0.652470
vt 0.062204 0.646918
vt 0.056962 0.653027
vt 0.052936 0.651284
vt 0.061641 0.656910
vt 0.072026 0.658835
vt 0.048143 0.654992
vt 0.043664 0.653639
vt 0.051530 0.661408
vt 0.036798 0.658973
vt 0.034890 0.646196
vt 0.026849 0.648030
vt 0.021608 0.654528
vt 0.020864 0.640062
vt 0.018493 0.654275
vt 0.010053 0.651373
vt 0.009011 0.649364
vt 0.002350 0.659629
vt 0.002551 0.662742
vt 0.007169 0.668377
vt 0.014480 0.658825
vt 0.007890 0.672138
vt 0.013518 0.664147
vt 0.014526 0.680753
vt 0.020344 0.670620
vt 0.027533 0.665156
vt 0.023671 0.679501
vt 0.040379 0.664999
vt 0.031631 0.670337
vt 0.031466 0.684416
vt 0.033582 0.703355
vt 0.036760 0.671819
vt 0.050897 0.669064
vt 0.046679 0.699630
vt 0.058993 0.662690
vt 0.055264 0.678722
vt 0.064503 0.660278
vt 0.057707 0.698958
vt 0.054103 0.713109
vt 0.065709 0.678765
vt 0.078001 0.661936
vt 0.066914 0.696344
vt 0.058650 0.715630
vt 0.065581 0.957391
vt 0.074248 0.963685
vt 0.051698 0.957459
vt 0.048860 0.954308
vt 0.060360 0.947794
vt 0.074636 0.947105
vt 0.072508 0.941200
vt 0.061948 0.934468
vt 0.045257 0.942151
vt 0.064421 0.928325
vt 0.041659 0.943893
vt 0.044027 0.954997
vt 0.058951 0.927363
vt 0.070146 0.927169
vt 0.042924 0.940948
vt 0.048070 0.924227
vt 0.057798 0.910731
vt 0.033912 0.936660
vt 0.030734 0.942629
vt 0.029337 0.948530
vt 0.024051 0.943071
vt 0.035273 0.952447
vt 0.032617 0.963685
vt 0.037710 0.957950
vt 0.364288 0.865000
vt 0.365650 0.858447
vt 0.368051 0.871488
vt 0.350145 0.867725
vt 0.356178 0.871293
vt 0.359811 0.847613
vt 0.347744 0.855204
vt 0.345474 0.857345
vt 0.347095 0.866233
vt 0.337688 0.867855
vt 0.334769 0.858383
vt 0.334704 0.868049
vt 0.331785 0.856112
vt 0.332888 0.850857
vt 0.322572 0.870839
vt 0.344111 0.848197
vt 0.344825 0.839244
vt 0.338726 0.833600
vt 0.320042 0.858966
vt 0.314463 0.871488
vt 0.326530 0.841125
vt 0.319847 0.853647
vt 0.311868 0.855982
vt 0.308234 0.857734
vt 0.328346 0.837103
vt 0.325232 0.828864
vt 0.316604 0.849949
vt 0.307845 0.843526
vt 0.306223 0.851895
vt 0.299476 0.860848
vt 0.304472 0.847029
vt 0.302266 0.842034
vt 0.292275 0.850468
vt 0.305834 0.838725
vt 0.312387 0.840931
vt 0.314852 0.839114
vt 0.323351 0.831329
vt 0.311024 0.830810
vt 0.305445 0.825750
vt 0.318809 0.822117
vt 0.308040 0.825360
vt 0.302136 0.828994
vt 0.296103 0.820235
vt 0.300190 0.829772
vt 0.298568 0.814786
vt 0.294091 0.820754
vt 0.304082 0.818289
vt 0.293702 0.826918
vt 0.290912 0.822636
vt 0.297011 0.830421
vt 0.298503 0.835157
vt 0.290458 0.833989
vt 0.284555 0.842293
vt 0.300255 0.812450
vt 0.294740 0.807130
vt 0.307521 0.806222
vt 0.310894 0.810115
vt 0.304472 0.801486
vt 0.308299 0.803627
vt 0.311932 0.807390
vt 0.320237 0.801810
vt 0.315890 0.798112
vt 0.321534 0.802848
vt 0.312970 0.808558
vt 0.316474 0.812255
vt 0.325167 0.805898
vt 0.315111 0.814980
vt 0.319782 0.818419
vt 0.329319 0.813942
vt 0.321729 0.820754
vt 0.331136 0.817186
vt 0.334769 0.824452
vt 0.333601 0.816408
vt 0.339180 0.828410
vt 0.330941 0.812385
vt 0.327178 0.805314
vt 0.324843 0.804016
vt 0.330292 0.804730
vt 0.339959 0.806741
vt 0.337559 0.818354
vt 0.351767 0.827501
vt 0.343203 0.812061
vt 0.337040 0.800253
vt 0.330811 0.798112
vt 0.336456 0.793960
vt 0.340738 0.801226
vt 0.339635 0.795712
vt 0.342619 0.806871
vt 0.338726 0.794479
vt 0.344111 0.790392
vt 0.345538 0.791625
vt 0.355205 0.782218
vt 0.354556 0.781050
vt 0.358189 0.785721
vt 0.350534 0.797853
vt 0.359422 0.790392
vt 0.344955 0.806741
vt 0.357670 0.798048
vt 0.366688 0.785137
vt 0.351053 0.803303
vt 0.346641 0.807779
vt 0.355335 0.802589
vt 0.364417 0.793376
vt 0.347355 0.809206
vt 0.356892 0.803432
vt 0.368570 0.791625
vt 0.368505 0.801421
vt 0.349236 0.817446
vt 0.349820 0.813358
vt 0.359552 0.806611
vt 0.365001 0.809336
vt 0.359941 0.815305
vt 0.370451 0.811672
vt 0.353064 0.822701
vt 0.365066 0.819846
vt 0.354491 0.825036
vt 0.354881 0.827566
vt 0.368051 0.821663
vt 0.366558 0.829318
vt 0.360655 0.841515
vt 0.372981 0.833146
vt 0.370321 0.838985
vt 0.370516 0.840736
vt 0.354816 0.836519
vt 0.363574 0.850078
vt 0.374279 0.846640
vt 0.374149 0.857150
vt 0.346122 0.818159
vt 0.341711 0.823998
vt 0.344630 0.818354
vt 0.341451 0.818938
vt 0.342424 0.821014
vt 0.339894 0.820300
vt 0.611788 0.813002
vt 0.609258 0.800611
vt 0.615097 0.823188
vt 0.607117 0.834930
vt 0.620936 0.834606
vt 0.631835 0.824680
vt 0.633911 0.832141
vt 0.608674 0.846284
vt 0.635274 0.839407
vt 0.620093 0.846154
vt 0.637609 0.842067
vt 0.611010 0.851409
vt 0.607831 0.858870
vt 0.635144 0.846608
vt 0.610815 0.854134
vt 0.630019 0.857961
vt 0.611724 0.866201
vt 0.608285 0.866850
vt 0.607117 0.873791
vt 0.608739 0.875932
vt 0.626580 0.872688
vt 0.629759 0.863930
vt 0.643189 0.869185
vt 0.638063 0.878073
vt 0.959361 0.349034
vt 0.953392 0.341703
vt 0.966627 0.337486
vt 0.971493 0.348775
vt 0.972401 0.338265
vt 0.972466 0.329831
vt 0.966692 0.316661
vt 0.960464 0.328663
vt 0.953976 0.329377
vt 0.952160 0.338978
vt 0.952160 0.326198
vt 0.952808 0.317310
vt 0.959426 0.316985
vt 0.965135 0.314844
vt 0.955858 0.314585
vt 0.952354 0.316401
vt 0.965459 0.313093
vt 0.960464 0.306800
vt 0.957869 0.308746
vt 0.953392 0.301804
vt 0.958128 0.304399
vt 0.968768 0.304724
vt 0.959101 0.303621
vt 0.963513 0.302193
vt 0.061065 0.003029
vt 0.063660 0.004716
vt 0.061065 0.017561
vt 0.109759 0.057075
vt 0.102265 0.045003
vt 0.107299 0.046224
vt 0.109759 0.042908
vt 0.099812 0.044382
vt 0.046881 0.853597
vt 0.052460 0.869232
vt 0.045583 0.867156
vt 0.039939 0.868908
vt 0.049087 0.872411
vt 0.055899 0.869622
vt 0.056093 0.879937
vt 0.060051 0.876304
vt 0.059467 0.881105
vt 0.052914 0.881624
vt 0.047400 0.873384
vt 0.051293 0.881429
vt 0.053498 0.885062
vt 0.048892 0.882143
vt 0.044156 0.874812
vt 0.042469 0.878510
vt 0.040458 0.882791
vt 0.043961 0.880002
vt 0.041950 0.886489
vt 0.046557 0.886944
vt 0.050125 0.898621
vt 0.044091 0.893237
vt 0.053174 0.898362
vt 0.047595 0.899789
vt 0.044740 0.905433
vt 0.041042 0.908418
vt 0.051682 0.901411
vt 0.045194 0.909780
vt 0.052785 0.902254
vt 0.039939 0.921977
vt 0.054926 0.905952
vt 0.060051 0.903682
vt 0.053628 0.908807
vt 0.064138 0.896351
vt 0.060375 0.906925
vt 0.064722 0.892653
vt 0.064462 0.881040
vt 0.075621 0.896999
vt 0.078022 0.903552
vt 0.068615 0.902189
vt 0.076724 0.905174
vt 0.066928 0.904395
vt 0.068874 0.907185
vt 0.078411 0.908353
vt 0.064462 0.909780
vt 0.062776 0.916852
vt 0.071404 0.920939
vt 0.078995 0.911532
vt 0.081914 0.916008
vt 0.085612 0.909001
vt 0.016092 0.095204
vt 0.013626 0.096567
vt 0.016676 0.080218
vt 0.015702 0.096891
vt 0.011031 0.100978
vt 0.017519 0.096178
vt 0.018946 0.094750
vt 0.020438 0.096178
vt 0.022579 0.079050
vt 0.024655 0.095269
vt 0.026342 0.079115
vt 0.026342 0.096761
vt 0.959988 0.013694
vt 0.962194 0.011099
vt 0.964400 0.019014
vt 0.969006 0.019078
vt 0.966087 0.026215
vt 0.964205 0.023166
vt 0.964789 0.027383
vt 0.974586 0.030886
vt 0.965308 0.034778
vt 0.976856 0.032962
vt 0.967514 0.036400
vt 0.962389 0.040033
vt 0.961027 0.038671
vt 0.968033 0.048986
vt 0.959988 0.046975
vt 0.962389 0.047494
vt 0.963686 0.049116
vt 0.965698 0.052684
vt 0.814990 0.793198
vt 0.812005 0.792095
vt 0.821088 0.789954
vt 0.817455 0.801438
vt 0.820829 0.786516
vt 0.813887 0.787684
vt 0.822515 0.784245
vt 0.821218 0.797999
vt 0.820115 0.800789
vt 0.823359 0.789500
vt 0.822386 0.799556
vt 0.822775 0.802476
vt 0.816547 0.805525
vt 0.818882 0.812012
vt 0.823489 0.811234
vt 0.819466 0.813634
vt 0.825824 0.814413
vt 0.825240 0.803319
vt 0.826408 0.812012
vt 0.834453 0.812531
vt 0.827122 0.803060
vt 0.834323 0.810910
vt 0.840421 0.812921
vt 0.837891 0.802216
vt 0.829717 0.800010
vt 0.841265 0.802670
vt 0.841913 0.812207
vt 0.843081 0.803773
vt 0.846974 0.797091
vt 0.837696 0.798778
vt 0.830690 0.788397
vt 0.840616 0.786646
vt 0.847882 0.783272
vt 0.826019 0.785738
vt 0.841459 0.784116
vt 0.839902 0.777628
vt 0.831598 0.779315
vt 0.854889 0.772892
vt 0.824137 0.780028
vt 0.815898 0.777498
vt 0.807724 0.773865
vt 0.810189 0.773930
vt 0.847168 0.772957
vt 0.856121 0.765820
vt 0.850282 0.766469
vt 0.845028 0.769908
vt 0.814471 0.773930
vt 0.807140 0.769973
vt 0.822450 0.775747
vt 0.837372 0.772373
vt 0.811357 0.770427
vt 0.810643 0.766210
vt 0.814860 0.773022
vt 0.812524 0.767248
vt 0.814536 0.762901
vt 0.814081 0.759527
vt 0.813238 0.769583
vt 0.814730 0.766923
vt 0.815249 0.770621
vt 0.814730 0.758619
vt 0.809151 0.749082
vt 0.811292 0.751029
vt 0.815833 0.768740
vt 0.817909 0.771854
vt 0.819012 0.766664
vt 0.821867 0.772957
vt 0.823294 0.771659
vt 0.821607 0.763550
vt 0.829522 0.775098
vt 0.829782 0.767053
vt 0.832571 0.766794
vt 0.821542 0.752521
vt 0.807140 0.740583
vt 0.824332 0.750899
vt 0.808372 0.736107
vt 0.818753 0.735848
vt 0.831533 0.747266
vt 0.826084 0.736042
vt 0.816352 0.730009
vt 0.938222 0.249022
vt 0.933810 0.242599
vt 0.939455 0.243313
vt 0.950808 0.252849
vt 0.953922 0.249346
vt 0.947434 0.254925
vt 0.937314 0.252136
vt 0.951522 0.258948
vt 0.938676 0.268939
vt 0.958334 0.259726
vt 0.949445 0.270042
vt 0.947045 0.274194
vt 0.957296 0.272961
vt 0.960994 0.257521
vt 0.958334 0.262451
vt 0.961448 0.260375
vt 0.963913 0.254212
vt 0.964756 0.249541
vt 0.970271 0.247724
vt 0.965470 0.259272
vt 0.958917 0.269977
vt 0.959501 0.271988
vt 0.960734 0.271404
vt 0.958463 0.274843
vt 0.963134 0.261219
vt 0.966508 0.261348
vt 0.964756 0.273999
vt 0.964172 0.278281
vt 0.965729 0.276075
vt 0.961318 0.278476
vt 0.960734 0.282109
vt 0.962161 0.281265
vt 0.963718 0.283082
vt 0.965275 0.285353
vt 0.964043 0.287364
vt 0.966703 0.285612
vt 0.970271 0.287623
vt 0.968065 0.289764
vt 0.957437 0.537616
vt 0.958021 0.524316
vt 0.965676 0.525484
vt 0.959189 0.522759
vt 0.968336 0.538070
vt 0.972553 0.540924
vt 0.970931 0.523278
vt 0.968466 0.511665
vt 0.979755 0.517245
vt 0.974564 0.526003
vt 0.974175 0.533464
vt 0.974370 0.539432
vt 0.976057 0.544168
vt 0.979300 0.527430
vt 0.979171 0.539303
vt 0.981247 0.522564
vt 0.979106 0.521526
vt 0.981117 0.519061
vt 0.979884 0.543584
vt 0.975992 0.542936
vt 0.981247 0.552278
vt 0.979884 0.553186
s 1
usemtl Material
f 1993/2799 1963/2800 1962/2801
f 1962/2801 1963/2800 1948/2802
f 1948/2802 1963/2800 1993/2799
f 1993/2799 1962/2801 1994/2803
f 1962/2801 1948/2802 1946/2804
f 1962/2801 1946/2804 1994/2803
f 1948/2802 1993/2799 1995/2805
f 1993/2799 1994/2803 2001/2806
f 1993/2799 2001/2806 1995/2805
f 1995/2805 2001/2806 2003/2807
f 2003/2807 2001/2806 2055/2808
f 1995/2805 2003/2807 2009/2809
f 2009/2809 2003/2807 2055/2808
f 1995/2805 2009/2809 2000/2810
f 1948/2802 1995/2805 1953/2811
f 1953/2811 1995/2805 2000/2810
f 2000/2810 2009/2809 2013/2812
f 1948/2802 1953/2811 1942/2813
f 1953/2811 2000/2810 1958/2814
f 2000/2810 2013/2812 2012/2815
f 2000/2810 2012/2815 1958/2814
f 2013/2812 2009/2809 2058/2816
f 2058/2816 2009/2809 2055/2808
f 2013/2812 2058/2816 2068/2817
f 2058/2816 2055/2808 2065/2818
f 2058/2816 2065/2818 2068/2817
f 2013/2812 2068/2817 2016/2819
f 2013/2812 2016/2819 2012/2815
f 2016/2819 2068/2817 2019/2820
f 2016/2819 2019/2820 2012/2815
f 2019/2820 2068/2817 2071/2821
f 2012/2815 2019/2820 2020/2822
f 2071/2821 2068/2817 2075/2823
f 2075/2823 2068/2817 2065/2818
f 2012/2815 2020/2822 1997/2824
f 2012/2815 1997/2824 1958/2814
f 1997/2824 2020/2822 1964/2825
f 1997/2824 1964/2825 1969/2826
f 1997/2824 1969/2826 1958/2814
f 1958/2814 1969/2826 1964/2825
f 1958/2814 1964/2825 1959/2827
f 1958/2814 1959/2827 1955/2828
f 1955/2828 1959/2827 1912/2829
f 1955/2828 1912/2829 1903/2830
f 1903/2830 1912/2829 2256/2831
f 1903/2830 2256/2831 2258/2832
f 2258/2832 2256/2831 2309/2833
f 2309/2833 2256/2831 2304/2834
f 2258/2832 2309/2833 2253/2835
f 2258/2832 2253/2835 1903/2830
f 1955/2828 1903/2830 1917/2836
f 1917/2836 1903/2830 2253/2835
f 1955/2828 1917/2836 1952/2837
f 1955/2828 1952/2837 1958/2814
f 1917/2836 2253/2835 1904/2838
f 1917/2836 1904/2838 1952/2837
f 1904/2838 2253/2835 2263/2839
f 2263/2839 2253/2835 2311/2840
f 1958/2814 1952/2837 1949/2841
f 1949/2841 1952/2837 1904/2838
f 1958/2814 1949/2841 1953/2811
f 1904/2838 2263/2839 1897/2842
f 1904/2838 1897/2842 1949/2841
f 1897/2842 2263/2839 2269/2843
f 1953/2811 1949/2841 1942/2813
f 1949/2841 1897/2842 1915/2844
f 1897/2842 2269/2843 1891/2845
f 1897/2842 1891/2845 1915/2844
f 1891/2845 2269/2843 2267/2846
f 1891/2845 2267/2846 2250/2847
f 1915/2844 1891/2845 1914/2848
f 1915/2844 1914/2848 1949/2841
f 1914/2848 1891/2845 2250/2847
f 1949/2841 1914/2848 1942/2813
f 1914/2848 2250/2847 2268/2849
f 1914/2848 2268/2849 2261/2850
f 1914/2848 2261/2850 1913/2851
f 1914/2848 1913/2851 1942/2813
f 1913/2851 2261/2850 2264/2852
f 1942/2813 1913/2851 1938/2853
f 1913/2851 2264/2852 1907/2854
f 1913/2851 1907/2854 1938/2853
f 1907/2854 2264/2852 2242/2855
f 1942/2813 1938/2853 1948/2802
f 1907/2854 2242/2855 1906/2856
f 1907/2854 1906/2856 1938/2853
f 1906/2856 2242/2855 2257/2857
f 1948/2802 1938/2853 1939/2858
f 1939/2858 1938/2853 1906/2856
f 1948/2802 1939/2858 1946/2804
f 1906/2856 2257/2857 1909/2859
f 1906/2856 1909/2859 1939/2858
f 1909/2859 2257/2857 2228/2860
f 1909/2859 2228/2860 1899/2861
f 1939/2858 1909/2859 1941/2862
f 1941/2862 1909/2859 1899/2861
f 1939/2858 1941/2862 1946/2804
f 1941/2862 1899/2861 1940/2863
f 1941/2862 1940/2863 1946/2804
f 1940/2863 1899/2861 1889/2864
f 1946/2804 1940/2863 1950/2865
f 1950/2865 1940/2863 1943/2866
f 1950/2865 1943/2866 1954/2867
f 1946/2804 1950/2865 1994/2803
f 1950/2865 1954/2867 1998/2868
f 1950/2865 1998/2868 1994/2803
f 1998/2868 1954/2867 2004/2869
f 1994/2803 1998/2868 2005/2870
f 2005/2870 1998/2868 2004/2869
f 2004/2869 1954/2867 1957/2871
f 1985/2872 1957/2871 1960/2873
f 1957/2871 1985/2872 2011/2874
f 1957/2871 2011/2874 2004/2869
f 2011/2874 1985/2872 2015/2875
f 2011/2874 2015/2875 2017/2876
f 2004/2869 2011/2874 2010/2877
f 2010/2877 2011/2874 2017/2876
f 2004/2869 2010/2877 2007/2878
f 2004/2869 2007/2878 2005/2870
f 2010/2877 2017/2876 2060/2879
f 2060/2879 2017/2876 2066/2880
f 2007/2878 2010/2877 2057/2881
f 2007/2878 2057/2881 2005/2870
f 2057/2881 2010/2877 2060/2879
f 2060/2879 2066/2880 2072/2882
f 2060/2879 2072/2882 2070/2883
f 2070/2883 2072/2882 2161/2884
f 2057/2881 2060/2879 2067/2885
f 2067/2885 2060/2879 2070/2883
f 2005/2870 2057/2881 2056/2886
f 2056/2886 2057/2881 2067/2885
f 2005/2870 2056/2886 2002/2887
f 2005/2870 2002/2887 1994/2803
f 1994/2803 2002/2887 2001/2806
f 2002/2887 2056/2886 2052/2888
f 2001/2806 2002/2887 2054/2889
f 2054/2889 2002/2887 2052/2888
f 2052/2888 2056/2886 2059/2890
f 2059/2890 2056/2886 2067/2885
f 2052/2888 2059/2890 2054/2889
f 2001/2806 2054/2889 2055/2808
f 2059/2890 2067/2885 2117/2891
f 2059/2890 2117/2891 2054/2889
f 2117/2891 2067/2885 2126/2892
f 2055/2808 2054/2889 2063/2893
f 2126/2892 2067/2885 2137/2894
f 2137/2894 2067/2885 2070/2883
f 2137/2894 2070/2883 2161/2884
f 2126/2892 2137/2894 2151/2895
f 2151/2895 2137/2894 2161/2884
f 2126/2892 2151/2895 2117/2891
f 2151/2895 2161/2884 2177/2896
f 2134/2897 2054/2889 2117/2891
f 2134/2897 2117/2891 2151/2895
f 2054/2889 2134/2897 2063/2893
f 2063/2893 2065/2818 2055/2808
f 2151/2895 2177/2896 2157/2898
f 2157/2898 2177/2896 2174/2899
f 2157/2898 2174/2899 2152/2900
f 2151/2895 2157/2898 2142/2901
f 2151/2895 2142/2901 2134/2897
f 2157/2898 2152/2900 2138/2902
f 2157/2898 2138/2902 2142/2901
f 2138/2902 2152/2900 2111/2903
f 2111/2903 2152/2900 2127/2904
f 2138/2902 2111/2903 2108/2905
f 2108/2905 2111/2903 2131/2906
f 2142/2901 2138/2902 2130/2907
f 2130/2907 2138/2902 2108/2905
f 2142/2901 2130/2907 2143/2908
f 2130/2907 2108/2905 2103/2909
f 2103/2909 2108/2905 2123/2910
f 2130/2907 2103/2909 2104/2911
f 2130/2907 2104/2911 2143/2908
f 2104/2911 2103/2909 2129/2912
f 2129/2912 2103/2909 2122/2913
f 2104/2911 2129/2912 2113/2914
f 2104/2911 2113/2914 2106/2915
f 2104/2911 2106/2915 2143/2908
f 2106/2915 2113/2914 2114/2916
f 2114/2916 2113/2914 2116/2917
f 2114/2916 2116/2917 2128/2918
f 2128/2918 2116/2917 2132/2919
f 2106/2915 2114/2916 2139/2920
f 2139/2920 2114/2916 2128/2918
f 2106/2915 2139/2920 2143/2908
f 2139/2920 2128/2918 2168/2921
f 2143/2908 2139/2920 2164/2922
f 2164/2922 2139/2920 2168/2921
f 2192/2923 2179/2924 2168/2921
f 2168/2921 2179/2924 2164/2922
f 2143/2908 2164/2922 2144/2925
f 2143/2908 2144/2925 2142/2901
f 2142/2901 2144/2925 2134/2897
f 2134/2897 2144/2925 2124/2926
f 2134/2897 2124/2926 2063/2893
f 2124/2926 2144/2925 2133/2927
f 2124/2926 2133/2927 2063/2893
f 2133/2927 2144/2925 2164/2922
f 2063/2893 2133/2927 2065/2818
f 2133/2927 2164/2922 2147/2928
f 2133/2927 2147/2928 2065/2818
f 2147/2928 2164/2922 2179/2924
f 2065/2818 2147/2928 2075/2823
f 2147/2928 2179/2924 2162/2929
f 2147/2928 2162/2929 2075/2823
f 2075/2823 2162/2929 2179/2924
f 2075/2823 2179/2924 2185/2930
f 2185/2930 2179/2924 2195/2931
f 2075/2823 2185/2930 2187/2932
f 2019/2933 2071/2934 2024/2935
f 2024/2935 2071/2934 2073/2936
f 2024/2935 2073/2936 2025/2937
f 2073/2936 2071/2934 2087/2938
f 2087/2938 2071/2934 2075/2939
f 2087/2938 2075/2939 2187/2940
f 2087/2938 2187/2940 2199/2941
f 2025/2937 2073/2936 2084/2942
f 2084/2942 2073/2936 2087/2938
f 2025/2937 2084/2942 2031/2943
f 2087/2938 2199/2941 2092/2944
f 2087/2938 2092/2944 2084/2942
f 2092/2944 2199/2941 2198/2945
f 2031/2943 2084/2942 2088/2946
f 2088/2946 2084/2942 2092/2944
f 2031/2943 2088/2946 2037/2947
f 2088/2946 2092/2944 2109/2948
f 2088/2946 2109/2948 2094/2949
f 2088/2946 2094/2949 2037/2947
f 2094/2949 2109/2948 2115/2950
f 2037/2947 2094/2949 2095/2951
f 2095/2951 2094/2949 2115/2950
f 2037/2947 2095/2951 2043/2952
f 2095/2951 2115/2950 2097/2953
f 2095/2951 2097/2953 2043/2952
f 2043/2952 2097/2953 2049/2954
f 2019/2955 2024/2956 2020/2957
f 2020/2957 2024/2956 2025/2958
f 2020/2957 2025/2958 2022/2959
f 2022/2959 2025/2958 2031/2960
f 2020/2957 2022/2959 1965/2961
f 2020/2957 1965/2961 1964/2962
f 2022/2959 2031/2960 2026/2963
f 2026/2963 2031/2960 2037/2964
f 2026/2963 2037/2964 2030/2965
f 2026/2963 2030/2965 1980/2966
f 2026/2963 1980/2966 1973/2967
f 2022/2959 2026/2963 1972/2968
f 1972/2968 2026/2963 1973/2967
f 1976/2969 1965/2961 2022/2959
f 1976/2969 2022/2959 1972/2968
f 1976/2969 1972/2968 1965/2961
f 1973/2967 1980/2966 1966/2970
f 1973/2967 1966/2970 1972/2968
f 1966/2970 1980/2966 1970/2971
f 1965/2961 1972/2968 1961/2972
f 1961/2972 1972/2968 1966/2970
f 1959/2973 1964/2962 1965/2961
f 1959/2973 1965/2961 1961/2972
f 1966/2970 1970/2971 1937/2974
f 1937/2974 1970/2971 1925/2975
f 1937/2974 1925/2975 2234/2976
f 1937/2974 2234/2976 1919/2977
f 1937/2974 1919/2977 1966/2970
f 1966/2970 1919/2977 1928/2978
f 1966/2970 1928/2978 1961/2972
f 1928/2978 1919/2977 2238/2979
f 1928/2978 2238/2979 1911/2980
f 1928/2978 1911/2980 1961/2972
f 1961/2972 1911/2980 1908/2981
f 1961/2972 1908/2981 1927/2982
f 1961/2972 1927/2982 1959/2973
f 1927/2982 1908/2981 2226/2983
f 1927/2982 2226/2983 1901/2984
f 1927/2982 1901/2984 1959/2973
f 1959/2973 1901/2984 1922/2985
f 1959/2973 1922/2985 1912/2986
f 1912/2986 1922/2985 2225/2987
f 2030/2988 2037/2989 2043/2990
f 2030/2988 2043/2990 2041/2991
f 2041/2991 2043/2990 2049/2992
f 2030/2988 2041/2991 1987/2993
f 2030/2988 1987/2993 1980/2994
f 2041/2991 2049/2992 2046/2995
f 1987/2993 2041/2991 2029/2996
f 2029/2996 2041/2991 2046/2995
f 1987/2993 2029/2996 2006/2997
f 2006/2997 2029/2996 2014/2998
f 2014/2998 2029/2996 2046/2995
f 1987/2993 2006/2997 1990/2999
f 1990/2999 2006/2997 2014/2998
f 1990/2999 2014/2998 2046/2995
f 1987/2993 1990/2999 1978/3000
f 1990/2999 2046/2995 2048/3001
f 2050/3002 2046/2995 2049/2992
f 2046/2995 2050/3002 2048/3001
f 2050/3002 2049/2992 2098/3003
f 2098/3003 2049/2992 2097/3004
f 2048/3001 2050/3002 2051/3005
f 2048/3001 2051/3005 2044/3006
f 2050/3002 2098/3003 2101/3007
f 2050/3002 2101/3007 2051/3005
f 2098/3003 2097/3004 2119/3008
f 2119/3008 2097/3004 2115/3009
f 2119/3008 2115/3009 2208/3010
f 2119/3008 2208/3010 2224/3011
f 2044/3006 2051/3005 2039/3012
f 2101/3007 2098/3003 2120/3013
f 2120/3013 2098/3003 2119/3008
f 2119/3008 2224/3011 2220/3014
f 2119/3008 2220/3014 2120/3013
f 2220/3014 2224/3011 2223/3015
f 2101/3007 2120/3013 2099/3016
f 2101/3007 2099/3016 2051/3005
f 2120/3013 2220/3014 2215/3017
f 2215/3017 2220/3014 2223/3015
f 2099/3016 2120/3013 2118/3018
f 2118/3018 2120/3013 2215/3017
f 2051/3005 2099/3016 2102/3019
f 2102/3019 2099/3016 2118/3018
f 2215/3017 2223/3015 2214/3020
f 2215/3017 2214/3020 2118/3018
f 2214/3020 2223/3015 2221/3021
f 2102/3019 2118/3018 2112/3022
f 2112/3022 2118/3018 2214/3020
f 2051/3005 2102/3019 2047/3023
f 2051/3005 2047/3023 2039/3012
f 2047/3023 2102/3019 2096/3024
f 2096/3024 2102/3019 2112/3022
f 2039/3012 2047/3023 2042/3025
f 2042/3025 2047/3023 2096/3024
f 2039/3012 2042/3025 2105/3026
f 2112/3022 2214/3020 2204/3027
f 2204/3027 2214/3020 2221/3021
f 2096/3024 2112/3022 2093/3028
f 2105/3026 2042/3025 2036/3029
f 2105/3026 2036/3029 2107/3030
f 2042/3025 2096/3024 2040/3031
f 2042/3025 2040/3031 2036/3029
f 2040/3031 2096/3024 2093/3028
f 2107/3030 2036/3029 2008/3032
f 2110/3033 2112/3022 2204/3027
f 2112/3022 2110/3033 2093/3028
f 2197/3034 2204/3027 2221/3021
f 2204/3027 2197/3034 2110/3033
f 2197/3034 2221/3021 2207/3035
f 2008/3032 2036/3029 2028/3036
f 2008/3032 2028/3036 1981/3037
f 1981/3037 2028/3036 1988/3038
f 1988/3038 2028/3036 2027/3039
f 2197/3034 2207/3035 2193/3040
f 2193/3040 2207/3035 2203/3041
f 2193/3040 2203/3041 2191/3042
f 2197/3034 2193/3040 2100/3043
f 2197/3034 2100/3043 2110/3033
f 2110/3033 2100/3043 2093/3028
f 2027/3039 2028/3036 2032/3044
f 2027/3039 2032/3044 2033/3045
f 2032/3044 2028/3036 2038/3046
f 2038/3046 2028/3036 2036/3029
f 2038/3046 2036/3029 2040/3031
f 2038/3046 2040/3031 2093/3028
f 2032/3044 2038/3046 2085/3047
f 2085/3047 2038/3046 2093/3028
f 2032/3044 2085/3047 2033/3045
f 2085/3047 2093/3028 2100/3043
f 2033/3045 2085/3047 2086/3048
f 2086/3048 2085/3047 2100/3043
f 2086/3048 2100/3043 2193/3040
f 2033/3045 2086/3048 2053/3049
f 2086/3048 2193/3040 2091/3050
f 2091/3050 2193/3040 2191/3042
f 2091/3050 2191/3042 2081/3051
f 2091/3050 2081/3051 2082/3052
f 2091/3050 2082/3052 2086/3048
f 2082/3052 2081/3051 2083/3053
f 2053/3049 2086/3048 2077/3054
f 2077/3054 2086/3048 2082/3052
f 2053/3049 2077/3054 2061/3055
f 2061/3055 2077/3054 2082/3052
f 2061/3055 2082/3052 2083/3053
f 2053/3049 2061/3055 2089/3056
f 2089/3056 2061/3055 2083/3053
f 2115/3057 2109/3058 2208/3059
f 2208/3059 2109/3058 2218/3060
f 2218/3060 2109/3058 2092/3061
f 2208/3059 2218/3060 2224/3062
f 2218/3060 2092/3061 2206/3063
f 2206/3063 2092/3061 2205/3064
f 2205/3064 2092/3061 2198/3065
f 2218/3060 2206/3063 2213/3066
f 2218/3060 2213/3066 2224/3062
f 2213/3066 2206/3063 2205/3064
f 2205/3064 2198/3065 2199/3067
f 2205/3064 2199/3067 2195/3068
f 2195/3068 2199/3067 2187/3069
f 2195/3068 2187/3069 2185/3070
f 2205/3064 2195/3068 2201/3071
f 2205/3064 2201/3071 2213/3066
f 2201/3071 2195/3068 2192/3072
f 2192/3072 2195/3068 2179/3073
f 2213/3066 2201/3071 2175/3074
f 2201/3071 2192/3072 2153/3075
f 2201/3071 2153/3075 2175/3074
f 2168/3076 2128/3077 2192/3072
f 2192/3072 2128/3077 2153/3075
f 2213/3066 2175/3074 2180/3078
f 2213/3066 2180/3078 2219/3079
f 2213/3066 2219/3079 2224/3062
f 2224/3062 2219/3079 2222/3080
f 2224/3062 2222/3080 2223/3081
f 2222/3080 2219/3079 2182/3082
f 2182/3082 2219/3079 2183/3083
f 2183/3083 2219/3079 2180/3078
f 2155/3084 2180/3078 2175/3074
f 2180/3078 2155/3084 2183/3083
f 2155/3084 2175/3074 2153/3075
f 2183/3083 2155/3084 2163/3085
f 2163/3085 2155/3084 2146/3086
f 2163/3085 2146/3086 2129/3087
f 2129/3087 2146/3086 2113/3088
f 2113/3088 2146/3086 2140/3089
f 2140/3089 2146/3086 2155/3084
f 2113/3088 2140/3089 2116/3090
f 2140/3089 2155/3084 2145/3091
f 2140/3089 2145/3091 2116/3090
f 2145/3091 2155/3084 2153/3075
f 2116/3090 2145/3091 2132/3092
f 2132/3092 2145/3091 2160/3093
f 2132/3092 2160/3093 2149/3094
f 2160/3093 2145/3091 2158/3095
f 2158/3095 2145/3091 2153/3075
f 2160/3093 2158/3095 2149/3094
f 2158/3095 2153/3075 2141/3096
f 2158/3095 2141/3096 2149/3094
f 2149/3094 2141/3096 2132/3092
f 2141/3096 2153/3075 2128/3077
f 2141/3096 2128/3077 2132/3092
f 2221/3097 2223/3098 2216/3099
f 2221/3097 2216/3099 2207/3100
f 2207/3100 2216/3099 2202/3101
f 2216/3099 2223/3098 2217/3102
f 2217/3102 2223/3098 2222/3103
f 2202/3101 2216/3099 2196/3104
f 2217/3102 2222/3103 2178/3105
f 2178/3105 2222/3103 2182/3106
f 2216/3099 2217/3102 2200/3107
f 2216/3099 2200/3107 2196/3104
f 2217/3102 2178/3105 2173/3108
f 2217/3102 2173/3108 2200/3107
f 2178/3105 2182/3106 2159/3109
f 2159/3109 2182/3106 2183/3110
f 2159/3109 2183/3110 2163/3111
f 2159/3109 2163/3111 2129/3112
f 2159/3109 2129/3112 2122/3113
f 2178/3105 2159/3109 2136/3114
f 2136/3114 2159/3109 2122/3113
f 2178/3105 2136/3114 2173/3108
f 2136/3114 2122/3113 2103/3115
f 2136/3114 2103/3115 2123/3116
f 2136/3114 2123/3116 2150/3117
f 2136/3114 2150/3117 2173/3108
f 2150/3117 2123/3116 2125/3118
f 2173/3108 2150/3117 2154/3119
f 2154/3119 2150/3117 2125/3118
f 2125/3118 2123/3116 2108/3120
f 2125/3118 2108/3120 2131/3121
f 2154/3119 2125/3118 2135/3122
f 2154/3119 2135/3122 2173/3108
f 2125/3118 2131/3121 2169/3123
f 2125/3118 2169/3123 2135/3122
f 2169/3123 2131/3121 2121/3124
f 2121/3124 2131/3121 2111/3125
f 2121/3124 2111/3125 2127/3126
f 2121/3124 2127/3126 2171/3127
f 2121/3124 2171/3127 2169/3123
f 2171/3127 2127/3126 2176/3128
f 2176/3128 2127/3126 2189/3129
f 2169/3123 2171/3127 2210/3130
f 2210/3130 2171/3127 2209/3131
f 2209/3131 2171/3127 2176/3128
f 2210/3130 2209/3131 2212/3132
f 2212/3132 2209/3131 2176/3128
f 2210/3130 2212/3132 2211/3133
f 2210/3130 2211/3133 2169/3123
f 2211/3133 2212/3132 2176/3128
f 2169/3123 2211/3133 2165/3134
f 2165/3134 2211/3133 2176/3128
f 2169/3123 2165/3134 2135/3122
f 2165/3134 2176/3128 2170/3135
f 2165/3134 2170/3135 2135/3122
f 2170/3135 2176/3128 2189/3129
f 2170/3135 2189/3129 2188/3136
f 2188/3136 2189/3129 2202/3101
f 2188/3136 2202/3101 2196/3104
f 2170/3135 2188/3136 2148/3137
f 2148/3137 2188/3136 2196/3104
f 2170/3135 2148/3137 2135/3122
f 2148/3137 2196/3104 2166/3138
f 2148/3137 2166/3138 2135/3122
f 2166/3138 2196/3104 2200/3107
f 2135/3122 2166/3138 2173/3108
f 2173/3108 2166/3138 2200/3107
f 2044/3139 2039/3140 1999/3141
f 2044/3139 1999/3141 1989/3142
f 2044/3139 1989/3142 1991/3143
f 1989/3142 1999/3141 1986/3144
f 2044/3139 1991/3143 2048/3145
f 1986/3144 1999/3141 1996/3146
f 2008/3147 1981/3148 1996/3146
f 1996/3146 1981/3148 1986/3144
f 1989/3142 1986/3144 1979/3149
f 1989/3142 1979/3149 1991/3143
f 2048/3145 1991/3143 1992/3150
f 2048/3145 1992/3150 1990/3151
f 1988/3152 1971/3153 1981/3148
f 1986/3144 1981/3148 1968/3154
f 1968/3154 1981/3148 1971/3153
f 1968/3154 1971/3153 1967/3155
f 1967/3155 1971/3153 1926/3156
f 1967/3155 1926/3156 1921/3157
f 1967/3155 1921/3157 1968/3154
f 1986/3144 1968/3154 1974/3158
f 1986/3144 1974/3158 1979/3149
f 1968/3154 1921/3157 1900/3159
f 1900/3159 1921/3157 1895/3160
f 1895/3160 1921/3157 1898/3161
f 1895/3160 1898/3161 2251/3162
f 1895/3160 2251/3162 1900/3159
f 1968/3154 1900/3159 1929/3163
f 1968/3154 1929/3163 1974/3158
f 1929/3163 1900/3159 2244/3164
f 1929/3163 2244/3164 2240/3165
f 1929/3163 2240/3165 1924/3166
f 1929/3163 1924/3166 1974/3158
f 1974/3158 1924/3166 1932/3167
f 1932/3167 1924/3166 2237/3168
f 1974/3158 1932/3167 1979/3149
f 1932/3167 2237/3168 1890/3169
f 1932/3167 1890/3169 1933/3170
f 1932/3167 1933/3170 1979/3149
f 1933/3170 1890/3169 2229/3171
f 1933/3170 2229/3171 1930/3172
f 1933/3170 1930/3172 1979/3149
f 1930/3172 2229/3171 2247/3173
f 1930/3172 2247/3173 1902/3174
f 1979/3149 1930/3172 1984/3175
f 1984/3175 1930/3172 1902/3174
f 1979/3149 1984/3175 1991/3143
f 1984/3175 1902/3174 1935/3176
f 1935/3176 1902/3174 1892/3177
f 1991/3143 1984/3175 1983/3178
f 1983/3178 1984/3175 1935/3176
f 1991/3143 1983/3178 1992/3150
f 1935/3176 1892/3177 1936/3179
f 1935/3176 1936/3179 1983/3178
f 1936/3179 1892/3177 1894/3180
f 1992/3150 1983/3178 1982/3181
f 1982/3181 1983/3178 1936/3179
f 1992/3150 1982/3181 1990/3151
f 1936/3179 1894/3180 1944/3182
f 1936/3179 1944/3182 1982/3181
f 1944/3182 1894/3180 1896/3183
f 1990/3151 1982/3181 1977/3184
f 1977/3184 1982/3181 1944/3182
f 1977/3184 1944/3182 1896/3183
f 1990/3151 1977/3184 1978/3185
f 1977/3184 1896/3183 1931/3186
f 1977/3184 1931/3186 1978/3185
f 1931/3186 1896/3183 2233/3187
f 1978/3185 1931/3186 1934/3188
f 1934/3188 1931/3186 2227/3189
f 1934/3188 2227/3189 1925/3190
f 1978/3185 1934/3188 1975/3191
f 1975/3191 1934/3188 1925/3190
f 1978/3185 1975/3191 1987/3192
f 1975/3191 1925/3190 1970/3193
f 1975/3191 1970/3193 1987/3192
f 1987/3192 1970/3193 1980/3194
f 2244/3195 1900/3196 2290/3197
f 2290/3197 1900/3196 2251/3198
f 2244/3195 2290/3197 2285/3199
f 2244/3195 2285/3199 2240/3200
f 2290/3197 2251/3198 2294/3201
f 2290/3197 2294/3201 2298/3202
f 2294/3201 2251/3198 2260/3203
f 2290/3197 2298/3202 2299/3204
f 2290/3197 2299/3204 2285/3199
f 2260/3203 2251/3198 2243/3205
f 2243/3205 2251/3198 1898/3206
f 2243/3205 1898/3206 2245/3207
f 2243/3205 2245/3207 2246/3208
f 2260/3203 2243/3205 2255/3209
f 2255/3209 2243/3205 2246/3208
f 2293/3210 2294/3201 2260/3203
f 2293/3210 2260/3203 2255/3209
f 2294/3201 2293/3210 2298/3202
f 2293/3210 2255/3209 2296/3211
f 2293/3210 2296/3211 2298/3202
f 2255/3209 2246/3208 2295/3212
f 2255/3209 2295/3212 2296/3211
f 2296/3211 2295/3212 2298/3202
f 2295/3212 2246/3208 2305/3213
f 2295/3212 2305/3213 2298/3202
f 2298/3202 2305/3213 2306/3214
f 2298/3202 2306/3214 2299/3204
f 2299/3204 2306/3214 2360/3215
f 2299/3204 2360/3215 2354/3216
f 2299/3204 2354/3216 2300/3217
f 2300/3217 2354/3216 2345/3218
f 2345/3218 2354/3216 2355/3219
f 2300/3217 2345/3218 2286/3220
f 2299/3204 2300/3217 2285/3199
f 2285/3199 2300/3217 2286/3220
f 2285/3199 2286/3220 2283/3221
f 2285/3199 2283/3221 2249/3222
f 2285/3199 2249/3222 2240/3200
f 2240/3200 2249/3222 1924/3223
f 1924/3223 2249/3222 2237/3224
f 2237/3224 2249/3222 2283/3221
f 2237/3224 2283/3221 1890/3225
f 1890/3226 2283/3227 2280/3228
f 1890/3226 2280/3228 2229/3229
f 2280/3228 2283/3227 2286/3230
f 2229/3229 2280/3228 2247/3231
f 2280/3228 2286/3230 2284/3232
f 2247/3231 2280/3228 2275/3233
f 2275/3233 2280/3228 2284/3232
f 2247/3231 2275/3233 1902/3234
f 1902/3234 2275/3233 1892/3235
f 2284/3232 2286/3230 2341/3236
f 1892/3235 2275/3233 2274/3237
f 2274/3237 2275/3233 2284/3232
f 1892/3235 2274/3237 1894/3238
f 1894/3238 2274/3237 2276/3239
f 1894/3238 2276/3239 1896/3240
f 1896/3240 2276/3239 2233/3241
f 2284/3232 2341/3236 2338/3242
f 2274/3237 2284/3232 2288/3243
f 2274/3237 2288/3243 2276/3239
f 2288/3243 2284/3232 2338/3242
f 2338/3242 2341/3236 2348/3244
f 2233/3241 2276/3239 2227/3245
f 2233/3241 2227/3245 1931/3246
f 2227/3245 2276/3239 2279/3247
f 2279/3247 2276/3239 2288/3243
f 2227/3245 2279/3247 2282/3248
f 2227/3245 2282/3248 2248/3249
f 2227/3245 2248/3249 1925/3250
f 1925/3250 2248/3249 2252/3251
f 2252/3251 2248/3249 2282/3248
f 1925/3250 2252/3251 2234/3252
f 2234/3252 2252/3251 2282/3248
f 2282/3248 2279/3247 2287/3253
f 2287/3253 2279/3247 2288/3243
f 2234/3252 2282/3248 2291/3254
f 2234/3252 2291/3254 2241/3255
f 2234/3252 2241/3255 1919/3256
f 1919/3256 2241/3255 2291/3254
f 2291/3254 2282/3248 2292/3257
f 2292/3257 2282/3248 2287/3253
f 2291/3254 2292/3257 2297/3258
f 2297/3258 2292/3257 2303/3259
f 2303/3259 2292/3257 2362/3260
f 2292/3257 2287/3253 2350/3261
f 2292/3257 2350/3261 2362/3260
f 2350/3261 2287/3253 2335/3262
f 2335/3262 2287/3253 2288/3243
f 2362/3260 2350/3261 2357/3263
f 2335/3262 2288/3243 2310/3264
f 2310/3264 2288/3243 2333/3265
f 2310/3264 2333/3265 2335/3262
f 2333/3265 2288/3243 2338/3242
f 2350/3261 2335/3262 2353/3266
f 2350/3261 2353/3266 2357/3263
f 2335/3262 2333/3265 2346/3267
f 2335/3262 2346/3267 2353/3266
f 2333/3265 2338/3242 2347/3268
f 2333/3265 2347/3268 2346/3267
f 2347/3268 2338/3242 2348/3244
f 2347/3268 2348/3244 2414/3269
f 2414/3269 2348/3244 2417/3270
f 2346/3267 2347/3268 2413/3271
f 2413/3271 2347/3268 2414/3269
f 2412/3272 2353/3266 2346/3267
f 2412/3272 2346/3267 2413/3271
f 2353/3266 2412/3272 2420/3273
f 2413/3271 2414/3269 2425/3274
f 2425/3274 2414/3269 2417/3270
f 2412/3272 2413/3271 2424/3275
f 2424/3275 2413/3271 2425/3274
f 2420/3273 2412/3272 2426/3276
f 2426/3276 2412/3272 2424/3275
f 2353/3266 2420/3273 2422/3277
f 2422/3277 2420/3273 2426/3276
f 2353/3266 2422/3277 2357/3263
f 2425/3274 2417/3270 2431/3278
f 2431/3278 2417/3270 2428/3279
f 2431/3278 2428/3279 2516/3280
f 2431/3278 2516/3280 2508/3281
f 2431/3278 2508/3281 2425/3274
f 2508/3281 2516/3280 2515/3282
f 2425/3274 2508/3281 2492/3283
f 2425/3274 2492/3283 2424/3275
f 2508/3281 2515/3282 2520/3284
f 2508/3281 2520/3284 2492/3283
f 2424/3275 2492/3283 2501/3285
f 2501/3285 2492/3283 2520/3284
f 2424/3275 2501/3285 2426/3276
f 2520/3284 2515/3282 2500/3286
f 2500/3286 2515/3282 2474/3287
f 2501/3285 2520/3284 2521/3288
f 2426/3276 2501/3285 2504/3289
f 2504/3289 2501/3285 2521/3288
f 2521/3288 2520/3284 2523/3290
f 2523/3290 2520/3284 2500/3286
f 2504/3289 2521/3288 2533/3291
f 2533/3291 2521/3288 2523/3290
f 2426/3276 2504/3289 2439/3292
f 2439/3292 2504/3289 2533/3291
f 2426/3276 2439/3292 2422/3277
f 2422/3277 2439/3292 2427/3293
f 2422/3277 2427/3293 2357/3263
f 2439/3292 2533/3291 2444/3294
f 2439/3292 2444/3294 2427/3293
f 2357/3263 2427/3293 2364/3295
f 2357/3263 2364/3295 2362/3260
f 2364/3295 2427/3293 2435/3296
f 2435/3296 2427/3293 2444/3294
f 2362/3260 2364/3295 2377/3297
f 2377/3297 2364/3295 2435/3296
f 2362/3260 2377/3297 2373/3298
f 2373/3298 2377/3297 2381/3299
f 2381/3299 2377/3297 2388/3300
f 2388/3300 2377/3297 2451/3301
f 2377/3297 2435/3296 2443/3302
f 2377/3297 2443/3302 2451/3301
f 2443/3302 2435/3296 2444/3294
f 2451/3301 2443/3302 2461/3303
f 2461/3303 2443/3302 2455/3304
f 2455/3304 2443/3302 2444/3294
f 2461/3303 2455/3304 2576/3305
f 2455/3304 2444/3294 2559/3306
f 2455/3304 2559/3306 2576/3305
f 2559/3306 2444/3294 2555/3307
f 2559/3306 2555/3307 2576/3305
f 2555/3307 2444/3294 2533/3291
f 2576/3305 2555/3307 2571/3308
f 2555/3307 2533/3291 2538/3309
f 2538/3309 2533/3291 2523/3290
f 2571/3308 2555/3307 2551/3310
f 2551/3310 2555/3307 2538/3309
f 2571/3308 2551/3310 2526/3311
f 2571/3308 2526/3311 2541/3312
f 2551/3310 2538/3309 2495/3313
f 2551/3310 2495/3313 2526/3311
f 2538/3309 2523/3290 2481/3314
f 2538/3309 2481/3314 2495/3313
f 2495/3313 2481/3314 2526/3311
f 2526/3311 2481/3314 2541/3312
f 2481/3314 2523/3290 2500/3286
f 2541/3312 2481/3314 2522/3315
f 2481/3314 2500/3286 2476/3316
f 2522/3315 2481/3314 2490/3317
f 2490/3317 2481/3314 2476/3316
f 2476/3316 2500/3286 2473/3318
f 2476/3316 2473/3318 2490/3317
f 2473/3318 2500/3286 2474/3287
f 2522/3315 2490/3317 2524/3319
f 2524/3319 2490/3317 2473/3318
f 2522/3315 2524/3319 2549/3320
f 2473/3318 2474/3287 2493/3321
f 2473/3318 2493/3321 2524/3319
f 2493/3321 2474/3287 2472/3322
f 2493/3321 2472/3322 2517/3323
f 2493/3321 2517/3323 2524/3319
f 2524/3319 2517/3323 2554/3324
f 2238/3325 1919/3326 2291/3327
f 2238/3325 2291/3327 2297/3328
f 2238/3325 2297/3328 2254/3329
f 2238/3325 2254/3329 1911/3330
f 1911/3330 2254/3329 1908/3331
f 1908/3331 2254/3329 2226/3332
f 2226/3332 2254/3329 2302/3333
f 2302/3333 2254/3329 2297/3328
f 2226/3332 2302/3333 1901/3334
f 2302/3333 2297/3328 2308/3335
f 2308/3335 2297/3328 2303/3336
f 1901/3334 2302/3333 2225/3337
f 1901/3334 2225/3337 1922/3338
f 2225/3337 2302/3333 2304/3339
f 2304/3339 2302/3333 2308/3335
f 2225/3337 2304/3339 2256/3340
f 2225/3337 2256/3340 1912/3341
f 2304/3339 2308/3335 2314/3342
f 2314/3342 2308/3335 2352/3343
f 2352/3343 2308/3335 2373/3344
f 2352/3343 2373/3344 2381/3345
f 2373/3344 2308/3335 2343/3346
f 2343/3346 2308/3335 2303/3336
f 2373/3344 2343/3346 2362/3347
f 2343/3346 2303/3336 2330/3348
f 2330/3348 2303/3336 2362/3347
f 2330/3348 2362/3347 2343/3346
f 2314/3349 2309/3350 2304/3351
f 2381/3352 2314/3349 2352/3353
f 2309/3350 2314/3349 2325/3354
f 2314/3349 2381/3352 2392/3355
f 2314/3349 2392/3355 2325/3354
f 2392/3355 2381/3352 2394/3356
f 2394/3356 2381/3352 2388/3357
f 2394/3356 2388/3357 2451/3358
f 2394/3356 2451/3358 2456/3359
f 2456/3359 2451/3358 2461/3360
f 2456/3359 2461/3360 2471/3361
f 2394/3356 2456/3359 2458/3362
f 2458/3362 2456/3359 2471/3361
f 2471/3361 2461/3360 2576/3363
f 2401/3364 2392/3355 2394/3356
f 2401/3364 2394/3356 2458/3362
f 2392/3355 2401/3364 2397/3365
f 2392/3355 2397/3365 2325/3354
f 2401/3364 2458/3362 2408/3366
f 2401/3364 2408/3366 2397/3365
f 2471/3361 2576/3363 2590/3367
f 2590/3367 2576/3363 2571/3368
f 2484/3369 2458/3362 2471/3361
f 2471/3361 2590/3367 2575/3370
f 2471/3361 2575/3370 2484/3369
f 2590/3367 2571/3368 2582/3371
f 2590/3367 2582/3371 2575/3370
f 2582/3371 2571/3368 2541/3372
f 2467/3373 2408/3366 2458/3362
f 2467/3373 2458/3362 2484/3369
f 2408/3366 2467/3373 2470/3374
f 2470/3374 2467/3373 2484/3369
f 2598/3375 2484/3369 2575/3370
f 2598/3375 2575/3370 2582/3371
f 2582/3371 2541/3372 2593/3376
f 2582/3371 2593/3376 2598/3375
f 2593/3376 2541/3372 2543/3377
f 2543/3377 2541/3372 2522/3378
f 2543/3377 2522/3378 2549/3379
f 2543/3377 2549/3379 2593/3376
f 2593/3376 2549/3379 2554/3380
f 2554/3380 2549/3379 2524/3381
f 2593/3376 2554/3380 2594/3382
f 2600/3383 2598/3375 2593/3376
f 2600/3383 2593/3376 2594/3382
f 2598/3375 2600/3383 2587/3384
f 2598/3375 2587/3384 2484/3369
f 2484/3369 2587/3384 2486/3385
f 2484/3369 2486/3385 2470/3374
f 2587/3384 2600/3383 2595/3386
f 2587/3384 2595/3386 2486/3385
f 2595/3386 2600/3383 2599/3387
f 2599/3387 2600/3383 2594/3382
f 2486/3385 2595/3386 2485/3388
f 2486/3385 2485/3388 2470/3374
f 2595/3386 2599/3387 2591/3389
f 2595/3386 2591/3389 2485/3388
f 2599/3387 2594/3382 2597/3390
f 2599/3387 2597/3390 2592/3391
f 2597/3390 2594/3382 2578/3392
f 2597/3390 2578/3392 2592/3391
f 2599/3387 2592/3391 2596/3393
f 2592/3391 2578/3392 2577/3394
f 2599/3387 2596/3393 2588/3395
f 2599/3387 2588/3395 2591/3389
f 2546/3396 2539/3397 2577/3394
f 2546/3396 2577/3394 2552/3398
f 2552/3398 2577/3394 2578/3392
f 2552/3398 2578/3392 2545/3399
f 2545/3399 2578/3392 2594/3382
f 2552/3398 2545/3399 2535/3400
f 2545/3399 2594/3382 2554/3380
f 2545/3399 2554/3380 2517/3401
f 2572/3402 2588/3395 2596/3393
f 2572/3402 2596/3393 2573/3403
f 2572/3402 2573/3403 2477/3404
f 2588/3395 2572/3402 2479/3405
f 2479/3405 2572/3402 2477/3404
f 2469/3406 2457/3407 2477/3404
f 2477/3404 2457/3407 2460/3408
f 2477/3404 2460/3408 2479/3405
f 2460/3408 2457/3407 2399/3409
f 2399/3409 2457/3407 2396/3410
f 2460/3408 2399/3409 2400/3411
f 2479/3405 2460/3408 2462/3412
f 2462/3412 2460/3408 2400/3411
f 2462/3412 2400/3411 2464/3413
f 2462/3412 2464/3413 2479/3405
f 2464/3413 2400/3411 2403/3414
f 2482/3415 2588/3395 2479/3405
f 2482/3415 2479/3405 2464/3413
f 2588/3395 2482/3415 2591/3389
f 2591/3389 2482/3415 2485/3388
f 2482/3415 2464/3413 2468/3416
f 2482/3415 2468/3416 2485/3388
f 2464/3413 2403/3414 2407/3417
f 2464/3413 2407/3417 2468/3416
f 2485/3388 2468/3416 2465/3418
f 2465/3418 2468/3416 2407/3417
f 2485/3388 2465/3418 2470/3374
f 2465/3418 2407/3417 2409/3419
f 2465/3418 2409/3419 2470/3374
f 2470/3374 2409/3419 2410/3420
f 2470/3374 2410/3420 2408/3366
f 2409/3419 2407/3417 2404/3421
f 2409/3419 2404/3421 2410/3420
f 2408/3366 2410/3420 2406/3422
f 2406/3422 2410/3420 2404/3421
f 2408/3366 2406/3422 2397/3365
f 2402/3423 2407/3417 2403/3414
f 2407/3417 2402/3423 2404/3421
f 2402/3423 2403/3414 2398/3424
f 2398/3424 2403/3414 2405/3425
f 2402/3423 2398/3424 2378/3426
f 2404/3421 2402/3423 2339/3427
f 2339/3427 2402/3423 2378/3426
f 2385/3428 2406/3422 2404/3421
f 2337/3429 2397/3365 2406/3422
f 2404/3421 2339/3427 2340/3430
f 2404/3421 2340/3430 2385/3428
f 2339/3427 2378/3426 2334/3431
f 2334/3431 2378/3426 2374/3432
f 2334/3431 2374/3432 2329/3433
f 2334/3431 2329/3433 2319/3434
f 2334/3431 2319/3434 2339/3427
f 2319/3434 2329/3433 2317/3435
f 2328/3436 2340/3430 2339/3427
f 2328/3436 2339/3427 2319/3434
f 2316/3437 2277/3438 2317/3435
f 2319/3434 2317/3435 2278/3439
f 2278/3439 2317/3435 2277/3438
f 2278/3439 2277/3438 2230/3440
f 2230/3440 2277/3438 2235/3441
f 2278/3439 2230/3440 2232/3442
f 2278/3439 2232/3442 2273/3443
f 2278/3439 2273/3443 2319/3434
f 2273/3443 2232/3442 2236/3444
f 2319/3434 2273/3443 2324/3445
f 2319/3434 2324/3445 2328/3436
f 2273/3443 2236/3444 2259/3446
f 2259/3446 2236/3444 1905/3447
f 2324/3445 2273/3443 2289/3448
f 2289/3448 2273/3443 2259/3446
f 2328/3436 2324/3445 2323/3449
f 2323/3449 2324/3445 2289/3448
f 2289/3448 2259/3446 2272/3450
f 2289/3448 2272/3450 2323/3449
f 2272/3450 2259/3446 1889/3451
f 2328/3436 2323/3449 2326/3452
f 2326/3452 2323/3449 2272/3450
f 2272/3450 1889/3451 2271/3453
f 2272/3450 2271/3453 2326/3452
f 2271/3453 1889/3451 1899/3454
f 2271/3453 1899/3454 2228/3455
f 2328/3436 2326/3452 2331/3456
f 2328/3436 2331/3456 2340/3430
f 2326/3452 2271/3453 2327/3457
f 2326/3452 2327/3457 2331/3456
f 2271/3453 2228/3455 2270/3458
f 2271/3453 2270/3458 2327/3457
f 2270/3458 2228/3455 2257/3459
f 2270/3458 2257/3459 2281/3460
f 2270/3458 2281/3460 2327/3457
f 2281/3460 2257/3459 2242/3461
f 2331/3456 2327/3457 2322/3462
f 2322/3462 2327/3457 2281/3460
f 2281/3460 2242/3461 2264/3463
f 2281/3460 2264/3463 2322/3462
f 2322/3462 2264/3463 2321/3464
f 2321/3464 2264/3463 2318/3465
f 2321/3464 2318/3465 2322/3462
f 2318/3465 2264/3463 2261/3466
f 2318/3465 2261/3466 2268/3467
f 2322/3462 2337/3429 2331/3456
f 2337/3429 2322/3462 2318/3465
f 2318/3465 2268/3467 2313/3468
f 2250/3469 2267/3470 2268/3467
f 2268/3467 2267/3470 2313/3468
f 2313/3468 2267/3470 2269/3471
f 2318/3465 2313/3468 2336/3472
f 2318/3465 2336/3472 2337/3429
f 2337/3429 2336/3472 2397/3365
f 2397/3365 2336/3472 2325/3354
f 2325/3354 2336/3472 2313/3468
f 2313/3468 2269/3471 2311/3473
f 2313/3468 2311/3473 2325/3354
f 2311/3473 2269/3471 2263/3474
f 2325/3354 2311/3473 2309/3350
f 2309/3350 2311/3473 2253/3475
f 2344/3476 2331/3456 2337/3429
f 2331/3456 2344/3476 2340/3430
f 2344/3476 2337/3429 2379/3477
f 2379/3477 2337/3429 2406/3422
f 2340/3430 2344/3476 2351/3478
f 2351/3478 2344/3476 2379/3477
f 2340/3430 2351/3478 2385/3428
f 2379/3477 2406/3422 2385/3428
f 2385/3428 2351/3478 2367/3479
f 2351/3478 2379/3477 2363/3480
f 2351/3478 2363/3480 2367/3479
f 2379/3477 2385/3428 2391/3481
f 2391/3481 2385/3428 2367/3479
f 2379/3477 2391/3481 2363/3480
f 2363/3480 2391/3481 2367/3479
f 1889/3482 2259/3483 1905/3484
f 1889/3482 1905/3484 1940/3485
f 1940/3485 1905/3484 1916/3486
f 1916/3486 1905/3484 2236/3487
f 1916/3486 2236/3487 2232/3488
f 1940/3485 1916/3486 1943/3489
f 1916/3486 2232/3488 2230/3490
f 1916/3486 2230/3490 1923/3491
f 1916/3486 1923/3491 1943/3489
f 1923/3491 2230/3490 2235/3492
f 1943/3489 1923/3491 1945/3493
f 1945/3493 1923/3491 2235/3492
f 1943/3489 1945/3493 1954/3494
f 1945/3493 2235/3492 1893/3495
f 1945/3493 1893/3495 1947/3496
f 1945/3493 1947/3496 1954/3494
f 1947/3496 1893/3495 1910/3497
f 1954/3494 1947/3496 1951/3498
f 1951/3498 1947/3496 1910/3497
f 1954/3494 1951/3498 1957/3499
f 1957/3499 1951/3498 1960/3500
f 1960/3500 1951/3498 1956/3501
f 1956/3501 1951/3498 1920/3502
f 1951/3498 1910/3497 1918/3503
f 1951/3498 1918/3503 1920/3502
f 1918/3503 1910/3497 2239/3504
f 1920/3502 1918/3503 2231/3505
f 1910/3506 1893/3507 2239/3508
f 1918/3509 2239/3508 2231/3510
f 2231/3510 2239/3508 2262/3511
f 2262/3511 2239/3508 2312/3512
f 2239/3508 1893/3507 2265/3513
f 2239/3508 2265/3513 2312/3512
f 2265/3513 1893/3507 2266/3514
f 2266/3514 1893/3507 2235/3515
f 2266/3514 2235/3515 2277/3516
f 2266/3514 2277/3516 2316/3517
f 2265/3513 2266/3514 2315/3518
f 2265/3513 2315/3518 2312/3512
f 2315/3518 2266/3514 2316/3517
f 2312/3512 2315/3518 2320/3519
f 2315/3518 2316/3517 2329/3520
f 2315/3518 2329/3520 2320/3519
f 2329/3520 2316/3517 2317/3521
f 2320/3519 2329/3520 2332/3522
f 2332/3522 2329/3520 2383/3523
f 2383/3523 2329/3520 2374/3524
f 2383/3523 2374/3524 2375/3525
f 2383/3523 2375/3525 2382/3526
f 2332/3522 2383/3523 2386/3527
f 2383/3523 2382/3526 2395/3528
f 2383/3523 2395/3528 2386/3527
f 2386/3527 2395/3528 2396/3529
f 1960/3530 1956/3531 1920/3532
f 2262/3533 2312/3534 2301/3535
f 2301/3535 2312/3534 2307/3536
f 2307/3536 2312/3534 2320/3537
f 2332/3538 2386/3539 2369/3540
f 2369/3540 2386/3539 2380/3541
f 2380/3541 2386/3539 2389/3542
f 2389/3542 2386/3539 2396/3543
f 2389/3542 2396/3543 2454/3544
f 2454/3544 2396/3543 2457/3545
f 2454/3544 2457/3545 2469/3546
f 2389/3542 2454/3544 2453/3547
f 2453/3547 2454/3544 2469/3546
f 2380/3541 2389/3542 2387/3548
f 2387/3548 2389/3542 2453/3547
f 2387/3548 2453/3547 2450/3549
f 2453/3547 2469/3546 2466/3550
f 2453/3547 2466/3550 2450/3549
f 2387/3548 2450/3549 2448/3551
f 2448/3551 2450/3549 2466/3550
f 2380/3541 2387/3548 2384/3552
f 2384/3552 2387/3548 2448/3551
f 2380/3541 2384/3552 2440/3553
f 2380/3541 2440/3553 2445/3554
f 2440/3553 2384/3552 2438/3555
f 2440/3553 2438/3555 2445/3554
f 2438/3555 2384/3552 2448/3551
f 2438/3555 2448/3551 2445/3554
f 2445/3554 2448/3551 2459/3556
f 2463/3557 2448/3551 2466/3550
f 2448/3551 2463/3557 2459/3556
f 2459/3556 2463/3557 2570/3558
f 2459/3556 2570/3558 2503/3559
f 2463/3557 2466/3550 2565/3560
f 2463/3557 2565/3560 2570/3558
f 2503/3559 2570/3558 2564/3561
f 2564/3561 2570/3558 2569/3562
f 2564/3561 2569/3562 2557/3563
f 2569/3562 2570/3558 2581/3564
f 2581/3564 2570/3558 2565/3560
f 2569/3562 2581/3564 2566/3565
f 2566/3565 2581/3564 2574/3566
f 2574/3566 2581/3564 2565/3560
f 2566/3565 2574/3566 2556/3567
f 2556/3567 2574/3566 2567/3568
f 2567/3568 2574/3566 2568/3569
f 2567/3568 2568/3569 2562/3570
f 2574/3566 2565/3560 2589/3571
f 2574/3566 2589/3571 2568/3569
f 2562/3570 2568/3569 2536/3572
f 2589/3571 2565/3560 2573/3573
f 2573/3573 2565/3560 2466/3550
f 2573/3573 2466/3550 2469/3546
f 2573/3573 2469/3546 2477/3574
f 2589/3571 2573/3573 2596/3575
f 2589/3571 2596/3575 2592/3576
f 2589/3571 2592/3576 2580/3577
f 2589/3571 2580/3577 2568/3569
f 2580/3577 2592/3576 2577/3578
f 2568/3569 2580/3577 2563/3579
f 2563/3579 2580/3577 2577/3578
f 2568/3569 2563/3579 2531/3580
f 2531/3580 2563/3579 2577/3578
f 2568/3569 2531/3580 2536/3572
f 2531/3580 2577/3578 2539/3581
f 2536/3572 2531/3580 2518/3582
f 2536/3572 2518/3582 2553/3583
f 2553/3583 2518/3582 2509/3584
f 2509/3584 2518/3582 2531/3580
f 2509/3584 2531/3580 2539/3581
f 2509/3584 2539/3581 2528/3585
f 2528/3585 2539/3581 2530/3586
f 2530/3586 2539/3581 2546/3587
f 2395/3588 2382/3589 2497/3590
f 2399/3591 2396/3592 2395/3588
f 2399/3591 2395/3588 2400/3593
f 2395/3588 2497/3590 2405/3594
f 2395/3588 2405/3594 2400/3593
f 2400/3593 2405/3594 2403/3595
f 2405/3594 2497/3590 2514/3596
f 2405/3594 2514/3596 2398/3597
f 2398/3597 2514/3596 2512/3598
f 2398/3597 2512/3598 2378/3599
f 2503/3600 2564/3601 2499/3602
f 2499/3602 2564/3601 2557/3603
f 2499/3602 2557/3603 2483/3604
f 2499/3602 2483/3604 2496/3605
f 2496/3605 2483/3604 2475/3606
f 2483/3604 2557/3603 2447/3607
f 2475/3606 2483/3604 2446/3608
f 2446/3608 2483/3604 2447/3607
f 2446/3608 2447/3607 2437/3609
f 2446/3608 2437/3609 2433/3610
f 2446/3608 2433/3610 2436/3611
f 2446/3608 2436/3611 2449/3612
f 2436/3611 2433/3610 2371/3613
f 2449/3612 2436/3611 2393/3614
f 2436/3611 2371/3613 2376/3615
f 2436/3611 2376/3615 2393/3614
f 2376/3615 2371/3613 2372/3616
f 2376/3615 2372/3616 2393/3614
f 2372/3616 2371/3613 2365/3617
f 2372/3616 2365/3617 2393/3614
f 2557/3618 2569/3619 2558/3620
f 2557/3618 2558/3620 2447/3621
f 2558/3620 2569/3619 2561/3622
f 2561/3622 2569/3619 2566/3623
f 2561/3622 2566/3623 2556/3624
f 2561/3622 2556/3624 2558/3620
f 2447/3621 2558/3620 2452/3625
f 2447/3621 2452/3625 2437/3626
f 2452/3625 2558/3620 2532/3627
f 2532/3627 2558/3620 2556/3624
f 2437/3626 2452/3625 2442/3628
f 2442/3628 2452/3625 2532/3627
f 2437/3626 2442/3628 2432/3629
f 2437/3626 2432/3629 2433/3630
f 2433/3630 2432/3629 2371/3631
f 2371/3631 2432/3629 2368/3632
f 2371/3631 2368/3632 2365/3633
f 2365/3633 2368/3632 2360/3634
f 2368/3632 2432/3629 2430/3635
f 2430/3635 2432/3629 2442/3628
f 2360/3634 2368/3632 2366/3636
f 2366/3636 2368/3632 2430/3635
f 2360/3634 2366/3636 2354/3637
f 2430/3635 2442/3628 2429/3638
f 2430/3635 2429/3638 2366/3636
f 2354/3637 2366/3636 2359/3639
f 2359/3639 2366/3636 2429/3638
f 2354/3637 2359/3639 2355/3640
f 2359/3639 2429/3638 2423/3641
f 2359/3639 2423/3641 2355/3640
f 2429/3638 2442/3628 2441/3642
f 2429/3638 2441/3642 2423/3641
f 2441/3642 2442/3628 2532/3627
f 2355/3640 2423/3641 2421/3643
f 2355/3640 2421/3643 2361/3644
f 2361/3644 2421/3643 2416/3645
f 2421/3643 2423/3641 2428/3646
f 2423/3641 2441/3642 2434/3647
f 2423/3641 2434/3647 2428/3646
f 2441/3642 2532/3627 2519/3648
f 2441/3642 2519/3648 2434/3647
f 2428/3646 2434/3647 2510/3649
f 2510/3649 2434/3647 2519/3648
f 2428/3646 2510/3649 2516/3650
f 2519/3648 2532/3627 2550/3651
f 2510/3649 2519/3648 2525/3652
f 2510/3649 2525/3652 2516/3650
f 2525/3652 2519/3648 2550/3651
f 2550/3651 2532/3627 2556/3624
f 2516/3650 2525/3652 2527/3653
f 2525/3652 2550/3651 2537/3654
f 2525/3652 2537/3654 2527/3653
f 2516/3650 2527/3653 2515/3655
f 2550/3651 2556/3624 2547/3656
f 2550/3651 2547/3656 2537/3654
f 2547/3656 2556/3624 2560/3657
f 2560/3657 2556/3624 2567/3658
f 2560/3657 2567/3658 2562/3659
f 2515/3655 2527/3653 2502/3660
f 2515/3655 2502/3660 2474/3661
f 2474/3661 2502/3660 2472/3662
f 2502/3660 2527/3653 2478/3663
f 2502/3660 2478/3663 2472/3662
f 2560/3657 2562/3659 2529/3664
f 2529/3664 2562/3659 2536/3665
f 2505/3666 2547/3656 2560/3657
f 2505/3666 2560/3657 2529/3664
f 2547/3656 2505/3666 2537/3654
f 2480/3667 2527/3653 2537/3654
f 2527/3653 2480/3667 2478/3663
f 2529/3664 2536/3665 2548/3668
f 2548/3668 2536/3665 2553/3669
f 2529/3664 2548/3668 2540/3670
f 2529/3664 2540/3670 2505/3666
f 2548/3668 2553/3669 2585/3671
f 2585/3671 2553/3669 2542/3672
f 2542/3672 2553/3669 2509/3673
f 2548/3668 2585/3671 2586/3674
f 2548/3668 2586/3674 2540/3670
f 2586/3674 2585/3671 2583/3675
f 2583/3675 2585/3671 2542/3672
f 2540/3670 2586/3674 2579/3676
f 2542/3672 2509/3673 2506/3677
f 2506/3677 2509/3673 2528/3678
f 2506/3677 2528/3678 2530/3679
f 2579/3676 2586/3674 2584/3680
f 2584/3680 2586/3674 2583/3675
f 2540/3670 2579/3676 2544/3681
f 2544/3681 2579/3676 2584/3680
f 2540/3670 2544/3681 2505/3666
f 2584/3680 2583/3675 2534/3682
f 2584/3680 2534/3682 2544/3681
f 2534/3682 2583/3675 2542/3672
f 2505/3666 2544/3681 2511/3683
f 2511/3683 2544/3681 2534/3682
f 2505/3666 2511/3683 2491/3684
f 2491/3684 2511/3683 2534/3682
f 2534/3682 2542/3672 2498/3685
f 2498/3685 2542/3672 2506/3677
f 2534/3682 2498/3685 2491/3684
f 2498/3685 2506/3677 2530/3679
f 2505/3666 2491/3684 2488/3686
f 2488/3686 2491/3684 2498/3685
f 2505/3666 2488/3686 2537/3654
f 2537/3654 2488/3686 2480/3667
f 2480/3667 2488/3686 2498/3685
f 2480/3667 2498/3685 2487/3687
f 2480/3667 2487/3687 2489/3688
f 2489/3688 2487/3687 2498/3685
f 2480/3667 2489/3688 2478/3663
f 2513/3689 2498/3685 2530/3679
f 2498/3685 2513/3689 2489/3688
f 2489/3688 2513/3689 2478/3663
f 2513/3689 2530/3679 2546/3690
f 2478/3663 2513/3689 2507/3691
f 2507/3691 2513/3689 2546/3690
f 2507/3691 2546/3690 2552/3692
f 2478/3663 2507/3691 2472/3662
f 2507/3691 2552/3692 2535/3693
f 2472/3662 2507/3691 2494/3694
f 2494/3694 2507/3691 2535/3693
f 2472/3662 2494/3694 2517/3695
f 2494/3694 2535/3693 2545/3696
f 2494/3694 2545/3696 2517/3695
f 2203/3697 2207/3698 2202/3699
f 2203/3697 2202/3699 2190/3700
f 2190/3700 2202/3699 2189/3701
f 2203/3697 2190/3700 2194/3702
f 2203/3697 2194/3702 2191/3703
f 2191/3703 2194/3702 2181/3704
f 2191/3703 2181/3704 2081/3705
f 2194/3702 2190/3700 2186/3706
f 2194/3702 2186/3706 2181/3704
f 2081/3705 2181/3704 2080/3707
f 2081/3705 2080/3707 2078/3708
f 2078/3708 2080/3707 2076/3709
f 2076/3709 2080/3707 2181/3704
f 2186/3706 2190/3700 2184/3710
f 2184/3710 2190/3700 2189/3701
f 2181/3704 2186/3706 2156/3711
f 2181/3704 2156/3711 2076/3709
f 2186/3706 2184/3710 2172/3712
f 2186/3706 2172/3712 2156/3711
f 2184/3710 2189/3701 2174/3713
f 2184/3710 2174/3713 2172/3712
f 2174/3713 2189/3701 2127/3714
f 2174/3713 2127/3714 2152/3715
f 2172/3712 2174/3713 2177/3716
f 2090/3717 2076/3709 2156/3711
f 2090/3717 2156/3711 2172/3712
f 2076/3709 2090/3717 2074/3718
f 2074/3718 2090/3717 2079/3719
f 2079/3719 2090/3717 2172/3712
f 2074/3718 2079/3719 2069/3720
f 2172/3712 2177/3716 2167/3721
f 2172/3712 2167/3721 2079/3719
f 2167/3721 2177/3716 2161/3722
f 2167/3721 2161/3722 2072/3723
f 2167/3721 2072/3723 2079/3719
f 2079/3719 2072/3723 2064/3724
f 2079/3719 2064/3724 2069/3720
f 2064/3724 2072/3723 2066/3725
f 2069/3720 2064/3724 2062/3726
f 2069/3720 2062/3726 2034/3727
f 2034/3727 2062/3726 2045/3728
f 2045/3728 2062/3726 2064/3724
f 2034/3727 2045/3728 2035/3729
f 2035/3729 2045/3728 2064/3724
f 2035/3729 2064/3724 2023/3730
f 2035/3729 2023/3730 2021/3731
f 2018/3732 2064/3724 2066/3725
f 2064/3724 2018/3732 2023/3730
f 2023/3730 2018/3732 2021/3731
f 2018/3732 2066/3725 2017/3733
f 2021/3731 2018/3732 2015/3734
f 2015/3734 2018/3732 2017/3733
f 2417/3735 2348/3736 2349/3737
f 2349/3737 2348/3736 2341/3738
f 2417/3735 2349/3737 2418/3739
f 2417/3735 2418/3739 2428/3740
f 2349/3737 2341/3738 2342/3741
f 2342/3741 2341/3738 2286/3742
f 2342/3741 2286/3742 2345/3743
f 2349/3737 2342/3741 2356/3744
f 2356/3744 2342/3741 2345/3743
f 2418/3739 2349/3737 2390/3745
f 2390/3745 2349/3737 2356/3744
f 2419/3746 2428/3740 2418/3739
f 2419/3746 2418/3739 2390/3745
f 2428/3740 2419/3746 2421/3747
f 2390/3745 2356/3744 2358/3748
f 2419/3746 2390/3745 2415/3749
f 2358/3748 2356/3744 2370/3750
f 2370/3750 2356/3744 2361/3751
f 2361/3751 2356/3744 2345/3743
f 2361/3751 2345/3743 2355/3752
f 2419/3746 2415/3749 2411/3753
f 2416/3754 2421/3747 2419/3746
f 2416/3754 2419/3746 2411/3753
f 2416/3754 2411/3753 2370/3755
f 2416/3754 2370/3755 2361/3756
o tripo_part_2
v 0.055122 0.057182 0.034302
v 0.055693 0.126671 0.178436
v 0.055991 0.053059 0.178299
v 0.056024 0.009056 0.117453
v 0.056268 0.181664 0.046295
v 0.057408 0.008759 0.088574
v 0.058321 0.142895 0.038544
v 0.058450 0.160400 0.166142
v 0.058577 0.142937 0.171242
v 0.058772 0.123810 0.174477
v 0.058957 0.016464 0.041290
v 0.059044 0.001045 0.154392
v 0.059068 0.057129 0.174530
v 0.059369 0.126884 0.031983
v 0.059435 0.041817 0.176735
v 0.059596 0.020218 0.166378
v 0.059825 0.001427 0.055801
v 0.059935 0.037930 0.037979
v 0.060017 0.164253 0.168930
v 0.060584 0.080504 0.178413
v 0.060672 0.123787 0.034699
v 0.060864 0.037315 0.171318
v 0.061644 0.128735 0.178536
v 0.062010 0.104784 0.178269
v 0.063622 0.100965 0.032135
v 0.063696 0.173904 0.153694
v 0.063911 0.179924 0.154244
v 0.063973 0.072077 0.032715
v 0.065591 0.180717 0.162079
v 0.066655 0.180717 0.057636
v 0.067655 0.008347 0.057491
v 0.068035 0.173752 0.117147
v 0.068059 0.008324 0.151890
v 0.069220 0.142273 0.173821
v 0.069890 0.141975 0.037064
v 0.069943 0.056828 0.173859
v 0.070238 0.019814 0.045685
v 0.070355 0.161278 0.164547
v 0.070607 0.000648 0.048912
v 0.070900 0.161186 0.046658
v 0.071226 0.123978 0.173676
v 0.071366 0.037701 0.169777
v 0.072144 0.055054 0.034706
v 0.072182 0.143055 0.041557
v 0.072230 0.016212 0.166062
v 0.072379 0.143063 0.168770
v 0.072745 0.037994 0.041718
v 0.072800 0.019623 0.163502
v 0.073246 0.056881 0.037788
v 0.073506 0.085371 0.177040
v 0.073893 0.123592 0.037994
v 0.073950 0.054489 0.175095
v 0.074063 0.164566 0.045071
v 0.075226 0.077168 0.034958
v 0.075247 0.000153 0.159927
v 0.075682 0.173195 0.092039
v 0.078505 0.041107 0.037979
v 0.078852 0.180962 0.051582
v 0.079016 0.134884 0.037293
v 0.079253 0.073414 0.173340
v 0.079373 0.017822 0.047161
v 0.079529 0.173943 0.062847
v 0.079905 0.095423 0.035782
v 0.080107 0.181885 0.156868
v 0.080399 0.173874 0.107982
v 0.080834 0.173698 0.092911
v 0.081414 0.126236 0.037460
v 0.082253 0.173531 0.144646
v 0.082878 0.180473 0.066002
v 0.083687 0.125378 0.171364
v 0.083750 0.002335 0.143635
v 0.084280 0.123772 0.167317
v 0.084788 0.053356 0.038391
v 0.085524 0.161766 0.052021
v 0.085822 0.165283 0.159599
v 0.086428 0.001511 0.068131
v 0.086478 0.160957 0.155995
v 0.086501 0.037209 0.160263
v 0.086615 0.140629 0.042938
v 0.086668 0.172722 0.121710
v 0.086882 0.008316 0.141373
v 0.087038 0.128708 0.039513
v 0.087321 0.142796 0.160572
v 0.087469 0.180466 0.140968
v 0.087515 0.093588 0.170960
v 0.087622 0.173828 0.118312
v 0.087954 0.057140 0.165192
v 0.088068 0.045017 0.042206
v 0.088145 0.142906 0.048039
v 0.089945 0.173904 0.137344
v 0.090876 0.043983 0.165119
v 0.091120 0.019257 0.153072
v 0.091296 0.142326 0.163799
v 0.091486 0.057030 0.045044
v 0.091757 0.001251 0.059250
v 0.091986 0.008461 0.076162
v 0.092856 0.091394 0.167736
v 0.093699 0.079137 0.042908
v 0.094359 0.017197 0.055493
v 0.094630 0.164009 0.056759
v 0.094851 0.016800 0.153156
v 0.095824 0.020088 0.060169
v 0.096064 0.038368 0.052178
v 0.096247 0.040936 0.048794
v 0.096434 0.161331 0.149075
v 0.096541 0.173752 0.084004
v 0.096644 0.008537 0.082958
v 0.096712 0.002945 0.128182
v 0.097239 0.180695 0.145195
v 0.097426 0.129448 0.163548
v 0.097826 0.019890 0.147965
v 0.097998 0.180534 0.065479
v 0.098334 0.142872 0.057110
v 0.098414 0.142826 0.153427
v 0.098421 0.173691 0.125631
v 0.098696 0.003120 0.145229
v 0.098750 0.037445 0.152870
v 0.098780 0.173653 0.091224
v 0.098792 0.179810 0.126810
v 0.099085 0.008560 0.122696
v 0.099532 0.180519 0.087814
v 0.100001 0.008453 0.119742
v 0.100344 0.009102 0.092373
v 0.100352 0.001205 0.089514
v 0.100634 0.000000 0.131333
v 0.100733 0.173882 0.112042
v 0.100912 0.180298 0.112115
v 0.101138 0.054768 0.161270
v 0.101488 0.057045 0.156189
v 0.101786 0.038319 0.057942
v 0.101889 0.123512 0.053860
v 0.101931 0.123951 0.156693
v 0.102293 0.001175 0.111932
v 0.102515 0.105720 0.049576
v 0.102732 0.008209 0.109663
v 0.102984 0.057121 0.054669
v 0.104704 0.074787 0.157990
v 0.104857 0.099001 0.158402
v 0.105650 0.141502 0.058262
v 0.105803 0.179779 0.130917
v 0.106032 0.104175 0.053440
v 0.106043 0.082583 0.052326
v 0.106226 0.178169 0.087139
v 0.106287 0.039623 0.152294
v 0.106944 0.181572 0.082506
v 0.106978 0.141781 0.151001
v 0.107954 0.161385 0.074295
v 0.108477 0.016586 0.071949
v 0.108897 0.000504 0.082220
v 0.109045 0.037880 0.143532
v 0.109217 0.016533 0.137627
v 0.109656 0.163643 0.136793
v 0.110354 0.019974 0.080761
v 0.110369 0.001053 0.123032
v 0.110789 0.019691 0.128462
v 0.111025 0.125835 0.150745
v 0.111121 0.165657 0.078043
v 0.111182 0.179062 0.113413
v 0.111205 0.126480 0.058777
v 0.111212 0.161224 0.128460
v 0.111628 0.054893 0.059876
v 0.112437 0.163826 0.088184
v 0.113043 0.123726 0.143776
v 0.113325 0.039627 0.066227
v 0.113902 0.057190 0.143696
v 0.114081 0.019333 0.120498
v 0.114184 0.142818 0.134102
v 0.114298 0.142933 0.079537
v 0.114554 0.038158 0.131594
v 0.114729 0.162941 0.106753
v 0.114966 0.019539 0.106518
v 0.115088 0.096363 0.063068
v 0.115237 0.005081 0.105093
v 0.115473 0.038185 0.080135
v 0.115553 0.019478 0.092979
v 0.115588 0.076159 0.063976
v 0.115614 0.181252 0.087412
v 0.115649 0.090217 0.147831
v 0.115794 0.165710 0.112311
v 0.117789 0.123299 0.078579
v 0.117850 0.123531 0.132984
v 0.118170 0.142368 0.133831
v 0.118208 0.016808 0.110073
v 0.118307 0.123886 0.074865
v 0.118338 0.142021 0.078638
v 0.118765 0.142891 0.106665
v 0.118781 0.142933 0.119647
v 0.118903 0.057163 0.133417
v 0.119025 0.015862 0.098583
v 0.119597 0.143116 0.094536
v 0.119696 0.039406 0.131662
v 0.119856 0.057426 0.079485
v 0.119910 0.182762 0.107222
v 0.120467 0.037708 0.107781
v 0.120596 0.037880 0.089710
v 0.120810 0.092605 0.142742
v 0.121107 0.125946 0.135443
v 0.121458 0.055096 0.135367
v 0.122061 0.165596 0.109674
v 0.122137 0.166138 0.092012
v 0.122549 0.089383 0.136822
v 0.122717 0.056873 0.086750
v 0.123343 0.139694 0.089417
v 0.123587 0.123878 0.118620
v 0.123640 0.123550 0.106516
v 0.123640 0.124016 0.092601
v 0.123862 0.142017 0.116771
v 0.124098 0.086252 0.076187
v 0.124297 0.042126 0.089260
v 0.124358 0.127281 0.083532
v 0.124373 0.053516 0.083059
v 0.124464 0.038780 0.108152
v 0.124747 0.056675 0.102347
v 0.125029 0.075981 0.081251
v 0.125090 0.095746 0.083124
v 0.125174 0.090455 0.134522
v 0.125426 0.056625 0.111678
v 0.125662 0.044056 0.119679
v 0.125861 0.129322 0.091526
v 0.126181 0.067265 0.105911
v 0.126250 0.130035 0.120256
v 0.126601 0.054100 0.091882
v 0.126875 0.053299 0.116312
v 0.126959 0.124802 0.108919
v 0.127386 0.078251 0.117888
v 0.127417 0.095833 0.119420
v 0.127837 0.101040 0.094835
v 0.127936 0.079300 0.095249
v 0.128828 0.088463 0.106758
v 0.130354 0.090170 0.103174
v 0.054212 0.008621 0.109396
v 0.054105 0.086941 0.179108
v 0.052968 0.000854 0.164059
v 0.052766 0.142311 0.175591
v 0.052183 0.054508 0.032204
v 0.051812 0.039665 0.034836
v 0.050868 0.161316 0.043030
v 0.049535 0.000214 0.046044
v 0.048795 0.179550 0.165131
v 0.047141 0.164421 0.041008
v 0.046043 0.016991 0.168816
v 0.045459 0.173706 0.068668
v 0.044641 0.095908 0.031662
v 0.043979 0.019455 0.167004
v 0.043555 0.173271 0.087013
v 0.041703 0.174210 0.057366
v 0.040657 0.141861 0.036133
v 0.039421 0.001083 0.152744
v 0.039282 0.008354 0.100433
v 0.039223 0.179840 0.057194
v 0.039170 0.008354 0.152138
v 0.038756 0.164330 0.167435
v 0.038424 0.020859 0.043915
v 0.037033 0.054398 0.176087
v 0.036478 0.124119 0.173668
v 0.036387 0.161140 0.164665
v 0.036362 0.077557 0.176674
v 0.035962 0.174103 0.151970
v 0.035906 0.125229 0.035172
v 0.035881 0.100470 0.176788
v 0.035693 0.057114 0.172859
v 0.035557 0.020737 0.164227
v 0.035424 0.017395 0.042740
v 0.035406 0.180504 0.151749
v 0.035221 0.057465 0.036072
v 0.035145 0.038967 0.172127
v 0.035019 0.161270 0.046585
v 0.034134 0.054714 0.034844
v 0.034081 0.037754 0.168266
v 0.033991 0.143024 0.167141
v 0.033907 0.142975 0.041596
v 0.033783 0.037743 0.041939
v 0.033652 0.020439 0.047043
v 0.032801 0.123077 0.038941
v 0.032715 0.123665 0.171105
v 0.032498 0.057617 0.039490
v 0.032420 0.094356 0.034630
v 0.031556 0.088972 0.174950
v 0.030146 0.057102 0.038109
v 0.029423 0.180748 0.049561
v 0.028992 0.100019 0.034615
v 0.027863 0.164375 0.045723
v 0.026898 0.181870 0.158894
v 0.026392 0.161507 0.162930
v 0.025559 0.008522 0.063892
v 0.024952 0.000641 0.058258
v 0.024338 0.173813 0.115541
v 0.024166 0.000389 0.158100
v 0.024016 0.002571 0.063671
v 0.023571 0.173729 0.124830
v 0.023016 0.172470 0.113681
v 0.022219 0.143196 0.165123
v 0.021963 0.020233 0.160767
v 0.021357 0.038509 0.166229
v 0.021204 0.126221 0.172676
v 0.021151 0.019821 0.050793
v 0.021124 0.161812 0.050869
v 0.020945 0.009140 0.142880
v 0.020842 0.173218 0.143273
v 0.020609 0.142826 0.045002
v 0.020586 0.039658 0.041557
v 0.020457 0.002205 0.143353
v 0.020068 0.173836 0.115213
v 0.019469 0.038345 0.045975
v 0.019289 0.179749 0.067608
v 0.018820 0.017532 0.161751
v 0.018622 0.008499 0.069275
v 0.018576 0.001709 0.054279
v 0.018225 0.099194 0.039368
v 0.017943 0.142258 0.167275
v 0.017859 0.057171 0.168003
v 0.017611 0.179901 0.142189
v 0.017489 0.126423 0.040428
v 0.017249 0.136406 0.169815
v 0.016344 0.164291 0.159649
v 0.016283 0.047760 0.171509
v 0.016276 0.057846 0.042992
v 0.016161 0.173782 0.070721
v 0.015871 0.016266 0.051960
v 0.015070 0.124062 0.044640
v 0.014964 0.079736 0.170105
v 0.014212 0.053383 0.168228
v 0.013796 0.103171 0.168453
v 0.013518 0.173943 0.137749
v 0.012801 0.173744 0.075464
v 0.012633 0.008606 0.075815
v 0.012137 0.180725 0.150108
v 0.012057 0.180679 0.060577
v 0.011042 0.160675 0.151604
v 0.010584 0.000587 0.077694
v 0.010497 0.020081 0.151619
v 0.010340 0.161156 0.059227
v 0.009531 0.020378 0.059937
v 0.008604 0.055130 0.045509
v 0.008208 0.143150 0.155037
v 0.007872 0.037819 0.155472
v 0.007685 0.009064 0.084356
v 0.007487 0.125401 0.163857
v 0.007368 0.142910 0.056736
v 0.007239 0.008598 0.126175
v 0.007117 0.037834 0.055508
v 0.006544 0.173645 0.085323
v 0.006503 0.009697 0.112020
v 0.006266 0.123550 0.159138
v 0.005942 0.057011 0.159042
v 0.005541 0.000740 0.142407
v 0.005328 0.000984 0.123203
v 0.005087 0.123409 0.052704
v 0.005015 0.057369 0.052979
v 0.004931 0.181053 0.087986
v 0.003809 0.093924 0.049191
v 0.003733 0.097804 0.161106
v 0.003668 0.141872 0.053410
v 0.003535 0.180405 0.118795
v 0.003447 0.008476 0.114704
v 0.003210 0.173851 0.098711
v 0.003065 0.008598 0.098565
v 0.003058 0.008553 0.109769
v 0.002909 0.039085 0.155293
v 0.002905 0.164108 0.062225
v 0.002760 0.173439 0.110857
v 0.002524 0.057091 0.156712
v 0.002264 0.001221 0.099062
v 0.001822 0.104694 0.159233
v 0.000807 0.161659 0.142227
v 0.000525 0.142063 0.153362
v 0.000372 0.017784 0.065052
v 0.000269 0.091331 0.050446
v 0.000166 0.020210 0.068634
v -0.000345 0.000244 0.075634
v -0.000967 0.054676 0.157574
v -0.001150 0.181862 0.132517
v -0.002325 0.181419 0.079472
v -0.003267 0.142906 0.065907
v -0.004327 0.017380 0.137776
v -0.004568 0.040310 0.060829
v -0.004633 0.123543 0.150383
v -0.004739 0.000549 0.124727
v -0.005045 0.161240 0.131044
v -0.005277 0.160866 0.079491
v -0.005293 0.165558 0.136078
v -0.005483 0.020096 0.131161
v -0.005807 0.020401 0.081009
v -0.006918 0.124149 0.063561
v -0.007681 0.126202 0.149983
v -0.007833 0.126575 0.060494
v -0.008058 0.000778 0.102335
v -0.008333 0.080245 0.150089
v -0.008669 0.057930 0.064602
v -0.008829 0.181419 0.107255
v -0.009225 0.037647 0.132296
v -0.009363 0.096796 0.061592
v -0.009531 0.164650 0.083359
v -0.010110 0.143150 0.131460
v -0.010149 0.037861 0.077534
v -0.010332 0.039616 0.139855
v -0.010652 0.162003 0.113389
v -0.010851 0.020699 0.104512
v -0.011140 0.142780 0.135109
v -0.011171 0.016945 0.087610
v -0.011186 0.161583 0.099650
v -0.011713 0.020081 0.108571
v -0.011758 0.142303 0.073509
v -0.011827 0.143124 0.082272
v -0.012285 0.054779 0.067421
v -0.012903 0.057499 0.134604
v -0.012964 0.123791 0.077213
v -0.013017 0.017166 0.109266
v -0.013399 0.123829 0.135191
v -0.013437 0.164444 0.108021
v -0.013673 0.058472 0.076763
v -0.014680 0.143047 0.104950
v -0.014825 0.094316 0.136887
v -0.014902 0.037910 0.105663
v -0.015154 0.143002 0.114593
v -0.015260 0.057076 0.078795
v -0.015894 0.038033 0.091812
v -0.016008 0.098612 0.073315
v -0.017297 0.038837 0.116028
v -0.017427 0.094421 0.134409
v -0.017473 0.126217 0.133953
v -0.017717 0.040379 0.085262
v -0.018076 0.054577 0.132835
v -0.018083 0.092903 0.077438
v -0.018106 0.142101 0.118613
v -0.018854 0.124092 0.087904
v -0.019014 0.123638 0.104719
v -0.019014 0.056850 0.087565
v -0.019273 0.141735 0.094608
v -0.019319 0.040226 0.093907
v -0.019891 0.057583 0.105682
v -0.020883 0.123623 0.108982
v -0.021127 0.074551 0.123665
v -0.021135 0.068497 0.104946
v -0.021158 0.127949 0.088442
v -0.021417 0.080560 0.086279
v -0.021425 0.052528 0.089081
v -0.021669 0.097354 0.123665
v -0.021783 0.103131 0.088808
v -0.022615 0.055302 0.109339
v -0.022806 0.125877 0.112260
v -0.023027 0.099770 0.102833
v -0.023355 0.080071 0.096629
v -0.023973 0.078263 0.108004
vt 0.178351 0.441679
vt 0.205210 0.433764
vt 0.191456 0.452578
vt 0.221948 0.423643
vt 0.212476 0.410798
vt 0.203263 0.451281
vt 0.173809 0.430520
vt 0.164078 0.444533
vt 0.200668 0.404569
vt 0.165895 0.430650
vt 0.176534 0.401585
vt 0.207545 0.401196
vt 0.229084 0.416377
vt 0.233885 0.390945
vt 0.233755 0.427536
vt 0.249455 0.413782
vt 0.253608 0.451929
vt 0.280856 0.467889
vt 0.234274 0.466332
vt 0.212087 0.479567
vt 0.227138 0.477491
vt 0.262041 0.460623
vt 0.279947 0.482940
vt 0.287343 0.454784
vt 0.293571 0.452838
vt 0.276963 0.432856
vt 0.247379 0.401326
vt 0.295128 0.448166
vt 0.326788 0.470224
vt 0.300578 0.427276
vt 0.319652 0.462309
vt 0.359875 0.474247
vt 0.233107 0.380176
vt 0.217017 0.353447
vt 0.286305 0.415728
vt 0.325620 0.444014
vt 0.222856 0.354355
vt 0.217925 0.333335
vt 0.249196 0.367460
vt 0.346251 0.446999
vt 0.316148 0.433764
vt 0.285397 0.409241
vt 0.259187 0.386923
vt 0.260484 0.380825
vt 0.285656 0.383809
vt 0.311737 0.405867
vt 0.273330 0.360843
vt 0.243227 0.341120
vt 0.237648 0.341899
vt 0.242449 0.323344
vt 0.230382 0.295188
vt 0.253737 0.286105
vt 0.235961 0.270016
vt 0.276184 0.253926
vt 0.254386 0.297783
vt 0.273719 0.263917
vt 0.280856 0.259117
vt 0.300189 0.239394
vt 0.276963 0.291425
vt 0.300189 0.248477
vt 0.265545 0.314132
vt 0.266842 0.340991
vt 0.275017 0.316986
vt 0.282283 0.355782
vt 0.321079 0.250164
vt 0.329253 0.243027
vt 0.299021 0.265993
vt 0.336779 0.257689
vt 0.337428 0.243546
vt 0.289808 0.275336
vt 0.307325 0.279228
vt 0.289290 0.294150
vt 0.318743 0.280526
vt 0.288900 0.310109
vt 0.281375 0.322566
vt 0.303303 0.294799
vt 0.344824 0.362789
vt 0.344305 0.265864
vt 0.289419 0.352798
vt 0.314202 0.383679
vt 0.333146 0.394189
vt 0.346510 0.391205
vt 0.312126 0.391724
vt 0.336520 0.404310
vt 0.336130 0.419751
vt 0.375056 0.398990
vt 0.359226 0.443755
vt 0.362730 0.417675
vt 0.365454 0.449334
vt 0.394389 0.409500
vt 0.394779 0.435061
vt 0.368179 0.472430
vt 0.383879 0.479177
vt 0.389069 0.443106
vt 0.388550 0.469576
vt 0.401915 0.462699
vt 0.415928 0.461790
vt 0.405678 0.431818
vt 0.430201 0.441160
vt 0.440322 0.435061
vt 0.423454 0.413133
vt 0.429942 0.413522
vt 0.450702 0.418583
vt 0.466662 0.403142
vt 0.466662 0.393540
vt 0.481843 0.373299
vt 0.469127 0.358896
vt 0.457838 0.380695
vt 0.452000 0.379657
vt 0.474058 0.345662
vt 0.468348 0.318024
vt 0.428385 0.381473
vt 0.450313 0.345143
vt 0.449664 0.301675
vt 0.419561 0.367849
vt 0.450702 0.266253
vt 0.441100 0.336449
vt 0.422156 0.262879
vt 0.413333 0.241859
vt 0.434872 0.332427
vt 0.388291 0.252110
vt 0.372331 0.239394
vt 0.360135 0.264177
vt 0.434094 0.299470
vt 0.397114 0.262360
vt 0.415279 0.303362
vt 0.422805 0.340731
vt 0.389588 0.318543
vt 0.415539 0.353966
vt 0.402564 0.367720
vt 0.360654 0.289738
vt 0.354425 0.284418
vt 0.340931 0.299210
vt 0.322506 0.294409
vt 0.321338 0.299599
vt 0.355853 0.358637
vt 0.342229 0.318284
vt 0.364157 0.361492
vt 0.380895 0.381863
vt 0.361173 0.366552
vt 0.214171 0.309499
vt 0.204702 0.318085
vt 0.200275 0.298946
vt 0.211540 0.298707
vt 0.192415 0.313436
vt 0.205184 0.325303
vt 0.208015 0.280354
vt 0.226606 0.294219
vt 0.227355 0.288672
vt 0.223473 0.269615
vt 0.185126 0.330889
vt 0.198308 0.340036
vt 0.186824 0.311752
vt 0.196486 0.346534
vt 0.176287 0.347551
vt 0.187555 0.358912
vt 0.181982 0.328371
vt 0.171812 0.345851
vt 0.168192 0.335465
vt 0.154855 0.332234
vt 0.164386 0.319575
vt 0.159267 0.320283
vt 0.152338 0.305404
vt 0.158345 0.292118
vt 0.173133 0.298631
vt 0.176895 0.289736
vt 0.163175 0.279859
vt 0.179124 0.301953
vt 0.170762 0.261058
vt 0.198050 0.295267
vt 0.192590 0.275600
vt 0.206638 0.268638
vt 0.211686 0.267177
vt 0.216187 0.250970
vt 0.237978 0.260866
vt 0.240730 0.248849
vt 0.183601 0.273679
vt 0.194337 0.256748
vt 0.188514 0.260876
vt 0.173683 0.253428
vt 0.193608 0.248100
vt 0.180825 0.232054
vt 0.216954 0.240415
vt 0.202282 0.235589
vt 0.197344 0.236325
vt 0.182789 0.224001
vt 0.202600 0.213923
vt 0.185602 0.210971
vt 0.206570 0.214061
vt 0.204568 0.196682
vt 0.186128 0.198338
vt 0.210344 0.224656
vt 0.219708 0.222273
vt 0.222748 0.201019
vt 0.224255 0.218601
vt 0.210554 0.197591
vt 0.222591 0.192272
vt 0.203229 0.186549
vt 0.183772 0.185731
vt 0.207124 0.174334
vt 0.201080 0.162188
vt 0.181618 0.162018
vt 0.199146 0.154749
vt 0.176042 0.143725
vt 0.202930 0.152446
vt 0.221404 0.167685
vt 0.178958 0.133682
vt 0.171517 0.124015
vt 0.195408 0.131074
vt 0.169932 0.106328
vt 0.164842 0.103792
vt 0.190892 0.119253
vt 0.202033 0.133286
vt 0.167548 0.100027
vt 0.181491 0.096204
vt 0.162268 0.086512
vt 0.158371 0.084064
vt 0.152338 0.067558
vt 0.157724 0.074872
vt 0.154175 0.065239
vt 0.169782 0.070020
vt 0.158122 0.047185
vt 0.167597 0.058738
vt 0.176607 0.081914
vt 0.181940 0.083465
vt 0.191433 0.110797
vt 0.194457 0.067640
vt 0.184540 0.041265
vt 0.203165 0.092812
vt 0.189311 0.044680
vt 0.183783 0.035860
vt 0.206323 0.016360
vt 0.213254 0.001265
vt 0.213164 0.032432
vt 0.214518 0.046743
vt 0.195872 0.060153
vt 0.217844 0.049289
vt 0.201548 0.072893
vt 0.227769 0.062767
vt 0.230714 0.073329
vt 0.205244 0.086446
vt 0.231212 0.078601
vt 0.206679 0.088612
vt 0.206584 0.093516
vt 0.236026 0.089076
vt 0.213936 0.110501
vt 0.208966 0.109004
vt 0.226129 0.113929
vt 0.243472 0.104219
vt 0.233648 0.123701
vt 0.214630 0.126104
vt 0.218049 0.126808
vt 0.221965 0.145035
vt 0.216039 0.140052
vt 0.238212 0.141932
vt 0.246061 0.125677
vt 0.242370 0.156112
vt 0.262324 0.144479
vt 0.207006 0.143321
vt 0.225062 0.158868
vt 0.227116 0.188133
vt 0.241784 0.169758
vt 0.257707 0.162059
vt 0.255559 0.176210
vt 0.227026 0.195451
vt 0.244053 0.195158
vt 0.225110 0.209915
vt 0.243171 0.207088
vt 0.260710 0.201584
vt 0.232591 0.215041
vt 0.249612 0.215397
vt 0.247263 0.219866
vt 0.238630 0.227836
vt 0.242078 0.246084
vt 0.219967 0.240130
vt 0.054455 0.040923
vt 0.072588 0.001447
vt 0.075092 0.024747
vt 0.094453 0.009026
vt 0.090542 0.036087
vt 0.063083 0.061160
vt 0.091752 0.046478
vt 0.098356 0.051282
vt 0.069714 0.074969
vt 0.098955 0.057126
vt 0.055484 0.054349
vt 0.062281 0.076257
vt 0.076924 0.094156
vt 0.100019 0.078908
vt 0.114295 0.069192
vt 0.111955 0.088325
vt 0.083963 0.108955
vt 0.111643 0.094680
vt 0.078179 0.108544
vt 0.107241 0.112109
vt 0.124755 0.096944
vt 0.118364 0.122609
vt 0.087148 0.131430
vt 0.097261 0.151056
vt 0.145726 0.115338
vt 0.164639 0.122192
vt 0.132595 0.149354
vt 0.084186 0.144251
vt 0.095705 0.157038
vt 0.121777 0.170544
vt 0.097034 0.193615
vt 0.118381 0.188681
vt 0.143886 0.189388
vt 0.116315 0.196813
vt 0.145923 0.221896
vt 0.129893 0.236450
vt 0.097808 0.237531
vt 0.144778 0.256428
vt 0.117256 0.264139
vt 0.095919 0.258588
vt 0.117012 0.290270
vt 0.085454 0.290317
vt 0.116013 0.307286
vt 0.089245 0.259155
vt 0.091210 0.229016
vt 0.061796 0.282930
vt 0.087896 0.299317
vt 0.110229 0.309936
vt 0.064976 0.244159
vt 0.079189 0.316372
vt 0.084072 0.322122
vt 0.111210 0.326138
vt 0.108276 0.351027
vt 0.078889 0.339803
vt 0.111130 0.357305
vt 0.052783 0.311817
vt 0.049525 0.338234
vt 0.069677 0.358359
vt 0.075631 0.360096
vt 0.101005 0.373310
vt 0.074352 0.379575
vt 0.093057 0.389645
vt 0.054496 0.293146
vt 0.025783 0.309956
vt 0.028409 0.290773
vt 0.021461 0.299279
vt 0.060101 0.259196
vt 0.031574 0.269260
vt 0.059642 0.239547
vt 0.025834 0.272845
vt 0.003505 0.295911
vt 0.002561 0.259856
vt 0.028206 0.237571
vt 0.009424 0.227397
vt 0.033759 0.240732
vt 0.029137 0.203842
vt 0.004731 0.195878
vt 0.032959 0.218433
vt 0.060250 0.216533
vt 0.058808 0.196642
vt 0.066810 0.220403
vt 0.077015 0.232063
vt 0.087850 0.221176
vt 0.066246 0.188582
vt 0.089616 0.180707
vt 0.062312 0.156343
vt 0.030431 0.173230
vt 0.055027 0.155426
vt 0.022806 0.169663
vt 0.001381 0.171430
vt 0.003832 0.163821
vt 0.021683 0.155017
vt 0.050808 0.135486
vt 0.061903 0.140042
vt 0.043582 0.121308
vt 0.014159 0.129937
vt 0.037456 0.102935
vt 0.046737 0.107216
vt 0.077192 0.133449
vt 0.063933 0.099056
vt 0.037355 0.083989
vt 0.031346 0.082615
vt 0.029760 0.058156
vt 0.017675 0.050944
vt 0.012550 0.033929
vt 0.037977 0.034531
vt 0.031554 0.014442
vt 0.001381 0.007183
vt 0.396128 0.059655
vt 0.403914 0.084697
vt 0.394961 0.066142
vt 0.392495 0.051221
vt 0.401448 0.092871
vt 0.403395 0.097023
vt 0.376795 0.041749
vt 0.375628 0.039024
vt 0.395999 0.119081
vt 0.398205 0.119990
vt 0.394701 0.133873
vt 0.385878 0.145421
vt 0.387176 0.147757
vt 0.388862 0.106755
vt 0.388733 0.080675
vt 0.378482 0.057968
vt 0.379261 0.069386
vt 0.380688 0.129851
vt 0.360317 0.045771
vt 0.360317 0.056670
vt 0.353180 0.035910
vt 0.350066 0.032536
vt 0.328787 0.039802
vt 0.319445 0.032925
vt 0.330993 0.030849
vt 0.293754 0.032017
vt 0.294273 0.036040
vt 0.271436 0.045901
vt 0.294402 0.044863
vt 0.273772 0.059914
vt 0.251714 0.071073
vt 0.298554 0.050831
vt 0.327878 0.045511
vt 0.274291 0.070035
vt 0.263651 0.080675
vt 0.248080 0.091444
vt 0.267414 0.117135
vt 0.260667 0.125699
vt 0.269100 0.144513
vt 0.270528 0.111426
vt 0.283373 0.138674
vt 0.284411 0.068867
vt 0.308026 0.054983
vt 0.278832 0.106106
vt 0.275069 0.112075
vt 0.285320 0.127386
vt 0.282595 0.111556
vt 0.319315 0.052778
vt 0.287785 0.116227
vt 0.330344 0.054205
vt 0.354867 0.058617
vt 0.314514 0.084437
vt 0.294143 0.122066
vt 0.317239 0.102603
vt 0.363041 0.066531
vt 0.332290 0.096115
vt 0.302577 0.131019
vt 0.304134 0.142567
vt 0.310621 0.136209
vt 0.374070 0.070813
vt 0.381077 0.091055
vt 0.365377 0.068607
vt 0.379261 0.118952
vt 0.376276 0.088330
vt 0.375368 0.109609
vt 0.341892 0.099099
vt 0.332809 0.141010
vt 0.315292 0.134781
vt 0.317888 0.139063
vt 0.327619 0.148146
vt 0.349677 0.139842
vt 0.349807 0.147108
vt 0.363950 0.131408
vt 0.367453 0.136209
vt 0.342930 0.158137
vt 0.363560 0.149444
vt 0.365637 0.164884
vt 0.325024 0.157488
vt 0.337999 0.173837
vt 0.303355 0.153985
vt 0.306729 0.170074
vt 0.287266 0.160083
vt 0.279870 0.159045
vt 0.270138 0.148795
vt 0.272344 0.169555
vt 0.301279 0.171631
vt 0.285709 0.179157
vt 0.278962 0.177470
vt 0.259888 0.172410
vt 0.265078 0.190056
vt 0.305950 0.172669
vt 0.299203 0.184866
vt 0.330863 0.178378
vt 0.309064 0.190705
vt 0.287136 0.184347
vt 0.355905 0.171631
vt 0.281038 0.191743
vt 0.299852 0.201215
vt 0.329825 0.191354
vt 0.356294 0.188759
vt 0.336183 0.194987
vt 0.324764 0.205367
vt 0.357981 0.202253
vt 0.327100 0.209000
vt 0.357981 0.186034
vt 0.369010 0.165014
vt 0.376795 0.175264
vt 0.373422 0.192521
vt 0.379131 0.194727
vt 0.380169 0.158007
vt 0.389381 0.166182
vt 0.365118 0.201864
vt 0.381466 0.210946
vt 0.367842 0.227036
vt 0.359798 0.204718
vt 0.348509 0.221716
vt 0.329825 0.232485
vt 0.325024 0.232485
vt 0.310881 0.217953
vt 0.312827 0.234172
vt 0.292586 0.218342
vt 0.294791 0.202123
vt 0.291418 0.210427
vt 0.275069 0.248056
vt 0.276626 0.228463
vt 0.280519 0.213801
vt 0.267673 0.228203
vt 0.278443 0.195117
vt 0.272474 0.212633
vt 0.263132 0.220029
vt 0.270398 0.194857
vt 0.268322 0.195246
vt 0.248080 0.239103
vt 0.408718 0.188427
vt 0.386400 0.179863
vt 0.401451 0.153912
vt 0.423769 0.171299
vt 0.428310 0.143792
vt 0.405214 0.123810
vt 0.430646 0.117711
vt 0.407809 0.097600
vt 0.433241 0.085662
vt 0.408199 0.064513
vt 0.436485 0.121734
vt 0.432852 0.147814
vt 0.456337 0.222811
vt 0.418319 0.202570
vt 0.445957 0.190892
vt 0.468663 0.208149
vt 0.460229 0.179214
vt 0.429089 0.166369
vt 0.453353 0.171429
vt 0.487607 0.157026
vt 0.473983 0.130946
vt 0.475670 0.125237
vt 0.474243 0.107331
vt 0.438690 0.083067
vt 0.497209 0.089814
vt 0.439080 0.076450
vt 0.429478 0.052316
vt 0.452185 0.049591
vt 0.440637 0.031426
vt 0.440247 0.012482
vt 0.424937 0.038951
vt 0.414037 0.020916
vt 0.424028 0.054781
vt 0.398467 0.037005
vt 0.386400 0.005605
s 1
usemtl Material
f 2650/3757 2624/3758 2620/3759
f 2620/3759 2624/3758 2610/3760
f 2624/3758 2650/3757 2641/3761
f 2624/3758 2641/3761 2610/3760
f 2620/3759 2610/3760 2832/3762
f 2641/3761 2650/3757 2685/3763
f 2685/3763 2650/3757 2660/3764
f 2641/3761 2685/3763 2672/3765
f 2672/3765 2685/3763 2697/3766
f 2672/3765 2697/3766 2732/3767
f 2672/3765 2732/3767 2670/3768
f 2672/3765 2670/3768 2641/3761
f 2641/3761 2670/3768 2623/3769
f 2641/3761 2623/3769 2610/3760
f 2623/3769 2670/3768 2634/3770
f 2610/3760 2623/3769 2602/3771
f 2623/3769 2634/3770 2834/3772
f 2623/3769 2834/3772 2602/3771
f 2610/3760 2602/3771 2855/3773
f 2610/3760 2855/3773 2832/3762
f 2855/3773 2602/3771 2895/3774
f 2895/3774 2602/3771 2834/3772
f 2832/3762 2855/3773 2860/3775
f 2832/3762 2860/3775 2857/3776
f 2857/3776 2860/3775 2878/3777
f 2878/3777 2860/3775 2875/3778
f 2875/3778 2860/3775 2855/3773
f 2875/3778 2855/3773 2895/3774
f 2875/3778 2895/3774 2938/3779
f 2895/3774 2834/3772 2914/3780
f 2895/3774 2914/3780 2910/3781
f 2910/3781 2914/3780 2834/3772
f 2910/3781 2834/3772 2870/3782
f 2870/3782 2834/3772 2609/3783
f 2609/3783 2834/3772 2634/3770
f 2910/3781 2870/3782 2892/3784
f 2910/3781 2892/3784 2966/3785
f 2892/3784 2870/3782 2884/3786
f 2966/3785 2892/3784 2935/3787
f 2935/3787 2892/3784 2884/3786
f 2966/3785 2935/3787 2999/3788
f 2609/3783 2634/3770 2646/3789
f 2646/3789 2634/3770 2693/3790
f 2856/3791 2870/3782 2609/3783
f 2870/3782 2856/3791 2884/3786
f 2935/3787 2884/3786 2929/3792
f 2646/3789 2693/3790 2683/3793
f 2683/3793 2693/3790 2714/3794
f 2609/3783 2646/3789 2638/3795
f 2638/3795 2646/3789 2683/3793
f 2935/3787 2929/3792 2965/3796
f 2935/3787 2965/3796 2999/3788
f 2929/3792 2884/3786 2915/3797
f 2929/3792 2915/3797 2965/3796
f 2852/3798 2884/3786 2856/3791
f 2884/3786 2852/3798 2915/3797
f 2608/3799 2856/3791 2609/3783
f 2856/3791 2608/3799 2852/3798
f 2608/3799 2609/3783 2638/3795
f 2852/3798 2608/3799 2619/3800
f 2619/3800 2608/3799 2638/3795
f 2852/3798 2619/3800 2839/3801
f 2915/3797 2852/3798 2883/3802
f 2883/3802 2852/3798 2839/3801
f 2839/3801 2619/3800 2629/3803
f 2839/3801 2629/3803 2883/3802
f 2619/3800 2638/3795 2675/3804
f 2619/3800 2675/3804 2629/3803
f 2675/3804 2638/3795 2677/3805
f 2677/3805 2638/3795 2683/3793
f 2677/3805 2683/3793 2714/3794
f 2677/3805 2714/3794 2705/3806
f 2677/3805 2705/3806 2675/3804
f 2705/3806 2714/3794 2767/3807
f 2705/3806 2767/3807 2760/3808
f 2760/3808 2767/3807 2787/3809
f 2760/3808 2787/3809 2770/3810
f 2705/3806 2760/3808 2752/3811
f 2705/3806 2752/3811 2675/3804
f 2760/3808 2770/3810 2779/3812
f 2760/3808 2779/3812 2752/3811
f 2779/3812 2770/3810 2799/3813
f 2799/3813 2770/3810 2762/3814
f 2752/3811 2779/3812 2740/3815
f 2799/3813 2762/3814 2800/3816
f 2675/3804 2752/3811 2709/3817
f 2709/3817 2752/3811 2740/3815
f 2675/3804 2709/3817 2664/3818
f 2675/3804 2664/3818 2629/3803
f 2664/3818 2709/3817 2684/3819
f 2684/3819 2709/3817 2740/3815
f 2629/3803 2664/3818 2627/3820
f 2627/3820 2664/3818 2684/3819
f 2777/3821 2800/3816 2762/3814
f 2777/3821 2762/3814 2743/3822
f 2800/3816 2777/3821 2793/3823
f 2800/3816 2793/3823 2799/3813
f 2777/3821 2743/3822 2721/3824
f 2777/3821 2721/3824 2793/3823
f 2721/3824 2743/3822 2745/3825
f 2799/3813 2793/3823 2758/3826
f 2799/3813 2758/3826 2779/3812
f 2779/3812 2758/3826 2740/3815
f 2758/3826 2793/3823 2727/3827
f 2758/3826 2727/3827 2740/3815
f 2727/3827 2793/3823 2721/3824
f 2740/3815 2727/3827 2719/3828
f 2740/3815 2719/3828 2684/3819
f 2719/3828 2727/3827 2726/3829
f 2726/3829 2727/3827 2721/3824
f 2684/3819 2719/3828 2690/3830
f 2684/3819 2690/3830 2668/3831
f 2690/3830 2719/3828 2715/3832
f 2715/3832 2719/3828 2726/3829
f 2668/3831 2690/3830 2890/3833
f 2890/3833 2690/3830 2715/3832
f 2684/3819 2668/3831 2627/3820
f 2726/3829 2721/3824 2718/3834
f 2627/3820 2668/3831 2626/3835
f 2627/3820 2626/3835 2858/3836
f 2626/3835 2668/3831 2899/3837
f 2626/3835 2899/3837 2858/3836
f 2899/3837 2668/3831 2924/3838
f 2924/3838 2668/3831 2890/3833
f 2858/3836 2899/3837 2864/3839
f 2858/3836 2864/3839 2627/3820
f 2864/3839 2899/3837 2912/3840
f 2912/3840 2899/3837 2924/3838
f 2627/3820 2864/3839 2883/3802
f 2883/3802 2864/3839 2912/3840
f 2627/3820 2883/3802 2629/3803
f 2883/3802 2912/3840 2927/3841
f 2883/3802 2927/3841 2915/3797
f 2912/3840 2924/3838 2954/3842
f 2912/3840 2954/3842 2927/3841
f 2915/3797 2927/3841 2981/3843
f 2915/3797 2981/3843 2965/3796
f 2927/3841 2954/3842 2972/3844
f 2927/3841 2972/3844 2981/3843
f 2965/3796 2981/3843 2979/3845
f 2965/3796 2979/3845 2999/3788
f 2981/3843 2972/3844 2990/3846
f 2990/3846 2972/3844 2954/3842
f 2979/3845 2981/3843 3010/3847
f 3010/3847 2981/3843 2990/3846
f 2999/3788 2979/3845 2994/3848
f 2999/3788 2994/3848 3025/3849
f 2979/3845 3010/3847 2997/3850
f 2979/3845 2997/3850 2994/3848
f 2994/3848 2997/3850 3015/3851
f 2994/3848 3015/3851 3025/3849
f 3025/3849 3015/3851 3012/3852
f 3012/3852 3015/3851 2997/3850
f 3025/3849 3012/3852 3029/3853
f 2997/3850 3010/3847 3001/3854
f 2997/3850 3001/3854 3012/3852
f 3029/3853 3012/3852 3004/3855
f 3004/3855 3012/3852 3001/3854
f 3029/3853 3004/3855 3003/3856
f 3001/3854 3010/3847 2993/3857
f 2993/3857 3010/3847 2990/3846
f 3004/3855 3001/3854 2980/3858
f 2980/3858 3001/3854 2993/3857
f 3003/3856 3004/3855 2974/3859
f 2974/3859 3004/3855 2980/3858
f 3003/3856 2974/3859 2953/3860
f 2953/3860 2974/3859 2939/3861
f 2953/3860 2939/3861 2900/3862
f 2900/3862 2939/3861 2897/3863
f 2939/3861 2974/3859 2932/3864
f 2939/3861 2932/3864 2897/3863
f 2932/3864 2974/3859 2980/3858
f 2897/3863 2932/3864 2960/3865
f 2960/3865 2932/3864 2980/3858
f 2960/3865 2980/3858 2993/3857
f 2897/3863 2960/3865 2882/3866
f 2882/3866 2960/3865 2880/3867
f 2960/3865 2993/3857 2973/3868
f 2973/3868 2993/3857 2990/3846
f 2880/3867 2960/3865 2928/3869
f 2928/3869 2960/3865 2973/3868
f 2880/3867 2928/3869 2850/3870
f 2973/3868 2990/3846 2950/3871
f 2973/3868 2950/3871 2928/3869
f 2950/3871 2990/3846 2954/3842
f 2880/3867 2850/3870 2605/3872
f 2928/3869 2950/3871 2905/3873
f 2928/3869 2905/3873 2850/3870
f 2605/3872 2850/3870 2630/3874
f 2605/3872 2630/3874 2658/3875
f 2850/3870 2905/3873 2918/3876
f 2658/3875 2630/3874 2669/3877
f 2658/3875 2669/3877 2712/3878
f 2712/3878 2669/3877 2745/3825
f 2745/3825 2669/3877 2721/3824
f 2721/3824 2669/3877 2706/3879
f 2846/3880 2630/3874 2850/3870
f 2846/3880 2850/3870 2918/3876
f 2669/3877 2630/3874 2662/3881
f 2662/3881 2630/3874 2846/3880
f 2669/3877 2662/3881 2706/3879
f 2662/3881 2846/3880 2842/3882
f 2842/3882 2846/3880 2918/3876
f 2662/3881 2842/3882 2706/3879
f 2706/3879 2842/3882 2918/3876
f 2718/3834 2721/3824 2706/3879
f 2706/3879 2918/3876 2925/3883
f 2925/3883 2918/3876 2905/3873
f 2706/3879 2925/3883 2718/3834
f 2925/3883 2905/3873 2950/3871
f 2718/3834 2925/3883 2845/3884
f 2925/3883 2950/3871 2942/3885
f 2925/3883 2942/3885 2845/3884
f 2942/3885 2950/3871 2956/3886
f 2845/3884 2942/3885 2656/3887
f 2845/3884 2656/3887 2718/3834
f 2656/3887 2942/3885 2956/3886
f 2956/3886 2950/3871 2954/3842
f 2718/3834 2656/3887 2666/3888
f 2718/3834 2666/3888 2726/3829
f 2656/3887 2956/3886 2665/3889
f 2726/3829 2666/3888 2686/3890
f 2686/3890 2666/3888 2656/3887
f 2726/3829 2686/3890 2715/3832
f 2686/3890 2656/3887 2680/3891
f 2686/3890 2680/3891 2715/3832
f 2680/3891 2656/3887 2665/3889
f 2715/3832 2680/3891 2887/3892
f 2715/3832 2887/3892 2890/3833
f 2680/3891 2665/3889 2632/3893
f 2632/3893 2665/3889 2956/3886
f 2887/3892 2680/3891 2891/3894
f 2891/3894 2680/3891 2632/3893
f 2887/3892 2891/3894 2890/3833
f 2632/3893 2956/3886 2961/3895
f 2632/3893 2961/3895 2891/3894
f 2961/3895 2956/3886 2954/3842
f 2890/3833 2891/3894 2903/3896
f 2903/3896 2891/3894 2961/3895
f 2890/3833 2903/3896 2924/3838
f 2961/3895 2954/3842 2924/3838
f 2961/3895 2924/3838 2903/3896
f 2650/3897 2620/3898 2636/3899
f 2650/3897 2636/3899 2660/3900
f 2636/3899 2620/3898 2613/3901
f 2613/3901 2620/3898 2832/3902
f 2660/3900 2636/3899 2687/3903
f 2660/3900 2687/3903 2685/3904
f 2685/3904 2687/3903 2697/3905
f 2697/3905 2687/3903 2737/3906
f 2613/3901 2832/3902 2861/3907
f 2861/3907 2832/3902 2857/3908
f 2636/3899 2613/3901 2603/3909
f 2603/3909 2613/3901 2861/3907
f 2861/3907 2857/3908 2878/3910
f 2861/3907 2878/3910 2911/3911
f 2911/3911 2878/3910 2921/3912
f 2861/3907 2911/3911 2854/3913
f 2861/3907 2854/3913 2603/3909
f 2854/3913 2911/3911 2922/3914
f 2854/3913 2922/3914 2916/3915
f 2916/3915 2922/3914 2894/3916
f 2854/3913 2916/3915 2866/3917
f 2866/3917 2916/3915 2894/3916
f 2854/3913 2866/3917 2603/3909
f 2866/3917 2894/3916 2869/3918
f 2866/3917 2869/3918 2844/3919
f 2866/3917 2844/3919 2616/3920
f 2866/3917 2616/3920 2622/3921
f 2622/3921 2616/3920 2642/3922
f 2642/3922 2616/3920 2648/3923
f 2866/3917 2622/3921 2615/3924
f 2866/3917 2615/3924 2603/3909
f 2615/3924 2622/3921 2642/3922
f 2642/3922 2648/3923 2692/3925
f 2603/3909 2615/3924 2652/3926
f 2603/3909 2652/3926 2636/3899
f 2636/3899 2652/3926 2687/3903
f 2652/3926 2615/3924 2691/3927
f 2691/3927 2615/3924 2642/3922
f 2687/3903 2652/3926 2728/3928
f 2728/3928 2652/3926 2691/3927
f 2687/3903 2728/3928 2729/3929
f 2687/3903 2729/3929 2737/3906
f 2737/3906 2729/3929 2765/3930
f 2765/3930 2729/3929 2728/3928
f 2737/3906 2765/3930 2778/3931
f 2778/3931 2765/3930 2801/3932
f 2678/3933 2691/3927 2642/3922
f 2678/3933 2642/3922 2692/3925
f 2744/3934 2728/3928 2691/3927
f 2744/3934 2691/3927 2678/3933
f 2678/3933 2692/3925 2717/3935
f 2678/3933 2717/3935 2744/3934
f 2717/3935 2692/3925 2711/3936
f 2717/3935 2711/3936 2750/3937
f 2717/3935 2750/3937 2744/3934
f 2750/3937 2711/3936 2755/3938
f 2798/3939 2728/3928 2744/3934
f 2728/3928 2798/3939 2765/3930
f 2744/3934 2750/3937 2791/3940
f 2744/3934 2791/3940 2798/3939
f 2750/3937 2755/3938 2769/3941
f 2750/3937 2769/3941 2791/3940
f 2769/3941 2755/3938 2766/3942
f 2769/3941 2766/3942 2794/3943
f 2769/3941 2794/3943 2791/3940
f 2794/3943 2766/3942 2771/3944
f 2791/3940 2794/3943 2812/3945
f 2794/3943 2771/3944 2795/3946
f 2794/3943 2795/3946 2812/3945
f 2795/3946 2771/3944 2775/3947
f 2791/3940 2812/3945 2818/3948
f 2791/3940 2818/3948 2798/3939
f 2818/3948 2812/3945 2823/3949
f 2818/3948 2823/3949 2798/3939
f 2823/3949 2812/3945 2822/3950
f 2798/3939 2823/3949 2817/3951
f 2817/3951 2823/3949 2822/3950
f 2809/3952 2812/3945 2795/3946
f 2812/3945 2809/3952 2822/3950
f 2809/3952 2795/3946 2811/3953
f 2809/3952 2811/3953 2822/3950
f 2774/3954 2795/3946 2775/3947
f 2774/3954 2775/3947 2753/3955
f 2795/3946 2774/3954 2764/3956
f 2795/3946 2764/3956 2811/3953
f 2774/3954 2753/3955 2730/3957
f 2774/3954 2730/3957 2764/3956
f 2730/3957 2753/3955 2702/3958
f 2730/3957 2702/3958 2703/3959
f 2703/3959 2702/3958 2661/3960
f 2764/3956 2730/3957 2704/3961
f 2704/3961 2730/3957 2703/3959
f 2761/3962 2811/3953 2764/3956
f 2761/3962 2764/3956 2704/3961
f 2703/3959 2661/3960 2637/3963
f 2637/3963 2661/3960 2611/3964
f 2703/3959 2637/3963 2647/3965
f 2637/3963 2611/3964 2853/3966
f 2853/3966 2611/3964 2863/3967
f 2647/3965 2637/3963 2618/3968
f 2618/3968 2637/3963 2853/3966
f 2703/3959 2647/3965 2657/3969
f 2703/3959 2657/3969 2704/3961
f 2657/3969 2647/3965 2618/3968
f 2853/3966 2863/3967 2873/3970
f 2618/3968 2853/3966 2872/3971
f 2872/3971 2853/3966 2873/3970
f 2873/3970 2863/3967 2896/3972
f 2873/3970 2896/3972 2872/3971
f 2896/3972 2863/3967 2919/3973
f 2896/3972 2919/3973 2967/3974
f 2896/3972 2967/3974 2933/3975
f 2933/3975 2967/3974 2969/3976
f 2933/3975 2969/3976 2941/3977
f 2933/3975 2941/3977 2896/3972
f 2941/3977 2969/3976 2995/3978
f 2941/3977 2995/3978 2976/3979
f 2896/3972 2941/3977 2904/3980
f 2896/3972 2904/3980 2872/3971
f 2904/3980 2941/3977 2901/3981
f 2904/3980 2901/3981 2872/3971
f 2901/3981 2941/3977 2976/3979
f 2872/3971 2901/3981 2836/3982
f 2872/3971 2836/3982 2618/3968
f 2901/3981 2976/3979 2934/3983
f 2934/3983 2976/3979 3005/3984
f 2836/3982 2901/3981 2868/3985
f 2868/3985 2901/3981 2934/3983
f 2618/3968 2836/3982 2657/3969
f 2934/3983 3005/3984 2989/3986
f 2989/3986 3005/3984 3011/3987
f 3018/3988 3011/3987 3007/3989
f 3011/3987 3018/3988 2989/3986
f 2989/3986 3018/3988 2992/3990
f 2989/3986 2992/3990 2968/3991
f 2989/3986 2968/3991 2949/3992
f 2989/3986 2949/3992 2934/3983
f 2949/3992 2968/3991 2951/3993
f 2949/3992 2951/3993 2917/3994
f 2949/3992 2917/3994 2934/3983
f 2917/3994 2951/3993 2909/3995
f 2917/3994 2909/3995 2881/3996
f 2934/3983 2917/3994 2879/3997
f 2879/3997 2917/3994 2881/3996
f 2879/3997 2881/3996 2877/3998
f 2934/3983 2879/3997 2868/3985
f 2879/3997 2877/3998 2876/3999
f 2879/3997 2876/3999 2865/4000
f 2865/4000 2876/3999 2877/3998
f 2879/3997 2865/4000 2868/3985
f 2865/4000 2877/3998 2843/4001
f 2868/3985 2865/4000 2601/4002
f 2601/4002 2865/4000 2843/4001
f 2868/3985 2601/4002 2835/4003
f 2868/3985 2835/4003 2836/3982
f 2601/4002 2843/4001 2628/4004
f 2628/4004 2843/4001 2625/4005
f 2836/3982 2835/4003 2657/3969
f 2628/4004 2625/4005 2654/4006
f 2657/3969 2835/4003 2643/4007
f 2643/4007 2835/4003 2601/4002
f 2601/4002 2628/4004 2649/4008
f 2601/4002 2649/4008 2643/4007
f 2649/4008 2628/4004 2654/4006
f 2643/4007 2649/4008 2694/4009
f 2694/4009 2649/4008 2654/4006
f 2657/3969 2643/4007 2673/4010
f 2673/4010 2643/4007 2694/4009
f 2694/4009 2654/4006 2698/4011
f 2698/4011 2654/4006 2663/4012
f 2694/4009 2698/4011 2742/4013
f 2742/4013 2698/4011 2734/4014
f 2657/3969 2673/4010 2688/4015
f 2657/3969 2688/4015 2704/3961
f 2704/3961 2688/4015 2673/4010
f 2704/3961 2673/4010 2761/3962
f 2736/4016 2673/4010 2694/4009
f 2673/4010 2736/4016 2761/3962
f 2736/4016 2694/4009 2742/4013
f 2761/3962 2736/4016 2792/4017
f 2736/4016 2742/4013 2776/4018
f 2736/4016 2776/4018 2792/4017
f 2776/4018 2742/4013 2772/4019
f 2776/4018 2772/4019 2808/4020
f 2776/4018 2808/4020 2792/4017
f 2761/3962 2792/4017 2811/3953
f 2811/3953 2792/4017 2802/4021
f 2811/3953 2802/4021 2822/3950
f 2802/4021 2792/4017 2814/4022
f 2822/3950 2802/4021 2813/4023
f 2822/3950 2813/4023 2817/3951
f 2802/4021 2814/4022 2828/4024
f 2802/4021 2828/4024 2813/4023
f 2828/4024 2814/4022 2815/4025
f 2813/4023 2828/4024 2820/4026
f 2813/4023 2820/4026 2817/3951
f 2820/4026 2828/4024 2830/4027
f 2820/4026 2830/4027 2829/4028
f 2820/4026 2829/4028 2817/3951
f 2817/3951 2829/4028 2825/4029
f 2817/3951 2825/4029 2816/4030
f 2817/3951 2816/4030 2788/4031
f 2788/4031 2816/4030 2801/3932
f 2817/3951 2788/4031 2798/3939
f 2788/4031 2801/3932 2765/3930
f 2788/4031 2765/3930 2798/3939
f 2732/4032 2697/4033 2738/4034
f 2738/4034 2697/4033 2737/4035
f 2738/4034 2737/4035 2778/4036
f 2738/4034 2778/4036 2732/4032
f 2732/4032 2778/4036 2763/4037
f 2763/4037 2778/4036 2796/4038
f 2796/4038 2778/4036 2801/4039
f 2796/4038 2801/4039 2781/4040
f 2796/4038 2781/4040 2763/4037
f 2781/4040 2801/4039 2816/4041
f 2732/4032 2763/4037 2756/4042
f 2763/4037 2781/4040 2797/4043
f 2763/4037 2797/4043 2756/4042
f 2781/4040 2816/4041 2804/4044
f 2781/4040 2804/4044 2797/4043
f 2804/4044 2816/4041 2826/4045
f 2826/4045 2816/4041 2825/4046
f 2826/4045 2825/4046 2829/4047
f 2826/4045 2829/4047 2805/4048
f 2826/4045 2805/4048 2804/4044
f 2805/4048 2829/4047 2830/4049
f 2804/4044 2805/4048 2824/4050
f 2804/4044 2824/4050 2797/4043
f 2805/4048 2830/4049 2827/4051
f 2827/4051 2830/4049 2828/4052
f 2827/4051 2828/4052 2815/4053
f 2805/4048 2827/4051 2806/4054
f 2806/4054 2827/4051 2815/4053
f 2805/4048 2806/4054 2824/4050
f 2806/4054 2815/4053 2780/4055
f 2780/4055 2815/4053 2814/4056
f 2780/4055 2814/4056 2792/4057
f 2780/4055 2792/4057 2808/4058
f 2806/4054 2780/4055 2810/4059
f 2806/4054 2810/4059 2824/4050
f 2780/4055 2808/4058 2784/4060
f 2780/4055 2784/4060 2810/4059
f 2784/4060 2808/4058 2772/4061
f 2784/4060 2772/4061 2731/4062
f 2731/4062 2772/4061 2741/4063
f 2741/4063 2772/4061 2742/4064
f 2741/4063 2742/4064 2731/4062
f 2731/4062 2742/4064 2734/4065
f 2698/4066 2663/4067 2734/4065
f 2734/4065 2663/4067 2651/4068
f 2734/4065 2651/4068 2731/4062
f 2651/4068 2663/4067 2654/4069
f 2651/4068 2654/4069 2625/4070
f 2651/4068 2625/4070 2621/4071
f 2621/4071 2625/4070 2843/4072
f 2621/4071 2843/4072 2859/4073
f 2859/4073 2843/4072 2877/4074
f 2651/4068 2621/4071 2614/4075
f 2614/4075 2621/4071 2859/4073
f 2651/4068 2614/4075 2667/4076
f 2651/4068 2667/4076 2731/4062
f 2614/4075 2859/4073 2847/4077
f 2859/4073 2877/4074 2874/4078
f 2874/4078 2877/4074 2881/4079
f 2667/4076 2614/4075 2635/4080
f 2635/4080 2614/4075 2847/4077
f 2859/4073 2874/4078 2913/4081
f 2859/4073 2913/4081 2847/4077
f 2874/4078 2881/4079 2920/4082
f 2874/4078 2920/4082 2913/4081
f 2920/4082 2881/4079 2909/4083
f 2920/4082 2909/4083 2951/4084
f 2920/4082 2951/4084 2948/4085
f 2920/4082 2948/4085 2913/4081
f 2948/4085 2951/4084 2968/4086
f 2900/4087 2847/4077 2913/4081
f 2900/4087 2913/4081 2953/4088
f 2953/4088 2913/4081 2986/4089
f 2986/4089 2913/4081 2948/4085
f 2948/4085 2968/4086 2984/4090
f 2948/4085 2984/4090 2986/4089
f 2984/4090 2968/4086 2992/4091
f 2986/4089 2984/4090 3007/4092
f 2984/4090 2992/4091 3018/4093
f 2984/4090 3018/4093 3007/4092
f 2871/4094 2847/4077 2900/4087
f 2871/4094 2900/4087 2897/4095
f 2871/4094 2897/4095 2867/4096
f 2867/4096 2897/4095 2882/4097
f 2847/4077 2871/4094 2607/4098
f 2871/4094 2867/4096 2837/4099
f 2837/4099 2867/4096 2882/4097
f 2871/4094 2837/4099 2607/4098
f 2847/4077 2607/4098 2635/4080
f 2635/4080 2607/4098 2644/4100
f 2644/4100 2607/4098 2837/4099
f 2837/4099 2882/4097 2840/4101
f 2840/4101 2882/4097 2880/4102
f 2840/4101 2880/4102 2605/4103
f 2840/4101 2605/4103 2653/4104
f 2840/4101 2653/4104 2837/4099
f 2653/4104 2605/4103 2658/4105
f 2837/4099 2653/4104 2640/4106
f 2837/4099 2640/4106 2644/4100
f 2653/4104 2658/4105 2700/4107
f 2700/4107 2658/4105 2712/4108
f 2640/4106 2653/4104 2674/4109
f 2640/4106 2674/4109 2644/4100
f 2674/4109 2653/4104 2700/4107
f 2644/4100 2674/4109 2689/4110
f 2674/4109 2700/4107 2713/4111
f 2674/4109 2713/4111 2689/4110
f 2644/4100 2689/4110 2679/4112
f 2679/4112 2689/4110 2713/4111
f 2644/4100 2679/4112 2635/4080
f 2635/4080 2679/4112 2659/4113
f 2635/4080 2659/4113 2667/4076
f 2667/4076 2659/4113 2682/4114
f 2682/4114 2659/4113 2679/4112
f 2667/4076 2682/4114 2731/4062
f 2679/4112 2713/4111 2739/4115
f 2679/4112 2739/4115 2682/4114
f 2731/4062 2682/4114 2759/4116
f 2759/4116 2682/4114 2739/4115
f 2731/4062 2759/4116 2784/4060
f 2784/4060 2759/4116 2810/4059
f 2759/4116 2739/4115 2785/4117
f 2759/4116 2785/4117 2810/4059
f 2785/4117 2739/4115 2713/4111
f 2785/4117 2713/4111 2747/4118
f 2747/4118 2713/4111 2700/4107
f 2785/4117 2747/4118 2768/4119
f 2747/4118 2700/4107 2757/4120
f 2757/4120 2700/4107 2712/4108
f 2757/4120 2712/4108 2745/4121
f 2757/4120 2745/4121 2743/4122
f 2757/4120 2743/4122 2762/4123
f 2757/4120 2762/4123 2747/4118
f 2747/4118 2762/4123 2768/4119
f 2785/4117 2768/4119 2790/4124
f 2790/4124 2768/4119 2762/4123
f 2785/4117 2790/4124 2803/4125
f 2785/4117 2803/4125 2810/4059
f 2790/4124 2762/4123 2786/4126
f 2786/4126 2762/4123 2770/4127
f 2786/4126 2770/4127 2787/4128
f 2790/4124 2786/4126 2807/4129
f 2807/4129 2786/4126 2787/4128
f 2790/4124 2807/4129 2803/4125
f 2810/4059 2803/4125 2819/4130
f 2819/4130 2803/4125 2807/4129
f 2810/4059 2819/4130 2824/4050
f 2824/4050 2819/4130 2821/4131
f 2821/4131 2819/4130 2807/4129
f 2824/4050 2821/4131 2797/4043
f 2807/4129 2787/4128 2782/4132
f 2807/4129 2782/4132 2821/4131
f 2821/4131 2782/4132 2797/4043
f 2782/4132 2787/4128 2767/4133
f 2797/4043 2782/4132 2746/4134
f 2746/4134 2782/4132 2767/4133
f 2746/4134 2767/4133 2714/4135
f 2797/4043 2746/4134 2756/4042
f 2746/4134 2714/4135 2693/4136
f 2756/4042 2746/4134 2710/4137
f 2710/4137 2746/4134 2693/4136
f 2756/4042 2710/4137 2732/4032
f 2732/4032 2710/4137 2670/4138
f 2670/4138 2710/4137 2693/4136
f 2670/4138 2693/4136 2634/4139
f 2755/4140 2711/4141 2751/4142
f 2755/4140 2751/4142 2766/4143
f 2751/4142 2711/4141 2701/4144
f 2701/4144 2711/4141 2692/4145
f 2766/4143 2751/4142 2783/4146
f 2766/4143 2783/4146 2771/4147
f 2701/4144 2692/4145 2645/4148
f 2645/4148 2692/4145 2648/4149
f 2645/4148 2648/4149 2616/4150
f 2645/4148 2616/4150 2841/4151
f 2841/4151 2616/4150 2844/4152
f 2701/4144 2645/4148 2655/4153
f 2716/4154 2751/4142 2701/4144
f 2716/4154 2701/4144 2655/4153
f 2751/4142 2716/4154 2754/4155
f 2751/4142 2754/4155 2783/4146
f 2716/4154 2655/4153 2725/4156
f 2716/4154 2725/4156 2754/4155
f 2655/4153 2645/4148 2833/4157
f 2833/4157 2645/4148 2841/4151
f 2783/4146 2754/4155 2773/4158
f 2783/4146 2773/4158 2771/4147
f 2754/4155 2725/4156 2733/4159
f 2771/4147 2773/4158 2789/4160
f 2771/4147 2789/4160 2775/4161
f 2773/4158 2754/4155 2749/4162
f 2773/4158 2749/4162 2789/4160
f 2749/4162 2754/4155 2733/4159
f 2775/4161 2789/4160 2748/4163
f 2748/4163 2789/4160 2749/4162
f 2775/4161 2748/4163 2753/4164
f 2753/4164 2748/4163 2702/4165
f 2702/4165 2748/4163 2699/4166
f 2702/4165 2699/4166 2661/4167
f 2699/4166 2748/4163 2695/4168
f 2699/4166 2695/4168 2661/4167
f 2695/4168 2748/4163 2749/4162
f 2661/4167 2695/4168 2639/4169
f 2661/4167 2639/4169 2611/4170
f 2695/4168 2749/4162 2676/4171
f 2695/4168 2676/4171 2639/4169
f 2676/4171 2749/4162 2724/4172
f 2724/4172 2749/4162 2733/4159
f 2639/4169 2676/4171 2617/4173
f 2611/4170 2639/4169 2838/4174
f 2838/4174 2639/4169 2617/4173
f 2611/4170 2838/4174 2863/4175
f 2863/4175 2838/4174 2908/4176
f 2863/4175 2908/4176 2919/4177
f 2919/4177 2908/4176 2967/4178
f 2908/4176 2838/4174 2886/4179
f 2886/4179 2838/4174 2617/4173
f 2967/4178 2908/4176 2970/4180
f 2970/4180 2908/4176 2886/4179
f 2631/4181 2617/4173 2676/4171
f 2631/4181 2676/4171 2696/4182
f 2696/4182 2676/4171 2724/4172
f 2617/4173 2631/4181 2885/4183
f 2885/4183 2631/4181 2696/4182
f 2889/4184 2886/4179 2617/4173
f 2889/4184 2617/4173 2885/4183
f 2886/4179 2889/4184 2930/4185
f 2886/4179 2930/4185 2970/4180
f 2889/4184 2885/4183 2907/4186
f 2907/4186 2885/4183 2696/4182
f 2889/4184 2907/4186 2930/4185
f 2907/4186 2696/4182 2707/4187
f 2707/4187 2696/4182 2724/4172
f 2907/4186 2707/4187 2926/4188
f 2907/4186 2926/4188 2930/4185
f 2707/4187 2724/4172 2723/4189
f 2723/4189 2724/4172 2735/4190
f 2707/4187 2723/4189 2606/4191
f 2707/4187 2606/4191 2926/4188
f 2606/4191 2723/4189 2735/4190
f 2735/4190 2724/4172 2733/4159
f 2926/4188 2606/4191 2937/4192
f 2926/4188 2937/4192 2930/4185
f 2606/4191 2735/4190 2849/4193
f 2606/4191 2849/4193 2937/4192
f 2735/4190 2733/4159 2722/4194
f 2849/4193 2735/4190 2831/4195
f 2831/4195 2735/4190 2722/4194
f 2937/4192 2849/4193 2957/4196
f 2957/4196 2849/4193 2831/4195
f 2937/4192 2957/4196 2930/4185
f 2930/4185 2957/4196 2963/4197
f 2957/4196 2831/4195 2958/4198
f 2958/4198 2831/4195 2722/4194
f 2957/4196 2958/4198 2963/4197
f 2930/4185 2963/4197 2970/4180
f 2708/4199 2722/4194 2733/4159
f 2708/4199 2733/4159 2725/4156
f 2708/4199 2725/4156 2671/4200
f 2671/4200 2725/4156 2655/4153
f 2722/4194 2708/4199 2720/4201
f 2671/4200 2655/4153 2612/4202
f 2612/4202 2655/4153 2833/4157
f 2708/4199 2671/4200 2681/4203
f 2708/4199 2681/4203 2720/4201
f 2671/4200 2612/4202 2633/4204
f 2671/4200 2633/4204 2681/4203
f 2722/4194 2720/4201 2604/4205
f 2720/4201 2681/4203 2940/4206
f 2720/4201 2940/4206 2604/4205
f 2722/4194 2604/4205 2958/4198
f 2958/4198 2604/4205 2943/4207
f 2943/4207 2604/4205 2955/4208
f 2943/4207 2955/4208 2958/4198
f 2955/4208 2604/4205 2940/4206
f 2958/4198 2955/4208 2947/4209
f 2947/4209 2955/4208 2940/4206
f 2958/4198 2947/4209 2963/4197
f 2898/4210 2940/4206 2681/4203
f 2898/4210 2681/4203 2633/4204
f 2947/4209 2940/4206 2902/4211
f 2902/4211 2940/4206 2898/4210
f 2898/4210 2633/4204 2851/4212
f 2898/4210 2851/4212 2902/4211
f 2851/4212 2633/4204 2612/4202
f 2851/4212 2612/4202 2848/4213
f 2851/4212 2848/4213 2902/4211
f 2848/4213 2612/4202 2833/4157
f 2947/4209 2902/4211 2946/4214
f 2946/4214 2902/4211 2848/4213
f 2848/4213 2833/4157 2888/4215
f 2848/4213 2888/4215 2946/4214
f 2888/4215 2833/4157 2841/4151
f 2946/4214 2888/4215 2906/4216
f 2906/4216 2888/4215 2841/4151
f 2947/4209 2946/4214 2978/4217
f 2947/4209 2978/4217 2963/4197
f 2978/4217 2946/4214 2975/4218
f 2975/4218 2946/4214 2906/4216
f 2963/4197 2978/4217 2987/4219
f 2963/4197 2987/4219 2970/4180
f 2978/4217 2975/4218 3008/4220
f 2978/4217 3008/4220 2987/4219
f 2970/4180 2987/4219 3000/4221
f 3000/4221 2987/4219 3008/4220
f 2970/4180 3000/4221 2967/4178
f 2967/4178 3000/4221 2983/4222
f 2967/4178 2983/4222 2969/4223
f 2969/4223 2983/4222 2995/4224
f 2983/4222 3000/4221 2998/4225
f 2998/4225 3000/4221 3008/4220
f 2995/4224 2983/4222 3017/4226
f 3017/4226 2983/4222 2998/4225
f 2995/4224 3017/4226 3022/4227
f 2995/4224 3022/4227 2976/4228
f 2976/4228 3022/4227 3005/4229
f 2998/4225 3008/4220 3002/4230
f 3017/4226 2998/4225 3014/4231
f 3014/4231 2998/4225 3002/4230
f 3002/4230 3008/4220 2982/4232
f 2982/4232 3008/4220 2975/4218
f 3014/4231 3002/4230 3019/4233
f 3019/4233 3002/4230 2982/4232
f 3017/4226 3014/4231 3030/4234
f 3017/4226 3030/4234 3022/4227
f 3030/4234 3014/4231 3019/4233
f 2982/4232 2975/4218 2931/4235
f 3022/4227 3030/4234 3037/4236
f 3022/4227 3037/4236 3005/4229
f 2931/4235 2975/4218 2906/4216
f 3037/4236 3030/4234 3040/4237
f 3040/4237 3030/4234 3019/4233
f 2991/4238 3019/4233 2982/4232
f 2982/4232 2931/4235 2959/4239
f 2982/4232 2959/4239 2991/4238
f 3019/4233 2991/4238 2996/4240
f 2996/4240 2991/4238 2959/4239
f 3019/4233 2996/4240 3023/4241
f 3019/4233 3023/4241 3040/4237
f 3023/4241 2996/4240 2971/4242
f 2971/4242 2996/4240 2959/4239
f 3040/4237 3023/4241 3006/4243
f 3006/4243 3023/4241 2971/4242
f 2936/4244 2959/4239 2931/4235
f 2936/4244 2931/4235 2893/4245
f 2893/4245 2931/4235 2906/4216
f 2959/4239 2936/4244 2894/4246
f 2894/4246 2936/4244 2893/4245
f 2959/4239 2894/4246 2922/4247
f 2959/4239 2922/4247 2971/4242
f 2971/4242 2922/4247 2911/4248
f 2893/4245 2906/4216 2862/4249
f 2893/4245 2862/4249 2894/4246
f 2862/4249 2906/4216 2841/4151
f 2894/4246 2862/4249 2869/4250
f 2862/4249 2841/4151 2844/4152
f 2862/4249 2844/4152 2869/4250
f 2971/4242 2911/4248 2945/4251
f 2945/4251 2911/4248 2921/4252
f 2945/4251 2921/4252 2952/4253
f 2971/4242 2945/4251 2962/4254
f 2962/4254 2945/4251 2952/4253
f 2962/4254 2952/4253 2988/4255
f 2971/4242 2962/4254 3006/4243
f 3006/4243 2962/4254 2988/4255
f 3006/4243 2988/4255 3013/4256
f 3006/4243 3013/4256 3020/4257
f 3006/4243 3020/4257 3033/4258
f 3033/4258 3020/4257 3038/4259
f 3006/4243 3033/4258 3040/4237
f 3033/4258 3038/4259 3044/4260
f 3040/4237 3033/4258 3031/4261
f 3031/4261 3033/4258 3044/4260
f 3040/4237 3031/4261 3037/4236
f 3031/4261 3044/4260 3034/4262
f 3034/4262 3044/4260 3027/4263
f 3034/4262 3027/4263 3042/4264
f 3034/4262 3042/4264 3043/4265
f 3034/4262 3043/4265 3031/4261
f 3043/4265 3042/4264 3039/4266
f 3037/4236 3031/4261 3028/4267
f 3028/4267 3031/4261 3043/4265
f 3037/4236 3028/4267 3005/4229
f 3043/4265 3039/4266 3036/4268
f 3043/4265 3036/4268 3028/4267
f 3036/4268 3039/4266 3024/4269
f 3005/4229 3028/4267 3016/4270
f 3016/4270 3028/4267 3036/4268
f 3016/4270 3036/4268 3024/4269
f 3005/4229 3016/4270 3011/4271
f 3011/4271 3016/4270 3024/4269
f 3011/4271 3024/4269 3007/4272
f 2895/4273 2910/4274 2966/4275
f 2895/4273 2966/4275 2938/4276
f 2938/4276 2966/4275 2985/4277
f 2985/4277 2966/4275 2999/4278
f 2985/4277 2999/4278 3021/4279
f 3021/4279 2999/4278 3025/4280
f 3021/4279 3025/4280 3041/4281
f 3041/4281 3025/4280 3029/4282
f 2985/4277 3021/4279 3009/4283
f 2938/4276 2985/4277 2977/4284
f 2977/4284 2985/4277 3009/4283
f 2878/4285 2875/4286 2938/4276
f 2878/4285 2938/4276 2923/4287
f 2878/4285 2923/4287 2921/4288
f 2921/4288 2923/4287 2952/4289
f 2923/4287 2938/4276 2944/4290
f 2923/4287 2944/4290 2952/4289
f 2944/4290 2938/4276 2977/4284
f 2952/4289 2944/4290 2964/4291
f 2964/4291 2944/4290 2977/4284
f 2952/4289 2964/4291 2988/4292
f 2988/4292 2964/4291 2977/4284
f 2988/4292 2977/4284 3013/4293
f 3013/4293 2977/4284 3009/4283
f 3013/4293 3009/4283 3020/4294
f 3020/4294 3009/4283 3038/4295
f 3038/4295 3009/4283 3032/4296
f 3032/4296 3009/4283 3021/4279
f 3038/4295 3032/4296 3044/4297
f 3044/4297 3032/4296 3027/4298
f 3032/4296 3021/4279 3041/4281
f 3032/4296 3041/4281 3027/4298
f 3027/4298 3041/4281 3026/4299
f 3027/4298 3026/4299 3042/4300
f 3042/4300 3026/4299 3039/4301
f 3039/4301 3026/4299 3024/4302
f 3024/4302 3026/4299 3007/4303
f 3007/4303 3026/4299 2986/4304
f 3026/4299 3041/4281 3035/4305
f 3026/4299 3035/4305 2986/4304
f 3035/4305 3041/4281 3029/4282
f 3035/4305 3029/4282 3003/4306
f 3035/4305 3003/4306 2986/4304
f 2986/4304 3003/4306 2953/4307
o tripo_part_3
v -0.119621 0.043158 -0.377943
v -0.118144 0.049292 -0.384019
v -0.115310 0.068999 -0.333513
v -0.112522 0.043135 -0.382322
v -0.110121 0.045488 -0.379766
v -0.108950 0.048292 -0.342023
v -0.104127 0.042992 -0.347796
v -0.097132 0.042830 -0.374338
v -0.097025 0.051380 -0.330385
v -0.096934 0.060325 -0.335207
v -0.096528 0.071618 -0.333461
v -0.096499 0.052074 -0.338405
v -0.096472 0.058532 -0.335079
v -0.096379 0.077924 -0.333915
v -0.096371 0.042999 -0.340879
v -0.096360 0.062991 -0.333664
v -0.096163 0.073952 -0.333044
v -0.096121 0.088087 -0.338884
v -0.095887 0.048714 -0.341610
v -0.095751 0.092104 -0.341739
v -0.095646 0.077142 -0.388589
v -0.095591 0.046743 -0.343498
v -0.095259 0.098011 -0.350545
v -0.095175 0.099705 -0.360570
v -0.094885 0.043030 -0.386245
v -0.094706 0.100350 -0.363596
v -0.094599 0.068052 -0.330568
v -0.094445 0.097469 -0.373037
v -0.094403 0.045271 -0.377393
v -0.094401 0.050526 -0.382747
v -0.094365 0.052326 -0.331613
v -0.094348 0.060480 -0.332334
v -0.094334 0.057960 -0.386943
v -0.094235 0.042788 -0.343402
v -0.094153 0.078995 -0.331646
v -0.094117 0.088703 -0.384357
v -0.093993 0.088228 -0.336027
v -0.093796 0.078647 -0.388761
v -0.093672 0.053062 -0.335270
v -0.093609 0.071510 -0.389959
v -0.093581 0.076060 -0.389558
v -0.093401 0.061457 -0.389083
v -0.093272 0.096209 -0.343376
v -0.092536 0.102139 -0.357163
v -0.092360 0.043024 -0.378009
v -0.092295 0.100193 -0.371800
v -0.091986 0.048340 -0.384216
v -0.091860 0.056782 -0.389135
v -0.091612 0.092499 -0.383459
v -0.091498 0.079320 -0.390659
v -0.091494 0.066484 -0.391655
v -0.088545 0.041117 -0.338579
v -0.088515 0.050451 -0.338769
v -0.088500 0.050810 -0.344787
v -0.088496 0.041172 -0.348016
v -0.088477 0.047707 -0.347888
v -0.085887 0.048719 -0.338607
v -0.085368 0.042967 -0.347546
v -0.084902 0.077068 -0.330587
v -0.084883 0.047508 -0.340349
v -0.084826 0.041248 -0.338781
v -0.084803 0.063824 -0.330732
v -0.084624 0.052984 -0.334806
v -0.084487 0.047108 -0.342744
v -0.084399 0.091438 -0.337524
v -0.083861 0.098374 -0.346499
v -0.083491 0.102081 -0.359151
v -0.083392 0.051097 -0.344513
v -0.083083 0.042919 -0.376998
v -0.082842 0.075974 -0.332569
v -0.082675 0.085569 -0.336635
v -0.082659 0.063209 -0.332878
v -0.082480 0.053044 -0.337390
v -0.082476 0.059703 -0.334177
v -0.082423 0.090784 -0.340814
v -0.082312 0.096068 -0.346962
v -0.082282 0.088673 -0.339994
v -0.082232 0.043116 -0.341383
v -0.082175 0.097433 -0.349910
v -0.081915 0.098263 -0.375421
v -0.081877 0.050285 -0.344266
v -0.081706 0.099571 -0.357964
v -0.081366 0.048382 -0.382930
v -0.081267 0.099587 -0.362731
v -0.081168 0.047659 -0.347833
v -0.081160 0.087811 -0.386060
v -0.080855 0.044874 -0.347614
v -0.080775 0.060870 -0.389764
v -0.080763 0.042654 -0.347792
v -0.080660 0.077417 -0.390230
v -0.080645 0.096258 -0.373964
v -0.080340 0.090439 -0.380573
v -0.080134 0.043902 -0.373976
v -0.080020 0.050461 -0.381790
v -0.079634 0.077400 -0.387781
v -0.079417 0.067147 -0.388362
v -0.079405 0.058212 -0.385923
v -0.078841 0.042778 -0.371036
v -0.078738 0.098755 -0.359756
v -0.076464 0.043121 -0.349192
v -0.073451 0.053129 -0.334394
v -0.073348 0.052175 -0.337738
v -0.072836 0.048256 -0.341156
v -0.072356 0.043240 -0.340644
v -0.071379 0.048752 -0.338394
v -0.070963 0.044148 -0.346601
v -0.070017 0.037928 -0.336883
v -0.069640 0.042908 -0.348412
v -0.068728 0.042847 -0.370687
v -0.068633 0.035702 -0.362083
v -0.068625 0.040930 -0.358595
v -0.068438 0.040400 -0.361358
v -0.068415 0.072304 -0.338148
v -0.068358 0.042845 -0.374018
v -0.068179 0.062077 -0.339393
v -0.068026 0.082886 -0.341873
v -0.067889 0.054254 -0.343803
v -0.067526 0.049700 -0.349880
v -0.067370 0.050617 -0.353056
v -0.067294 0.090759 -0.350165
v -0.067294 0.039017 -0.380987
v -0.067202 0.069800 -0.355252
v -0.067114 0.073230 -0.359230
v -0.066794 0.071383 -0.362891
v -0.066668 0.092808 -0.358692
v -0.066573 0.061377 -0.364602
v -0.066565 0.047382 -0.359646
v -0.066477 0.051585 -0.365479
v -0.066435 0.050127 -0.369261
v -0.066290 0.075832 -0.332006
v -0.066145 0.091723 -0.367697
v -0.066031 0.054550 -0.375367
v -0.066020 0.085253 -0.376144
v -0.065867 0.072594 -0.381013
v -0.065768 0.079743 -0.378986
v -0.065714 0.071074 -0.356323
v -0.065695 0.062027 -0.379697
v -0.065039 0.069652 -0.331760
v -0.064585 0.062589 -0.332485
v -0.064505 0.088215 -0.337829
v -0.064475 0.070386 -0.360273
v -0.064177 0.058529 -0.333728
v -0.064131 0.080187 -0.333177
v -0.063887 0.065110 -0.361003
v -0.063872 0.061513 -0.386333
v -0.063822 0.057364 -0.354924
v -0.063059 0.096024 -0.347276
v -0.062983 0.043226 -0.348827
v -0.062899 0.056684 -0.362109
v -0.062880 0.099152 -0.357227
v -0.062834 0.097616 -0.350507
v -0.062682 0.049896 -0.340620
v -0.062625 0.060834 -0.333791
v -0.062583 0.099426 -0.360869
v -0.062422 0.074915 -0.337570
v -0.062350 0.048235 -0.377468
v -0.062296 0.041229 -0.357263
v -0.062083 0.053334 -0.343471
v -0.062056 0.088045 -0.339243
v -0.062052 0.062715 -0.338222
v -0.061949 0.075901 -0.333105
v -0.061934 0.084795 -0.342029
v -0.061873 0.090637 -0.339920
v -0.061858 0.048042 -0.341653
v -0.061850 0.050066 -0.339546
v -0.061804 0.044699 -0.372112
v -0.061652 0.096993 -0.369973
v -0.061644 0.091732 -0.350030
v -0.061591 0.049250 -0.349184
v -0.061553 0.080981 -0.385442
v -0.061530 0.079768 -0.334932
v -0.061354 0.043192 -0.369361
v -0.061324 0.093380 -0.358368
v -0.061308 0.059877 -0.335395
v -0.061110 0.095213 -0.348511
v -0.060957 0.045181 -0.347467
v -0.060721 0.055347 -0.383195
v -0.060706 0.098095 -0.358908
v -0.060568 0.091986 -0.367898
v -0.060401 0.046755 -0.358632
v -0.060332 0.053713 -0.374619
v -0.060294 0.041975 -0.358909
v -0.060118 0.086599 -0.375190
v -0.060057 0.049709 -0.377889
v -0.060034 0.077243 -0.385831
v -0.060027 0.061805 -0.356090
v -0.059897 0.062897 -0.360129
v -0.059874 0.049278 -0.369690
v -0.059714 0.062514 -0.380283
v -0.059645 0.095270 -0.372078
v -0.059599 0.070789 -0.386682
v -0.059523 0.044846 -0.369565
v -0.059485 0.089880 -0.378954
v -0.059470 0.076153 -0.380670
v -0.059371 0.057743 -0.355772
v -0.059050 0.060133 -0.383667
v -0.058684 0.058381 -0.361616
v -0.058684 0.052110 -0.377801
v -0.127034 0.090042 -0.341287
v -0.127787 0.057829 -0.390327
v -0.127969 0.043066 -0.348149
v -0.128491 0.052532 -0.338750
v -0.128643 0.076866 -0.392061
v -0.129065 0.050937 -0.386993
v -0.129601 0.097317 -0.378954
v -0.130441 0.045691 -0.345324
v -0.130584 0.100086 -0.373248
v -0.130869 0.099831 -0.353596
v -0.131260 0.083935 -0.337017
v -0.131348 0.071051 -0.393179
v -0.131739 0.078548 -0.335128
v -0.132178 0.088902 -0.339977
v -0.132933 0.101452 -0.362732
v -0.133360 0.047497 -0.344055
v -0.133493 0.058731 -0.336341
v -0.134494 0.043055 -0.342472
v -0.134654 0.091389 -0.385706
v -0.134775 0.061049 -0.335779
v -0.134801 0.043079 -0.378992
v -0.134928 0.098446 -0.351098
v -0.134991 0.047419 -0.383977
v -0.136443 0.072819 -0.334365
v -0.137110 0.044266 -0.380821
v -0.137630 0.084641 -0.390531
v -0.143757 0.089710 -0.342645
v -0.144993 0.043169 -0.385355
v -0.145512 0.069476 -0.335044
v -0.147025 0.043160 -0.350003
v -0.147345 0.092432 -0.344074
v -0.147416 0.052625 -0.340143
v -0.148589 0.078935 -0.392786
v -0.151446 0.043202 -0.379484
v -0.154185 0.042915 -0.348041
v -0.155360 0.046566 -0.346521
v -0.156706 0.048266 -0.345347
v -0.158503 0.077864 -0.337293
v -0.167849 0.056657 -0.391594
v -0.167857 0.076785 -0.393724
v -0.167891 0.079648 -0.393198
v -0.167948 0.088419 -0.388368
v -0.168032 0.060006 -0.392969
v -0.168147 0.050528 -0.387445
v -0.168246 0.065663 -0.394498
v -0.168494 0.047253 -0.384887
v -0.168856 0.043247 -0.379371
v -0.168955 0.098393 -0.376323
v -0.169413 0.099583 -0.365576
v -0.169570 0.074922 -0.396318
v -0.169699 0.099423 -0.360092
v -0.169829 0.043240 -0.352898
v -0.169844 0.059822 -0.395326
v -0.169882 0.088871 -0.390825
v -0.169882 0.096958 -0.353577
v -0.170077 0.048584 -0.389192
v -0.170165 0.043053 -0.383121
v -0.170653 0.088160 -0.343334
v -0.170798 0.048977 -0.346313
v -0.170809 0.090784 -0.345477
v -0.170924 0.083288 -0.340379
v -0.170977 0.058059 -0.340051
v -0.170981 0.098202 -0.380811
v -0.171019 0.060985 -0.339250
v -0.171149 0.069836 -0.337734
v -0.171263 0.102146 -0.367984
v -0.171420 0.099728 -0.354377
v -0.171423 0.073579 -0.337850
v -0.171572 0.042856 -0.350545
v -0.172438 0.093714 -0.345276
v -0.172659 0.050678 -0.342268
v -0.173304 0.064600 -0.336128
v -0.173350 0.082213 -0.337780
v -0.173400 0.071646 -0.335868
v -0.176913 0.043112 -0.348923
v -0.177088 0.053057 -0.340564
v -0.178378 0.052765 -0.336759
v -0.179785 0.091908 -0.389001
v -0.180281 0.078373 -0.396539
v -0.180495 0.101856 -0.371827
v -0.180682 0.043032 -0.384264
v -0.180872 0.064326 -0.396856
v -0.181204 0.053269 -0.392984
v -0.181864 0.100018 -0.355746
v -0.182124 0.079291 -0.393533
v -0.182185 0.090113 -0.387338
v -0.182196 0.075699 -0.394601
v -0.182227 0.053243 -0.340286
v -0.182341 0.061278 -0.393854
v -0.182578 0.098209 -0.375848
v -0.182616 0.094208 -0.347123
v -0.182734 0.049862 -0.387411
v -0.182787 0.057897 -0.391977
v -0.182837 0.072454 -0.336412
v -0.183013 0.099148 -0.366228
v -0.183081 0.086914 -0.340992
v -0.183528 0.098110 -0.357796
v -0.183810 0.043003 -0.378374
v -0.183863 0.093830 -0.350065
v -0.183997 0.088823 -0.345842
v -0.184134 0.042822 -0.388330
v -0.184332 0.074495 -0.338758
v -0.184413 0.083262 -0.341804
v -0.184584 0.061356 -0.340095
v -0.185076 0.052695 -0.344268
v -0.193320 0.043264 -0.355728
v -0.194968 0.043686 -0.349966
v -0.195891 0.072819 -0.389539
v -0.196120 0.084797 -0.384323
v -0.196173 0.062164 -0.388248
v -0.196578 0.051080 -0.380882
v -0.196707 0.047497 -0.349595
v -0.196967 0.044422 -0.380800
v -0.196974 0.072151 -0.370835
v -0.197020 0.051608 -0.373731
v -0.197089 0.092421 -0.372263
v -0.197363 0.047134 -0.368000
v -0.197531 0.049130 -0.360171
v -0.197577 0.042833 -0.379987
v -0.197600 0.071825 -0.363989
v -0.197989 0.091047 -0.359617
v -0.198554 0.083944 -0.350797
v -0.198691 0.057921 -0.349191
v -0.198767 0.073362 -0.346688
v -0.199126 0.041395 -0.375032
v -0.199538 0.043230 -0.349102
v -0.199584 0.051796 -0.345995
v -0.199706 0.053018 -0.339033
v -0.199706 0.050678 -0.389005
v -0.199881 0.040924 -0.368041
v -0.199988 0.089027 -0.388597
v -0.200530 0.046259 -0.384353
v -0.200621 0.077582 -0.394937
v -0.200652 0.060761 -0.394178
v -0.200987 0.043161 -0.356700
v -0.201003 0.067965 -0.395250
v -0.201018 0.074360 -0.390031
v -0.201094 0.042109 -0.359283
v -0.201125 0.057720 -0.371342
v -0.201384 0.057844 -0.392900
v -0.201476 0.062387 -0.389055
v -0.201842 0.053685 -0.383964
v -0.201888 0.089182 -0.348084
v -0.202025 0.059073 -0.364045
v -0.202048 0.085835 -0.384496
v -0.202147 0.096031 -0.380010
v -0.202330 0.087996 -0.388465
v -0.202445 0.091957 -0.376548
v -0.202513 0.077838 -0.341295
v -0.202704 0.051058 -0.386537
v -0.202735 0.048967 -0.378679
v -0.202750 0.058421 -0.342641
v -0.202902 0.086901 -0.345425
v -0.202910 0.074386 -0.340456
v -0.203139 0.044270 -0.379551
v -0.203185 0.092886 -0.363804
v -0.203238 0.098824 -0.366997
v -0.203261 0.084990 -0.351832
v -0.203353 0.062975 -0.341213
v -0.203581 0.046631 -0.367972
v -0.203826 0.044615 -0.355746
v -0.204009 0.094654 -0.354000
v -0.204009 0.064437 -0.367768
v -0.204123 0.063334 -0.347069
v -0.204138 0.041372 -0.369109
v -0.204230 0.053451 -0.352414
v -0.204238 0.048790 -0.359310
v -0.204291 0.041617 -0.366210
v -0.204566 0.056821 -0.369958
v -0.204680 0.075691 -0.346830
v -0.204772 0.048182 -0.350930
v -0.204924 0.060775 -0.343422
v -0.205016 0.076410 -0.342449
v -0.205107 0.087189 -0.348766
v -0.205123 0.058768 -0.364320
v -0.205267 0.050751 -0.349205
vt 0.264759 0.773024
vt 0.276112 0.769715
vt 0.270014 0.781458
vt 0.263916 0.770234
vt 0.266057 0.747138
vt 0.275334 0.760503
vt 0.261580 0.749279
vt 0.260412 0.769391
vt 0.259958 0.748241
vt 0.258012 0.750512
vt 0.253146 0.770883
vt 0.255092 0.775424
vt 0.261969 0.784183
vt 0.253795 0.784507
vt 0.250551 0.782172
vt 0.248021 0.782691
vt 0.249383 0.788724
vt 0.259309 0.787686
vt 0.265018 0.787102
vt 0.272804 0.785675
vt 0.281432 0.805722
vt 0.270533 0.830115
vt 0.282081 0.840755
vt 0.261515 0.788335
vt 0.266446 0.829077
vt 0.256066 0.823952
vt 0.243869 0.806500
vt 0.244518 0.828429
vt 0.240041 0.826417
vt 0.242182 0.793201
vt 0.236538 0.788854
vt 0.238679 0.795731
vt 0.230180 0.823822
vt 0.236927 0.792487
vt 0.227001 0.798585
vt 0.227001 0.833424
vt 0.955621 0.375539
vt 0.950949 0.381962
vt 0.960811 0.359839
vt 0.957567 0.362175
vt 0.979171 0.357503
vt 0.952766 0.353222
vt 0.950949 0.350497
vt 0.981247 0.350107
vt 0.979495 0.349069
vt 0.854339 0.957968
vt 0.857583 0.956605
vt 0.855766 0.960044
vt 0.866017 0.964261
vt 0.853041 0.963417
vt 0.839612 0.960174
vt 0.838120 0.954919
vt 0.853236 0.954984
vt 0.845062 0.951675
vt 0.840196 0.967505
vt 0.863616 0.969775
vt 0.866341 0.965688
vt 0.851549 0.970100
vt 0.842402 0.986708
vt 0.838120 0.990211
vt 0.859789 0.975095
vt 0.865952 0.980869
vt 0.869001 0.975030
vt 0.875878 0.984502
vt 0.865108 0.985021
vt 0.859205 0.992223
vt 0.841169 0.988590
vt 0.868622 0.905176
vt 0.873164 0.916530
vt 0.867714 0.919189
vt 0.864730 0.905111
vt 0.869141 0.898753
vt 0.856426 0.918800
vt 0.867455 0.934176
vt 0.853766 0.902905
vt 0.857139 0.897910
vt 0.854155 0.890125
vt 0.851690 0.906344
vt 0.846954 0.896029
vt 0.852014 0.918346
vt 0.845526 0.904268
vt 0.852209 0.926066
vt 0.843256 0.920552
vt 0.843256 0.933657
vt 0.850522 0.931451
vt 0.853960 0.931646
vt 0.847343 0.937874
vt 0.861681 0.935798
vt 0.873683 0.938328
vt 0.855907 0.934111
vt 0.852079 0.939755
vt 0.849419 0.945919
vt 0.860513 0.936901
vt 0.856685 0.940469
vt 0.865119 0.941442
vt 0.864860 0.945919
vt 0.869141 0.941247
vt 0.867455 0.948319
vt 0.784881 0.078829
vt 0.786957 0.083760
vt 0.776317 0.084344
vt 0.784427 0.097773
vt 0.774047 0.079478
vt 0.781702 0.075326
vt 0.785400 0.074742
vt 0.765418 0.085901
vt 0.765353 0.106466
vt 0.753740 0.093361
vt 0.757763 0.088431
vt 0.756465 0.084344
vt 0.763602 0.081294
vt 0.762044 0.078375
vt 0.753286 0.081229
vt 0.773333 0.075520
vt 0.782545 0.072601
vt 0.770608 0.075455
vt 0.774112 0.072860
vt 0.785465 0.070590
vt 0.790201 0.071693
vt 0.783129 0.055668
vt 0.773917 0.057031
vt 0.769895 0.058069
vt 0.782610 0.053073
vt 0.789941 0.055928
vt 0.768662 0.054760
vt 0.767819 0.058069
vt 0.760682 0.059431
vt 0.762239 0.076039
vt 0.759709 0.056576
vt 0.757763 0.059950
vt 0.759060 0.076948
vt 0.754065 0.078440
vt 0.750432 0.062221
vt 0.749329 0.065789
vt 0.750691 0.080581
vt 0.746863 0.063583
vt 0.748161 0.060339
vt 0.748420 0.052100
vt 0.739857 0.057031
vt 0.760228 0.045418
vt 0.752637 0.044509
vt 0.770414 0.045353
vt 0.763472 0.041266
vt 0.779626 0.044964
vt 0.788255 0.045028
vt 0.768986 0.042368
vt 0.784232 0.041655
vt 0.786957 0.041655
vt 0.780145 0.042109
vt 0.785789 0.008892
vt 0.790266 0.025436
vt 0.790266 0.001561
vt 0.780729 0.012720
vt 0.774760 0.014342
vt 0.768467 0.013888
vt 0.764769 0.017845
vt 0.763472 0.005519
vt 0.757892 0.001496
vt 0.744139 0.014536
vt 0.740635 0.018948
vt 0.733110 0.019727
vt 0.745890 0.048597
vt 0.743879 0.049959
vt 0.664564 0.206461
vt 0.666315 0.196146
vt 0.666964 0.206331
vt 0.672998 0.192058
vt 0.677085 0.199260
vt 0.678123 0.206007
vt 0.673062 0.187128
vt 0.680393 0.203606
vt 0.685000 0.191604
vt 0.681302 0.200557
vt 0.686816 0.202374
vt 0.702257 0.203866
vt 0.685584 0.198416
vt 0.697002 0.198870
vt 0.690449 0.196146
vt 0.701089 0.197378
vt 0.704398 0.203866
vt 0.697196 0.192253
vt 0.688503 0.176229
vt 0.701738 0.172401
vt 0.679355 0.181419
vt 0.674879 0.177072
vt 0.687400 0.169806
vt 0.710237 0.172401
vt 0.719579 0.209640
vt 0.718346 0.171428
vt 0.704657 0.165329
vt 0.719125 0.164940
vt 0.730413 0.170649
vt 0.744167 0.180705
vt 0.731127 0.165524
vt 0.740534 0.171428
vt 0.741183 0.167081
vt 0.729181 0.159815
vt 0.743453 0.161761
vt 0.719514 0.159426
vt 0.732295 0.157739
vt 0.742610 0.158128
vt 0.739172 0.134059
vt 0.726261 0.133475
vt 0.725742 0.130101
vt 0.743324 0.130231
vt 0.716075 0.132956
vt 0.707187 0.156831
vt 0.730478 0.117580
vt 0.703360 0.159490
vt 0.697910 0.135746
vt 0.708874 0.129907
vt 0.713675 0.117126
vt 0.695769 0.160788
vt 0.736576 0.111158
vt 0.742091 0.109211
vt 0.696353 0.132761
vt 0.734306 0.072621
vt 0.744167 0.068923
vt 0.726715 0.111936
vt 0.726715 0.074243
vt 0.709523 0.112715
vt 0.715816 0.068469
vt 0.696872 0.067042
vt 0.696872 0.119332
vt 0.695639 0.114920
vt 0.680653 0.058867
vt 0.682015 0.081639
vt 0.692720 0.113298
vt 0.691228 0.115764
vt 0.668651 0.081055
vt 0.685065 0.117710
vt 0.679226 0.122770
vt 0.670143 0.122316
vt 0.652237 0.089748
vt 0.663201 0.122706
vt 0.636342 0.095328
vt 0.666380 0.126728
vt 0.677539 0.138471
vt 0.655740 0.131853
vt 0.652886 0.128025
vt 0.636472 0.107654
vt 0.685648 0.138860
vt 0.684351 0.159231
vt 0.674360 0.143336
vt 0.683702 0.165913
vt 0.661385 0.145088
vt 0.677863 0.165524
vt 0.674230 0.172466
vt 0.670467 0.171298
vt 0.664174 0.147229
vt 0.667613 0.170065
vt 0.655157 0.155922
vt 0.662033 0.174672
vt 0.663655 0.178824
vt 0.653729 0.160529
vt 0.648734 0.152808
vt 0.648345 0.138211
vt 0.650810 0.170000
vt 0.639911 0.140222
vt 0.654573 0.171947
vt 0.645944 0.171752
vt 0.660931 0.178110
vt 0.651523 0.182392
vt 0.646658 0.183235
vt 0.656454 0.187971
vt 0.650291 0.185246
vt 0.636861 0.202568
vt 0.652756 0.190307
vt 0.644517 0.193551
vt 0.649058 0.198027
vt 0.661125 0.190047
vt 0.654378 0.199000
vt 0.668521 0.181029
vt 0.657752 0.199973
vt 0.176177 0.221713
vt 0.176177 0.196931
vt 0.180005 0.208025
vt 0.371514 0.664558
vt 0.372357 0.655410
vt 0.417187 0.658394
vt 0.372552 0.678311
vt 0.415954 0.671694
vt 0.382089 0.645225
vt 0.420885 0.670591
vt 0.421079 0.637699
vt 0.387928 0.633806
vt 0.423091 0.654437
vt 0.435482 0.669164
vt 0.422636 0.623880
vt 0.401487 0.622453
vt 0.423415 0.620052
vt 0.425426 0.636920
vt 0.427762 0.617652
vt 0.427827 0.603898
vt 0.438012 0.644965
vt 0.443202 0.626345
vt 0.433795 0.598189
vt 0.430292 0.595659
vt 0.432108 0.590728
vt 0.446187 0.608699
vt 0.441321 0.581062
vt 0.436715 0.580737
vt 0.452804 0.593583
vt 0.438856 0.575612
vt 0.448198 0.567243
vt 0.441321 0.567632
vt 0.434963 0.541747
vt 0.465001 0.571655
vt 0.461303 0.575093
vt 0.485567 0.581581
vt 0.462730 0.590209
vt 0.470321 0.581451
vt 0.483555 0.584565
vt 0.490562 0.587355
vt 0.482842 0.591442
vt 0.492703 0.578986
vt 0.485761 0.598124
vt 0.502759 0.579375
vt 0.502629 0.571979
vt 0.494974 0.592156
vt 0.505613 0.577818
vt 0.509441 0.569903
vt 0.513982 0.568086
vt 0.507754 0.585084
vt 0.521573 0.578921
vt 0.512036 0.592220
vt 0.527347 0.583268
vt 0.497763 0.601368
vt 0.489589 0.601303
vt 0.504900 0.602990
vt 0.484204 0.613889
vt 0.491470 0.615835
vt 0.513139 0.604352
vt 0.495817 0.627903
vt 0.523844 0.602147
vt 0.529164 0.630822
vt 0.511063 0.632119
vt 0.530137 0.643603
vt 0.521573 0.614927
vt 0.517551 0.605585
vt 0.521443 0.605844
vt 0.484788 0.648079
vt 0.483685 0.630368
vt 0.490432 0.676365
vt 0.482972 0.666569
vt 0.476289 0.662417
vt 0.478041 0.678311
vt 0.472072 0.676884
vt 0.477846 0.649117
vt 0.470126 0.661703
vt 0.472591 0.647106
vt 0.473370 0.631600
vt 0.441451 0.663585
vt 0.440218 0.674614
vt 0.443332 0.646198
vt 0.469088 0.648144
vt 0.446835 0.629719
vt 0.447938 0.624464
vt 0.475251 0.620312
vt 0.450987 0.605909
vt 0.476614 0.611229
vt 0.454166 0.600914
vt 0.478430 0.607531
vt 0.480701 0.598968
vt 0.542287 0.911834
vt 0.519450 0.913196
vt 0.495446 0.903400
vt 0.499404 0.896977
vt 0.542352 0.892890
vt 0.499079 0.880174
vt 0.543001 0.885559
vt 0.543001 0.881082
vt 0.503102 0.859349
vt 0.546828 0.870507
vt 0.495446 0.848320
vt 0.516207 0.844038
vt 0.549423 0.868561
vt 0.522240 0.843065
vt 0.536578 0.850915
vt 0.553186 0.863566
vt 0.521072 0.840145
vt 0.533334 0.840989
vt 0.643414 0.131594
vt 0.623951 0.124003
vt 0.647177 0.130945
vt 0.635304 0.118099
vt 0.621745 0.098117
vt 0.613311 0.098831
vt 0.624535 0.114272
vt 0.612662 0.102918
vt 0.601633 0.099091
vt 0.090002 0.836551
vt 0.084034 0.839406
vt 0.075665 0.839341
vt 0.083385 0.859452
vt 0.069891 0.859452
vt 0.078584 0.864124
vt 0.062625 0.864902
vt 0.067296 0.841871
vt 0.073978 0.836616
vt 0.087018 0.827144
vt 0.073459 0.826171
vt 0.062625 0.826430
vt 0.079103 0.824484
vt 0.072356 0.823122
vt 0.084488 0.824095
vt 0.081309 0.788024
vt 0.033934 0.011409
vt 0.039513 0.002715
vt 0.039513 0.015366
vt 0.807352 0.791009
vt 0.803978 0.792306
vt 0.797101 0.785040
vt 0.796647 0.781018
vt 0.795025 0.788997
vt 0.812218 0.811120
vt 0.785683 0.790879
vt 0.786851 0.785235
vt 0.784386 0.809239
vt 0.783931 0.804243
vt 0.762847 0.802751
vt 0.771800 0.793928
vt 0.774849 0.787765
vt 0.766090 0.793539
vt 0.760446 0.800026
vt 0.785878 0.781407
vt 0.764793 0.790554
vt 0.762587 0.793668
vt 0.758500 0.798534
vt 0.754413 0.804438
vt 0.759862 0.790360
vt 0.771605 0.785040
vt 0.768880 0.783742
vt 0.760900 0.784651
vt 0.766674 0.766096
vt 0.759668 0.770378
vt 0.755321 0.782639
vt 0.756943 0.764734
vt 0.753959 0.763306
vt 0.755580 0.761684
vt 0.752921 0.790684
vt 0.773421 0.782445
vt 0.756359 0.791722
vt 0.783348 0.779460
vt 0.756489 0.794058
vt 0.754478 0.797042
vt 0.754218 0.800026
vt 0.786397 0.778422
vt 0.778871 0.764215
vt 0.794766 0.777644
vt 0.776536 0.761749
vt 0.787694 0.761684
vt 0.797555 0.776411
vt 0.803265 0.778877
vt 0.799437 0.759673
vt 0.793793 0.760581
vt 0.796842 0.757403
vt 0.803978 0.756429
vt 0.789770 0.758505
vt 0.794766 0.747217
vt 0.782699 0.749812
vt 0.800734 0.742935
vt 0.793663 0.742805
vt 0.799567 0.741702
vt 0.790419 0.743778
vt 0.801643 0.713870
vt 0.805081 0.712703
vt 0.804497 0.739691
vt 0.812218 0.710108
vt 0.794377 0.725678
vt 0.792300 0.723083
vt 0.788213 0.713676
vt 0.783996 0.746374
vt 0.778417 0.714130
vt 0.776146 0.737940
vt 0.773876 0.715492
vt 0.766480 0.721072
vt 0.774395 0.749617
vt 0.769853 0.751629
vt 0.763495 0.730349
vt 0.773032 0.753056
vt 0.766480 0.755197
vt 0.763560 0.752731
vt 0.760122 0.753834
vt 0.753699 0.758960
vt 0.747666 0.760517
vt 0.746627 0.756689
vt 0.340437 0.968792
vt 0.320520 0.957633
vt 0.342449 0.961785
vt 0.312930 0.967105
vt 0.339724 0.971516
vt 0.312346 0.969765
vt 0.322207 0.976577
vt 0.307934 0.974501
vt 0.311762 0.981572
vt 0.339724 0.980794
vt 0.328305 0.982675
vt 0.342449 0.977745
vt 0.327332 0.984816
vt 0.310075 0.984102
vt 0.337972 0.987606
vt 0.341410 0.988319
vt 0.326684 0.994158
vt 0.322077 0.990590
vt 0.308194 0.987087
vt 0.310724 0.994418
s 1
usemtl Material
f 3106/4308 3103/4309 3071/4310
f 3103/4309 3106/4308 3116/4311
f 3182/4312 3114/4313 3116/4311
f 3182/4312 3116/4311 3183/4314
f 3183/4314 3116/4311 3118/4315
f 3118/4315 3116/4311 3106/4308
f 3183/4314 3118/4315 3197/4316
f 3197/4316 3118/4315 3186/4317
f 3186/4317 3118/4315 3117/4318
f 3117/4318 3118/4315 3107/4319
f 3107/4319 3118/4315 3106/4308
f 3107/4319 3106/4308 3076/4320
f 3076/4320 3106/4308 3071/4310
f 3107/4319 3076/4320 3083/4321
f 3107/4319 3083/4321 3075/4322
f 3075/4322 3083/4321 3053/4323
f 3053/4323 3083/4321 3056/4324
f 3083/4321 3076/4320 3057/4325
f 3083/4321 3057/4325 3056/4324
f 3076/4320 3071/4310 3060/4326
f 3060/4326 3071/4310 3055/4327
f 3060/4326 3055/4327 3047/4328
f 3060/4326 3047/4328 3262/4329
f 3262/4329 3047/4328 3271/4330
f 3076/4320 3060/4326 3054/4331
f 3054/4331 3060/4326 3262/4329
f 3076/4320 3054/4331 3057/4325
f 3054/4331 3262/4329 3259/4332
f 3054/4331 3259/4332 3057/4325
f 3057/4325 3259/4332 3246/4333
f 3057/4325 3246/4333 3056/4324
f 3056/4324 3246/4333 3050/4334
f 3050/4334 3246/4333 3258/4335
f 3050/4334 3258/4335 3250/4336
f 3056/4324 3050/4334 3063/4337
f 3056/4324 3063/4337 3059/4338
f 3050/4334 3250/4336 3066/4339
f 3050/4334 3066/4339 3063/4337
f 3066/4339 3250/4336 3245/4340
f 3059/4338 3063/4337 3078/4341
f 3078/4341 3063/4337 3066/4339
f 3059/4338 3078/4341 3051/4342
f 3051/4342 3078/4341 3066/4339
f 3051/4342 3066/4339 3245/4340
f 3051/4342 3245/4340 3260/4343
f 3117/4344 3107/4345 3146/4346
f 3146/4346 3107/4345 3145/4347
f 3117/4344 3146/4346 3186/4348
f 3146/4346 3145/4347 3149/4349
f 3146/4346 3149/4349 3147/4350
f 3186/4348 3146/4346 3209/4351
f 3209/4351 3146/4346 3196/4352
f 3197/4353 3186/4354 3218/4355
f 3218/4355 3186/4354 3209/4356
f 3197/4353 3218/4355 3204/4357
f 3204/4357 3218/4355 3209/4356
f 3197/4353 3204/4357 3199/4358
f 3197/4353 3199/4358 3205/4359
f 3197/4353 3205/4359 3183/4360
f 3183/4360 3205/4359 3182/4361
f 3199/4358 3204/4357 3157/4362
f 3204/4357 3209/4356 3202/4363
f 3202/4363 3209/4356 3196/4364
f 3157/4362 3204/4357 3159/4365
f 3159/4365 3204/4357 3202/4363
f 3157/4362 3159/4365 3166/4366
f 3157/4362 3166/4366 3167/4367
f 3159/4365 3202/4363 3161/4368
f 3159/4365 3161/4368 3166/4366
f 3161/4368 3202/4363 3162/4369
f 3162/4369 3202/4363 3213/4370
f 3162/4369 3213/4370 3171/4371
f 3161/4368 3162/4369 3163/4372
f 3161/4368 3163/4372 3166/4366
f 3166/4366 3163/4372 3190/4373
f 3166/4366 3190/4373 3180/4374
f 3196/4375 3146/4376 3147/4377
f 3196/4375 3147/4377 3208/4378
f 3196/4375 3208/4378 3202/4379
f 3208/4378 3147/4377 3150/4380
f 3150/4380 3147/4377 3108/4381
f 3202/4379 3208/4378 3220/4382
f 3220/4382 3208/4378 3150/4380
f 3202/4379 3220/4382 3213/4383
f 3213/4383 3220/4382 3224/4384
f 3192/4385 3226/4386 3220/4382
f 3192/4385 3220/4382 3150/4380
f 3192/4385 3150/4380 3152/4387
f 3192/4385 3152/4387 3201/4388
f 3152/4387 3150/4380 3144/4389
f 3152/4387 3144/4389 3148/4390
f 3148/4390 3144/4389 3122/4391
f 3122/4391 3144/4389 3133/4392
f 3144/4389 3150/4380 3131/4393
f 3144/4389 3131/4393 3133/4392
f 3131/4393 3150/4380 3108/4381
f 3133/4392 3131/4393 3102/4394
f 3131/4393 3108/4381 3125/4395
f 3125/4395 3108/4381 3104/4396
f 3131/4393 3125/4395 3129/4397
f 3102/4394 3131/4393 3100/4398
f 3100/4398 3131/4393 3129/4397
f 3102/4394 3100/4398 3099/4399
f 3129/4397 3125/4395 3112/4400
f 3112/4400 3125/4395 3104/4396
f 3129/4397 3112/4400 3100/4398
f 3099/4399 3100/4398 3098/4401
f 3098/4401 3100/4398 3112/4400
f 3098/4401 3112/4400 3097/4402
f 3098/4401 3097/4402 3099/4399
f 3097/4402 3112/4400 3104/4396
f 3099/4399 3097/4402 3096/4403
f 3097/4402 3104/4396 3101/4404
f 3097/4402 3101/4404 3096/4403
f 3101/4404 3104/4396 3105/4405
f 3099/4399 3096/4403 3105/4405
f 3105/4405 3096/4403 3101/4404
f 3199/4406 3157/4407 3160/4408
f 3160/4408 3157/4407 3167/4409
f 3199/4406 3160/4408 3206/4410
f 3199/4406 3206/4410 3215/4411
f 3199/4406 3215/4411 3205/4412
f 3206/4410 3160/4408 3164/4413
f 3164/4413 3160/4408 3177/4414
f 3175/4415 3169/4416 3164/4413
f 3164/4413 3169/4416 3217/4417
f 3164/4413 3217/4417 3212/4418
f 3164/4413 3212/4418 3206/4410
f 3212/4418 3217/4417 3219/4419
f 3212/4418 3219/4419 3206/4410
f 3219/4419 3217/4417 3222/4420
f 3203/4421 3215/4411 3206/4410
f 3187/4422 3205/4412 3215/4411
f 3187/4422 3215/4411 3203/4421
f 3203/4421 3206/4410 3207/4423
f 3207/4423 3206/4410 3219/4419
f 3187/4422 3203/4421 3184/4424
f 3205/4412 3187/4422 3174/4425
f 3205/4412 3174/4425 3182/4426
f 3182/4426 3174/4425 3114/4427
f 3114/4427 3174/4425 3187/4422
f 3187/4422 3184/4424 3115/4428
f 3187/4422 3115/4428 3114/4427
f 3184/4424 3203/4421 3121/4429
f 3184/4424 3121/4429 3115/4428
f 3121/4429 3203/4421 3207/4423
f 3114/4427 3115/4428 3103/4430
f 3114/4427 3103/4430 3116/4431
f 3115/4428 3121/4429 3109/4432
f 3115/4428 3109/4432 3103/4430
f 3121/4429 3207/4423 3119/4433
f 3121/4429 3119/4433 3109/4432
f 3119/4433 3207/4423 3120/4434
f 3120/4434 3207/4423 3191/4435
f 3191/4435 3207/4423 3219/4419
f 3119/4433 3120/4434 3110/4436
f 3119/4433 3110/4436 3109/4432
f 3120/4434 3191/4435 3123/4437
f 3120/4434 3123/4437 3110/4436
f 3191/4435 3219/4419 3195/4438
f 3191/4435 3195/4438 3123/4437
f 3195/4438 3219/4419 3194/4439
f 3194/4439 3219/4419 3222/4420
f 3123/4437 3195/4438 3126/4440
f 3126/4440 3195/4438 3194/4439
f 3123/4437 3126/4440 3110/4436
f 3194/4439 3222/4420 3143/4441
f 3194/4439 3143/4441 3126/4440
f 3143/4441 3222/4420 3198/4442
f 3143/4441 3198/4442 3128/4443
f 3143/4441 3128/4443 3126/4440
f 3126/4440 3128/4443 3111/4444
f 3126/4440 3111/4444 3110/4436
f 3110/4436 3111/4444 3088/4445
f 3088/4445 3111/4444 3090/4446
f 3110/4436 3088/4445 3087/4447
f 3110/4436 3087/4447 3109/4432
f 3087/4447 3088/4445 3067/4448
f 3109/4432 3087/4447 3081/4449
f 3109/4432 3081/4449 3103/4430
f 3081/4449 3087/4447 3064/4450
f 3064/4450 3087/4447 3067/4448
f 3103/4430 3081/4449 3079/4451
f 3103/4430 3079/4451 3071/4452
f 3079/4451 3081/4449 3062/4453
f 3062/4453 3081/4449 3064/4450
f 3071/4452 3079/4451 3061/4454
f 3071/4452 3061/4454 3055/4455
f 3061/4454 3079/4451 3058/4456
f 3058/4456 3079/4451 3062/4453
f 3055/4455 3061/4454 3266/4457
f 3266/4457 3061/4454 3058/4456
f 3055/4455 3266/4457 3047/4458
f 3047/4458 3266/4457 3271/4459
f 3266/4457 3058/4456 3255/4460
f 3255/4460 3058/4456 3253/4461
f 3253/4461 3058/4456 3062/4453
f 3253/4461 3062/4453 3256/4462
f 3256/4462 3062/4453 3243/4463
f 3243/4463 3062/4453 3064/4450
f 3256/4462 3243/4463 3269/4464
f 3269/4464 3243/4463 3273/4465
f 3273/4465 3243/4463 3064/4450
f 3273/4465 3064/4450 3264/4466
f 3264/4466 3064/4450 3067/4448
f 3264/4466 3067/4448 3252/4467
f 3252/4467 3067/4448 3257/4468
f 3257/4468 3067/4448 3068/4469
f 3257/4468 3068/4469 3070/4470
f 3068/4469 3067/4448 3088/4445
f 3068/4469 3088/4445 3070/4470
f 3162/4471 3171/4472 3163/4473
f 3163/4473 3171/4472 3172/4474
f 3163/4473 3172/4474 3193/4475
f 3163/4473 3193/4475 3190/4476
f 3172/4474 3171/4472 3173/4477
f 3190/4476 3193/4475 3239/4478
f 3193/4475 3172/4474 3170/4479
f 3170/4479 3172/4474 3173/4477
f 3239/4478 3193/4475 3241/4480
f 3190/4476 3239/4478 3230/4481
f 3230/4481 3239/4478 3241/4480
f 3190/4476 3230/4481 3180/4482
f 3241/4480 3193/4475 3231/4483
f 3241/4480 3231/4483 3230/4481
f 3231/4483 3193/4475 3170/4479
f 3180/4482 3230/4481 3185/4484
f 3185/4484 3230/4481 3231/4483
f 3185/4484 3231/4483 3188/4485
f 3188/4485 3231/4483 3170/4479
f 3180/4482 3185/4484 3167/4486
f 3180/4482 3167/4486 3166/4487
f 3185/4484 3188/4485 3168/4488
f 3168/4488 3188/4485 3170/4479
f 3185/4484 3168/4488 3167/4486
f 3168/4488 3170/4479 3181/4489
f 3167/4486 3168/4488 3178/4490
f 3178/4490 3168/4488 3181/4489
f 3181/4489 3170/4479 3176/4491
f 3176/4491 3170/4479 3173/4477
f 3181/4489 3176/4491 3225/4492
f 3225/4492 3176/4491 3173/4477
f 3178/4490 3181/4489 3233/4493
f 3233/4493 3181/4489 3225/4492
f 3167/4486 3178/4490 3179/4494
f 3167/4486 3179/4494 3160/4495
f 3160/4495 3179/4494 3177/4496
f 3179/4494 3178/4490 3238/4497
f 3238/4497 3178/4490 3233/4493
f 3177/4496 3179/4494 3227/4498
f 3227/4498 3179/4494 3238/4497
f 3175/4499 3164/4500 3177/4496
f 3175/4499 3177/4496 3227/4498
f 3175/4499 3227/4498 3223/4501
f 3175/4499 3223/4501 3169/4502
f 3169/4502 3223/4501 3217/4503
f 3217/4503 3223/4501 3234/4504
f 3234/4504 3223/4501 3227/4498
f 3217/4503 3234/4504 3222/4505
f 3237/4506 3227/4498 3238/4497
f 3227/4498 3237/4506 3234/4504
f 3222/4505 3234/4504 3211/4507
f 3222/4505 3211/4507 3198/4508
f 3198/4508 3211/4507 3128/4509
f 3211/4507 3234/4504 3135/4510
f 3211/4507 3135/4510 3128/4509
f 3135/4510 3234/4504 3237/4506
f 3128/4509 3135/4510 3124/4511
f 3128/4509 3124/4511 3111/4512
f 3135/4510 3237/4506 3136/4513
f 3135/4510 3136/4513 3124/4511
f 3136/4513 3237/4506 3214/4514
f 3111/4512 3124/4511 3090/4515
f 3229/4516 3237/4506 3238/4497
f 3237/4506 3229/4516 3214/4514
f 3229/4516 3238/4497 3233/4493
f 3136/4513 3214/4514 3139/4517
f 3139/4517 3214/4514 3229/4516
f 3130/4518 3124/4511 3136/4513
f 3130/4518 3136/4513 3139/4517
f 3124/4511 3130/4518 3093/4519
f 3124/4511 3093/4519 3090/4515
f 3229/4516 3233/4493 3235/4520
f 3229/4516 3235/4520 3139/4517
f 3070/4521 3088/4522 3090/4515
f 3130/4518 3139/4517 3134/4523
f 3251/4524 3257/4525 3070/4521
f 3251/4524 3070/4521 3072/4526
f 3072/4526 3070/4521 3090/4515
f 3251/4524 3072/4526 3249/4527
f 3072/4526 3090/4515 3080/4528
f 3072/4526 3080/4528 3249/4527
f 3080/4528 3090/4515 3093/4519
f 3249/4527 3080/4528 3261/4529
f 3261/4529 3080/4528 3268/4530
f 3094/4531 3093/4519 3130/4518
f 3093/4519 3094/4531 3080/4528
f 3094/4531 3130/4518 3134/4523
f 3268/4530 3080/4528 3082/4532
f 3082/4532 3080/4528 3094/4531
f 3268/4530 3082/4532 3275/4533
f 3275/4533 3082/4532 3247/4534
f 3247/4534 3082/4532 3065/4535
f 3065/4535 3082/4532 3085/4536
f 3065/4535 3085/4536 3247/4534
f 3085/4536 3082/4532 3094/4531
f 3247/4534 3085/4536 3254/4537
f 3085/4536 3094/4531 3084/4538
f 3085/4536 3084/4538 3254/4537
f 3084/4538 3094/4531 3095/4539
f 3095/4539 3094/4531 3134/4523
f 3254/4537 3084/4538 3086/4540
f 3086/4540 3084/4538 3095/4539
f 3254/4537 3086/4540 3244/4541
f 3244/4541 3086/4540 3077/4542
f 3244/4541 3077/4542 3248/4543
f 3086/4540 3095/4539 3092/4544
f 3086/4540 3092/4544 3077/4542
f 3095/4539 3134/4523 3132/4545
f 3095/4539 3132/4545 3092/4544
f 3077/4542 3092/4544 3091/4546
f 3091/4546 3092/4544 3132/4545
f 3248/4543 3077/4542 3074/4547
f 3074/4547 3077/4542 3091/4546
f 3248/4543 3074/4547 3046/4548
f 3132/4545 3134/4523 3140/4549
f 3140/4549 3134/4523 3139/4517
f 3140/4549 3139/4517 3235/4520
f 3140/4549 3235/4520 3189/4550
f 3132/4545 3140/4549 3141/4551
f 3141/4551 3140/4549 3189/4550
f 3189/4550 3235/4520 3240/4552
f 3189/4550 3240/4552 3141/4551
f 3240/4552 3235/4520 3233/4493
f 3132/4545 3141/4551 3127/4553
f 3132/4545 3127/4553 3091/4546
f 3141/4551 3240/4552 3221/4554
f 3240/4552 3233/4493 3242/4555
f 3240/4552 3242/4555 3221/4554
f 3242/4555 3233/4493 3225/4492
f 3221/4554 3242/4555 3228/4556
f 3228/4556 3242/4555 3225/4492
f 3141/4551 3221/4554 3138/4557
f 3138/4557 3221/4554 3228/4556
f 3141/4551 3138/4557 3127/4553
f 3138/4557 3228/4556 3200/4558
f 3127/4553 3138/4557 3137/4559
f 3137/4559 3138/4557 3200/4558
f 3200/4558 3228/4556 3210/4560
f 3200/4558 3210/4560 3137/4559
f 3236/4561 3228/4556 3225/4492
f 3228/4556 3236/4561 3210/4560
f 3137/4559 3210/4560 3142/4562
f 3127/4553 3137/4559 3113/4563
f 3113/4563 3137/4559 3142/4562
f 3127/4553 3113/4563 3089/4564
f 3127/4553 3089/4564 3091/4546
f 3113/4563 3142/4562 3158/4565
f 3113/4563 3158/4565 3069/4566
f 3113/4563 3069/4566 3089/4564
f 3158/4565 3142/4562 3153/4567
f 3153/4567 3142/4562 3210/4560
f 3158/4565 3153/4567 3165/4568
f 3153/4567 3210/4560 3216/4569
f 3216/4569 3210/4560 3236/4561
f 3165/4568 3153/4567 3156/4570
f 3156/4570 3153/4567 3216/4569
f 3165/4568 3156/4570 3154/4571
f 3216/4569 3236/4561 3226/4572
f 3216/4569 3226/4572 3156/4570
f 3154/4571 3156/4570 3155/4573
f 3154/4571 3155/4573 3151/4574
f 3155/4573 3156/4570 3226/4572
f 3155/4573 3226/4572 3201/4575
f 3155/4573 3201/4575 3152/4576
f 3201/4575 3226/4572 3192/4577
f 3224/4578 3226/4572 3236/4561
f 3226/4572 3224/4578 3220/4579
f 3224/4578 3236/4561 3232/4580
f 3232/4580 3236/4561 3225/4492
f 3232/4580 3225/4492 3173/4477
f 3232/4580 3173/4477 3171/4472
f 3232/4580 3171/4472 3224/4578
f 3224/4578 3171/4472 3213/4581
f 3151/4582 3155/4583 3152/4584
f 3251/4585 3249/4586 3290/4587
f 3251/4585 3290/4587 3257/4588
f 3257/4588 3290/4587 3291/4589
f 3290/4587 3249/4586 3261/4590
f 3291/4589 3290/4587 3308/4591
f 3290/4587 3261/4590 3284/4592
f 3284/4592 3261/4590 3268/4593
f 3308/4591 3290/4587 3305/4594
f 3305/4594 3290/4587 3284/4592
f 3308/4591 3305/4594 3322/4595
f 3284/4592 3268/4593 3283/4596
f 3283/4596 3268/4593 3275/4597
f 3283/4596 3275/4597 3282/4598
f 3284/4592 3283/4596 3296/4599
f 3284/4592 3296/4599 3305/4594
f 3283/4596 3282/4598 3292/4600
f 3283/4596 3292/4600 3296/4599
f 3292/4600 3282/4598 3287/4601
f 3305/4594 3296/4599 3320/4602
f 3305/4594 3320/4602 3322/4595
f 3296/4599 3292/4600 3321/4603
f 3296/4599 3321/4603 3320/4602
f 3292/4600 3287/4601 3295/4604
f 3295/4604 3287/4601 3285/4605
f 3295/4604 3285/4605 3281/4606
f 3292/4600 3295/4604 3324/4607
f 3292/4600 3324/4607 3321/4603
f 3295/4604 3281/4606 3298/4608
f 3298/4608 3281/4606 3286/4609
f 3324/4607 3295/4604 3325/4610
f 3325/4610 3295/4604 3298/4608
f 3298/4608 3286/4609 3288/4611
f 3298/4608 3288/4611 3299/4612
f 3299/4612 3288/4611 3289/4613
f 3299/4612 3289/4613 3270/4614
f 3299/4612 3270/4614 3343/4615
f 3298/4608 3299/4612 3323/4616
f 3323/4616 3299/4612 3343/4615
f 3298/4608 3323/4616 3325/4610
f 3323/4616 3343/4615 3361/4617
f 3325/4610 3323/4616 3334/4618
f 3323/4616 3361/4617 3340/4619
f 3323/4616 3340/4619 3334/4618
f 3340/4619 3361/4617 3355/4620
f 3355/4620 3361/4617 3397/4621
f 3340/4619 3355/4620 3374/4622
f 3374/4622 3355/4620 3397/4621
f 3340/4619 3374/4622 3334/4618
f 3397/4621 3361/4617 3367/4623
f 3374/4622 3397/4621 3392/4624
f 3374/4622 3392/4624 3334/4618
f 3397/4621 3367/4623 3407/4625
f 3407/4625 3367/4623 3372/4626
f 3397/4621 3407/4625 3393/4627
f 3397/4621 3393/4627 3392/4624
f 3407/4625 3372/4626 3410/4628
f 3410/4628 3372/4626 3380/4629
f 3410/4628 3380/4629 3403/4630
f 3407/4625 3410/4628 3402/4631
f 3407/4625 3402/4631 3393/4627
f 3402/4631 3410/4628 3409/4632
f 3402/4631 3409/4632 3359/4633
f 3359/4633 3409/4632 3360/4634
f 3393/4627 3402/4631 3353/4635
f 3353/4635 3402/4631 3359/4633
f 3393/4627 3353/4635 3384/4636
f 3393/4627 3384/4636 3392/4624
f 3353/4635 3359/4633 3357/4637
f 3357/4637 3359/4633 3360/4634
f 3384/4636 3353/4635 3383/4638
f 3384/4636 3383/4638 3392/4624
f 3353/4635 3357/4637 3352/4639
f 3353/4635 3352/4639 3383/4638
f 3357/4637 3360/4634 3381/4640
f 3352/4639 3357/4637 3350/4641
f 3381/4640 3360/4634 3386/4642
f 3386/4642 3360/4634 3362/4643
f 3357/4637 3381/4640 3356/4644
f 3357/4637 3356/4644 3350/4641
f 3350/4641 3356/4644 3366/4645
f 3405/4646 3362/4643 3356/4644
f 3405/4646 3356/4644 3381/4640
f 3362/4643 3405/4646 3386/4642
f 3405/4646 3381/4640 3411/4647
f 3411/4647 3381/4640 3386/4642
f 3386/4642 3405/4646 3417/4648
f 3386/4642 3417/4648 3411/4647
f 3411/4647 3417/4648 3405/4646
f 3351/4649 3350/4641 3366/4645
f 3379/4650 3352/4639 3350/4641
f 3379/4650 3350/4641 3351/4649
f 3352/4639 3379/4650 3383/4638
f 3363/4651 3358/4652 3351/4649
f 3351/4649 3358/4652 3390/4653
f 3390/4653 3358/4652 3398/4654
f 3390/4653 3398/4654 3399/4655
f 3351/4649 3390/4653 3387/4656
f 3351/4649 3387/4656 3379/4650
f 3390/4653 3399/4655 3388/4657
f 3390/4653 3388/4657 3387/4656
f 3379/4650 3387/4656 3389/4658
f 3389/4658 3387/4656 3388/4657
f 3379/4650 3389/4658 3375/4659
f 3388/4657 3399/4655 3332/4660
f 3332/4660 3399/4655 3337/4661
f 3332/4660 3337/4661 3322/4595
f 3332/4660 3322/4595 3320/4602
f 3332/4660 3320/4602 3328/4662
f 3332/4660 3328/4662 3388/4657
f 3328/4662 3320/4602 3321/4603
f 3373/4663 3389/4658 3388/4657
f 3373/4663 3388/4657 3328/4662
f 3389/4658 3373/4663 3375/4659
f 3373/4663 3328/4662 3327/4664
f 3373/4663 3327/4664 3375/4659
f 3327/4664 3328/4662 3321/4603
f 3327/4664 3321/4603 3329/4665
f 3327/4664 3329/4665 3375/4659
f 3329/4665 3321/4603 3324/4607
f 3378/4666 3379/4650 3375/4659
f 3378/4666 3375/4659 3329/4665
f 3379/4650 3378/4666 3383/4638
f 3329/4665 3324/4607 3331/4667
f 3329/4665 3331/4667 3378/4666
f 3331/4667 3324/4607 3325/4610
f 3383/4638 3378/4666 3376/4668
f 3376/4668 3378/4666 3331/4667
f 3331/4667 3325/4610 3335/4669
f 3331/4667 3335/4669 3376/4668
f 3335/4669 3325/4610 3334/4618
f 3383/4638 3376/4668 3382/4670
f 3382/4670 3376/4668 3335/4669
f 3382/4670 3335/4669 3334/4618
f 3383/4638 3382/4670 3392/4624
f 3371/4671 3334/4618 3392/4624
f 3371/4671 3392/4624 3382/4670
f 3371/4671 3382/4670 3334/4618
f 3282/4672 3275/4673 3247/4674
f 3282/4672 3247/4674 3254/4675
f 3282/4672 3254/4675 3287/4676
f 3287/4676 3254/4675 3244/4677
f 3287/4676 3244/4677 3285/4678
f 3285/4678 3244/4677 3281/4679
f 3281/4679 3244/4677 3248/4680
f 3281/4679 3248/4680 3286/4681
f 3286/4681 3248/4680 3046/4682
f 3286/4681 3046/4682 3265/4683
f 3286/4681 3265/4683 3288/4684
f 3288/4684 3265/4683 3267/4685
f 3288/4684 3267/4685 3276/4686
f 3288/4684 3276/4686 3289/4687
f 3276/4686 3267/4685 3263/4688
f 3289/4687 3276/4686 3270/4689
f 3270/4689 3276/4686 3263/4688
f 3052/4690 3089/4564 3069/4566
f 3052/4690 3069/4566 3048/4691
f 3089/4564 3052/4690 3073/4692
f 3089/4564 3073/4692 3091/4546
f 3091/4546 3073/4692 3074/4547
f 3074/4547 3073/4692 3046/4548
f 3046/4548 3073/4692 3049/4693
f 3049/4693 3073/4692 3052/4690
f 3046/4548 3049/4693 3265/4694
f 3265/4694 3049/4693 3267/4695
f 3049/4693 3052/4690 3045/4696
f 3049/4693 3045/4696 3267/4695
f 3045/4696 3052/4690 3048/4691
f 3267/4695 3045/4696 3263/4697
f 3263/4697 3045/4696 3048/4691
f 3263/4697 3048/4691 3270/4698
f 3322/4699 3337/4700 3339/4701
f 3339/4701 3337/4700 3399/4702
f 3339/4701 3399/4702 3404/4703
f 3404/4703 3399/4702 3398/4704
f 3404/4703 3398/4704 3416/4705
f 3339/4701 3404/4703 3341/4706
f 3339/4701 3341/4706 3326/4707
f 3339/4701 3326/4707 3322/4699
f 3322/4699 3326/4707 3308/4708
f 3308/4708 3326/4707 3309/4709
f 3309/4709 3326/4707 3312/4710
f 3308/4708 3309/4709 3293/4711
f 3293/4711 3309/4709 3297/4712
f 3308/4708 3293/4711 3291/4713
f 3291/4713 3293/4711 3257/4714
f 3398/4715 3358/4716 3363/4717
f 3398/4718 3363/4719 3400/4720
f 3398/4718 3400/4720 3416/4721
f 3400/4720 3363/4719 3364/4722
f 3364/4722 3363/4719 3351/4723
f 3364/4722 3351/4723 3366/4724
f 3400/4720 3364/4722 3412/4725
f 3412/4725 3364/4722 3366/4724
f 3400/4720 3412/4725 3416/4721
f 3356/4726 3362/4727 3366/4724
f 3366/4724 3362/4727 3360/4728
f 3366/4724 3360/4728 3365/4729
f 3412/4725 3366/4724 3406/4730
f 3406/4730 3366/4724 3365/4729
f 3365/4729 3360/4728 3408/4731
f 3365/4729 3408/4731 3406/4730
f 3408/4731 3360/4728 3409/4732
f 3412/4725 3406/4730 3415/4733
f 3412/4725 3415/4733 3416/4721
f 3406/4730 3408/4731 3418/4734
f 3408/4731 3409/4732 3413/4735
f 3408/4731 3413/4735 3418/4734
f 3413/4735 3409/4732 3403/4736
f 3403/4736 3409/4732 3410/4737
f 3413/4735 3403/4736 3354/4738
f 3413/4735 3354/4738 3418/4734
f 3406/4730 3418/4734 3414/4739
f 3406/4730 3414/4739 3415/4733
f 3414/4739 3418/4734 3394/4740
f 3394/4740 3418/4734 3369/4741
f 3369/4741 3418/4734 3354/4738
f 3414/4739 3394/4740 3346/4742
f 3394/4740 3369/4741 3347/4743
f 3394/4740 3347/4743 3346/4742
f 3347/4743 3369/4741 3370/4744
f 3347/4743 3370/4744 3330/4745
f 3347/4743 3330/4745 3346/4742
f 3330/4745 3370/4744 3319/4746
f 3330/4745 3319/4746 3318/4747
f 3368/4748 3369/4741 3354/4738
f 3401/4749 3414/4739 3346/4742
f 3414/4739 3401/4749 3415/4733
f 3368/4748 3354/4738 3349/4750
f 3415/4733 3401/4749 3396/4751
f 3349/4750 3354/4738 3348/4752
f 3349/4750 3348/4752 3368/4748
f 3348/4752 3354/4738 3403/4736
f 3368/4748 3348/4752 3377/4753
f 3377/4753 3348/4752 3403/4736
f 3368/4748 3377/4753 3380/4754
f 3380/4754 3377/4753 3403/4736
f 3415/4733 3396/4751 3391/4755
f 3415/4733 3391/4755 3416/4721
f 3344/4756 3396/4751 3401/4749
f 3396/4751 3344/4756 3391/4755
f 3344/4756 3401/4749 3346/4742
f 3416/4721 3391/4755 3395/4757
f 3344/4756 3346/4742 3336/4758
f 3336/4758 3346/4742 3330/4745
f 3391/4755 3344/4756 3345/4759
f 3391/4755 3345/4759 3395/4757
f 3345/4759 3344/4756 3336/4758
f 3416/4721 3395/4757 3385/4760
f 3416/4721 3385/4760 3404/4761
f 3404/4761 3385/4760 3341/4762
f 3385/4760 3395/4757 3342/4763
f 3385/4760 3342/4763 3341/4762
f 3342/4763 3395/4757 3345/4759
f 3341/4762 3342/4763 3333/4764
f 3341/4762 3333/4764 3326/4765
f 3342/4763 3345/4759 3338/4766
f 3342/4763 3338/4766 3333/4764
f 3338/4766 3345/4759 3336/4758
f 3326/4765 3333/4764 3312/4767
f 3312/4767 3333/4764 3338/4766
f 3312/4767 3338/4766 3315/4768
f 3315/4768 3338/4766 3336/4758
f 3309/4769 3312/4767 3302/4770
f 3309/4769 3302/4770 3297/4771
f 3312/4767 3315/4768 3300/4772
f 3312/4767 3300/4772 3302/4770
f 3297/4771 3302/4770 3264/4773
f 3297/4771 3264/4773 3252/4774
f 3297/4771 3252/4774 3293/4775
f 3293/4775 3252/4774 3257/4776
f 3264/4773 3302/4770 3273/4777
f 3273/4777 3302/4770 3269/4778
f 3269/4778 3302/4770 3300/4772
f 3269/4778 3300/4772 3256/4779
f 3256/4779 3300/4772 3303/4780
f 3303/4780 3300/4772 3315/4768
f 3256/4779 3303/4780 3253/4781
f 3253/4781 3303/4780 3280/4782
f 3253/4781 3280/4782 3255/4783
f 3255/4783 3280/4782 3266/4784
f 3280/4782 3303/4780 3310/4785
f 3280/4782 3310/4785 3266/4784
f 3310/4785 3303/4780 3315/4768
f 3266/4784 3310/4785 3307/4786
f 3266/4784 3307/4786 3271/4787
f 3310/4785 3315/4768 3316/4788
f 3310/4785 3316/4788 3307/4786
f 3316/4788 3315/4768 3336/4758
f 3307/4786 3316/4788 3314/4789
f 3314/4789 3316/4788 3336/4758
f 3307/4786 3314/4789 3306/4790
f 3314/4789 3336/4758 3330/4745
f 3306/4790 3314/4789 3304/4791
f 3314/4789 3330/4745 3318/4747
f 3304/4791 3314/4789 3313/4792
f 3313/4792 3314/4789 3318/4747
f 3313/4792 3318/4747 3317/4793
f 3313/4792 3317/4793 3311/4794
f 3306/4795 3271/4796 3307/4797
f 3271/4796 3306/4795 3262/4798
f 3262/4798 3306/4795 3304/4799
f 3262/4798 3304/4799 3259/4800
f 3259/4800 3304/4799 3274/4801
f 3259/4800 3274/4801 3246/4802
f 3246/4802 3274/4801 3258/4803
f 3274/4801 3304/4799 3301/4804
f 3258/4803 3274/4801 3279/4805
f 3279/4805 3274/4801 3301/4804
f 3301/4804 3304/4799 3313/4806
f 3258/4803 3279/4805 3278/4807
f 3278/4807 3279/4805 3301/4804
f 3258/4803 3278/4807 3250/4808
f 3301/4804 3313/4806 3294/4809
f 3301/4804 3294/4809 3278/4807
f 3294/4809 3313/4806 3311/4810
f 3294/4809 3311/4810 3277/4811
f 3278/4807 3294/4809 3272/4812
f 3278/4807 3272/4812 3250/4808
f 3272/4812 3294/4809 3277/4811
f 3250/4808 3272/4812 3245/4813
f 3245/4813 3272/4812 3277/4811
f 3245/4813 3277/4811 3260/4814
o tripo_part_4
v -0.038502 0.030741 0.007057
v -0.036789 0.001807 -0.007046
v -0.036150 0.014235 0.004723
v -0.033650 0.113180 0.007115
v -0.032506 0.001387 0.000656
v -0.032483 0.100079 0.013378
v -0.032337 0.045420 0.013046
v -0.032145 0.072884 0.012673
v -0.031034 0.002295 -0.085781
v -0.031007 0.138212 -0.007080
v -0.030949 0.068326 -0.105594
v -0.029812 0.033377 0.010075
v -0.028972 0.127077 0.003948
v -0.028687 0.143233 -0.006462
v -0.027922 0.048121 0.010307
v -0.026292 0.016402 0.002648
v -0.025992 0.096169 0.009812
v -0.025705 0.111800 0.009587
v -0.025384 0.110403 -0.102760
v -0.024788 0.113039 -0.099079
v -0.024779 0.030974 -0.098697
v -0.024478 0.127985 -0.094974
v -0.024352 0.016669 -0.093986
v -0.023973 0.130030 0.005177
v -0.023505 0.113344 0.004955
v -0.023484 0.044430 -0.103790
v -0.023015 0.032500 -0.101131
v -0.022484 0.097714 -0.102730
v -0.022291 0.031241 0.004109
v -0.021456 0.138113 -0.061468
v -0.021088 0.070115 0.010346
v -0.020140 0.096722 -0.100181
v -0.019115 0.047571 -0.100590
v -0.018789 0.072239 -0.102176
v -0.018074 0.012305 -0.093521
v -0.016794 0.002196 -0.013225
v -0.016569 0.130499 -0.094116
v -0.014927 0.143835 -0.080387
v -0.014654 0.046124 0.008125
v -0.013821 0.144171 -0.089638
v -0.013575 0.144285 -0.004501
v -0.013281 0.007994 -0.076307
v -0.012730 0.138006 -0.035416
v -0.012091 0.143828 -0.015810
v -0.011244 0.003149 -0.006531
v -0.010195 0.001440 -0.084621
v -0.009924 0.013869 -0.003357
v -0.009762 0.031542 -0.092361
v -0.009745 0.138350 -0.074730
v -0.009649 0.002447 -0.073555
v -0.009464 0.099982 0.006043
v -0.009077 0.099137 -0.098488
v -0.008791 0.033404 0.001038
v -0.006884 0.016493 -0.085502
v -0.006094 0.017161 -0.009140
v -0.005899 0.111910 -0.093368
v -0.005674 0.008131 -0.024465
v -0.004992 0.073147 -0.095749
v -0.004972 0.129416 -0.007370
v -0.004919 0.113486 -0.004242
v -0.004587 0.128325 -0.084598
v -0.003469 0.138464 -0.026623
v -0.003271 0.138075 -0.060502
v -0.002821 0.112482 -0.000873
v -0.002569 0.142538 -0.027525
v -0.002527 0.096617 -0.000980
v -0.002497 0.002051 -0.029407
v -0.001646 0.032828 -0.089500
v -0.001478 0.143912 -0.063219
v -0.001459 0.112803 -0.085262
v -0.001364 0.067738 0.000641
v -0.001276 0.031302 -0.007706
v -0.001013 0.048138 -0.003242
v -0.000700 0.014204 -0.081692
v -0.000662 0.138266 -0.039007
v 0.000002 0.031100 -0.083828
v 0.000788 0.145163 -0.046052
v 0.000898 0.047581 -0.087963
v 0.000929 0.130541 -0.081352
v 0.001062 0.001883 -0.053148
v 0.001150 0.007719 -0.052118
v 0.002253 0.001433 -0.021641
v 0.002405 0.096155 -0.087688
v 0.002474 0.044983 -0.089577
v 0.004312 0.098463 -0.004001
v 0.004389 0.001799 -0.069450
v 0.004549 0.143080 -0.022650
v 0.004763 0.067240 -0.087955
v 0.005041 0.032660 -0.010536
v 0.005453 0.129889 -0.016214
v 0.006494 0.016588 -0.069687
v 0.006540 0.016924 -0.024065
v 0.006563 0.046341 -0.007438
v 0.007727 0.143507 -0.064983
v 0.007833 0.127413 -0.023565
v 0.008425 0.013998 -0.024383
v 0.009832 0.113165 -0.018396
v 0.010077 0.129877 -0.066622
v 0.010077 0.030665 -0.024561
v 0.010096 0.001417 -0.041581
v 0.010118 0.071845 -0.011410
v 0.010164 0.127516 -0.063516
v 0.010218 0.111868 -0.077303
v 0.010469 0.143973 -0.040797
v 0.010813 0.113325 -0.024101
v 0.011484 0.061136 -0.078865
v 0.011541 0.031382 -0.065710
v 0.011789 0.032252 -0.073313
v 0.011923 0.098706 -0.080158
v 0.012140 0.014151 -0.060818
v 0.012335 0.016913 -0.046337
v 0.012526 0.112837 -0.066545
v 0.013033 0.126902 -0.045198
v 0.013227 0.014513 -0.040682
v 0.013288 0.048027 -0.022095
v 0.013514 0.096636 -0.019817
v 0.013628 0.129336 -0.040743
v 0.013742 0.096333 -0.072481
v 0.014338 0.096331 -0.067722
v 0.014784 0.144339 -0.063923
v 0.015387 0.047856 -0.066082
v 0.015623 0.031004 -0.041674
v 0.015696 0.066382 -0.020664
v 0.016039 0.113142 -0.043660
v 0.016165 0.096674 -0.026680
v 0.016321 0.046114 -0.069403
v 0.017092 0.098423 -0.022962
v 0.017191 0.145911 -0.044595
v 0.017782 0.034529 -0.032929
v 0.017916 0.031874 -0.046837
v 0.018167 0.068303 -0.067531
v 0.018209 0.129202 -0.063177
v 0.018557 0.112025 -0.033821
v 0.018614 0.110762 -0.062006
v 0.018755 0.047892 -0.057316
v 0.018858 0.096951 -0.055215
v 0.019030 0.048010 -0.042890
v 0.019068 0.038862 -0.062319
v 0.019239 0.096638 -0.043878
v 0.019514 0.068115 -0.029568
v 0.020586 0.075657 -0.058530
v 0.020746 0.130232 -0.044747
v 0.020815 0.100043 -0.058194
v 0.021460 0.044554 -0.036736
v 0.021795 0.067022 -0.043632
v 0.021963 0.100558 -0.037177
v -0.038633 0.014143 -0.098114
v -0.038641 0.007536 -0.005398
v -0.038905 0.130163 -0.098732
v -0.039203 0.098940 -0.105804
v -0.040011 0.144171 0.002800
v -0.041493 0.007704 -0.086555
v -0.041791 0.001227 -0.094292
v -0.041870 0.138518 -0.087616
v -0.045138 0.144911 -0.094562
v -0.045285 0.076839 -0.105282
v -0.046557 0.066921 0.012039
v -0.046689 0.111639 -0.102901
v -0.047100 0.017172 -0.096065
v -0.047344 0.142638 -0.086170
v -0.047620 0.112715 0.009880
v -0.048155 0.096787 0.009754
v -0.049644 0.016623 0.002384
v -0.049747 0.044842 -0.104072
v -0.049937 0.046252 0.012036
v -0.050277 0.032641 -0.102150
v -0.050926 0.032217 0.009587
v -0.051601 0.143347 -0.007458
v -0.052445 0.128279 -0.096309
v -0.052857 0.126898 0.002159
v -0.053388 0.047762 0.007191
v -0.054139 0.112967 -0.097652
v -0.054241 0.030974 -0.097587
v -0.054371 0.096493 -0.101349
v -0.054596 0.075596 0.009953
v -0.054844 0.047354 -0.100826
v -0.054956 0.030813 0.004460
v -0.055304 0.071731 -0.103813
v -0.056219 0.113722 0.004105
v -0.056459 0.096350 0.008003
v -0.056906 0.130316 -0.096256
v -0.057207 0.015902 -0.094528
v -0.057411 0.014708 0.002079
v -0.057430 0.130148 0.003288
v -0.059078 0.001440 -0.002369
v -0.061134 0.017065 -0.001167
v -0.061337 0.002310 -0.080627
v -0.061707 0.047756 0.006081
v -0.062252 0.002272 -0.012882
v -0.062300 0.143164 -0.090500
v -0.063725 0.100149 0.007950
v -0.064470 0.099230 -0.100834
v -0.065935 0.096907 -0.097534
v -0.066092 0.047219 -0.097549
v -0.066767 0.000967 -0.086078
v -0.066841 0.138212 -0.015913
v -0.067400 0.112974 -0.093998
v -0.067751 0.008177 -0.073755
v -0.068954 0.044733 0.005745
v -0.069084 0.143820 -0.076076
v -0.069376 0.138258 -0.074150
v -0.069571 0.144110 -0.007484
v -0.069838 0.143339 -0.017715
v -0.070143 0.127959 -0.005649
v -0.070288 0.072345 0.004543
v -0.070406 0.110869 0.001877
v -0.071165 0.073588 -0.097114
v -0.071589 0.014815 -0.087360
v -0.071646 0.044586 -0.096210
v -0.073027 0.032801 -0.092430
v -0.073034 0.017607 -0.083687
v -0.073572 0.007750 -0.024664
v -0.073706 0.127669 -0.084156
v -0.074446 0.030836 -0.006267
v -0.074526 0.113474 -0.006069
v -0.074739 0.031477 -0.087784
v -0.075071 0.129759 -0.007816
v -0.075792 0.017264 -0.012005
v -0.076036 0.008177 -0.062359
v -0.076239 0.112936 -0.086429
v -0.076838 0.031946 -0.003246
v -0.077005 0.001723 -0.031692
v -0.077059 0.138266 -0.062486
v -0.077238 0.130244 -0.083637
v -0.077349 0.047198 -0.088997
v -0.077539 0.138342 -0.028915
v -0.077551 0.098925 -0.000282
v -0.077635 0.143317 -0.028805
v -0.077791 0.096541 -0.003856
v -0.078344 0.074705 -0.002441
v -0.078527 0.096720 -0.089321
v -0.079027 0.048159 -0.005127
v -0.079050 0.072107 -0.091175
v -0.079180 0.046011 -0.001915
v -0.079462 0.001143 -0.019087
v -0.079611 0.007979 -0.046265
v -0.079790 0.014494 -0.013347
v -0.079874 0.001677 -0.054474
v -0.080164 0.137915 -0.043397
v -0.080847 0.143446 -0.049229
v -0.081785 0.144217 -0.072889
v -0.081957 0.001166 -0.069649
v -0.082468 0.098995 -0.088630
v -0.084204 0.032294 -0.080795
v -0.084597 0.017462 -0.070247
v -0.085814 0.014483 -0.072216
v -0.085943 0.127539 -0.069345
v -0.086203 0.017752 -0.028616
v -0.086245 0.111693 -0.012909
v -0.086863 0.071678 -0.009502
v -0.086981 0.111929 -0.080223
v -0.087618 0.145674 -0.024992
v -0.087893 0.126559 -0.026640
v -0.088419 0.045853 -0.078785
v -0.088518 0.130327 -0.068243
v -0.088655 0.113322 -0.021526
v -0.088884 0.078786 -0.081177
v -0.089106 0.001410 -0.044435
v -0.090124 0.113158 -0.067619
v -0.090284 0.145239 -0.045309
v -0.090612 0.015204 -0.033788
v -0.090735 0.017412 -0.046167
v -0.091467 0.031939 -0.025400
v -0.091631 0.016329 -0.051046
v -0.091726 0.031073 -0.064859
v -0.091871 0.047461 -0.070087
v -0.091982 0.128992 -0.023655
v -0.092249 0.128508 -0.050923
v -0.092321 0.096693 -0.070043
v -0.092443 0.047503 -0.024916
v -0.092989 0.096255 -0.023409
v -0.093893 0.065275 -0.020855
v -0.094072 0.074053 -0.070936
v -0.094164 0.113104 -0.048904
v -0.094484 0.030558 -0.046864
v -0.094709 0.113058 -0.040253
v -0.094847 0.130896 -0.042682
v -0.095022 0.099121 -0.021419
v -0.095167 0.032336 -0.035112
v -0.095278 0.044829 -0.023844
v -0.095728 0.112154 -0.030382
v -0.096025 0.045307 -0.064182
v -0.096724 0.032854 -0.059144
v -0.096808 0.096997 -0.060754
v -0.096975 0.047556 -0.034946
v -0.097178 0.096005 -0.048829
v -0.097246 0.112112 -0.055602
v -0.097334 0.047358 -0.048006
v -0.097799 0.076431 -0.028597
v -0.097982 0.099457 -0.063886
v -0.099173 0.042776 -0.055166
v -0.099401 0.098192 -0.046248
v -0.099489 0.072300 -0.060064
v -0.099848 0.065607 -0.051028
v -0.100348 0.073708 -0.046712
vt 0.176707 0.032344
vt 0.172166 0.026570
vt 0.177810 0.029360
vt 0.170673 0.024624
vt 0.171776 0.029879
vt 0.168597 0.032149
vt 0.172555 0.032928
vt 0.162499 0.031046
vt 0.165224 0.025791
vt 0.155298 0.024688
vt 0.158347 0.023650
vt 0.159839 0.015800
vt 0.168403 0.014827
vt 0.160618 0.003539
vt 0.172879 0.013335
vt 0.177226 0.015606
vt 0.177810 0.003409
vt 0.170219 0.003863
vt 0.173333 0.001722
vt 0.163796 0.001917
vt 0.158217 0.002566
vt 0.552084 0.477536
vt 0.565189 0.482986
vt 0.549943 0.482012
vt 0.556042 0.495572
vt 0.550073 0.501994
vt 0.553901 0.517111
vt 0.543521 0.482142
vt 0.538460 0.479807
vt 0.548386 0.517565
vt 0.538525 0.501346
vt 0.544494 0.521328
vt 0.560324 0.520484
vt 0.553836 0.531838
vt 0.531778 0.521263
vt 0.537682 0.531448
vt 0.530286 0.518214
vt 0.530351 0.503487
vt 0.527237 0.485516
vt 0.521787 0.502449
vt 0.508552 0.519187
vt 0.511018 0.498621
vt 0.528404 0.482986
vt 0.506217 0.486359
vt 0.505698 0.483829
vt 0.527561 0.473060
vt 0.548970 0.467350
vt 0.527107 0.470335
vt 0.501870 0.505563
vt 0.496615 0.485321
vt 0.488570 0.520419
vt 0.488051 0.503162
vt 0.485456 0.484283
vt 0.485456 0.519316
vt 0.483250 0.477860
vt 0.475725 0.472281
vt 0.509461 0.522366
vt 0.482083 0.469491
vt 0.467875 0.462355
vt 0.498237 0.473060
vt 0.471573 0.455802
vt 0.520879 0.532162
vt 0.502908 0.532357
vt 0.484353 0.533589
vt 0.476049 0.529372
vt 0.513548 0.534887
vt 0.531194 0.535665
vt 0.548257 0.535600
vt 0.561686 0.541180
vt 0.566357 0.543905
vt 0.547997 0.545072
vt 0.563308 0.550522
vt 0.565449 0.554285
vt 0.533789 0.544553
vt 0.545207 0.547148
vt 0.551955 0.559605
vt 0.529053 0.545916
vt 0.531908 0.556556
vt 0.543845 0.564146
vt 0.526783 0.562135
vt 0.512769 0.558177
vt 0.515105 0.565184
vt 0.511018 0.547019
vt 0.509525 0.543386
vt 0.495123 0.534952
vt 0.497913 0.550003
vt 0.491555 0.547862
vt 0.498237 0.560967
vt 0.495318 0.567455
vt 0.480266 0.565508
vt 0.487532 0.537287
vt 0.482342 0.554739
vt 0.473584 0.561940
vt 0.480266 0.553312
vt 0.471573 0.562070
vt 0.478904 0.542088
vt 0.470016 0.553052
vt 0.465409 0.560059
vt 0.472935 0.545397
vt 0.464890 0.543256
vt 0.458403 0.558956
vt 0.554744 0.459111
vt 0.559480 0.457878
vt 0.543391 0.465729
vt 0.543326 0.453921
vt 0.535411 0.458008
vt 0.556950 0.444449
vt 0.561881 0.450872
vt 0.538006 0.454894
vt 0.550008 0.445487
vt 0.548776 0.434328
vt 0.560843 0.432512
vt 0.556366 0.424986
vt 0.554550 0.405783
vt 0.519127 0.459306
vt 0.532881 0.445941
vt 0.526199 0.441919
vt 0.549295 0.418498
vt 0.543261 0.431539
vt 0.548516 0.400074
vt 0.547154 0.380221
vt 0.540017 0.429852
vt 0.545856 0.405912
vt 0.528145 0.382297
vt 0.506995 0.376459
vt 0.477996 0.387423
vt 0.527172 0.386969
vt 0.494085 0.387617
vt 0.473908 0.405458
vt 0.465928 0.418239
vt 0.494409 0.392029
vt 0.477347 0.410778
vt 0.481823 0.423170
vt 0.475465 0.424532
vt 0.472481 0.429982
vt 0.458403 0.427062
vt 0.488505 0.429268
vt 0.491749 0.437897
vt 0.498237 0.434199
vt 0.513807 0.439194
vt 0.482018 0.439973
vt 0.508033 0.443022
vt 0.496680 0.447433
vt 0.515105 0.449185
vt 0.478320 0.448796
vt 0.501870 0.459111
vt 0.490063 0.457554
vt 0.470016 0.438999
vt 0.478125 0.451196
vt 0.470729 0.443606
vt 0.466707 0.448212
vt 0.479877 0.464236
vt 0.490322 0.468583
vt 0.493566 0.460019
vt 0.506671 0.462095
vt 0.506411 0.473903
vt 0.521463 0.461901
vt 0.598330 0.185692
vt 0.605856 0.178556
vt 0.600212 0.193218
vt 0.616755 0.180113
vt 0.610981 0.194970
vt 0.615133 0.191531
vt 0.595021 0.196073
vt 0.582565 0.194191
vt 0.607932 0.208399
vt 0.597422 0.207296
vt 0.592297 0.213005
vt 0.585355 0.217936
vt 0.597552 0.221893
vt 0.596968 0.226954
vt 0.608321 0.227148
vt 0.610527 0.222867
vt 0.610721 0.210086
vt 0.620583 0.208075
vt 0.622334 0.193867
vt 0.620129 0.224424
vt 0.612473 0.238307
vt 0.621296 0.248428
vt 0.610851 0.246806
vt 0.613122 0.257965
vt 0.621880 0.267437
vt 0.600276 0.242654
vt 0.613641 0.276260
vt 0.622334 0.295333
vt 0.610657 0.264517
vt 0.599303 0.260170
vt 0.597681 0.248103
vt 0.612798 0.293063
vt 0.610722 0.307919
vt 0.610267 0.281320
vt 0.598071 0.270161
vt 0.596449 0.264128
vt 0.610332 0.299875
vt 0.599822 0.307400
vt 0.599109 0.324268
vt 0.599498 0.283980
vt 0.596189 0.321608
vt 0.597422 0.332183
vt 0.596903 0.304611
vt 0.596903 0.282553
vt 0.585030 0.320635
vt 0.586977 0.262376
vt 0.587366 0.284953
vt 0.585355 0.336206
vt 0.586328 0.304286
vt 0.584187 0.281645
vt 0.586587 0.243432
vt 0.584447 0.262506
vt 0.582565 0.316678
vt 0.590869 0.237074
vt 0.583798 0.233247
vt 0.583019 0.326409
vt 0.582889 0.308763
vt 0.560442 0.319597
vt 0.562908 0.308568
vt 0.567773 0.291441
vt 0.562908 0.326344
vt 0.541823 0.315186
vt 0.546105 0.326539
vt 0.558950 0.335427
vt 0.563946 0.342499
vt 0.584447 0.342174
vt 0.586847 0.346780
vt 0.547921 0.341915
vt 0.566087 0.349895
vt 0.573288 0.355409
vt 0.589312 0.358912
vt 0.548570 0.356252
vt 0.547467 0.348857
vt 0.545067 0.358069
vt 0.544483 0.347170
vt 0.542926 0.328550
vt 0.538579 0.313434
vt 0.542082 0.306622
vt 0.559664 0.301367
vt 0.546494 0.284564
vt 0.541304 0.296242
vt 0.531118 0.299615
vt 0.524047 0.312266
vt 0.535205 0.285083
vt 0.526707 0.303378
vt 0.516326 0.300653
vt 0.531962 0.283850
vt 0.507179 0.312850
vt 0.511655 0.301691
vt 0.504519 0.312461
vt 0.498939 0.301432
vt 0.485186 0.310385
vt 0.501989 0.293387
vt 0.485186 0.300459
vt 0.515807 0.290987
vt 0.521322 0.281645
vt 0.506465 0.271913
vt 0.463906 0.295333
vt 0.518143 0.276195
vt 0.519895 0.265555
vt 0.517040 0.261079
vt 0.532026 0.263349
vt 0.517105 0.249336
vt 0.535140 0.269707
vt 0.506011 0.250050
vt 0.544937 0.274184
vt 0.534557 0.252839
vt 0.547921 0.282099
vt 0.546234 0.253748
vt 0.566087 0.281645
vt 0.548440 0.262960
vt 0.566281 0.270161
vt 0.570368 0.260041
vt 0.549089 0.248558
vt 0.574715 0.251023
vt 0.584447 0.240902
vt 0.568552 0.241421
vt 0.548570 0.244600
vt 0.562583 0.234739
vt 0.543315 0.236620
vt 0.546105 0.234285
vt 0.534492 0.239994
vt 0.567968 0.223256
vt 0.540395 0.222023
vt 0.545067 0.225786
vt 0.582241 0.222023
vt 0.565762 0.213005
vt 0.580619 0.205220
vt 0.580489 0.189131
vt 0.542861 0.213200
vt 0.566151 0.206193
vt 0.561156 0.199057
vt 0.562972 0.187639
vt 0.538060 0.191531
vt 0.542017 0.208140
vt 0.536957 0.197759
vt 0.540201 0.211708
vt 0.525928 0.209048
vt 0.519895 0.195683
vt 0.530664 0.221374
vt 0.525733 0.213914
vt 0.527161 0.227213
vt 0.517170 0.197370
vt 0.504194 0.186730
vt 0.503935 0.190558
vt 0.493165 0.194580
vt 0.497382 0.186925
vt 0.507049 0.203793
vt 0.491089 0.197824
vt 0.514380 0.214043
vt 0.488884 0.210475
vt 0.468772 0.214627
vt 0.509125 0.210800
vt 0.515223 0.224748
vt 0.473962 0.218520
vt 0.456251 0.231365
vt 0.499523 0.218131
vt 0.485705 0.218909
vt 0.469875 0.224943
vt 0.458781 0.249206
vt 0.456770 0.251542
vt 0.484861 0.230327
vt 0.460922 0.265425
vt 0.459300 0.266788
vt 0.491219 0.225786
vt 0.464360 0.283137
vt 0.482266 0.244989
vt 0.472664 0.292544
vt 0.490311 0.235907
vt 0.496799 0.235777
vt 0.487716 0.264971
vt 0.496215 0.252839
vt 0.480774 0.294360
vt 0.496280 0.265750
vt 0.500237 0.254072
vt 0.492646 0.287483
vt 0.494658 0.290857
vt 0.500821 0.270226
vt 0.508736 0.244989
vt 0.505816 0.232468
vt 0.505103 0.227213
vt 0.514380 0.230587
vt 0.516326 0.243367
vt 0.520738 0.244405
vt 0.519181 0.229679
vt 0.530080 0.245249
vt 0.026342 0.003072
vt 0.026342 0.008781
vt 0.023942 0.004823
vt 0.226104 0.032928
vt 0.218513 0.024948
vt 0.225131 0.020861
vt 0.218773 0.011583
vt 0.226104 0.006977
vt 0.218773 0.002176
s 1
usemtl Material
f 3585/4815 3425/4816 3583/4817
f 3583/4817 3425/4816 3433/4818
f 3425/4816 3585/4815 3430/4819
f 3447/4820 3430/4819 3419/4821
f 3430/4819 3447/4820 3471/4822
f 3425/4816 3430/4819 3457/4823
f 3457/4823 3430/4819 3471/4822
f 3425/4816 3457/4823 3433/4818
f 3457/4823 3471/4822 3511/4824
f 3457/4823 3511/4824 3491/4825
f 3457/4823 3491/4825 3433/4818
f 3433/4818 3491/4825 3489/4826
f 3433/4818 3489/4826 3449/4827
f 3449/4827 3489/4826 3484/4828
f 3433/4818 3449/4827 3426/4829
f 3433/4818 3426/4829 3575/4830
f 3575/4830 3426/4829 3580/4831
f 3426/4829 3449/4827 3435/4832
f 3426/4829 3435/4832 3580/4831
f 3435/4832 3449/4827 3484/4828
f 3580/4831 3435/4832 3424/4833
f 3424/4833 3435/4832 3469/4834
f 3469/4834 3435/4832 3484/4828
f 3469/4834 3484/4828 3503/4835
f 3583/4836 3433/4837 3589/4838
f 3589/4838 3433/4837 3575/4839
f 3589/4838 3575/4839 3593/4840
f 3593/4840 3575/4839 3580/4841
f 3583/4836 3589/4838 3606/4842
f 3606/4842 3589/4838 3593/4840
f 3583/4836 3606/4842 3617/4843
f 3593/4840 3580/4841 3598/4844
f 3606/4842 3593/4840 3623/4845
f 3623/4845 3593/4840 3598/4844
f 3598/4844 3580/4841 3609/4846
f 3609/4846 3580/4841 3424/4847
f 3609/4846 3424/4847 3579/4848
f 3598/4844 3609/4846 3645/4849
f 3609/4846 3579/4848 3624/4850
f 3609/4846 3624/4850 3645/4849
f 3623/4845 3598/4844 3647/4851
f 3647/4851 3598/4844 3645/4849
f 3623/4845 3647/4851 3648/4852
f 3650/4853 3606/4842 3623/4845
f 3650/4853 3623/4845 3648/4852
f 3606/4842 3650/4853 3617/4843
f 3648/4852 3647/4851 3668/4854
f 3648/4852 3668/4854 3650/4853
f 3647/4851 3645/4849 3689/4855
f 3647/4851 3689/4855 3668/4854
f 3650/4853 3668/4854 3690/4856
f 3690/4856 3668/4854 3689/4855
f 3617/4843 3650/4853 3652/4857
f 3650/4853 3690/4856 3688/4858
f 3688/4858 3690/4856 3689/4855
f 3652/4857 3650/4853 3698/4859
f 3698/4859 3650/4853 3688/4858
f 3617/4843 3652/4857 3639/4860
f 3639/4860 3652/4857 3698/4859
f 3617/4843 3639/4860 3585/4861
f 3617/4843 3585/4861 3583/4836
f 3585/4861 3639/4860 3632/4862
f 3688/4858 3689/4855 3707/4863
f 3688/4858 3707/4863 3703/4864
f 3688/4858 3703/4864 3698/4859
f 3707/4863 3689/4855 3710/4865
f 3703/4864 3707/4863 3713/4866
f 3713/4866 3707/4863 3710/4865
f 3703/4864 3713/4866 3706/4867
f 3703/4864 3706/4867 3698/4859
f 3706/4867 3713/4866 3704/4868
f 3704/4868 3713/4866 3710/4865
f 3698/4859 3706/4867 3709/4869
f 3709/4869 3706/4867 3700/4870
f 3696/4871 3710/4865 3689/4855
f 3696/4871 3689/4855 3645/4849
f 3709/4869 3700/4870 3701/4872
f 3701/4872 3700/4870 3672/4873
f 3698/4859 3709/4869 3697/4874
f 3697/4874 3709/4869 3701/4872
f 3701/4872 3672/4873 3662/4875
f 3696/4871 3645/4849 3667/4876
f 3667/4876 3645/4849 3624/4850
f 3696/4871 3667/4876 3699/4877
f 3696/4871 3699/4877 3710/4865
f 3710/4865 3699/4877 3705/4878
f 3710/4865 3705/4878 3708/4879
f 3699/4877 3667/4876 3674/4880
f 3667/4876 3624/4850 3633/4881
f 3667/4876 3633/4881 3674/4880
f 3633/4881 3624/4850 3597/4882
f 3597/4882 3624/4850 3579/4848
f 3597/4882 3579/4848 3422/4883
f 3422/4883 3579/4848 3436/4884
f 3597/4882 3422/4883 3588/4885
f 3588/4885 3422/4883 3431/4886
f 3588/4885 3431/4886 3442/4887
f 3597/4882 3588/4885 3622/4888
f 3597/4882 3622/4888 3633/4881
f 3588/4885 3442/4887 3602/4889
f 3588/4885 3602/4889 3622/4888
f 3602/4889 3442/4887 3569/4890
f 3633/4881 3622/4888 3635/4891
f 3635/4891 3622/4888 3602/4889
f 3633/4881 3635/4891 3674/4880
f 3602/4889 3569/4890 3620/4892
f 3602/4889 3620/4892 3635/4891
f 3620/4892 3569/4890 3586/4893
f 3620/4892 3586/4893 3621/4894
f 3620/4892 3621/4894 3670/4895
f 3670/4895 3621/4894 3646/4896
f 3635/4891 3620/4892 3685/4897
f 3685/4897 3620/4892 3670/4895
f 3671/4898 3674/4880 3635/4891
f 3671/4898 3635/4891 3685/4897
f 3674/4880 3671/4898 3694/4899
f 3674/4880 3694/4899 3699/4877
f 3671/4898 3685/4897 3695/4900
f 3695/4900 3685/4897 3670/4895
f 3699/4877 3694/4899 3705/4878
f 3671/4898 3695/4900 3686/4901
f 3671/4898 3686/4901 3694/4899
f 3695/4900 3670/4895 3678/4902
f 3678/4902 3670/4895 3646/4896
f 3678/4902 3646/4896 3658/4903
f 3678/4902 3658/4903 3659/4904
f 3705/4878 3694/4899 3692/4905
f 3692/4905 3694/4899 3686/4901
f 3678/4902 3659/4904 3673/4906
f 3678/4902 3673/4906 3695/4900
f 3695/4900 3673/4906 3686/4901
f 3673/4906 3659/4904 3642/4907
f 3673/4906 3642/4907 3665/4908
f 3673/4906 3665/4908 3686/4901
f 3665/4908 3642/4907 3631/4909
f 3692/4905 3686/4901 3677/4910
f 3677/4910 3686/4901 3665/4908
f 3692/4905 3677/4910 3705/4878
f 3665/4908 3631/4909 3638/4911
f 3665/4908 3638/4911 3677/4910
f 3638/4911 3631/4909 3615/4912
f 3705/4878 3677/4910 3669/4913
f 3669/4913 3677/4910 3638/4911
f 3669/4913 3638/4911 3615/4912
f 3705/4878 3669/4913 3708/4879
f 3708/4879 3669/4913 3661/4914
f 3661/4914 3669/4913 3615/4912
f 3661/4914 3615/4912 3610/4915
f 3419/4916 3430/4917 3585/4861
f 3419/4916 3585/4861 3595/4918
f 3595/4918 3585/4861 3632/4862
f 3419/4916 3595/4918 3581/4919
f 3595/4918 3632/4862 3604/4920
f 3595/4918 3604/4920 3581/4919
f 3419/4916 3581/4919 3434/4921
f 3419/4916 3434/4921 3447/4922
f 3581/4919 3604/4920 3601/4923
f 3434/4921 3581/4919 3421/4924
f 3421/4924 3581/4919 3601/4923
f 3434/4921 3421/4924 3423/4925
f 3434/4921 3423/4925 3465/4926
f 3465/4926 3423/4925 3463/4927
f 3463/4927 3423/4925 3500/4928
f 3601/4923 3604/4920 3655/4929
f 3421/4924 3601/4923 3603/4930
f 3603/4930 3601/4923 3655/4929
f 3421/4924 3603/4930 3423/4925
f 3423/4925 3603/4930 3607/4931
f 3500/4928 3423/4925 3454/4932
f 3423/4925 3607/4931 3420/4933
f 3423/4925 3420/4933 3454/4932
f 3500/4928 3454/4932 3485/4934
f 3500/4928 3485/4934 3518/4935
f 3454/4932 3420/4933 3566/4936
f 3566/4936 3420/4933 3607/4931
f 3485/4934 3454/4932 3475/4937
f 3475/4937 3454/4932 3566/4936
f 3518/4935 3485/4934 3498/4938
f 3518/4935 3498/4938 3504/4939
f 3504/4939 3498/4938 3464/4940
f 3498/4938 3485/4934 3499/4941
f 3499/4941 3485/4934 3475/4937
f 3464/4940 3498/4938 3468/4942
f 3468/4942 3498/4938 3499/4941
f 3464/4940 3468/4942 3427/4943
f 3464/4940 3427/4943 3571/4944
f 3427/4943 3468/4942 3460/4945
f 3460/4945 3468/4942 3499/4941
f 3427/4943 3460/4945 3570/4946
f 3460/4945 3499/4941 3616/4947
f 3460/4945 3616/4947 3570/4946
f 3427/4943 3570/4946 3605/4948
f 3427/4943 3605/4948 3571/4944
f 3605/4948 3570/4946 3616/4947
f 3571/4944 3605/4948 3613/4949
f 3571/4944 3613/4949 3600/4950
f 3605/4948 3616/4947 3637/4951
f 3637/4951 3616/4947 3499/4941
f 3605/4948 3637/4951 3656/4952
f 3605/4948 3656/4952 3613/4949
f 3637/4951 3499/4941 3654/4953
f 3637/4951 3654/4953 3656/4952
f 3654/4953 3499/4941 3475/4937
f 3654/4953 3475/4937 3630/4954
f 3654/4953 3630/4954 3656/4952
f 3630/4954 3475/4937 3566/4936
f 3630/4954 3566/4936 3607/4931
f 3660/4955 3613/4949 3656/4952
f 3656/4952 3630/4954 3640/4956
f 3640/4956 3630/4954 3607/4931
f 3660/4955 3656/4952 3676/4957
f 3676/4957 3656/4952 3640/4956
f 3640/4956 3607/4931 3653/4958
f 3640/4956 3653/4958 3676/4957
f 3653/4958 3607/4931 3603/4930
f 3653/4958 3603/4930 3655/4929
f 3664/4959 3613/4949 3660/4955
f 3664/4959 3660/4955 3676/4957
f 3676/4957 3653/4958 3679/4960
f 3679/4960 3653/4958 3655/4929
f 3664/4959 3676/4957 3682/4961
f 3682/4961 3676/4957 3679/4960
f 3613/4949 3664/4959 3626/4962
f 3613/4949 3626/4962 3600/4950
f 3626/4962 3664/4959 3663/4963
f 3663/4963 3664/4959 3682/4961
f 3600/4950 3626/4962 3629/4964
f 3629/4964 3626/4962 3663/4963
f 3600/4950 3629/4964 3634/4965
f 3634/4965 3629/4964 3662/4875
f 3662/4875 3629/4964 3663/4963
f 3662/4875 3663/4963 3683/4966
f 3683/4966 3663/4963 3682/4961
f 3662/4875 3683/4966 3701/4872
f 3701/4872 3683/4966 3693/4967
f 3693/4967 3683/4966 3682/4961
f 3701/4872 3693/4967 3697/4874
f 3693/4967 3682/4961 3680/4968
f 3693/4967 3680/4968 3697/4874
f 3680/4968 3682/4961 3679/4960
f 3680/4968 3679/4960 3666/4969
f 3680/4968 3666/4969 3697/4874
f 3666/4969 3679/4960 3655/4929
f 3697/4874 3666/4969 3681/4970
f 3697/4874 3681/4970 3698/4859
f 3698/4859 3681/4970 3639/4860
f 3639/4860 3681/4970 3632/4862
f 3681/4970 3666/4969 3636/4971
f 3681/4970 3636/4971 3632/4862
f 3636/4971 3666/4969 3655/4929
f 3632/4862 3636/4971 3604/4920
f 3604/4920 3636/4971 3655/4929
f 3471/4972 3447/4973 3490/4974
f 3490/4974 3447/4973 3434/4975
f 3490/4974 3434/4975 3473/4976
f 3473/4976 3434/4975 3465/4977
f 3471/4972 3490/4974 3507/4978
f 3471/4972 3507/4978 3511/4979
f 3490/4974 3473/4976 3510/4980
f 3510/4980 3473/4976 3465/4977
f 3507/4978 3490/4974 3517/4981
f 3517/4981 3490/4974 3510/4980
f 3511/4979 3507/4978 3547/4982
f 3547/4982 3507/4978 3517/4981
f 3511/4979 3547/4982 3562/4983
f 3547/4982 3517/4981 3540/4984
f 3540/4984 3517/4981 3510/4980
f 3547/4982 3540/4984 3548/4985
f 3547/4982 3548/4985 3562/4983
f 3540/4984 3510/4980 3529/4986
f 3540/4984 3529/4986 3548/4985
f 3529/4986 3510/4980 3532/4987
f 3532/4987 3510/4980 3514/4988
f 3514/4988 3510/4980 3465/4977
f 3514/4988 3465/4977 3500/4989
f 3500/4989 3465/4977 3463/4990
f 3514/4988 3500/4989 3518/4991
f 3514/4988 3518/4991 3532/4987
f 3532/4987 3518/4991 3528/4992
f 3532/4987 3528/4992 3529/4986
f 3528/4992 3518/4991 3504/4993
f 3529/4986 3528/4992 3509/4994
f 3529/4986 3509/4994 3548/4985
f 3528/4992 3504/4993 3492/4995
f 3528/4992 3492/4995 3509/4994
f 3492/4995 3504/4993 3464/4996
f 3548/4985 3509/4994 3525/4997
f 3492/4995 3464/4996 3453/4998
f 3453/4998 3464/4996 3571/4999
f 3509/4994 3492/4995 3472/5000
f 3472/5000 3492/4995 3453/4998
f 3525/4997 3509/4994 3494/5001
f 3494/5001 3509/4994 3472/5000
f 3548/4985 3525/4997 3526/5002
f 3526/5002 3525/4997 3494/5001
f 3453/4998 3571/4999 3565/5003
f 3565/5003 3571/4999 3600/5004
f 3472/5000 3453/4998 3441/5005
f 3441/5005 3453/4998 3565/5003
f 3494/5001 3472/5000 3466/5006
f 3466/5006 3472/5000 3441/5005
f 3494/5001 3466/5006 3486/5007
f 3494/5001 3486/5007 3526/5002
f 3565/5003 3600/5004 3577/5008
f 3565/5003 3577/5008 3441/5005
f 3577/5008 3600/5004 3591/5009
f 3591/5009 3600/5004 3634/5010
f 3441/5005 3577/5008 3439/5011
f 3441/5005 3439/5011 3466/5006
f 3439/5011 3577/5008 3591/5009
f 3591/5009 3634/5010 3628/5012
f 3628/5012 3634/5010 3662/5013
f 3439/5011 3591/5009 3584/5014
f 3584/5014 3591/5009 3628/5012
f 3466/5006 3439/5011 3445/5015
f 3466/5006 3445/5015 3486/5007
f 3445/5015 3439/5011 3584/5014
f 3628/5012 3662/5013 3627/5016
f 3628/5012 3627/5016 3584/5014
f 3486/5007 3445/5015 3502/5017
f 3486/5007 3502/5017 3526/5002
f 3445/5015 3584/5014 3444/5018
f 3445/5015 3444/5018 3502/5017
f 3627/5016 3662/5013 3672/5019
f 3444/5018 3584/5014 3582/5020
f 3582/5020 3584/5014 3627/5016
f 3502/5017 3444/5018 3451/5021
f 3451/5021 3444/5018 3582/5020
f 3544/5022 3526/5002 3502/5017
f 3502/5017 3451/5021 3496/5023
f 3502/5017 3496/5023 3544/5022
f 3582/5020 3627/5016 3612/5024
f 3526/5002 3544/5022 3556/5025
f 3526/5002 3556/5025 3548/4985
f 3548/4985 3556/5025 3562/4983
f 3562/4983 3556/5025 3553/5026
f 3553/5026 3556/5025 3544/5022
f 3612/5024 3627/5016 3643/5027
f 3643/5027 3627/5016 3672/5019
f 3582/5020 3612/5024 3594/5028
f 3582/5020 3594/5028 3451/5021
f 3612/5024 3643/5027 3625/5029
f 3594/5028 3612/5024 3596/5030
f 3596/5030 3612/5024 3625/5029
f 3451/5021 3594/5028 3429/5031
f 3429/5031 3594/5028 3596/5030
f 3625/5029 3643/5027 3651/5032
f 3651/5032 3643/5027 3672/5019
f 3596/5030 3625/5029 3611/5033
f 3625/5029 3651/5032 3649/5034
f 3625/5029 3649/5034 3611/5033
f 3651/5032 3672/5019 3675/5035
f 3651/5032 3675/5035 3649/5034
f 3675/5035 3672/5019 3691/5036
f 3691/5036 3672/5019 3684/5037
f 3684/5037 3672/5019 3700/5038
f 3675/5035 3691/5036 3687/5039
f 3675/5035 3687/5039 3649/5034
f 3691/5036 3684/5037 3711/5040
f 3711/5040 3684/5037 3700/5038
f 3711/5040 3700/5038 3712/5041
f 3712/5041 3700/5038 3706/5042
f 3712/5041 3706/5042 3704/5043
f 3712/5041 3704/5043 3711/5040
f 3691/5036 3711/5040 3702/5044
f 3702/5044 3711/5040 3704/5043
f 3691/5036 3702/5044 3687/5039
f 3702/5044 3704/5043 3710/5045
f 3702/5044 3710/5045 3708/5046
f 3702/5044 3708/5046 3687/5039
f 3687/5039 3708/5046 3649/5034
f 3649/5034 3708/5046 3661/5047
f 3649/5034 3661/5047 3610/5048
f 3649/5034 3610/5048 3611/5033
f 3611/5033 3610/5048 3592/5049
f 3611/5033 3592/5049 3596/5030
f 3596/5030 3592/5049 3574/5050
f 3596/5030 3574/5050 3429/5031
f 3574/5050 3592/5049 3446/5051
f 3574/5050 3446/5051 3429/5031
f 3592/5049 3610/5048 3568/5052
f 3592/5049 3568/5052 3446/5051
f 3568/5052 3610/5048 3576/5053
f 3576/5053 3610/5048 3615/5054
f 3446/5051 3568/5052 3437/5055
f 3437/5055 3568/5052 3576/5053
f 3576/5053 3615/5054 3590/5056
f 3590/5056 3615/5054 3587/5057
f 3576/5053 3590/5056 3438/5058
f 3576/5053 3438/5058 3437/5055
f 3438/5058 3590/5056 3587/5057
f 3587/5057 3615/5054 3631/5059
f 3587/5057 3631/5059 3599/5060
f 3599/5060 3631/5059 3642/5061
f 3599/5060 3642/5061 3608/5062
f 3608/5062 3642/5061 3659/5063
f 3599/5060 3608/5062 3573/5064
f 3608/5062 3659/5063 3618/5065
f 3608/5062 3618/5065 3573/5064
f 3587/5057 3599/5060 3567/5066
f 3567/5066 3599/5060 3573/5064
f 3587/5057 3567/5066 3440/5067
f 3587/5057 3440/5067 3438/5058
f 3567/5066 3573/5064 3458/5068
f 3618/5065 3659/5063 3658/5069
f 3440/5067 3567/5066 3455/5070
f 3455/5070 3567/5066 3458/5068
f 3438/5058 3440/5067 3479/5071
f 3479/5071 3440/5067 3455/5070
f 3479/5071 3455/5070 3497/5072
f 3497/5072 3455/5070 3458/5068
f 3438/5058 3479/5071 3488/5073
f 3479/5071 3497/5072 3516/5074
f 3479/5071 3516/5074 3488/5073
f 3438/5058 3488/5073 3474/5075
f 3438/5058 3474/5075 3437/5055
f 3497/5072 3458/5068 3512/5076
f 3497/5072 3512/5076 3516/5074
f 3437/5055 3474/5075 3470/5077
f 3437/5055 3470/5077 3446/5051
f 3474/5075 3488/5073 3521/5078
f 3446/5051 3470/5077 3450/5079
f 3446/5051 3450/5079 3429/5031
f 3470/5077 3474/5075 3527/5080
f 3527/5080 3474/5075 3521/5078
f 3429/5031 3450/5079 3452/5081
f 3429/5031 3452/5081 3451/5021
f 3450/5079 3470/5077 3501/5082
f 3501/5082 3470/5077 3527/5080
f 3452/5081 3450/5079 3476/5083
f 3452/5081 3476/5083 3451/5021
f 3476/5083 3450/5079 3501/5082
f 3451/5021 3476/5083 3496/5023
f 3496/5023 3476/5083 3506/5084
f 3506/5084 3476/5083 3501/5082
f 3496/5023 3506/5084 3544/5022
f 3506/5084 3501/5082 3536/5085
f 3536/5085 3501/5082 3527/5080
f 3544/5022 3506/5084 3524/5086
f 3524/5086 3506/5084 3536/5085
f 3544/5022 3524/5086 3539/5087
f 3544/5022 3539/5087 3553/5026
f 3539/5087 3524/5086 3549/5088
f 3549/5088 3524/5086 3536/5085
f 3539/5087 3549/5088 3553/5026
f 3536/5085 3527/5080 3537/5089
f 3536/5085 3537/5089 3549/5088
f 3549/5088 3537/5089 3559/5090
f 3549/5088 3559/5090 3553/5026
f 3537/5089 3527/5080 3561/5091
f 3559/5090 3537/5089 3554/5092
f 3554/5092 3537/5089 3561/5091
f 3561/5091 3527/5080 3552/5093
f 3559/5090 3554/5092 3563/5094
f 3559/5090 3563/5094 3553/5026
f 3552/5093 3527/5080 3521/5078
f 3554/5092 3561/5091 3564/5095
f 3564/5095 3561/5091 3552/5093
f 3563/5094 3554/5092 3557/5096
f 3557/5096 3554/5092 3564/5095
f 3553/5026 3563/5094 3555/5097
f 3553/5026 3555/5097 3562/4983
f 3563/5094 3557/5096 3558/5098
f 3563/5094 3558/5098 3555/5097
f 3562/4983 3555/5097 3533/5099
f 3533/5099 3555/5097 3558/5098
f 3562/4983 3533/5099 3511/4979
f 3511/4979 3533/5099 3491/5100
f 3558/5098 3557/5096 3543/5101
f 3543/5101 3557/5096 3564/5095
f 3533/5099 3558/5098 3541/5102
f 3541/5102 3558/5098 3543/5101
f 3491/5100 3533/5099 3519/5103
f 3519/5103 3533/5099 3541/5102
f 3491/5100 3519/5103 3489/5104
f 3489/5104 3519/5103 3484/5105
f 3519/5103 3541/5102 3534/5106
f 3519/5103 3534/5106 3484/5105
f 3534/5106 3541/5102 3543/5101
f 3484/5105 3534/5106 3503/5107
f 3534/5106 3543/5101 3545/5108
f 3534/5106 3545/5108 3503/5107
f 3545/5108 3543/5101 3564/5095
f 3503/5107 3545/5108 3515/5109
f 3503/5107 3515/5109 3482/5110
f 3545/5108 3564/5095 3551/5111
f 3545/5108 3551/5111 3515/5109
f 3551/5111 3564/5095 3552/5093
f 3515/5109 3551/5111 3523/5112
f 3551/5111 3552/5093 3542/5113
f 3551/5111 3542/5113 3523/5112
f 3482/5110 3515/5109 3478/5114
f 3482/5110 3478/5114 3436/5115
f 3436/5115 3478/5114 3443/5116
f 3443/5116 3478/5114 3431/5117
f 3443/5116 3431/5117 3422/5118
f 3431/5117 3478/5114 3477/5119
f 3477/5119 3478/5114 3515/5109
f 3431/5117 3477/5119 3442/5120
f 3513/5121 3515/5109 3523/5112
f 3515/5109 3513/5121 3477/5119
f 3513/5121 3523/5112 3542/5113
f 3442/5120 3477/5119 3459/5122
f 3442/5120 3459/5122 3569/5123
f 3477/5119 3513/5121 3508/5124
f 3477/5119 3508/5124 3459/5122
f 3513/5121 3542/5113 3535/5125
f 3513/5121 3535/5125 3508/5124
f 3569/5123 3459/5122 3432/5126
f 3569/5123 3432/5126 3586/5127
f 3459/5122 3508/5124 3505/5128
f 3505/5128 3508/5124 3535/5125
f 3432/5126 3459/5122 3462/5129
f 3462/5129 3459/5122 3505/5128
f 3586/5127 3432/5126 3428/5130
f 3428/5130 3432/5126 3462/5129
f 3586/5127 3428/5130 3614/5131
f 3586/5127 3614/5131 3621/5132
f 3428/5130 3462/5129 3480/5133
f 3428/5130 3480/5133 3614/5131
f 3621/5132 3614/5131 3644/5134
f 3644/5134 3614/5131 3480/5133
f 3621/5132 3644/5134 3646/5135
f 3646/5135 3644/5134 3658/5069
f 3480/5133 3462/5129 3483/5136
f 3483/5136 3462/5129 3505/5128
f 3658/5069 3644/5134 3657/5137
f 3644/5134 3480/5133 3461/5138
f 3644/5134 3461/5138 3657/5137
f 3658/5069 3657/5137 3641/5139
f 3641/5139 3657/5137 3461/5138
f 3658/5069 3641/5139 3618/5065
f 3480/5133 3483/5136 3493/5140
f 3480/5133 3493/5140 3461/5138
f 3493/5140 3483/5136 3495/5141
f 3495/5141 3483/5136 3505/5128
f 3461/5138 3493/5140 3448/5142
f 3461/5138 3448/5142 3641/5139
f 3448/5142 3493/5140 3481/5143
f 3481/5143 3493/5140 3495/5141
f 3641/5139 3448/5142 3619/5144
f 3641/5139 3619/5144 3618/5065
f 3448/5142 3481/5143 3467/5145
f 3448/5142 3467/5145 3619/5144
f 3467/5145 3481/5143 3487/5146
f 3487/5146 3481/5143 3495/5141
f 3619/5144 3467/5145 3572/5147
f 3619/5144 3572/5147 3618/5065
f 3618/5065 3572/5147 3578/5148
f 3618/5065 3578/5148 3573/5064
f 3572/5147 3467/5145 3456/5149
f 3572/5147 3456/5149 3578/5148
f 3456/5149 3467/5145 3487/5146
f 3578/5148 3456/5149 3573/5064
f 3573/5064 3456/5149 3458/5068
f 3458/5068 3456/5149 3487/5146
f 3458/5068 3487/5146 3512/5076
f 3512/5076 3487/5146 3495/5141
f 3512/5076 3495/5141 3538/5150
f 3512/5076 3538/5150 3516/5074
f 3538/5150 3495/5141 3546/5151
f 3546/5151 3495/5141 3522/5152
f 3522/5152 3495/5141 3505/5128
f 3522/5152 3505/5128 3535/5125
f 3546/5151 3522/5152 3560/5153
f 3546/5151 3560/5153 3538/5150
f 3560/5153 3522/5152 3535/5125
f 3550/5154 3516/5074 3538/5150
f 3550/5154 3538/5150 3560/5153
f 3516/5074 3550/5154 3520/5155
f 3560/5153 3535/5125 3531/5156
f 3560/5153 3531/5156 3550/5154
f 3550/5154 3531/5156 3520/5155
f 3531/5156 3535/5125 3542/5113
f 3516/5074 3520/5155 3530/5157
f 3530/5157 3520/5155 3531/5156
f 3530/5157 3531/5156 3542/5113
f 3516/5074 3530/5157 3488/5073
f 3530/5157 3542/5113 3552/5093
f 3488/5073 3530/5157 3521/5078
f 3521/5078 3530/5157 3552/5093
f 3443/5158 3422/5159 3436/5160
f 3579/5161 3424/5162 3436/5163
f 3436/5163 3424/5162 3469/5164
f 3436/5163 3469/5164 3482/5165
f 3482/5165 3469/5164 3503/5166
o tripo_part_5
v -0.103492 0.077360 -0.158400
v -0.103104 0.028401 -0.162089
v -0.102639 0.103897 -0.162936
v -0.102105 0.058207 -0.157058
v -0.100314 0.002705 -0.247363
v -0.099770 0.090924 -0.161059
v -0.098547 0.003346 -0.165877
v -0.097800 0.090937 -0.251502
v -0.096802 0.016098 -0.163836
v -0.095734 0.116169 -0.172427
v -0.094934 0.007462 -0.174289
v -0.094148 0.059346 -0.255813
v -0.093708 0.031754 -0.255671
v -0.093126 0.040125 -0.256892
v -0.093077 0.104832 -0.250968
v -0.092954 0.089875 -0.159205
v -0.092394 0.042095 -0.159251
v -0.091979 0.077122 -0.158862
v -0.091964 0.103073 -0.247813
v -0.091497 0.089352 -0.254100
v -0.091474 0.028630 -0.251674
v -0.091270 0.015297 -0.248385
v -0.090426 0.008511 -0.236865
v -0.089622 0.116642 -0.246386
v -0.089314 0.111336 -0.220127
v -0.088842 0.116169 -0.237538
v -0.087974 0.078057 -0.254046
v -0.087251 0.016377 -0.245509
v -0.086446 0.111607 -0.178033
v -0.085857 0.080006 -0.158618
v -0.085855 0.003540 -0.235837
v -0.085849 0.041693 -0.251178
v -0.085794 0.117344 -0.169639
v -0.085292 0.002594 -0.170340
v -0.085235 0.028920 -0.163424
v -0.084447 0.058785 -0.252475
v -0.083906 0.103882 -0.167533
v -0.083745 0.090882 -0.247104
v -0.082872 0.028279 -0.167022
v -0.082365 0.002861 -0.240958
v -0.080772 0.015843 -0.170119
v -0.080730 0.091193 -0.166125
v -0.080022 0.040850 -0.163016
v -0.079999 0.060138 -0.162501
v -0.078840 0.014389 -0.242953
v -0.078636 0.040158 -0.250697
v -0.078359 0.077175 -0.165122
v -0.077064 0.057805 -0.249377
v -0.077016 0.002888 -0.185281
v -0.075572 0.029457 -0.244323
v -0.075534 0.007824 -0.189868
v -0.075084 0.111328 -0.225371
v -0.074007 0.111409 -0.193185
v -0.073350 0.115712 -0.191330
v -0.073142 0.116417 -0.219671
v -0.072948 0.008286 -0.218720
v -0.072435 0.116169 -0.234576
v -0.072271 0.111725 -0.205207
v -0.071783 0.032835 -0.168326
v -0.071588 0.102711 -0.233987
v -0.071443 0.007542 -0.200594
v -0.071195 0.104061 -0.237098
v -0.070741 0.082251 -0.167079
v -0.070634 0.116654 -0.202144
v -0.070566 0.003273 -0.213646
v -0.070425 0.090226 -0.242068
v -0.070291 0.104851 -0.177533
v -0.070104 0.015267 -0.233527
v -0.069215 0.014244 -0.179957
v -0.069211 0.003430 -0.228701
v -0.068906 0.059246 -0.170447
v -0.068586 0.090790 -0.234845
v -0.068006 0.116371 -0.185244
v -0.067823 0.016808 -0.185214
v -0.067483 0.028771 -0.233939
v -0.067197 0.041586 -0.238612
v -0.066541 0.077332 -0.237597
v -0.066106 0.002686 -0.191157
v -0.065717 0.102711 -0.186314
v -0.065542 0.080130 -0.239985
v -0.064645 0.029766 -0.235015
v -0.064390 0.091021 -0.183165
v -0.063848 0.056825 -0.236846
v -0.063562 0.115845 -0.200858
v -0.063405 0.103966 -0.221125
v -0.063329 0.002819 -0.210612
v -0.062879 0.028775 -0.184907
v -0.062246 0.015564 -0.218506
v -0.062196 0.040064 -0.235433
v -0.062170 0.077423 -0.182031
v -0.061944 0.116135 -0.220409
v -0.061887 0.103195 -0.201624
v -0.061410 0.015797 -0.198130
v -0.061388 0.056090 -0.180093
v -0.061239 0.104363 -0.192416
v -0.061212 0.015324 -0.203383
v -0.060647 0.103012 -0.219463
v -0.060552 0.041748 -0.184352
v -0.060152 0.090950 -0.201399
v -0.060148 0.040078 -0.180411
v -0.059759 0.078926 -0.180959
v -0.059591 0.028664 -0.216872
v -0.059480 0.028813 -0.200539
v -0.058591 0.090771 -0.216299
v -0.057283 0.077359 -0.218371
v -0.057191 0.117436 -0.204145
v -0.057188 0.041594 -0.218248
v -0.056737 0.029812 -0.196326
v -0.056680 0.042845 -0.199722
v -0.056463 0.077544 -0.200833
v -0.056005 0.089495 -0.217902
v -0.055780 0.031748 -0.219424
v -0.055608 0.089884 -0.200428
v -0.055482 0.041521 -0.208219
v -0.055215 0.081080 -0.221702
v -0.055101 0.059381 -0.219136
v -0.054864 0.104767 -0.204354
v -0.054853 0.058704 -0.195843
v -0.053949 0.039057 -0.197454
v -0.053754 0.080315 -0.198236
v -0.053342 0.060234 -0.202478
v -0.053270 0.040350 -0.208574
v -0.104985 0.116757 -0.164912
v -0.105080 0.002922 -0.171950
v -0.106099 0.039837 -0.154937
v -0.106612 0.041451 -0.158027
v -0.107628 0.079308 -0.155532
v -0.107853 0.111492 -0.240172
v -0.107976 0.030070 -0.157637
v -0.108527 0.111241 -0.173491
v -0.108719 0.014485 -0.163108
v -0.109415 0.116825 -0.247863
v -0.109810 0.090479 -0.159331
v -0.111148 0.003685 -0.239943
v -0.111563 0.090826 -0.252948
v -0.111809 0.102619 -0.248973
v -0.112458 0.016903 -0.248259
v -0.112803 0.077360 -0.254226
v -0.113678 0.058655 -0.157138
v -0.114081 0.042027 -0.254199
v -0.114129 0.014408 -0.250384
v -0.115077 0.104737 -0.250079
v -0.115191 0.061115 -0.256045
v -0.116908 0.079432 -0.256041
v -0.117026 0.028641 -0.250995
v -0.117671 0.002526 -0.167708
v -0.118901 0.029253 -0.254058
v -0.119067 0.016129 -0.166732
v -0.119256 0.028572 -0.164344
v -0.120235 0.090901 -0.165515
v -0.120525 0.103680 -0.166007
v -0.120527 0.041889 -0.162547
v -0.121067 0.008042 -0.235684
v -0.121156 0.077368 -0.161185
v -0.121204 0.039713 -0.255751
v -0.121271 0.115933 -0.236964
v -0.121456 0.028984 -0.161654
v -0.121486 0.057524 -0.159858
v -0.121808 0.007038 -0.178111
v -0.124423 0.003006 -0.243457
v -0.125179 0.111325 -0.232631
v -0.125473 0.117260 -0.171130
v -0.127330 0.115769 -0.180356
v -0.128360 0.040482 -0.161567
v -0.129075 0.014412 -0.169791
v -0.129360 0.089949 -0.248000
v -0.129434 0.102497 -0.241862
v -0.129499 0.116749 -0.240317
v -0.129877 0.016903 -0.240882
v -0.130401 0.090630 -0.244258
v -0.131690 0.111695 -0.187150
v -0.132225 0.058044 -0.248328
v -0.132459 0.079899 -0.162856
v -0.132703 0.007977 -0.223119
v -0.133092 0.077521 -0.246192
v -0.133264 0.058173 -0.164985
v -0.133295 0.028645 -0.242614
v -0.134071 0.003064 -0.189383
v -0.134531 0.090088 -0.167899
v -0.134719 0.104172 -0.175124
v -0.134782 0.091065 -0.173556
v -0.134798 0.030232 -0.167952
v -0.134862 0.028641 -0.173411
v -0.134998 0.002434 -0.178903
v -0.135025 0.007824 -0.195589
v -0.135446 0.079232 -0.246932
v -0.135530 0.116818 -0.219037
v -0.135770 0.014416 -0.238578
v -0.135793 0.003285 -0.222569
v -0.135850 0.111607 -0.217893
v -0.136045 0.057616 -0.246035
v -0.136678 0.016701 -0.179246
v -0.136827 0.110680 -0.201634
v -0.136987 0.104927 -0.237746
v -0.137079 0.041090 -0.244433
v -0.137399 0.007061 -0.209241
v -0.137701 0.040913 -0.169368
v -0.137891 0.116188 -0.203138
v -0.137941 0.041758 -0.172740
v -0.138036 0.029396 -0.242602
v -0.138067 0.002747 -0.230513
v -0.138635 0.117039 -0.183778
v -0.139387 0.077353 -0.173201
v -0.141103 0.062011 -0.172385
v -0.141401 0.102570 -0.228928
v -0.141660 0.016632 -0.228812
v -0.142576 0.117424 -0.222791
v -0.143899 0.016640 -0.192101
v -0.144289 0.089838 -0.233983
v -0.144426 0.090990 -0.229100
v -0.145090 0.103958 -0.191373
v -0.145341 0.028496 -0.227315
v -0.145845 0.090956 -0.188245
v -0.146089 0.115582 -0.200653
v -0.146276 0.013848 -0.191633
v -0.146459 0.002297 -0.203561
v -0.146738 0.105168 -0.220627
v -0.146860 0.103035 -0.213723
v -0.146974 0.028820 -0.190956
v -0.147031 0.016411 -0.208895
v -0.147188 0.077271 -0.230212
v -0.147527 0.014176 -0.219721
v -0.147726 0.041539 -0.229655
v -0.147764 0.058656 -0.231759
v -0.148206 0.103813 -0.206932
v -0.148466 0.090391 -0.185761
v -0.148599 0.030428 -0.185059
v -0.149202 0.079192 -0.180173
v -0.149435 0.077334 -0.189017
v -0.149740 0.090752 -0.208975
v -0.150171 0.044287 -0.188863
v -0.150262 0.028801 -0.212320
v -0.150426 0.041617 -0.192684
v -0.151563 0.029532 -0.224017
v -0.151708 0.089983 -0.221394
v -0.152074 0.041634 -0.211221
v -0.152608 0.040808 -0.187487
v -0.152864 0.077359 -0.209722
v -0.152883 0.061078 -0.220924
v -0.153421 0.089175 -0.203011
v -0.153841 0.079912 -0.223178
v -0.153905 0.058068 -0.199799
v -0.153913 0.054559 -0.211195
v -0.154397 0.040524 -0.224929
v -0.154863 0.030506 -0.204618
v -0.155412 0.079449 -0.205753
v -0.155942 0.040465 -0.216150
vt 0.278530 0.593428
vt 0.276065 0.598489
vt 0.271977 0.578442
vt 0.282423 0.607247
vt 0.278270 0.613929
vt 0.265944 0.606274
vt 0.289299 0.627813
vt 0.264127 0.592585
vt 0.258418 0.586227
vt 0.259781 0.575652
vt 0.254331 0.563326
vt 0.292413 0.626840
vt 0.295463 0.641177
vt 0.300134 0.643189
vt 0.260365 0.548534
vt 0.256991 0.545355
vt 0.318494 0.635144
vt 0.340487 0.633262
vt 0.332312 0.623596
vt 0.349375 0.634949
vt 0.314731 0.622558
vt 0.305194 0.614643
vt 0.316872 0.600759
vt 0.297928 0.603225
vt 0.345288 0.628981
vt 0.310319 0.590249
vt 0.356641 0.625672
vt 0.371173 0.635209
vt 0.334778 0.620417
vt 0.374288 0.628786
vt 0.312850 0.578636
vt 0.361507 0.624569
vt 0.348402 0.618016
vt 0.330561 0.606793
vt 0.329588 0.595634
vt 0.333675 0.599332
vt 0.347104 0.598164
vt 0.371238 0.616849
vt 0.377466 0.617497
vt 0.390961 0.619963
vt 0.397448 0.610750
vt 0.358782 0.611010
vt 0.379672 0.606014
vt 0.359236 0.607247
vt 0.404909 0.600111
vt 0.358912 0.592001
vt 0.376299 0.597256
vt 0.340098 0.583892
vt 0.358393 0.575977
vt 0.392453 0.592455
vt 0.367086 0.580258
vt 0.383759 0.590314
vt 0.364621 0.558200
vt 0.371303 0.539516
vt 0.402898 0.585124
vt 0.364686 0.539970
vt 0.377921 0.531601
vt 0.410359 0.554502
vt 0.385446 0.528552
vt 0.406531 0.553464
vt 0.382721 0.520507
vt 0.395243 0.533742
vt 0.402119 0.532899
vt 0.412694 0.542500
vt 0.392712 0.509284
vt 0.375974 0.510322
vt 0.369681 0.495465
vt 0.362740 0.522908
vt 0.357874 0.505780
vt 0.356901 0.497736
vt 0.371628 0.492545
vt 0.360534 0.483787
vt 0.356187 0.543084
vt 0.345612 0.525632
vt 0.350089 0.512008
vt 0.346975 0.492805
vt 0.354435 0.483398
vt 0.339125 0.504288
vt 0.340487 0.494232
vt 0.340033 0.475353
vt 0.330496 0.489886
vt 0.330301 0.482879
vt 0.325630 0.496438
vt 0.330885 0.508700
vt 0.330496 0.522454
vt 0.314731 0.521610
vt 0.341914 0.524854
vt 0.325046 0.525892
vt 0.321348 0.546847
vt 0.339125 0.539451
vt 0.325955 0.544447
vt 0.341330 0.550610
vt 0.337957 0.560536
vt 0.323295 0.562223
vt 0.351775 0.563196
vt 0.341136 0.571760
vt 0.353073 0.580972
vt 0.326344 0.562872
vt 0.328160 0.578896
vt 0.322841 0.575522
vt 0.311812 0.557227
vt 0.309281 0.577274
vt 0.310579 0.545160
vt 0.307984 0.562872
vt 0.293841 0.582334
vt 0.293257 0.563520
vt 0.292413 0.571695
vt 0.276194 0.582205
vt 0.274443 0.564429
vt 0.270550 0.553529
vt 0.293581 0.550934
vt 0.309281 0.542046
vt 0.275935 0.541916
vt 0.290856 0.540035
vt 0.310319 0.522194
vt 0.278854 0.522389
vt 0.273794 0.530758
vt 0.313498 0.517199
vt 0.299290 0.510711
vt 0.319402 0.499552
vt 0.305583 0.499422
vt 0.301950 0.490080
vt 0.308308 0.480543
vt 0.289818 0.480089
vt 0.283396 0.501239
vt 0.281255 0.488783
vt 0.279503 0.504937
vt 0.271134 0.491183
vt 0.267501 0.479440
vt 0.265879 0.484371
vt 0.269642 0.507921
vt 0.266722 0.501953
vt 0.263803 0.525827
vt 0.260689 0.525113
vt 0.247389 0.540814
vt 0.254915 0.498968
vt 0.255369 0.483787
vt 0.254072 0.505651
vt 0.251022 0.521999
vt 0.238501 0.529979
vt 0.244470 0.511749
vt 0.241615 0.491248
vt 0.252579 0.492870
vt 0.252579 0.475353
vt 0.087716 0.436196
vt 0.100172 0.435547
vt 0.102638 0.453323
vt 0.112564 0.447809
vt 0.113083 0.470061
vt 0.121517 0.464482
vt 0.094268 0.459227
vt 0.109060 0.472072
vt 0.112369 0.493352
vt 0.077984 0.441645
vt 0.067864 0.425556
vt 0.099329 0.474992
vt 0.086029 0.454231
vt 0.094009 0.466752
vt 0.078958 0.463249
vt 0.060143 0.433925
vt 0.037372 0.434639
vt 0.042821 0.426529
vt 0.016482 0.432433
vt 0.013497 0.445797
vt 0.051580 0.441256
vt 0.026797 0.448911
vt 0.001755 0.466688
vt 0.066307 0.449106
vt 0.051580 0.448133
vt 0.019855 0.459097
vt 0.012330 0.490173
vt 0.018558 0.515734
vt 0.039837 0.456826
vt 0.020569 0.471294
vt 0.058197 0.460589
vt 0.073832 0.469218
vt 0.070394 0.472526
vt 0.017714 0.488227
vt 0.023553 0.505289
vt 0.021866 0.509636
vt 0.047947 0.524557
vt 0.040032 0.530137
vt 0.077920 0.480571
vt 0.085510 0.475705
vt 0.087327 0.480766
vt 0.096085 0.482582
vt 0.088819 0.496466
vt 0.102508 0.496141
vt 0.101080 0.500034
vt 0.080255 0.500813
vt 0.074676 0.484983
vt 0.063777 0.500229
vt 0.074611 0.506068
vt 0.088040 0.512944
vt 0.043340 0.516188
vt 0.057808 0.519886
vt 0.075325 0.521313
vt 0.078244 0.529488
vt 0.099329 0.517745
vt 0.102119 0.514826
vt 0.113991 0.525985
vt 0.104908 0.530137
vt 0.112239 0.512815
vt 0.116456 0.518589
vt 0.115548 0.493417
vt 0.128329 0.509765
vt 0.136827 0.527736
vt 0.123009 0.491600
vt 0.132156 0.506976
vt 0.152852 0.516448
vt 0.126317 0.486929
vt 0.125409 0.466233
vt 0.149673 0.500813
vt 0.144677 0.483426
vt 0.141304 0.467790
vt 0.157263 0.461887
vt 0.163427 0.502045
vt 0.169914 0.518783
vt 0.173353 0.516513
vt 0.159275 0.469607
vt 0.161675 0.468764
vt 0.161545 0.479338
vt 0.165697 0.496790
vt 0.171990 0.477717
vt 0.182176 0.511452
vt 0.185874 0.525401
vt 0.175753 0.495817
vt 0.178673 0.495558
vt 0.176921 0.477133
vt 0.189183 0.477522
vt 0.188729 0.495039
vt 0.194438 0.507430
vt 0.195865 0.514826
vt 0.199239 0.508922
vt 0.201639 0.489329
vt 0.201639 0.475705
vt 0.195022 0.501591
vt 0.207283 0.479144
vt 0.214030 0.501267
vt 0.205272 0.500423
vt 0.212473 0.513528
vt 0.333616 0.881474
vt 0.342504 0.884653
vt 0.329723 0.895682
vt 0.330307 0.883485
vt 0.339779 0.896655
vt 0.344710 0.890946
vt 0.327063 0.896655
vt 0.317721 0.890686
vt 0.325960 0.873624
vt 0.328361 0.910149
vt 0.337119 0.909371
vt 0.339520 0.907684
vt 0.352690 0.898082
vt 0.357815 0.885042
vt 0.349251 0.912095
vt 0.356907 0.902624
vt 0.357815 0.927212
vt 0.350808 0.926887
vt 0.341206 0.923319
vt 0.346916 0.937527
vt 0.339195 0.924876
vt 0.330113 0.919946
vt 0.328750 0.929093
vt 0.326674 0.923189
vt 0.326155 0.939538
vt 0.317916 0.926044
vt 0.319408 0.905478
vt 0.317137 0.907943
vt 0.305849 0.922476
vt 0.315969 0.891400
vt 0.314802 0.880176
vt 0.307795 0.878944
vt 0.305135 0.886469
vt 0.094885 0.911878
vt 0.090668 0.924984
vt 0.088851 0.909932
vt 0.102540 0.915576
vt 0.099556 0.898384
vt 0.113439 0.930693
vt 0.121030 0.921805
vt 0.123690 0.905715
vt 0.144840 0.918561
vt 0.107406 0.895465
vt 0.095793 0.893583
vt 0.108833 0.886317
vt 0.128815 0.901304
vt 0.147175 0.903639
vt 0.153663 0.930757
vt 0.151198 0.915641
vt 0.129723 0.890275
vt 0.149121 0.894946
vt 0.109352 0.881062
vt 0.101891 0.872953
vt 0.131799 0.887225
vt 0.146591 0.890664
vt 0.145294 0.880932
vt 0.129659 0.876845
vt 0.112272 0.870098
vt 0.131605 0.874769
vt 0.149446 0.877624
vt 0.123041 0.863351
vt 0.142958 0.866465
vt 0.142474 0.109759
vt 0.142474 0.094787
vt 0.153755 0.095808
vt 0.155858 0.108654
vt 0.046099 0.002684
vt 0.046099 0.021952
vt 0.044412 0.008912
vt 0.237080 0.040812
vt 0.237080 0.052684
vt 0.226051 0.040423
vt 0.226505 0.052101
s 1
usemtl Material
f 3731/5167 3743/5168 3840/5169
f 3743/5168 3731/5167 3760/5170
f 3743/5168 3760/5170 3776/5171
f 3743/5168 3776/5171 3755/5172
f 3776/5171 3760/5170 3814/5173
f 3743/5168 3755/5172 3729/5174
f 3743/5168 3729/5174 3840/5169
f 3729/5174 3755/5172 3719/5175
f 3729/5174 3719/5175 3846/5176
f 3729/5174 3846/5176 3840/5169
f 3846/5176 3719/5175 3863/5177
f 3814/5173 3760/5170 3803/5178
f 3814/5173 3803/5178 3833/5179
f 3833/5179 3803/5178 3823/5180
f 3846/5176 3863/5177 3892/5181
f 3892/5181 3863/5177 3894/5182
f 3823/5180 3803/5178 3831/5183
f 3823/5180 3831/5183 3822/5184
f 3822/5184 3831/5183 3811/5185
f 3822/5184 3811/5185 3835/5186
f 3831/5183 3803/5178 3807/5187
f 3831/5183 3807/5187 3811/5185
f 3807/5187 3803/5178 3784/5188
f 3784/5188 3803/5178 3760/5170
f 3811/5185 3807/5187 3756/5189
f 3756/5189 3807/5187 3784/5188
f 3784/5188 3760/5170 3757/5190
f 3784/5188 3757/5190 3756/5189
f 3757/5190 3760/5170 3731/5167
f 3832/5191 3835/5186 3811/5185
f 3757/5190 3731/5167 3730/5192
f 3757/5190 3730/5192 3756/5189
f 3835/5186 3832/5191 3821/5193
f 3835/5186 3821/5193 3825/5194
f 3832/5191 3811/5185 3813/5195
f 3832/5191 3813/5195 3821/5193
f 3813/5195 3811/5185 3756/5189
f 3825/5194 3821/5193 3815/5196
f 3756/5189 3730/5192 3838/5197
f 3815/5196 3821/5193 3816/5198
f 3821/5193 3813/5195 3800/5199
f 3821/5193 3800/5199 3816/5198
f 3813/5195 3756/5189 3772/5200
f 3813/5195 3772/5200 3800/5199
f 3772/5200 3756/5189 3748/5201
f 3748/5201 3756/5189 3838/5197
f 3800/5199 3772/5200 3752/5202
f 3752/5202 3772/5200 3748/5201
f 3800/5199 3752/5202 3754/5203
f 3754/5203 3752/5202 3748/5201
f 3806/5204 3816/5198 3800/5199
f 3809/5205 3815/5196 3816/5198
f 3809/5205 3816/5198 3806/5204
f 3815/5196 3809/5205 3801/5206
f 3801/5206 3809/5205 3799/5207
f 3806/5204 3800/5199 3787/5208
f 3787/5208 3800/5199 3754/5203
f 3799/5207 3809/5205 3791/5209
f 3791/5209 3809/5205 3806/5204
f 3806/5204 3787/5208 3782/5210
f 3782/5210 3787/5208 3754/5203
f 3806/5204 3782/5210 3791/5209
f 3799/5207 3791/5209 3778/5211
f 3782/5210 3754/5203 3747/5212
f 3782/5210 3747/5212 3791/5209
f 3778/5211 3791/5209 3762/5213
f 3762/5213 3791/5209 3747/5212
f 3747/5212 3754/5203 3722/5214
f 3722/5214 3754/5203 3748/5201
f 3762/5213 3747/5212 3837/5215
f 3778/5211 3762/5213 3774/5216
f 3762/5213 3837/5215 3724/5217
f 3762/5213 3724/5217 3764/5218
f 3762/5213 3764/5218 3774/5216
f 3764/5218 3724/5217 3872/5219
f 3872/5219 3724/5217 3837/5215
f 3774/5216 3764/5218 3898/5220
f 3898/5220 3764/5218 3872/5219
f 3778/5211 3774/5216 3769/5221
f 3898/5220 3872/5219 3891/5222
f 3891/5222 3872/5219 3837/5215
f 3774/5216 3898/5220 3909/5223
f 3774/5216 3909/5223 3769/5221
f 3909/5223 3898/5220 3891/5222
f 3778/5211 3769/5221 3744/5224
f 3769/5221 3909/5223 3887/5225
f 3744/5224 3769/5221 3736/5226
f 3887/5225 3909/5223 3902/5227
f 3902/5227 3909/5223 3891/5222
f 3769/5221 3887/5225 3866/5228
f 3769/5221 3866/5228 3736/5226
f 3866/5228 3887/5225 3902/5227
f 3744/5224 3736/5226 3847/5229
f 3847/5229 3736/5226 3866/5228
f 3847/5229 3866/5228 3902/5227
f 3744/5224 3847/5229 3718/5230
f 3718/5230 3847/5229 3873/5231
f 3873/5231 3847/5229 3902/5227
f 3873/5231 3902/5227 3914/5232
f 3873/5231 3914/5232 3901/5233
f 3914/5232 3902/5227 3929/5234
f 3929/5234 3902/5227 3891/5222
f 3901/5233 3914/5232 3935/5235
f 3935/5235 3914/5232 3929/5234
f 3901/5233 3935/5235 3919/5236
f 3901/5233 3919/5236 3882/5237
f 3882/5237 3919/5236 3890/5238
f 3929/5234 3891/5222 3897/5239
f 3897/5239 3891/5222 3837/5215
f 3935/5235 3929/5234 3928/5240
f 3928/5240 3929/5234 3897/5239
f 3919/5236 3935/5235 3933/5241
f 3933/5241 3935/5235 3928/5240
f 3890/5238 3919/5236 3925/5242
f 3890/5238 3925/5242 3913/5243
f 3919/5236 3933/5241 3945/5244
f 3919/5236 3945/5244 3925/5242
f 3913/5243 3925/5242 3947/5245
f 3947/5245 3925/5242 3945/5244
f 3913/5243 3947/5245 3908/5246
f 3908/5246 3947/5245 3957/5247
f 3908/5246 3957/5247 3936/5248
f 3957/5247 3947/5245 3960/5249
f 3957/5247 3960/5249 3936/5248
f 3947/5245 3945/5244 3958/5250
f 3947/5245 3958/5250 3960/5249
f 3958/5250 3945/5244 3932/5251
f 3932/5251 3945/5244 3933/5241
f 3960/5249 3958/5250 3950/5252
f 3932/5251 3933/5241 3921/5253
f 3921/5253 3933/5241 3928/5240
f 3958/5250 3932/5251 3940/5254
f 3958/5250 3940/5254 3950/5252
f 3940/5254 3932/5251 3895/5255
f 3940/5254 3895/5255 3950/5252
f 3932/5251 3921/5253 3905/5256
f 3905/5256 3921/5253 3928/5240
f 3932/5251 3905/5256 3896/5257
f 3932/5251 3896/5257 3895/5255
f 3905/5256 3928/5240 3878/5258
f 3878/5258 3928/5240 3897/5239
f 3896/5257 3905/5256 3861/5259
f 3861/5259 3905/5256 3878/5258
f 3895/5255 3896/5257 3870/5260
f 3878/5258 3897/5239 3859/5261
f 3859/5261 3897/5239 3837/5215
f 3878/5258 3859/5261 3844/5262
f 3878/5258 3844/5262 3861/5259
f 3859/5261 3837/5215 3720/5263
f 3859/5261 3720/5263 3844/5262
f 3720/5263 3837/5215 3747/5212
f 3720/5263 3747/5212 3722/5214
f 3720/5263 3722/5214 3844/5262
f 3844/5262 3722/5214 3861/5259
f 3862/5264 3896/5257 3861/5259
f 3896/5257 3862/5264 3870/5260
f 3861/5259 3722/5214 3715/5265
f 3861/5259 3715/5265 3862/5264
f 3862/5264 3715/5265 3870/5260
f 3715/5265 3722/5214 3748/5201
f 3715/5265 3748/5201 3842/5266
f 3715/5265 3842/5266 3870/5260
f 3842/5266 3748/5201 3838/5197
f 3842/5266 3838/5197 3870/5260
f 3870/5260 3838/5197 3877/5267
f 3870/5260 3877/5267 3895/5255
f 3877/5267 3838/5197 3839/5268
f 3895/5255 3877/5267 3910/5269
f 3839/5268 3838/5197 3730/5192
f 3877/5267 3839/5268 3865/5270
f 3877/5267 3865/5270 3910/5269
f 3839/5268 3730/5192 3717/5271
f 3717/5271 3730/5192 3731/5167
f 3865/5270 3839/5268 3871/5272
f 3865/5270 3871/5272 3910/5269
f 3839/5268 3717/5271 3852/5273
f 3839/5268 3852/5273 3871/5272
f 3717/5271 3731/5167 3714/5274
f 3717/5271 3714/5274 3852/5273
f 3714/5274 3731/5167 3840/5169
f 3852/5273 3714/5274 3867/5275
f 3867/5275 3714/5274 3840/5169
f 3852/5273 3867/5275 3871/5272
f 3895/5255 3910/5269 3950/5252
f 3867/5275 3840/5169 3886/5276
f 3886/5276 3840/5169 3846/5176
f 3871/5272 3867/5275 3889/5277
f 3871/5272 3889/5277 3910/5269
f 3886/5276 3846/5176 3892/5181
f 3910/5269 3889/5277 3912/5278
f 3910/5269 3912/5278 3950/5252
f 3889/5277 3867/5275 3916/5279
f 3916/5279 3867/5275 3886/5276
f 3912/5278 3889/5277 3917/5280
f 3917/5280 3889/5277 3916/5279
f 3950/5252 3912/5278 3944/5281
f 3944/5281 3912/5278 3917/5280
f 3917/5280 3916/5279 3942/5282
f 3917/5280 3942/5282 3944/5281
f 3916/5279 3886/5276 3941/5283
f 3941/5283 3886/5276 3892/5181
f 3916/5279 3941/5283 3942/5282
f 3950/5252 3944/5281 3946/5284
f 3946/5284 3944/5281 3955/5285
f 3955/5285 3944/5281 3942/5282
f 3950/5252 3946/5284 3949/5286
f 3950/5252 3949/5286 3960/5249
f 3960/5249 3949/5286 3936/5248
f 3949/5286 3946/5284 3956/5287
f 3956/5287 3946/5284 3955/5285
f 3936/5248 3949/5286 3952/5288
f 3952/5288 3949/5286 3956/5287
f 3936/5248 3952/5288 3937/5289
f 3937/5289 3952/5288 3934/5290
f 3952/5288 3956/5287 3951/5291
f 3952/5288 3951/5291 3934/5290
f 3951/5291 3956/5287 3955/5285
f 3951/5291 3955/5285 3942/5282
f 3934/5290 3951/5291 3954/5292
f 3951/5291 3942/5282 3959/5293
f 3951/5291 3959/5293 3954/5292
f 3959/5293 3942/5282 3941/5283
f 3954/5292 3959/5293 3948/5294
f 3954/5292 3948/5294 3922/5295
f 3922/5295 3948/5294 3923/5296
f 3948/5294 3959/5293 3953/5297
f 3953/5297 3959/5293 3941/5283
f 3923/5296 3948/5294 3943/5298
f 3943/5298 3948/5294 3953/5297
f 3953/5297 3941/5283 3939/5299
f 3953/5297 3939/5299 3943/5298
f 3939/5299 3941/5283 3892/5181
f 3939/5299 3892/5181 3926/5300
f 3939/5299 3926/5300 3943/5298
f 3926/5300 3892/5181 3894/5182
f 3926/5300 3894/5182 3893/5301
f 3931/5302 3923/5296 3943/5298
f 3923/5296 3931/5302 3918/5303
f 3943/5298 3926/5300 3938/5304
f 3943/5298 3938/5304 3931/5302
f 3926/5300 3893/5301 3924/5305
f 3926/5300 3924/5305 3938/5304
f 3924/5305 3893/5301 3915/5306
f 3924/5305 3915/5306 3927/5307
f 3924/5305 3927/5307 3938/5304
f 3927/5307 3915/5306 3920/5308
f 3931/5302 3938/5304 3930/5309
f 3930/5309 3938/5304 3927/5307
f 3931/5302 3930/5309 3918/5303
f 3930/5309 3927/5307 3920/5308
f 3918/5303 3930/5309 3907/5310
f 3907/5310 3930/5309 3920/5308
f 3755/5311 3776/5312 3795/5313
f 3795/5313 3776/5312 3814/5314
f 3795/5313 3814/5314 3826/5315
f 3826/5315 3814/5314 3833/5316
f 3755/5311 3795/5313 3792/5317
f 3795/5313 3826/5315 3812/5318
f 3795/5313 3812/5318 3792/5317
f 3812/5318 3826/5315 3817/5319
f 3755/5311 3792/5317 3750/5320
f 3755/5311 3750/5320 3719/5321
f 3792/5317 3812/5318 3805/5322
f 3805/5322 3812/5318 3817/5319
f 3750/5320 3792/5317 3780/5323
f 3780/5323 3792/5317 3808/5324
f 3808/5324 3792/5317 3805/5322
f 3780/5323 3808/5324 3786/5325
f 3780/5323 3786/5325 3750/5320
f 3716/5326 3719/5321 3750/5320
f 3719/5321 3716/5326 3864/5327
f 3719/5321 3864/5327 3863/5328
f 3863/5328 3864/5327 3894/5329
f 3894/5329 3864/5327 3893/5330
f 3864/5327 3716/5326 3836/5331
f 3836/5331 3716/5326 3750/5320
f 3893/5330 3864/5327 3875/5332
f 3875/5332 3864/5327 3836/5331
f 3893/5330 3875/5332 3915/5333
f 3836/5331 3750/5320 3746/5334
f 3746/5334 3750/5320 3786/5325
f 3836/5331 3746/5334 3723/5335
f 3836/5331 3723/5335 3875/5332
f 3723/5335 3746/5334 3786/5325
f 3915/5333 3875/5332 3876/5336
f 3876/5336 3875/5332 3723/5335
f 3915/5333 3876/5336 3911/5337
f 3915/5333 3911/5337 3920/5338
f 3876/5336 3723/5335 3843/5339
f 3876/5336 3843/5339 3884/5340
f 3876/5336 3884/5340 3911/5337
f 3843/5339 3723/5335 3742/5341
f 3843/5339 3742/5341 3884/5340
f 3742/5341 3723/5335 3767/5342
f 3767/5342 3723/5335 3786/5325
f 3884/5340 3742/5341 3766/5343
f 3766/5343 3742/5341 3767/5342
f 3911/5337 3884/5340 3906/5344
f 3906/5344 3884/5340 3766/5343
f 3911/5337 3906/5344 3903/5345
f 3903/5345 3906/5344 3766/5343
f 3900/5346 3920/5338 3911/5337
f 3900/5346 3911/5337 3903/5345
f 3920/5338 3900/5346 3869/5347
f 3869/5347 3900/5346 3903/5345
f 3920/5338 3869/5347 3881/5348
f 3777/5349 3766/5343 3767/5342
f 3797/5350 3767/5342 3786/5325
f 3767/5342 3797/5350 3777/5349
f 3797/5350 3786/5325 3808/5324
f 3797/5350 3808/5324 3805/5322
f 3797/5350 3805/5322 3819/5351
f 3797/5350 3819/5351 3777/5349
f 3819/5351 3805/5322 3830/5352
f 3777/5349 3819/5351 3804/5353
f 3804/5353 3819/5351 3830/5352
f 3830/5352 3805/5322 3810/5354
f 3830/5352 3810/5354 3804/5353
f 3810/5354 3805/5322 3817/5319
f 3804/5353 3810/5354 3798/5355
f 3798/5355 3810/5354 3817/5319
f 3777/5349 3804/5353 3768/5356
f 3771/5357 3766/5343 3777/5349
f 3771/5357 3777/5349 3768/5356
f 3766/5343 3771/5357 3738/5358
f 3766/5343 3738/5358 3903/5345
f 3771/5357 3768/5356 3765/5359
f 3771/5357 3765/5359 3738/5358
f 3768/5356 3804/5353 3770/5360
f 3770/5360 3804/5353 3798/5355
f 3903/5345 3738/5358 3874/5361
f 3874/5361 3738/5358 3765/5359
f 3903/5345 3874/5361 3869/5347
f 3869/5347 3874/5361 3841/5362
f 3841/5362 3874/5361 3765/5359
f 3869/5347 3841/5362 3739/5363
f 3739/5363 3841/5362 3765/5359
f 3739/5363 3765/5359 3768/5356
f 3739/5363 3768/5356 3770/5360
f 3739/5363 3770/5360 3737/5364
f 3737/5364 3770/5360 3775/5365
f 3775/5365 3770/5360 3798/5355
f 3775/5365 3798/5355 3773/5366
f 3775/5365 3773/5366 3751/5367
f 3775/5365 3751/5367 3732/5368
f 3773/5366 3798/5355 3785/5369
f 3773/5366 3785/5369 3751/5367
f 3785/5369 3798/5355 3817/5319
f 3751/5367 3785/5369 3779/5370
f 3785/5369 3817/5319 3824/5371
f 3785/5369 3824/5371 3779/5370
f 3824/5371 3817/5319 3826/5315
f 3779/5370 3824/5371 3793/5372
f 3779/5370 3793/5372 3740/5373
f 3824/5371 3826/5315 3828/5374
f 3824/5371 3828/5374 3793/5372
f 3828/5374 3826/5315 3833/5316
f 3740/5373 3793/5372 3790/5375
f 3790/5375 3793/5372 3828/5374
f 3740/5373 3790/5375 3761/5376
f 3828/5374 3833/5316 3818/5377
f 3828/5374 3818/5377 3790/5375
f 3818/5377 3833/5316 3823/5378
f 3761/5376 3790/5375 3796/5379
f 3790/5375 3818/5377 3829/5380
f 3790/5375 3829/5380 3796/5379
f 3818/5377 3823/5378 3834/5381
f 3818/5377 3834/5381 3829/5380
f 3834/5381 3823/5378 3822/5382
f 3761/5376 3796/5379 3789/5383
f 3789/5383 3796/5379 3829/5380
f 3761/5376 3789/5383 3745/5384
f 3745/5384 3789/5383 3759/5385
f 3834/5381 3822/5382 3827/5386
f 3834/5381 3827/5386 3829/5380
f 3827/5386 3822/5382 3835/5387
f 3829/5380 3827/5386 3820/5388
f 3829/5380 3820/5388 3789/5383
f 3820/5388 3827/5386 3835/5387
f 3789/5383 3820/5388 3802/5389
f 3802/5389 3820/5388 3835/5387
f 3789/5383 3802/5389 3759/5385
f 3802/5389 3835/5387 3825/5390
f 3759/5385 3802/5389 3763/5391
f 3759/5385 3763/5391 3726/5392
f 3802/5389 3825/5390 3794/5393
f 3802/5389 3794/5393 3763/5391
f 3794/5393 3825/5390 3788/5394
f 3794/5393 3788/5394 3763/5391
f 3788/5394 3825/5390 3815/5395
f 3788/5394 3815/5395 3801/5396
f 3763/5391 3788/5394 3781/5397
f 3781/5397 3788/5394 3801/5396
f 3763/5391 3781/5397 3741/5398
f 3763/5391 3741/5398 3734/5399
f 3734/5399 3741/5398 3735/5400
f 3781/5397 3801/5396 3783/5401
f 3783/5401 3801/5396 3799/5402
f 3741/5398 3781/5397 3758/5403
f 3741/5398 3758/5403 3735/5400
f 3758/5403 3781/5397 3783/5401
f 3783/5401 3799/5402 3778/5404
f 3783/5401 3778/5404 3744/5405
f 3758/5403 3783/5401 3753/5406
f 3758/5403 3753/5406 3735/5400
f 3753/5406 3783/5401 3744/5405
f 3735/5400 3753/5406 3718/5407
f 3718/5407 3753/5406 3744/5405
f 3923/5408 3918/5409 3883/5410
f 3923/5408 3883/5410 3922/5411
f 3883/5410 3918/5409 3880/5412
f 3880/5412 3918/5409 3907/5413
f 3922/5411 3883/5410 3879/5414
f 3922/5411 3879/5414 3899/5415
f 3922/5411 3899/5415 3954/5416
f 3879/5414 3883/5410 3848/5417
f 3883/5410 3880/5412 3849/5418
f 3883/5410 3849/5418 3848/5417
f 3880/5412 3907/5413 3855/5419
f 3880/5412 3855/5419 3849/5418
f 3855/5419 3907/5413 3881/5420
f 3881/5420 3907/5413 3920/5421
f 3855/5419 3881/5420 3845/5422
f 3845/5422 3881/5420 3869/5423
f 3845/5422 3869/5423 3739/5424
f 3845/5422 3739/5424 3737/5425
f 3855/5419 3845/5422 3728/5426
f 3728/5426 3845/5422 3737/5425
f 3855/5419 3728/5426 3849/5418
f 3728/5426 3737/5425 3775/5427
f 3728/5426 3775/5427 3732/5428
f 3728/5426 3732/5428 3849/5418
f 3849/5418 3732/5428 3721/5429
f 3849/5418 3721/5429 3848/5417
f 3721/5429 3732/5428 3751/5430
f 3721/5429 3751/5430 3733/5431
f 3721/5429 3733/5431 3848/5417
f 3733/5431 3751/5430 3779/5432
f 3733/5431 3779/5432 3740/5433
f 3733/5431 3740/5433 3848/5417
f 3848/5417 3740/5433 3857/5434
f 3848/5417 3857/5434 3879/5414
f 3879/5414 3857/5434 3899/5415
f 3857/5434 3740/5433 3851/5435
f 3851/5435 3740/5433 3725/5436
f 3857/5434 3851/5435 3888/5437
f 3857/5434 3888/5437 3899/5415
f 3899/5415 3888/5437 3934/5438
f 3934/5438 3888/5437 3937/5439
f 3937/5439 3888/5437 3904/5440
f 3749/5441 3740/5442 3761/5443
f 3740/5442 3749/5441 3725/5444
f 3749/5441 3761/5443 3745/5445
f 3749/5441 3745/5445 3725/5444
f 3851/5446 3725/5444 3856/5447
f 3856/5447 3725/5444 3853/5448
f 3853/5448 3725/5444 3745/5445
f 3856/5447 3853/5448 3885/5449
f 3853/5448 3745/5445 3727/5450
f 3727/5450 3745/5445 3759/5451
f 3727/5450 3759/5451 3726/5452
f 3853/5448 3727/5450 3868/5453
f 3885/5449 3853/5448 3908/5454
f 3908/5454 3853/5448 3868/5453
f 3885/5449 3908/5454 3888/5455
f 3888/5455 3908/5454 3904/5456
f 3908/5454 3868/5453 3860/5457
f 3860/5457 3868/5453 3727/5450
f 3860/5457 3727/5450 3726/5452
f 3908/5454 3860/5457 3913/5458
f 3860/5457 3726/5452 3734/5459
f 3734/5459 3726/5452 3763/5460
f 3913/5458 3860/5457 3858/5461
f 3858/5461 3860/5457 3734/5459
f 3913/5458 3858/5461 3890/5462
f 3890/5462 3858/5461 3882/5463
f 3858/5461 3734/5459 3850/5464
f 3858/5461 3850/5464 3882/5463
f 3850/5464 3734/5459 3735/5465
f 3882/5463 3850/5464 3854/5466
f 3854/5466 3850/5464 3735/5465
f 3882/5463 3854/5466 3901/5467
f 3854/5466 3735/5465 3718/5468
f 3901/5467 3854/5466 3873/5469
f 3873/5469 3854/5466 3718/5468
f 3888/5470 3851/5471 3856/5472
f 3888/5470 3856/5472 3885/5473
f 3954/5474 3899/5475 3934/5476
f 3937/5477 3904/5478 3936/5479
f 3936/5479 3904/5478 3908/5480
o tripo_part_6
v 0.054080 0.049465 0.280380
v 0.054559 0.134005 0.294386
v 0.055457 0.108351 0.345192
v 0.057366 0.040285 0.327951
v 0.058907 0.108545 0.261089
v 0.059433 0.110525 0.348114
v 0.061998 0.129107 0.258819
v 0.063174 0.087227 0.327592
v 0.065400 0.097502 0.333200
v 0.065642 0.049896 0.336525
v 0.066436 0.039394 0.337021
v 0.066994 0.051382 0.332567
v 0.067129 0.047070 0.339225
v 0.067347 0.112833 0.260086
v 0.067465 0.089289 0.337021
v 0.069142 0.131845 0.336380
v 0.069165 0.049177 0.328716
v 0.069218 0.002825 0.345680
v 0.069517 0.005182 0.340629
v 0.069893 0.099699 0.335724
v 0.071089 0.129457 0.342609
v 0.071491 0.097147 0.284330
v 0.072230 0.134874 0.283519
v 0.072272 0.097090 0.279434
v 0.072283 0.108149 0.336918
v 0.072315 0.036928 0.347591
v 0.072430 0.062270 0.342529
v 0.073021 0.005312 0.351379
v 0.073195 0.038321 0.331609
v 0.073952 0.041206 0.329069
v 0.074764 0.071188 0.277374
v 0.074854 0.075244 0.323188
v 0.075054 0.097084 0.319095
v 0.075239 0.132368 0.309194
v 0.076245 0.050062 0.326879
v 0.076576 0.002810 0.351902
v 0.076874 0.038328 0.327861
v 0.077515 0.083998 0.322185
v 0.077589 0.049900 0.280948
v 0.077675 0.129492 0.265304
v 0.078049 0.051411 0.278076
v 0.078070 0.049946 0.273811
v 0.078652 0.097118 0.291911
v 0.079024 0.121683 0.341076
v 0.079056 0.098831 0.275974
v 0.079096 0.038130 0.275222
v 0.079434 0.097837 0.329239
v 0.079781 0.039717 0.272285
v 0.079857 0.048229 0.283228
v 0.080036 0.108019 0.276300
v 0.080273 0.047092 0.271446
v 0.080410 0.104158 0.274612
v 0.080794 0.002680 0.334411
v 0.081074 0.099916 0.335918
v 0.081255 0.049973 0.327634
v 0.081528 0.039793 0.281784
v 0.081578 0.037966 0.328310
v 0.082384 0.108118 0.330928
v 0.082554 0.109560 0.269073
v 0.082564 0.102129 0.327716
v 0.082920 0.109762 0.336364
v 0.082949 0.050138 0.285375
v 0.083985 0.054759 0.336959
v 0.084007 0.039930 0.331470
v 0.084080 0.059890 0.332945
v 0.084481 0.104998 0.331270
v 0.084561 0.051805 0.268684
v 0.084770 0.048223 0.333110
v 0.084976 0.004992 0.272371
v 0.085419 0.002344 0.267887
v 0.085453 0.005060 0.334491
v 0.085739 0.074340 0.290154
v 0.085804 0.131044 0.330604
v 0.085942 0.097912 0.290148
v 0.086224 0.097733 0.281437
v 0.086498 0.059107 0.270374
v 0.087197 0.102213 0.285541
v 0.087300 0.031927 0.337497
v 0.087692 0.049957 0.287496
v 0.087960 0.100544 0.277658
v 0.088078 0.108217 0.277792
v 0.088349 0.004679 0.345081
v 0.088669 0.096510 0.284862
v 0.089150 0.039246 0.286905
v 0.089512 0.126970 0.274728
v 0.089649 0.003191 0.342399
v 0.090061 0.005152 0.263431
v 0.091061 0.047937 0.286499
v 0.092091 0.131083 0.287752
v 0.092091 0.039057 0.285867
v 0.092175 0.078116 0.284368
v 0.092346 0.109991 0.324918
v 0.093754 0.005289 0.281898
v 0.094650 0.130926 0.313335
v 0.094719 0.005404 0.263225
v 0.095104 0.001978 0.266449
v 0.095658 0.111429 0.284984
v 0.095707 0.125631 0.319864
v 0.096314 0.048468 0.282156
v 0.096325 0.108377 0.304659
v 0.097622 0.003122 0.281721
v 0.097931 0.042219 0.277992
v 0.098480 0.111250 0.309666
v 0.099129 0.126852 0.293338
v 0.103409 0.004877 0.277065
v 0.103867 0.005297 0.273647
v 0.052347 0.128920 0.348354
v 0.048145 0.097195 0.276062
v 0.047578 0.109407 0.258838
v 0.045266 0.131052 0.262161
v 0.041623 0.133791 0.280731
v 0.040943 0.125814 0.347503
v 0.039948 0.096497 0.282619
v 0.039528 0.097027 0.275896
v 0.039501 0.128012 0.259727
v 0.037637 0.131128 0.310999
v 0.036980 0.050018 0.271503
v 0.036829 0.097088 0.324600
v 0.036101 0.038919 0.268921
v 0.035784 0.050983 0.274978
v 0.035595 0.078523 0.269420
v 0.035568 0.107950 0.272916
v 0.035393 0.036432 0.271999
v 0.034876 0.110212 0.345039
v 0.034712 0.046646 0.267093
v 0.034327 0.098667 0.272075
v 0.034079 0.101063 0.272958
v 0.033032 0.104048 0.270271
v 0.032749 0.005533 0.263324
v 0.032404 0.038279 0.274469
v 0.031765 0.048124 0.278099
v 0.031710 0.097166 0.287443
v 0.031430 0.002817 0.266971
v 0.031422 0.112398 0.263542
v 0.031327 0.041162 0.277837
v 0.030623 0.029276 0.260322
v 0.030077 0.050449 0.330661
v 0.029963 0.051659 0.263504
v 0.029434 0.048672 0.334835
v 0.029042 0.038588 0.278417
v 0.028729 0.040848 0.335426
v 0.028502 0.038233 0.332538
v 0.028488 0.097015 0.317004
v 0.028126 0.076765 0.285055
v 0.028099 0.098734 0.332513
v 0.027992 0.107931 0.333067
v 0.027979 0.132010 0.334348
v 0.027247 0.050205 0.280338
v 0.027117 0.047714 0.324176
v 0.026736 0.101553 0.272236
v 0.026177 0.097172 0.286190
v 0.026161 0.040749 0.324951
v 0.026127 0.002993 0.255706
v 0.026032 0.104658 0.335636
v 0.025965 0.049665 0.325328
v 0.025719 0.076339 0.319334
v 0.024777 0.098288 0.276683
v 0.024311 0.108053 0.272592
v 0.024199 0.038664 0.326902
v 0.023831 0.131113 0.272649
v 0.023792 0.059598 0.338222
v 0.023318 0.038385 0.279546
v 0.023125 0.101345 0.275474
v 0.023045 0.004282 0.336574
v 0.022831 0.004679 0.340419
v 0.022398 0.107939 0.284450
v 0.022185 0.128035 0.338043
v 0.022045 0.097027 0.319366
v 0.021517 0.101284 0.333013
v 0.021368 0.051613 0.321909
v 0.021298 0.051275 0.280273
v 0.020615 0.040144 0.279882
v 0.020416 0.127653 0.271026
v 0.020291 0.077116 0.276563
v 0.020252 0.047997 0.278803
v 0.019905 0.097378 0.324798
v 0.019573 0.099154 0.314737
v 0.019238 0.003008 0.274233
v 0.019116 0.037878 0.323263
v 0.019039 0.108362 0.331749
v 0.018692 0.001970 0.341358
v 0.018612 0.110952 0.333643
v 0.018482 0.108061 0.324918
v 0.018326 0.099815 0.330230
v 0.017971 0.010748 0.344871
v 0.017960 0.054245 0.271911
v 0.016636 0.109964 0.276071
v 0.016602 0.104868 0.325502
v 0.016396 0.049309 0.322677
v 0.015877 0.039873 0.322521
v 0.015770 0.004526 0.273033
v 0.014195 0.066433 0.325252
v 0.013947 0.005358 0.326887
v 0.013249 0.005068 0.345310
v 0.012440 0.055931 0.329897
v 0.012249 0.110773 0.324333
v 0.012150 0.131357 0.292163
v 0.012146 0.005129 0.263301
v 0.012127 0.131865 0.309423
v 0.011433 0.003176 0.266079
v 0.010895 0.002321 0.329042
v 0.010109 0.006792 0.326534
v 0.009457 0.128710 0.319845
v 0.008473 0.108534 0.301577
v 0.008305 0.112986 0.292512
v 0.007900 0.033911 0.329523
v 0.007252 0.128450 0.293865
v 0.007118 0.110823 0.308236
v 0.005665 0.020536 0.333356
v 0.004025 0.002970 0.335109
v 0.003826 0.006205 0.332031
vt 0.442374 0.445555
vt 0.440558 0.442765
vt 0.448148 0.430374
vt 0.431540 0.469689
vt 0.415321 0.481237
vt 0.449965 0.445620
vt 0.411558 0.485973
vt 0.459242 0.437640
vt 0.459891 0.442895
vt 0.443412 0.476112
vt 0.446137 0.448539
vt 0.436600 0.479745
vt 0.432318 0.479550
vt 0.421938 0.482145
vt 0.417332 0.488827
vt 0.440104 0.481432
vt 0.442634 0.480977
vt 0.446656 0.524639
vt 0.453728 0.530478
vt 0.434330 0.528726
vt 0.459891 0.531322
vt 0.447954 0.479161
vt 0.428815 0.528726
vt 0.410974 0.487725
vt 0.423884 0.531905
vt 0.420705 0.540015
vt 0.419797 0.537939
vt 0.419927 0.534890
vt 0.401048 0.489736
vt 0.396571 0.488503
vt 0.391381 0.489217
vt 0.238643 0.832641
vt 0.253305 0.832900
vt 0.246233 0.860278
vt 0.237410 0.836079
vt 0.232479 0.835950
vt 0.233323 0.866441
vt 0.227808 0.838804
vt 0.227808 0.864560
vt 0.236113 0.871307
vt 0.256224 0.877600
vt 0.272249 0.868582
vt 0.252591 0.897323
vt 0.233063 0.875524
vt 0.259728 0.907508
vt 0.275363 0.904459
vt 0.255575 0.908806
vt 0.244741 0.905757
vt 0.277504 0.870658
vt 0.283148 0.894338
vt 0.281137 0.905886
vt 0.287495 0.869620
vt 0.287624 0.890121
vt 0.291841 0.870269
vt 0.295734 0.905173
vt 0.299302 0.874291
vt 0.302935 0.874227
vt 0.001537 0.413754
vt 0.001787 0.411677
vt 0.017505 0.410042
vt 0.044117 0.400851
vt 0.042823 0.411467
vt 0.045879 0.404191
vt 0.005857 0.419818
vt 0.089661 0.398808
vt 0.040459 0.420211
vt 0.008351 0.428061
vt 0.040657 0.416677
vt 0.045085 0.413822
vt 0.047031 0.394410
vt 0.087426 0.394681
vt 0.047000 0.390832
vt 0.087246 0.390251
vt 0.094028 0.397810
vt 0.086973 0.408956
vt 0.086823 0.413104
vt 0.092143 0.401352
vt 0.114702 0.416758
vt 0.093293 0.413753
vt 0.096959 0.416431
vt 0.133134 0.428061
vt 0.135096 0.426035
vt 0.138473 0.416019
vt 0.099601 0.394330
vt 0.139304 0.412147
vt 0.141284 0.409832
vt 0.142349 0.400510
vt 0.104053 0.385691
vt 0.143256 0.398155
vt 0.108445 0.381583
vt 0.146977 0.392289
vt 0.146727 0.394366
vt 0.162444 0.391394
vt 0.848520 0.662722
vt 0.854554 0.706449
vt 0.843135 0.666550
vt 0.854035 0.656819
vt 0.849039 0.702621
vt 0.839892 0.636383
vt 0.858316 0.651693
vt 0.838529 0.627624
vt 0.835285 0.630803
vt 0.823543 0.623797
vt 0.831068 0.643195
vt 0.836518 0.666874
vt 0.827825 0.643454
vt 0.832236 0.675503
vt 0.842357 0.708460
vt 0.839437 0.709044
vt 0.822440 0.647801
vt 0.805961 0.680044
vt 0.825943 0.639172
vt 0.820234 0.638394
vt 0.805961 0.627105
vt 0.822440 0.626651
vt 0.955478 0.204934
vt 0.953467 0.214730
vt 0.954310 0.201041
vt 0.957100 0.198576
vt 0.923234 0.188845
vt 0.948601 0.188066
vt 0.922585 0.193840
vt 0.915838 0.189234
vt 0.912335 0.211292
vt 0.921937 0.205453
vt 0.921158 0.207983
vt 0.951066 0.217585
vt 0.957100 0.231079
vt 0.955478 0.223229
vt 0.913892 0.216612
vt 0.950742 0.243665
vt 0.014318 0.153068
vt 0.007311 0.155858
vt 0.007765 0.154431
vt 0.007311 0.133540
vt 0.011463 0.142039
vt 0.017561 0.150084
vt 0.737581 0.004078
vt 0.717737 0.012620
vt 0.692942 0.019089
vt 0.719879 0.007499
vt 0.724999 0.001761
vt 0.714650 0.003925
vt 0.674030 0.023652
vt 0.677136 0.029876
vt 0.715998 0.026578
vt 0.681449 0.039816
vt 0.674530 0.029704
vt 0.666910 0.018760
vt 0.676711 0.038920
vt 0.678277 0.042484
vt 0.682635 0.046495
vt 0.672541 0.036027
vt 0.672927 0.045997
vt 0.681830 0.051617
vt 0.674741 0.054172
vt 0.637357 0.009707
vt 0.668841 0.035258
vt 0.663995 0.050028
vt 0.663905 0.072441
vt 0.653150 0.062743
vt 0.652945 0.042143
vt 0.633608 0.050050
vt 0.635741 0.035856
vt 0.616642 0.041482
vt 0.644410 0.036227
vt 0.627137 0.023074
vt 0.607871 0.029473
vt 0.614725 0.011609
vt 0.624293 0.013784
vt 0.631711 0.016369
vt 0.627952 0.008589
vt 0.632929 0.012903
vt 0.623465 0.004773
vt 0.630398 0.005029
vt 0.622764 0.001761
vt 0.706591 0.905674
vt 0.709186 0.903922
vt 0.712689 0.912875
vt 0.719760 0.892569
vt 0.698157 0.905544
vt 0.679472 0.928316
vt 0.672271 0.927343
vt 0.681029 0.931949
vt 0.720020 0.915470
vt 0.679148 0.934739
vt 0.711975 0.936685
vt 0.679148 0.952709
vt 0.684727 0.943756
vt 0.684533 0.947325
vt 0.718398 0.939604
vt 0.715154 0.952709
vt 0.980393 0.744462
vt 0.983442 0.744137
vt 0.976760 0.773591
vt 0.980458 0.777095
vt 0.961514 0.777095
vt 0.964693 0.773137
vt 0.961643 0.745046
vt 0.966120 0.744656
vt 0.975722 0.740959
vt 0.962941 0.739142
vt 0.957232 0.737390
vt 0.951845 0.145794
vt 0.957100 0.152087
vt 0.929981 0.150595
vt 0.913827 0.157147
vt 0.947498 0.171031
vt 0.912140 0.165192
vt 0.948796 0.174534
vt 0.906821 0.175961
vt 0.928684 0.184395
vt 0.915319 0.153839
vt 0.913438 0.149881
vt 0.931474 0.141836
vt 0.951001 0.139696
vt 0.912011 0.143329
vt 0.948536 0.136581
vt 0.945876 0.124709
vt 0.908248 0.135608
vt 0.929917 0.123866
vt 0.906821 0.131910
vt 0.706950 0.327096
vt 0.710129 0.321127
vt 0.725440 0.357912
vt 0.718693 0.312888
vt 0.707015 0.353955
vt 0.702279 0.329431
vt 0.713892 0.361221
vt 0.717785 0.356744
vt 0.719731 0.362972
vt 0.721742 0.358691
vt 0.714152 0.371471
vt 0.732447 0.332091
vt 0.732447 0.315807
vt 0.727451 0.365113
vt 0.733031 0.350581
vt 0.736534 0.335465
vt 0.746720 0.320024
vt 0.744449 0.301729
vt 0.747563 0.344548
vt 0.751975 0.339033
vt 0.752948 0.356615
vt 0.742762 0.366087
vt 0.751585 0.371406
vt 0.752688 0.390221
vt 0.734977 0.384317
vt 0.749834 0.401444
vt 0.730760 0.405661
vt 0.750223 0.418182
vt 0.730630 0.387496
vt 0.723494 0.372574
vt 0.717006 0.408840
vt 0.715838 0.415912
vt 0.708832 0.408191
vt 0.711038 0.374196
vt 0.703058 0.380100
vt 0.702279 0.407867
vt 0.762826 0.719873
vt 0.759452 0.738816
vt 0.756857 0.726425
vt 0.749916 0.750883
vt 0.751408 0.702940
vt 0.740638 0.734470
vt 0.736811 0.709557
vt 0.739471 0.685488
vt 0.736421 0.760810
vt 0.724160 0.686396
vt 0.723576 0.680428
vt 0.704178 0.680038
vt 0.722603 0.727074
vt 0.720981 0.759252
vt 0.715012 0.763924
vt 0.714363 0.742125
vt 0.700091 0.754257
vt 0.695744 0.757371
vt 0.687569 0.738881
vt 0.682444 0.738622
vt 0.673556 0.763924
vt 0.683417 0.723570
vt 0.703529 0.715007
vt 0.688607 0.698982
vt 0.670961 0.742450
vt 0.678292 0.715915
vt 0.681082 0.698009
vt 0.692500 0.680298
vt 0.665836 0.727268
vt 0.664214 0.732718
vt 0.659154 0.755944
vt 0.661554 0.713385
vt 0.654937 0.712217
vt 0.650201 0.763859
vt 0.663500 0.704691
vt 0.667004 0.689900
vt 0.660062 0.705665
vt 0.648903 0.717732
vt 0.653704 0.709817
vt 0.651044 0.705340
vt 0.651823 0.703005
vt 0.653899 0.699696
vt 0.656948 0.697879
vt 0.645010 0.696906
vt 0.648514 0.708130
vt 0.646892 0.711439
vt 0.646503 0.753024
vt 0.642999 0.750948
vt 0.641767 0.715980
vt 0.953793 0.893180
vt 0.953210 0.849648
vt 0.955805 0.872614
vt 0.964887 0.893245
vt 0.962941 0.851854
vt 0.963071 0.848740
vt 0.968650 0.849194
vt 0.969104 0.872549
vt 0.968715 0.891818
vt 0.979549 0.849972
vt 0.973646 0.846923
vt 0.978317 0.887601
vt 0.983442 0.893439
vt 0.983442 0.848675
vt 0.486601 0.734366
vt 0.490623 0.735404
vt 0.468046 0.777703
vt 0.456239 0.772319
vt 0.482060 0.733717
vt 0.453514 0.766285
vt 0.451892 0.769983
vt 0.450270 0.763496
vt 0.468111 0.789251
vt 0.490623 0.805860
vt 0.489780 0.810596
vt 0.478232 0.801254
vt 0.424514 0.770827
vt 0.400964 0.764014
vt 0.450789 0.760706
vt 0.401808 0.772643
vt 0.405051 0.776146
vt 0.438333 0.779325
vt 0.405506 0.779260
vt 0.446767 0.785424
vt 0.400445 0.791652
vt 0.440928 0.803070
vt 0.437684 0.812218
vt 0.388054 0.799826
vt 0.487594 0.951813
vt 0.480846 0.941887
vt 0.483052 0.933907
vt 0.511728 0.963685
vt 0.521459 0.957846
vt 0.526844 0.933518
vt 0.521070 0.916325
vt 0.489151 0.914055
vt 0.497714 0.908411
vt 0.485193 0.913601
vt 0.480846 0.909578
s 1
usemtl Material
f 4046/5481 4042/5482 3996/5483
f 4042/5482 4046/5481 4038/5484
f 4042/5482 4038/5484 4023/5485
f 4046/5481 3996/5483 4013/5486
f 4023/5485 4038/5484 4025/5487
f 4013/5486 3996/5483 3978/5488
f 4013/5486 3978/5488 3979/5489
f 4013/5486 3979/5489 3989/5490
f 4046/5481 4013/5486 4031/5491
f 4046/5481 4031/5491 4038/5484
f 4013/5486 3989/5490 4017/5492
f 4013/5486 4017/5492 4031/5491
f 4038/5484 4031/5491 4024/5493
f 4024/5493 4031/5491 4017/5492
f 4028/5494 4025/5487 4038/5484
f 4028/5494 4038/5484 4024/5493
f 4025/5487 4028/5494 4015/5495
f 4017/5492 3989/5490 3997/5496
f 3997/5496 3989/5490 3990/5497
f 4024/5493 4017/5492 4044/5498
f 4044/5498 4017/5492 3997/5496
f 4024/5493 4044/5498 4028/5494
f 4044/5498 3997/5496 4016/5499
f 4016/5499 3997/5496 3990/5497
f 4028/5494 4044/5498 4048/5500
f 4016/5499 3990/5497 4009/5501
f 4009/5501 3990/5497 3977/5502
f 4028/5494 4048/5500 4039/5503
f 4028/5494 4039/5503 4015/5495
f 4015/5495 4039/5503 3995/5504
f 3995/5504 4039/5503 4022/5505
f 4022/5505 4039/5503 4001/5506
f 4022/5505 4001/5506 3999/5507
f 4022/5505 3999/5507 4009/5508
f 4022/5505 4009/5508 3995/5504
f 3995/5504 4009/5508 3977/5509
f 3995/5504 3977/5509 3972/5510
f 3972/5510 3977/5509 3970/5511
f 3996/5512 4042/5513 3986/5514
f 3996/5512 3986/5514 3988/5515
f 3996/5512 3988/5515 3978/5516
f 3978/5516 3988/5515 3986/5514
f 3978/5516 3986/5514 3971/5517
f 3978/5516 3971/5517 3979/5518
f 3979/5518 3971/5517 3989/5519
f 3971/5517 3986/5514 3973/5520
f 3987/5521 3986/5514 4042/5513
f 3987/5521 4042/5513 4023/5522
f 3973/5520 3986/5514 3975/5523
f 3975/5523 3986/5514 3987/5521
f 3973/5520 3975/5523 3970/5524
f 3987/5521 4023/5522 3980/5525
f 3987/5521 3980/5525 3975/5523
f 3980/5525 4023/5522 4007/5526
f 3975/5523 3980/5525 3969/5527
f 3975/5523 3969/5527 3970/5524
f 3970/5524 3969/5527 3968/5528
f 4007/5526 4023/5522 4025/5529
f 4007/5526 4025/5529 3998/5530
f 4007/5526 3998/5530 3993/5531
f 3998/5530 4025/5529 4015/5532
f 3993/5531 3998/5530 3992/5533
f 3992/5533 3998/5530 4015/5532
f 3992/5533 4015/5532 3995/5534
f 3993/5531 3992/5533 3968/5535
f 3992/5533 3995/5534 3972/5536
f 3992/5533 3972/5536 3968/5535
f 3968/5535 3972/5536 3970/5537
f 3990/5538 3989/5539 3964/5540
f 3964/5540 3989/5539 4119/5541
f 3990/5538 3964/5540 4109/5542
f 3964/5540 4119/5541 4112/5543
f 3964/5540 4112/5543 4109/5542
f 3990/5538 4109/5542 3977/5544
f 4112/5543 4119/5541 4100/5545
f 4099/5546 3970/5547 3977/5544
f 4099/5546 3977/5544 4097/5548
f 4097/5548 3977/5544 4115/5549
f 4115/5549 3977/5544 4109/5542
f 4100/5545 4119/5541 4139/5550
f 4100/5545 4139/5550 4122/5551
f 4122/5551 4139/5550 4150/5552
f 4122/5551 4150/5552 4132/5553
f 4100/5545 4122/5551 4090/5554
f 4115/5549 4109/5542 4091/5555
f 4091/5555 4109/5542 4112/5543
f 4115/5549 4091/5555 4108/5556
f 4095/5557 4112/5543 4100/5545
f 4112/5543 4095/5557 4091/5555
f 4095/5557 4100/5545 4090/5554
f 4091/5555 4095/5557 3961/5558
f 4091/5555 3961/5558 4080/5559
f 4080/5559 3961/5558 4077/5560
f 4077/5560 3961/5558 3999/5561
f 3999/5561 3961/5558 4009/5562
f 4009/5562 3961/5558 4016/5563
f 4016/5563 3961/5558 4095/5557
f 4016/5563 4095/5557 4090/5554
f 4016/5563 4090/5554 4079/5564
f 4016/5563 4079/5564 4006/5565
f 4006/5565 4079/5564 4008/5566
f 4008/5566 4079/5564 4011/5567
f 4011/5567 4079/5564 4085/5568
f 4011/5567 4085/5568 4002/5569
f 4002/5569 4085/5568 4077/5570
f 4002/5569 4077/5570 3999/5571
f 4002/5569 3999/5571 4001/5572
f 4002/5569 4001/5572 3991/5573
f 4119/5574 3989/5575 4102/5576
f 4119/5574 4102/5576 4139/5577
f 4102/5576 3989/5575 3971/5578
f 4139/5577 4102/5576 4153/5579
f 4139/5577 4153/5579 4150/5580
f 4150/5580 4153/5579 4162/5581
f 4162/5581 4153/5579 4161/5582
f 4162/5581 4161/5582 4171/5583
f 4153/5579 4102/5576 4124/5584
f 4153/5579 4124/5584 4161/5582
f 4102/5576 3971/5578 4101/5585
f 4102/5576 4101/5585 4124/5584
f 4124/5584 4101/5585 4125/5586
f 4101/5585 3971/5578 4099/5587
f 4099/5587 3971/5578 3973/5588
f 4099/5587 3973/5588 3970/5589
f 4101/5585 4099/5587 4145/5590
f 4101/5585 4145/5590 4125/5586
f 4145/5590 4099/5587 4121/5591
f 4124/5584 4125/5586 4141/5592
f 4141/5592 4125/5586 4145/5590
f 4124/5584 4141/5592 4161/5582
f 4145/5590 4121/5591 4154/5593
f 4145/5590 4154/5593 4141/5592
f 4154/5593 4121/5591 4169/5594
f 4161/5582 4141/5592 4170/5595
f 4170/5595 4141/5592 4154/5593
f 4170/5595 4154/5593 4169/5594
f 4161/5582 4170/5595 4171/5583
f 4171/5583 4170/5595 4169/5594
f 4090/5596 4122/5597 4083/5598
f 4090/5596 4083/5598 4079/5599
f 4079/5599 4083/5598 4089/5600
f 4079/5599 4089/5600 4096/5601
f 4089/5600 4083/5598 4093/5602
f 4093/5602 4083/5598 4122/5597
f 4089/5600 4093/5602 4113/5603
f 4113/5603 4093/5602 4160/5604
f 4093/5602 4122/5597 4138/5605
f 4093/5602 4138/5605 4160/5604
f 4138/5605 4122/5597 4151/5606
f 4138/5605 4151/5606 4160/5604
f 4151/5606 4122/5597 4132/5607
f 4151/5606 4132/5607 4160/5604
f 4160/5604 4132/5607 4146/5608
f 4146/5608 4132/5607 4135/5609
f 4160/5604 4146/5608 4158/5610
f 4158/5610 4146/5608 4098/5611
f 4113/5612 4160/5613 4158/5614
f 4113/5612 4158/5614 4098/5615
f 4113/5612 4098/5615 4096/5616
f 4113/5612 4096/5616 4089/5617
f 4096/5618 4098/5619 4081/5620
f 4085/5621 4079/5622 4096/5618
f 4085/5621 4096/5618 4081/5620
f 4085/5621 4081/5620 4077/5623
f 4077/5623 4081/5620 4074/5624
f 4081/5620 4098/5619 4086/5625
f 4081/5620 4086/5625 4074/5624
f 4086/5625 4098/5619 4146/5626
f 4086/5625 4146/5626 4117/5627
f 4074/5624 4086/5625 4087/5628
f 4074/5624 4087/5628 4068/5629
f 4086/5625 4117/5627 4110/5630
f 4086/5625 4110/5630 4087/5628
f 4110/5630 4117/5627 4123/5631
f 4123/5631 4117/5627 4111/5632
f 4087/5628 4110/5630 4088/5633
f 4110/5630 4123/5631 4118/5634
f 4110/5630 4118/5634 4088/5633
f 4118/5634 4123/5631 4126/5635
f 4118/5634 4126/5635 4147/5636
f 4005/5637 4068/5629 4087/5628
f 4087/5628 4088/5633 4082/5638
f 4082/5638 4088/5633 4118/5634
f 4087/5628 4082/5638 4005/5637
f 4118/5634 4147/5636 4094/5639
f 4094/5639 4147/5636 4133/5640
f 4094/5639 4133/5640 4075/5641
f 4118/5634 4094/5639 4069/5642
f 4069/5642 4094/5639 4075/5641
f 4118/5634 4069/5642 4082/5638
f 4069/5642 4075/5641 3967/5643
f 4069/5642 3967/5643 3974/5644
f 3974/5644 3967/5643 4000/5645
f 4082/5638 4069/5642 3965/5646
f 3965/5646 4069/5642 3974/5644
f 3974/5644 4000/5645 4019/5647
f 3974/5644 4019/5647 3965/5646
f 4019/5647 4000/5645 4045/5648
f 4019/5647 4045/5648 4057/5649
f 4019/5647 4057/5649 4041/5650
f 4082/5638 3965/5646 4010/5651
f 4010/5651 3965/5646 4019/5647
f 4010/5651 4019/5647 4041/5650
f 4082/5638 4010/5651 4005/5637
f 4010/5651 4041/5650 4040/5652
f 4005/5637 4010/5651 4012/5653
f 4012/5653 4010/5651 4040/5652
f 4012/5653 4040/5652 4005/5637
f 4040/5652 4041/5650 4037/5654
f 4005/5637 4040/5652 4035/5655
f 4035/5655 4040/5652 4037/5654
f 4035/5655 4037/5654 4034/5656
f 4011/5657 4002/5658 4027/5659
f 4027/5659 4002/5658 3991/5660
f 4011/5657 4027/5659 4008/5661
f 4008/5661 4027/5659 4047/5662
f 4008/5661 4047/5662 4030/5663
f 4047/5662 4027/5659 4055/5664
f 4055/5664 4027/5659 4036/5665
f 4030/5663 4047/5662 4056/5666
f 4056/5666 4047/5662 4055/5664
f 4055/5664 4036/5665 4062/5667
f 4030/5663 4056/5666 4061/5668
f 4055/5664 4062/5667 4066/5669
f 4055/5664 4066/5669 4056/5666
f 4066/5669 4062/5667 4065/5670
f 4066/5669 4065/5670 4056/5666
f 4056/5666 4065/5670 4061/5668
f 4065/5670 4062/5667 4059/5671
f 4061/5668 4065/5670 4050/5672
f 4050/5672 4065/5670 4059/5671
f 4006/5673 4008/5674 4029/5675
f 4029/5675 4008/5674 4030/5676
f 4029/5675 4030/5676 4061/5677
f 4029/5675 4061/5677 4053/5678
f 4053/5678 4061/5677 4050/5679
f 4006/5673 4029/5675 4044/5680
f 4044/5680 4029/5675 4053/5678
f 4006/5673 4044/5680 4016/5681
f 4044/5680 4053/5678 4050/5679
f 4044/5680 4050/5679 4048/5682
f 4048/5682 4050/5679 4059/5683
f 4059/5684 4062/5685 4051/5686
f 4051/5686 4062/5685 4035/5687
f 4035/5687 4062/5685 4036/5688
f 4035/5687 4036/5688 4005/5689
f 4005/5689 4036/5688 4027/5690
f 4005/5689 4027/5690 3984/5691
f 3984/5691 4027/5690 3991/5692
f 4051/5686 4035/5687 4043/5693
f 4043/5693 4035/5687 4034/5694
f 4043/5693 4034/5694 4051/5686
f 4051/5686 4034/5694 4032/5695
f 4051/5686 4032/5695 4059/5684
f 4059/5684 4032/5695 4048/5696
f 4032/5695 4034/5694 4003/5697
f 4048/5696 4032/5695 4039/5698
f 4039/5698 4032/5695 4003/5697
f 4039/5698 4003/5697 4001/5699
f 4001/5699 4003/5697 3982/5700
f 4001/5699 3982/5700 3991/5701
f 3991/5701 3982/5700 3984/5702
f 4034/5703 4037/5704 4018/5705
f 4018/5705 4037/5704 4041/5706
f 3993/5707 4003/5708 4034/5703
f 3993/5707 4034/5703 4007/5709
f 4007/5709 4034/5703 4020/5710
f 4020/5710 4034/5703 4018/5705
f 4007/5709 4020/5710 4014/5711
f 4014/5711 4020/5710 4026/5712
f 4026/5712 4020/5710 4018/5705
f 4026/5712 4018/5705 4014/5711
f 4007/5709 4014/5711 3980/5713
f 4060/5714 4018/5705 4041/5706
f 4060/5714 4041/5706 4057/5715
f 4014/5711 4018/5705 4021/5716
f 4014/5711 4021/5716 3980/5713
f 4018/5705 4060/5714 4052/5717
f 4018/5705 4052/5717 4021/5716
f 4060/5714 4057/5715 4063/5718
f 4060/5714 4063/5718 4052/5717
f 4063/5718 4057/5715 4064/5719
f 4064/5719 4057/5715 4045/5720
f 4063/5718 4064/5719 4058/5721
f 4063/5718 4058/5721 4052/5717
f 4058/5721 4064/5719 4054/5722
f 4058/5721 4054/5722 4033/5723
f 4052/5717 4058/5721 4004/5724
f 4004/5724 4058/5721 4033/5723
f 4052/5717 4004/5724 4021/5716
f 4004/5724 4033/5723 3981/5725
f 4004/5724 3981/5725 4067/5726
f 4004/5724 4067/5726 3966/5727
f 4004/5724 3966/5727 4021/5716
f 3966/5727 4067/5726 4072/5728
f 3966/5727 4072/5728 4084/5729
f 4084/5729 4072/5728 4127/5730
f 4021/5716 3966/5727 3963/5731
f 3963/5731 3966/5727 4084/5729
f 4021/5716 3963/5731 3985/5732
f 4021/5716 3985/5732 3980/5713
f 3963/5731 4084/5729 4106/5733
f 3963/5731 4106/5733 3985/5732
f 3985/5732 4106/5733 3980/5713
f 4106/5733 4084/5729 4140/5734
f 3980/5713 4106/5733 4105/5735
f 3980/5713 4105/5735 3969/5736
f 3969/5736 4105/5735 3968/5737
f 3968/5737 4105/5735 4078/5738
f 4064/5739 4045/5740 4049/5741
f 4049/5741 4045/5740 4000/5742
f 4064/5739 4049/5741 4054/5743
f 4049/5741 4000/5742 3983/5744
f 4054/5743 4049/5741 3994/5745
f 3994/5745 4049/5741 3983/5744
f 4054/5743 3994/5745 4033/5746
f 3983/5744 4000/5742 3967/5747
f 4033/5746 3994/5745 3976/5748
f 4033/5746 3976/5748 3981/5749
f 3981/5749 3976/5748 4067/5750
f 3976/5748 3994/5745 3962/5751
f 3962/5751 3994/5745 3983/5744
f 3983/5744 3967/5747 4070/5752
f 4070/5752 3967/5747 4075/5753
f 3962/5751 3983/5744 4071/5754
f 4071/5754 3983/5744 4070/5752
f 4070/5752 4075/5753 4120/5755
f 4070/5752 4120/5755 4071/5754
f 4120/5755 4075/5753 4133/5756
f 4071/5754 4120/5755 4157/5757
f 4120/5755 4133/5756 4167/5758
f 4120/5755 4167/5758 4157/5757
f 4167/5758 4133/5756 4147/5759
f 4071/5754 4157/5757 4159/5760
f 4159/5760 4157/5757 4167/5758
f 4076/5761 3962/5751 4071/5754
f 4076/5761 4071/5754 4159/5760
f 3962/5751 4076/5761 3976/5748
f 3976/5748 4076/5761 4107/5762
f 4107/5762 4076/5761 4159/5760
f 3976/5748 4107/5762 4067/5750
f 4165/5763 4167/5758 4147/5759
f 4107/5762 4159/5760 4163/5764
f 4163/5764 4159/5760 4167/5758
f 4067/5750 4107/5762 4127/5765
f 4127/5765 4107/5762 4163/5764
f 4067/5750 4127/5765 4072/5766
f 4167/5758 4165/5763 4168/5767
f 4167/5758 4168/5767 4163/5764
f 4165/5763 4147/5759 4164/5768
f 4165/5763 4164/5768 4168/5767
f 4164/5768 4147/5759 4126/5769
f 4163/5764 4168/5767 4156/5770
f 4156/5770 4168/5767 4164/5768
f 4163/5764 4156/5770 4127/5765
f 4164/5768 4126/5769 4143/5771
f 4164/5768 4143/5771 4156/5770
f 4143/5771 4126/5769 4123/5772
f 4127/5765 4156/5770 4142/5773
f 4127/5765 4142/5773 4084/5774
f 4084/5774 4142/5773 4140/5775
f 4140/5775 4142/5773 4156/5770
f 4140/5775 4156/5770 4143/5771
f 4143/5771 4123/5772 4137/5776
f 4140/5775 4143/5771 4148/5777
f 4148/5777 4143/5771 4137/5776
f 4140/5775 4148/5777 4144/5778
f 4144/5778 4148/5777 4137/5776
f 4140/5775 4144/5778 4129/5779
f 4140/5775 4129/5779 4114/5780
f 4140/5775 4114/5780 4106/5781
f 4106/5781 4114/5780 4105/5782
f 4105/5782 4114/5780 4129/5779
f 4105/5782 4129/5779 4144/5778
f 4105/5782 4144/5778 4136/5783
f 4136/5783 4144/5778 4137/5776
f 4136/5783 4137/5776 4128/5784
f 4128/5784 4137/5776 4123/5772
f 4128/5784 4123/5772 4111/5785
f 4128/5784 4111/5785 4092/5786
f 4128/5784 4092/5786 4103/5787
f 4117/5788 4146/5789 4134/5790
f 4117/5788 4134/5790 4111/5791
f 4134/5790 4146/5789 4131/5792
f 4134/5790 4131/5792 4111/5791
f 4131/5792 4146/5789 4135/5793
f 4131/5792 4135/5793 4108/5794
f 4111/5791 4131/5792 4104/5795
f 4104/5795 4131/5792 4108/5794
f 4111/5791 4104/5795 4092/5796
f 4104/5795 4108/5794 4080/5797
f 4080/5797 4108/5794 4091/5798
f 4092/5796 4104/5795 4073/5799
f 4073/5799 4104/5795 4080/5797
f 4092/5796 4073/5799 4074/5800
f 4073/5799 4080/5797 4077/5801
f 4073/5799 4077/5801 4074/5800
f 4135/5802 4132/5803 4150/5804
f 4135/5802 4150/5804 4149/5805
f 4135/5802 4149/5805 4108/5806
f 4108/5806 4149/5805 4115/5807
f 4115/5807 4149/5805 4130/5808
f 4115/5807 4130/5808 4097/5809
f 4149/5805 4150/5804 4166/5810
f 4166/5810 4150/5804 4162/5811
f 4166/5810 4162/5811 4171/5812
f 4166/5810 4171/5812 4169/5813
f 4097/5809 4130/5808 4116/5814
f 4116/5814 4130/5808 4149/5805
f 4097/5809 4116/5814 4078/5815
f 4097/5809 4078/5815 4099/5816
f 4078/5815 4116/5814 4103/5817
f 4103/5817 4116/5814 4128/5818
f 4128/5818 4116/5814 4149/5805
f 4128/5818 4149/5805 4152/5819
f 4152/5819 4149/5805 4166/5810
f 4128/5818 4152/5819 4136/5820
f 4152/5819 4166/5810 4155/5821
f 4152/5819 4155/5821 4136/5820
f 4155/5821 4166/5810 4169/5813
f 4136/5820 4155/5821 4105/5822
f 4155/5821 4169/5813 4121/5823
f 4155/5821 4121/5823 4105/5822
f 4105/5822 4121/5823 4099/5824
f 4105/5822 4099/5824 4078/5825
f 4092/5826 4074/5827 4068/5828
f 4103/5829 4092/5826 4078/5830
f 4078/5830 4092/5826 3968/5831
f 3968/5831 4092/5826 4068/5828
f 3968/5831 4068/5828 3993/5832
f 3993/5832 4068/5828 3982/5833
f 3993/5832 3982/5833 4003/5834
f 3982/5833 4068/5828 3984/5835
f 3984/5835 4068/5828 4005/5836
o tripo_part_7
v 0.160796 0.038411 0.409568
v 0.164402 0.127963 0.461011
v 0.164990 0.128261 0.409719
v 0.166297 0.091304 0.468111
v 0.166497 0.040624 0.473834
v 0.167439 0.082654 0.465682
v 0.167634 0.038396 0.471889
v 0.167861 0.131164 0.467811
v 0.167961 0.047994 0.474616
v 0.168302 0.050492 0.471000
v 0.168685 0.036704 0.472873
v 0.169528 0.004725 0.481487
v 0.169781 0.136271 0.468896
v 0.170116 0.094649 0.475009
v 0.170169 0.004344 0.477390
v 0.171026 0.141238 0.468595
v 0.171295 0.073137 0.478408
v 0.171453 0.049848 0.466022
v 0.171875 0.049666 0.414243
v 0.172244 0.002131 0.481094
v 0.172599 0.099029 0.474735
v 0.172745 0.043284 0.483283
v 0.173051 0.130393 0.468711
v 0.173934 0.005626 0.488895
v 0.174189 0.046708 0.402824
v 0.174400 0.128119 0.453665
v 0.174412 0.038463 0.468154
v 0.174805 0.055720 0.481887
v 0.175602 0.048610 0.465187
v 0.176117 0.040465 0.465684
v 0.176405 0.023684 0.486877
v 0.176421 0.136882 0.470252
v 0.176638 0.128192 0.418371
v 0.177212 0.002688 0.489555
v 0.177397 0.127841 0.414522
v 0.178385 0.127292 0.454185
v 0.178732 0.075465 0.460403
v 0.178784 0.050197 0.463911
v 0.180386 0.141490 0.469898
v 0.180413 0.038150 0.465667
v 0.180806 0.129153 0.464677
v 0.180855 0.131743 0.469936
v 0.181132 0.023601 0.467912
v 0.181351 0.091622 0.415193
v 0.181794 0.129237 0.460464
v 0.182753 0.128104 0.427318
v 0.183194 0.049119 0.440539
v 0.183266 0.087022 0.411100
v 0.183419 0.128390 0.448821
v 0.183661 0.141238 0.462892
v 0.183680 0.050370 0.464622
v 0.183770 0.133311 0.461921
v 0.183922 0.038403 0.444677
v 0.184411 0.038241 0.465984
v 0.184533 0.002559 0.470619
v 0.184544 0.125598 0.410453
v 0.184914 0.049981 0.407264
v 0.185095 0.092271 0.466930
v 0.185442 0.137500 0.465566
v 0.185479 0.141238 0.411470
v 0.185654 0.050012 0.415513
v 0.185788 0.132228 0.411506
v 0.186080 0.067884 0.472778
v 0.186091 0.040805 0.468557
v 0.186545 0.051919 0.411432
v 0.186715 0.004420 0.471424
v 0.186755 0.047629 0.469356
v 0.187417 0.051103 0.408485
v 0.187582 0.135684 0.410284
v 0.187871 0.053945 0.471950
v 0.187876 0.129626 0.411411
v 0.188199 0.038001 0.409807
v 0.188675 0.002139 0.478816
v 0.188820 0.034701 0.477436
v 0.188941 0.048486 0.417379
v 0.189009 0.127864 0.426033
v 0.189156 0.040929 0.416896
v 0.189177 0.086791 0.424555
v 0.189520 0.039531 0.406860
v 0.189536 0.106711 0.426206
v 0.189978 0.047734 0.406532
v 0.190098 0.038295 0.443300
v 0.190287 0.140338 0.412368
v 0.190587 0.005137 0.481964
v 0.190686 0.050094 0.417102
v 0.191113 0.005542 0.478214
v 0.191506 0.038718 0.415967
v 0.191769 0.049924 0.443448
v 0.191823 0.086179 0.406814
v 0.192521 0.040706 0.444336
v 0.192715 0.130805 0.422887
v 0.193070 0.141238 0.422793
v 0.193177 0.129886 0.419984
v 0.193570 0.075750 0.424385
v 0.193600 0.004085 0.408443
v 0.194504 0.003169 0.405094
v 0.194726 0.141734 0.413833
v 0.194962 0.131934 0.413967
v 0.195351 0.053477 0.403320
v 0.195370 0.050385 0.423128
v 0.196038 0.137538 0.420652
v 0.197213 0.051301 0.422643
v 0.197339 0.039313 0.422115
v 0.197743 0.101256 0.418533
v 0.198128 0.097232 0.420808
v 0.199280 0.047452 0.421861
v 0.200116 0.039700 0.403240
v 0.200726 0.004542 0.399532
v 0.201024 0.005320 0.419168
v 0.201325 0.075207 0.419675
v 0.203148 0.002185 0.416927
v 0.203850 0.002185 0.402339
v 0.205033 0.005038 0.400226
v 0.205239 0.055853 0.415885
v 0.205288 0.005038 0.419076
v 0.206643 0.037791 0.417133
v 0.209843 0.002162 0.412363
v 0.211682 0.004619 0.414926
v 0.212285 0.005092 0.411022
v 0.152272 0.128180 0.461812
v 0.151614 0.131858 0.404994
v 0.151540 0.047755 0.472042
v 0.150096 0.048194 0.460149
v 0.149869 0.040042 0.461032
v 0.149333 0.128020 0.412069
v 0.146658 0.075806 0.405464
v 0.145270 0.050023 0.401382
v 0.144950 0.096700 0.411693
v 0.144895 0.039069 0.400073
v 0.144871 0.052007 0.403984
v 0.144329 0.129970 0.404399
v 0.144003 0.141261 0.403430
v 0.143006 0.046800 0.397067
v 0.142323 0.002398 0.395164
v 0.142041 0.004748 0.398784
v 0.141819 0.050384 0.406230
v 0.141345 0.136958 0.400550
v 0.140444 0.062668 0.394847
v 0.139782 0.128005 0.419622
v 0.139510 0.048625 0.407997
v 0.139159 0.079732 0.396968
v 0.139014 0.041097 0.407558
v 0.138527 0.128138 0.453976
v 0.138224 0.005038 0.387790
v 0.137791 0.127997 0.405841
v 0.136876 0.132922 0.401920
v 0.136258 0.090478 0.415941
v 0.136197 0.128035 0.418966
v 0.136118 0.048154 0.423026
v 0.135439 0.128226 0.458845
v 0.135130 0.107093 0.459392
v 0.134663 0.003642 0.386779
v 0.133988 0.141292 0.402309
v 0.133900 0.036864 0.409069
v 0.133576 0.050956 0.411361
v 0.133048 0.129611 0.413663
v 0.132802 0.130046 0.409608
v 0.132575 0.086293 0.458015
v 0.132397 0.038451 0.426637
v 0.132372 0.091275 0.414232
v 0.131865 0.132373 0.405559
v 0.131724 0.131839 0.461162
v 0.130990 0.049972 0.435502
v 0.130833 0.141124 0.412246
v 0.130213 0.038524 0.410865
v 0.129532 0.128173 0.442336
v 0.128806 0.090520 0.406280
v 0.128729 0.048718 0.409280
v 0.128314 0.132136 0.423110
v 0.128251 0.141337 0.460613
v 0.128079 0.040580 0.408653
v 0.127976 0.129870 0.461130
v 0.127816 0.051566 0.461858
v 0.127781 0.049752 0.465356
v 0.127755 0.048589 0.455980
v 0.127434 0.098365 0.465377
v 0.127369 0.025435 0.407442
v 0.127301 0.003108 0.406467
v 0.126805 0.041324 0.456468
v 0.126740 0.039374 0.465541
v 0.126553 0.128055 0.445757
v 0.126252 0.094075 0.448561
v 0.126011 0.136790 0.461708
v 0.125897 0.049886 0.457513
v 0.125756 0.047629 0.467229
v 0.124726 0.109439 0.446835
v 0.124455 0.038546 0.458349
v 0.124127 0.038365 0.399776
v 0.123734 0.002185 0.397418
v 0.122731 0.022849 0.400302
v 0.122612 0.063798 0.469526
v 0.122330 0.141131 0.449646
v 0.121598 0.130450 0.452733
v 0.121270 0.124442 0.449851
v 0.121239 0.141322 0.458677
v 0.121159 0.004695 0.467254
v 0.121052 0.132052 0.458936
v 0.120701 0.075044 0.467973
v 0.120656 0.004947 0.395481
v 0.120266 0.004085 0.471729
v 0.120030 0.136485 0.452953
v 0.118840 0.069636 0.450766
v 0.118393 0.002208 0.467275
v 0.118184 0.027686 0.473369
v 0.118077 0.037982 0.453950
v 0.117669 0.049531 0.452497
v 0.116658 0.040568 0.452622
v 0.116608 0.100764 0.454557
v 0.116517 0.141604 0.423603
v 0.114373 0.029906 0.473205
v 0.113122 0.075633 0.455076
v 0.112969 0.005305 0.457298
v 0.112946 0.004573 0.476863
v 0.112328 0.030204 0.454889
v 0.112248 0.002192 0.474128
v 0.109475 0.056819 0.459930
v 0.108456 0.002795 0.457946
v 0.106892 0.034575 0.459106
v 0.102559 0.002620 0.462636
v 0.102181 0.005198 0.465787
vt 0.861942 0.460169
vt 0.849746 0.451410
vt 0.849681 0.447907
vt 0.842155 0.452383
vt 0.870247 0.472755
vt 0.842090 0.446220
vt 0.848189 0.430196
vt 0.894446 0.482875
vt 0.871285 0.482940
vt 0.882768 0.473339
vt 0.861099 0.442003
vt 0.883611 0.443560
vt 0.855974 0.437721
vt 0.852016 0.429482
vt 0.860969 0.438630
vt 0.900025 0.436489
vt 0.888542 0.426952
vt 0.894640 0.430196
vt 0.886077 0.422411
vt 0.900025 0.410214
vt 0.898727 0.408722
vt 0.316420 0.943607
vt 0.312917 0.959112
vt 0.308116 0.955738
vt 0.307013 0.958982
vt 0.271331 0.959696
vt 0.276067 0.970271
vt 0.280154 0.953662
vt 0.283138 0.937119
vt 0.296503 0.940752
vt 0.315836 0.940882
vt 0.284371 0.933810
vt 0.271331 0.917332
vt 0.318301 0.935951
vt 0.594985 0.730742
vt 0.609777 0.726655
vt 0.581556 0.747091
vt 0.581816 0.742096
vt 0.556060 0.754357
vt 0.611399 0.751827
vt 0.638258 0.743782
vt 0.625023 0.751762
vt 0.560860 0.767073
vt 0.591547 0.761040
vt 0.626126 0.764543
vt 0.630732 0.754292
vt 0.558265 0.758509
vt 0.550610 0.753125
vt 0.544512 0.750335
vt 0.552037 0.758769
vt 0.548988 0.760261
vt 0.555865 0.764219
vt 0.550934 0.766749
vt 0.547107 0.766749
vt 0.554827 0.771939
vt 0.536726 0.796008
vt 0.561769 0.771614
vt 0.556449 0.781216
vt 0.540943 0.795684
vt 0.543993 0.796851
vt 0.564753 0.779335
vt 0.564883 0.782643
vt 0.606274 0.773561
vt 0.631057 0.767397
vt 0.637090 0.781995
vt 0.606339 0.786277
vt 0.566505 0.789196
vt 0.603225 0.790169
vt 0.564558 0.795424
vt 0.643189 0.783552
vt 0.606663 0.796851
vt 0.627034 0.796851
vt 0.500502 0.701432
vt 0.490121 0.713434
vt 0.469750 0.706882
vt 0.482920 0.699810
vt 0.468388 0.704157
vt 0.467544 0.705455
vt 0.460862 0.702276
vt 0.478898 0.695204
vt 0.460084 0.700200
vt 0.455802 0.705584
vt 0.445097 0.708698
vt 0.458202 0.692933
vt 0.417071 0.705455
vt 0.415514 0.696761
vt 0.405004 0.707660
vt 0.376134 0.713434
vt 0.374447 0.707855
vt 0.433225 0.691247
vt 0.459305 0.689235
vt 0.455088 0.684370
vt 0.418303 0.683332
vt 0.455607 0.680412
vt 0.410518 0.691766
vt 0.397413 0.698318
vt 0.371592 0.705649
vt 0.407274 0.690338
vt 0.372371 0.694685
vt 0.900179 0.832798
vt 0.902061 0.830851
vt 0.910300 0.849147
vt 0.920161 0.849536
vt 0.911014 0.826505
vt 0.922627 0.847265
vt 0.906602 0.809377
vt 0.910560 0.807172
vt 0.927298 0.823455
vt 0.907640 0.804447
vt 0.904072 0.800619
vt 0.904591 0.800165
vt 0.900179 0.794391
vt 0.911208 0.788098
vt 0.917761 0.804771
vt 0.921848 0.805290
vt 0.935148 0.820471
vt 0.926260 0.803928
vt 0.930542 0.801203
vt 0.842950 0.261098
vt 0.828094 0.254740
vt 0.830494 0.248577
vt 0.820114 0.251496
vt 0.827185 0.224897
vt 0.833997 0.247150
vt 0.835814 0.223081
vt 0.831792 0.204137
vt 0.839577 0.199725
vt 0.842950 0.183506
vt 0.834516 0.179613
vt 0.828742 0.202255
vt 0.821606 0.237548
vt 0.796888 0.238781
vt 0.797018 0.265185
vt 0.804803 0.205304
vt 0.795331 0.227946
vt 0.784886 0.225027
vt 0.778528 0.228141
vt 0.781383 0.260255
vt 0.772754 0.269338
vt 0.785145 0.262201
vt 0.783848 0.265834
vt 0.794552 0.274398
vt 0.795071 0.268040
vt 0.798705 0.267391
vt 0.800975 0.272452
vt 0.905108 0.192984
vt 0.905497 0.207711
vt 0.903226 0.199082
vt 0.871956 0.195255
vt 0.907962 0.181695
vt 0.891030 0.204143
vt 0.867804 0.181890
vt 0.868128 0.200055
vt 0.888824 0.175792
vt 0.868907 0.203429
vt 0.865793 0.179230
vt 0.903810 0.210306
vt 0.884996 0.169239
vt 0.892976 0.149257
vt 0.864495 0.175532
vt 0.903875 0.215561
vt 0.866247 0.210760
vt 0.906600 0.217767
vt 0.908806 0.219518
vt 0.886034 0.218156
vt 0.864495 0.212512
vt 0.771861 0.175008
vt 0.772704 0.178058
vt 0.765114 0.192655
vt 0.763622 0.203230
vt 0.765957 0.173711
vt 0.755707 0.214129
vt 0.763038 0.211793
vt 0.766865 0.213026
vt 0.750452 0.213675
vt 0.771472 0.215686
vt 0.747078 0.205565
vt 0.736049 0.203813
vt 0.765827 0.251627
vt 0.772704 0.235279
vt 0.769460 0.282444
vt 0.759470 0.281276
vt 0.755836 0.247151
vt 0.755577 0.280757
vt 0.751555 0.248578
vt 0.742991 0.248967
vt 0.748505 0.281925
vt 0.744159 0.282054
vt 0.738385 0.279978
vt 0.727226 0.243193
vt 0.720349 0.226974
vt 0.733843 0.287569
vt 0.720090 0.286726
vt 0.711266 0.231581
vt 0.485883 0.314641
vt 0.492695 0.315874
vt 0.487116 0.317496
vt 0.504892 0.319053
vt 0.491787 0.351167
vt 0.502816 0.334364
vt 0.491527 0.363234
vt 0.485883 0.377507
vt 0.489711 0.377571
vt 0.068965 0.733931
vt 0.069160 0.730492
vt 0.098030 0.727767
vt 0.103479 0.714987
vt 0.128392 0.741586
vt 0.133906 0.730168
vt 0.111199 0.738861
vt 0.126510 0.749825
vt 0.127743 0.754756
vt 0.101727 0.749112
vt 0.073766 0.746192
vt 0.065526 0.738213
vt 0.123526 0.757546
vt 0.049632 0.744765
vt 0.057806 0.737110
vt 0.082200 0.754107
vt 0.051254 0.748593
vt 0.030753 0.737953
vt 0.027444 0.732698
vt 0.022643 0.736201
vt 0.031856 0.745479
vt 0.029715 0.745349
vt 0.028806 0.759362
vt 0.022643 0.760790
vt 0.049956 0.778436
vt 0.031596 0.759297
vt 0.065656 0.774738
vt 0.077399 0.780512
vt 0.098094 0.771624
vt 0.108085 0.781485
vt 0.116714 0.770716
vt 0.122293 0.774089
vt 0.122553 0.765655
vt 0.127354 0.765136
vt 0.129300 0.760271
vt 0.133906 0.763904
vt 0.133193 0.759881
vt 0.625997 0.932640
vt 0.623727 0.930434
vt 0.635469 0.920184
vt 0.610233 0.929980
vt 0.628333 0.936143
vt 0.610233 0.884048
vt 0.646498 0.913047
vt 0.633523 0.943929
vt 0.656360 0.916032
vt 0.640141 0.910063
vt 0.638713 0.898645
vt 0.642930 0.884372
vt 0.620807 0.879701
vt 0.123277 0.070898
vt 0.118022 0.050657
vt 0.128402 0.075764
vt 0.131711 0.109759
vt 0.128143 0.036773
vt 0.122304 0.032556
vt 0.116854 0.042807
vt 0.131711 0.004659
vt 0.115686 0.039887
vt 0.126261 0.008552
vt 0.117308 0.002259
vt 0.114065 0.005503
vt 0.096678 0.033464
vt 0.103360 0.038006
vt 0.503181 0.763649
vt 0.499743 0.758394
vt 0.519465 0.770331
vt 0.503960 0.768255
vt 0.494488 0.752166
vt 0.500197 0.750414
vt 0.494488 0.742888
vt 0.504479 0.747235
vt 0.524006 0.743797
vt 0.530494 0.763908
vt 0.531792 0.773056
vt 0.535425 0.765400
vt 0.528418 0.776624
vt 0.526277 0.778960
vt 0.521541 0.782463
vt 0.520114 0.785447
vt 0.519400 0.798098
vt 0.508631 0.810490
vt 0.494488 0.815290
vt 0.497861 0.817366
vt 0.525109 0.809322
vt 0.495526 0.825541
vt 0.518751 0.814317
vt 0.497991 0.834170
vt 0.528742 0.822686
vt 0.530494 0.812890
vt 0.530883 0.809257
vt 0.530818 0.817366
vt 0.535944 0.817496
vt 0.536138 0.813020
vt 0.536722 0.811463
vt 0.157049 0.132042
vt 0.159385 0.132626
vt 0.164380 0.172525
vt 0.169441 0.172590
vt 0.165548 0.130485
vt 0.163213 0.185241
vt 0.177810 0.179791
vt 0.170544 0.191794
vt 0.167235 0.209116
vt 0.157049 0.205547
vt 0.163148 0.210738
vt 0.262093 0.958876
vt 0.270007 0.966986
vt 0.261898 0.961990
vt 0.270007 0.986319
vt 0.248923 0.987746
vt 0.246587 0.991574
vt 0.244316 0.959525
vt 0.238542 0.992223
vt 0.921977 0.480659
vt 0.903876 0.485135
vt 0.905044 0.476961
vt 0.917760 0.472160
vt 0.921977 0.472809
vt 0.903487 0.472939
vt 0.921977 0.422335
vt 0.902319 0.442512
vt 0.188786 0.377571
vt 0.122806 0.371733
vt 0.142334 0.364207
vt 0.147200 0.360574
vt 0.134160 0.358692
vt 0.102889 0.377571
vt 0.130267 0.359601
vt 0.140777 0.329822
vt 0.145838 0.315744
vt 0.125207 0.357006
vt 0.141166 0.312306
vt 0.124947 0.324957
vt 0.123196 0.359601
vt 0.137274 0.317755
vt 0.131240 0.310814
vt 0.138571 0.308867
vt 0.141491 0.273185
vt 0.136171 0.307894
vt 0.131824 0.305818
vt 0.139350 0.264881
vt 0.132149 0.263389
vt 0.127088 0.299071
vt 0.127932 0.272082
vt 0.125726 0.298228
vt 0.347421 0.758866
vt 0.354428 0.758671
vt 0.351314 0.760487
vt 0.355855 0.761266
vt 0.360396 0.761136
vt 0.353584 0.767559
vt 0.360461 0.768208
vt 0.366041 0.772879
vt 0.353974 0.775669
vt 0.387450 0.790266
vt 0.351508 0.773852
vt 0.328282 0.784621
vt 0.347551 0.764445
vt 0.310571 0.776966
vt 0.342750 0.762304
vt 0.341907 0.754519
vt 0.307263 0.767170
vt 0.282026 0.790266
vt 0.308365 0.760033
vt 0.341128 0.750756
vt 0.336457 0.738948
vt 0.301748 0.742127
vt 0.315761 0.736094
vt 0.295001 0.740895
vt 0.336003 0.735445
vt 0.677036 0.957708
vt 0.683978 0.960044
vt 0.668797 0.957060
vt 0.678593 0.989433
vt 0.687092 0.959849
vt 0.681448 0.992223
vt 0.665359 0.992223
vt 0.665878 0.988395
vt 0.661661 0.989498
vt 0.660104 0.959784
s 1
usemtl Material
f 4202/5837 4195/5838 4205/5839
f 4205/5839 4195/5838 4183/5840
f 4183/5840 4195/5838 4193/5841
f 4193/5841 4195/5838 4202/5837
f 4205/5839 4183/5840 4191/5842
f 4205/5839 4191/5842 4226/5843
f 4188/5844 4180/5845 4193/5841
f 4188/5844 4193/5841 4199/5846
f 4199/5846 4193/5841 4202/5837
f 4199/5846 4202/5837 4255/5847
f 4255/5847 4202/5837 4205/5839
f 4199/5846 4255/5847 4245/5848
f 4205/5839 4226/5843 4244/5849
f 4205/5839 4244/5849 4255/5847
f 4244/5849 4226/5843 4237/5850
f 4244/5849 4237/5850 4257/5851
f 4244/5849 4257/5851 4255/5847
f 4255/5847 4257/5851 4245/5848
f 4245/5848 4257/5851 4241/5852
f 4241/5852 4257/5851 4235/5853
f 4241/5852 4235/5853 4238/5854
f 4235/5853 4257/5851 4225/5855
f 4238/5854 4235/5853 4261/5856
f 4261/5856 4235/5853 4225/5855
f 4261/5856 4225/5855 4253/5857
f 4226/5858 4191/5859 4186/5860
f 4186/5860 4191/5859 4183/5861
f 4180/5862 4183/5861 4193/5863
f 4183/5861 4180/5862 4182/5864
f 4183/5861 4182/5864 4186/5860
f 4186/5860 4182/5864 4211/5865
f 4226/5858 4186/5860 4214/5866
f 4214/5866 4186/5860 4211/5865
f 4226/5858 4214/5866 4237/5867
f 4214/5866 4211/5865 4225/5868
f 4214/5866 4225/5868 4237/5867
f 4225/5868 4211/5865 4253/5869
f 4237/5867 4225/5868 4257/5870
f 4188/5871 4199/5872 4192/5873
f 4188/5871 4192/5873 4185/5874
f 4185/5874 4192/5873 4179/5875
f 4192/5873 4199/5872 4234/5876
f 4234/5876 4199/5872 4245/5877
f 4234/5876 4245/5877 4241/5878
f 4192/5873 4234/5876 4212/5879
f 4234/5876 4241/5878 4229/5880
f 4234/5876 4229/5880 4212/5879
f 4229/5880 4241/5878 4222/5881
f 4222/5881 4241/5878 4238/5882
f 4194/5883 4179/5875 4192/5873
f 4194/5883 4192/5873 4212/5879
f 4179/5875 4194/5883 4184/5884
f 4179/5875 4184/5884 4187/5885
f 4187/5885 4184/5884 4203/5886
f 4203/5886 4184/5884 4194/5883
f 4187/5885 4203/5886 4210/5887
f 4203/5886 4194/5883 4213/5888
f 4203/5886 4213/5888 4210/5887
f 4213/5888 4194/5883 4212/5879
f 4210/5887 4213/5888 4230/5889
f 4210/5887 4230/5889 4221/5890
f 4230/5889 4213/5888 4223/5891
f 4230/5889 4223/5891 4221/5890
f 4223/5891 4213/5888 4212/5879
f 4221/5890 4223/5891 4262/5892
f 4223/5891 4212/5879 4216/5893
f 4216/5893 4212/5879 4229/5880
f 4262/5892 4223/5891 4220/5894
f 4220/5894 4223/5891 4216/5893
f 4262/5892 4220/5894 4247/5895
f 4247/5895 4220/5894 4217/5896
f 4220/5894 4216/5893 4207/5897
f 4207/5897 4216/5893 4229/5880
f 4220/5894 4207/5897 4197/5898
f 4207/5897 4229/5880 4222/5881
f 4207/5897 4222/5881 4208/5899
f 4207/5897 4208/5899 4197/5898
f 4208/5899 4222/5881 4209/5900
f 4208/5899 4209/5900 4181/5901
f 4197/5898 4208/5899 4177/5902
f 4177/5902 4208/5899 4181/5901
f 4197/5898 4177/5902 4173/5903
f 4177/5902 4181/5901 4175/5904
f 4177/5902 4175/5904 4173/5903
f 4173/5903 4175/5904 4179/5905
f 4175/5904 4181/5901 4180/5906
f 4179/5905 4175/5904 4185/5907
f 4185/5907 4175/5904 4180/5906
f 4185/5907 4180/5906 4188/5908
f 4238/5909 4261/5910 4277/5911
f 4238/5909 4277/5911 4259/5912
f 4259/5912 4277/5911 4271/5913
f 4271/5913 4277/5911 4273/5914
f 4259/5912 4271/5913 4256/5915
f 4259/5912 4256/5915 4218/5916
f 4218/5916 4256/5915 4246/5917
f 4246/5917 4256/5915 4232/5918
f 4246/5917 4232/5918 4190/5919
f 4218/5916 4246/5917 4248/5920
f 4248/5920 4246/5917 4190/5919
f 4248/5920 4190/5919 4311/5921
f 4248/5920 4311/5921 4313/5922
f 4313/5922 4311/5921 4320/5923
f 4346/5924 4350/5925 4320/5923
f 4320/5923 4350/5925 4313/5922
f 4248/5920 4313/5922 4172/5926
f 4248/5920 4172/5926 4258/5927
f 4258/5927 4172/5926 4243/5928
f 4243/5928 4172/5926 4300/5929
f 4300/5929 4172/5926 4313/5922
f 4243/5928 4300/5929 4250/5930
f 4300/5929 4313/5922 4325/5931
f 4330/5932 4313/5922 4350/5925
f 4313/5922 4330/5932 4325/5931
f 4330/5932 4350/5925 4358/5933
f 4325/5931 4330/5932 4336/5934
f 4330/5932 4358/5933 4376/5935
f 4330/5932 4376/5935 4336/5934
f 4261/5936 4253/5937 4274/5938
f 4274/5938 4253/5937 4258/5939
f 4258/5939 4253/5937 4224/5940
f 4258/5939 4224/5940 4248/5941
f 4224/5940 4253/5937 4211/5942
f 4248/5941 4224/5940 4201/5943
f 4201/5943 4224/5940 4211/5942
f 4248/5941 4201/5943 4218/5944
f 4201/5943 4211/5942 4198/5945
f 4198/5945 4211/5942 4182/5946
f 4198/5945 4182/5946 4178/5947
f 4178/5947 4182/5946 4180/5948
f 4201/5943 4198/5945 4295/5949
f 4201/5943 4295/5949 4200/5950
f 4201/5943 4200/5950 4218/5944
f 4218/5944 4200/5950 4209/5951
f 4218/5944 4209/5951 4259/5952
f 4259/5952 4209/5951 4222/5953
f 4259/5952 4222/5953 4238/5954
f 4261/5955 4274/5956 4277/5957
f 4277/5957 4274/5956 4287/5958
f 4277/5957 4287/5958 4281/5959
f 4277/5957 4281/5959 4273/5960
f 4273/5960 4281/5959 4265/5961
f 4265/5961 4281/5959 4276/5962
f 4265/5961 4276/5962 4251/5963
f 4251/5963 4276/5962 4247/5964
f 4247/5964 4276/5962 4262/5965
f 4262/5965 4276/5962 4275/5966
f 4275/5966 4276/5962 4281/5959
f 4275/5966 4281/5959 4285/5967
f 4285/5967 4281/5959 4287/5958
f 4275/5966 4285/5967 4278/5968
f 4285/5967 4287/5958 4290/5969
f 4285/5967 4290/5969 4278/5968
f 4275/5966 4278/5968 4260/5970
f 4260/5970 4278/5968 4270/5971
f 4260/5970 4270/5971 4252/5972
f 4252/5972 4270/5971 4250/5973
f 4250/5973 4270/5971 4279/5974
f 4279/5974 4270/5971 4278/5968
f 4250/5973 4279/5974 4267/5975
f 4279/5974 4278/5968 4284/5976
f 4284/5976 4278/5968 4290/5969
f 4267/5975 4279/5974 4283/5977
f 4283/5977 4279/5974 4284/5976
f 4283/5977 4284/5976 4290/5969
f 4267/5975 4283/5977 4282/5978
f 4283/5977 4290/5969 4288/5979
f 4283/5977 4288/5979 4282/5978
f 4288/5979 4290/5969 4289/5980
f 4288/5979 4289/5980 4282/5978
f 4289/5980 4290/5969 4287/5958
f 4282/5978 4289/5980 4286/5981
f 4286/5981 4289/5980 4287/5958
f 4178/5982 4180/5983 4176/5984
f 4178/5982 4176/5984 4351/5985
f 4178/5982 4351/5985 4198/5986
f 4176/5984 4180/5983 4293/5987
f 4176/5984 4293/5987 4351/5985
f 4198/5986 4351/5985 4358/5988
f 4351/5985 4293/5987 4356/5989
f 4198/5986 4358/5988 4295/5990
f 4356/5989 4293/5987 4345/5991
f 4295/5990 4358/5988 4350/5992
f 4293/5987 4180/5983 4181/5993
f 4293/5987 4181/5993 4345/5991
f 4295/5990 4350/5992 4294/5994
f 4295/5990 4294/5994 4200/5995
f 4294/5994 4350/5992 4346/5996
f 4345/5991 4181/5993 4189/5997
f 4345/5991 4189/5997 4355/5998
f 4189/5997 4181/5993 4200/5999
f 4200/5999 4181/5993 4209/6000
f 4189/5997 4200/5999 4294/6001
f 4189/5997 4294/6001 4355/5998
f 4355/5998 4294/6001 4346/6002
f 4355/6003 4346/6004 4334/6005
f 4334/6005 4346/6004 4320/6006
f 4355/6003 4334/6005 4377/6007
f 4334/6005 4320/6006 4326/6008
f 4326/6008 4320/6006 4311/6009
f 4326/6008 4311/6009 4307/6010
f 4377/6007 4334/6005 4339/6011
f 4339/6011 4334/6005 4326/6008
f 4326/6008 4307/6010 4301/6012
f 4377/6007 4339/6011 4342/6013
f 4342/6013 4339/6011 4359/6014
f 4326/6008 4301/6012 4299/6015
f 4299/6015 4301/6012 4297/6016
f 4299/6015 4297/6016 4296/6017
f 4299/6015 4296/6017 4310/6018
f 4326/6008 4299/6015 4318/6019
f 4318/6019 4299/6015 4310/6018
f 4326/6008 4318/6019 4339/6011
f 4318/6019 4310/6018 4319/6020
f 4339/6011 4318/6019 4331/6021
f 4331/6021 4318/6019 4319/6020
f 4339/6011 4331/6021 4338/6022
f 4338/6022 4331/6021 4319/6020
f 4339/6011 4338/6022 4359/6014
f 4338/6022 4319/6020 4327/6023
f 4338/6022 4327/6023 4328/6024
f 4338/6022 4328/6024 4316/6025
f 4359/6014 4338/6022 4312/6026
f 4312/6026 4338/6022 4316/6025
f 4359/6014 4312/6026 4309/6027
f 4312/6026 4316/6025 4302/6028
f 4312/6026 4302/6028 4309/6027
f 4309/6027 4302/6028 4296/6029
f 4309/6027 4296/6029 4297/6030
f 4345/6031 4355/6032 4344/6033
f 4344/6033 4355/6032 4377/6034
f 4344/6033 4377/6034 4353/6035
f 4353/6035 4377/6034 4373/6036
f 4353/6035 4373/6036 4357/6037
f 4353/6035 4357/6037 4337/6038
f 4337/6038 4357/6037 4352/6039
f 4345/6040 4344/6041 4329/6042
f 4329/6042 4344/6041 4353/6043
f 4329/6042 4353/6043 4314/6044
f 4314/6044 4353/6043 4337/6045
f 4329/6042 4314/6044 4322/6046
f 4329/6042 4322/6046 4345/6040
f 4322/6046 4314/6044 4321/6047
f 4322/6046 4321/6047 4333/6048
f 4345/6040 4322/6046 4347/6049
f 4347/6049 4322/6046 4333/6048
f 4345/6040 4347/6049 4362/6050
f 4345/6040 4362/6050 4356/6051
f 4347/6049 4333/6048 4343/6052
f 4356/6051 4362/6050 4375/6053
f 4356/6051 4375/6053 4351/6054
f 4362/6050 4347/6049 4369/6055
f 4369/6055 4347/6049 4343/6052
f 4375/6053 4362/6050 4381/6056
f 4381/6056 4362/6050 4369/6055
f 4351/6054 4375/6053 4371/6057
f 4351/6054 4371/6057 4367/6058
f 4367/6058 4371/6057 4374/6059
f 4371/6057 4375/6053 4384/6060
f 4384/6060 4375/6053 4381/6056
f 4374/6059 4371/6057 4386/6061
f 4386/6061 4371/6057 4384/6060
f 4374/6059 4386/6061 4390/6062
f 4374/6059 4390/6062 4388/6063
f 4388/6063 4390/6062 4389/6064
f 4390/6062 4386/6061 4391/6065
f 4391/6065 4386/6061 4384/6060
f 4390/6062 4391/6065 4389/6064
f 4391/6065 4384/6060 4381/6056
f 4389/6064 4391/6065 4387/6066
f 4387/6066 4391/6065 4381/6056
f 4387/6066 4381/6056 4369/6055
f 4389/6064 4387/6066 4382/6067
f 4387/6066 4369/6055 4379/6068
f 4387/6066 4379/6068 4382/6067
f 4382/6067 4379/6068 4357/6069
f 4379/6068 4369/6055 4343/6052
f 4357/6069 4379/6068 4365/6070
f 4357/6069 4365/6070 4352/6071
f 4352/6071 4365/6070 4364/6072
f 4364/6072 4365/6070 4379/6068
f 4364/6072 4379/6068 4343/6052
f 4364/6072 4343/6052 4368/6073
f 4368/6073 4343/6052 4354/6074
f 4368/6073 4354/6074 4366/6075
f 4354/6074 4343/6052 4333/6048
f 4366/6075 4354/6074 4341/6076
f 4341/6076 4354/6074 4333/6048
f 4321/6077 4314/6078 4291/6079
f 4291/6079 4314/6078 4337/6080
f 4321/6077 4291/6079 4333/6081
f 4291/6079 4337/6080 4204/6082
f 4333/6081 4291/6079 4179/6083
f 4333/6081 4179/6083 4341/6084
f 4341/6084 4179/6083 4187/6085
f 4179/6083 4291/6079 4173/6086
f 4173/6086 4291/6079 4197/6087
f 4197/6087 4291/6079 4204/6082
f 4197/6087 4204/6082 4220/6088
f 4220/6088 4204/6082 4217/6089
f 4373/6090 4377/6091 4382/6092
f 4373/6090 4382/6092 4357/6093
f 4382/6092 4377/6091 4389/6094
f 4389/6094 4377/6091 4385/6095
f 4385/6095 4377/6091 4378/6096
f 4389/6094 4385/6095 4388/6097
f 4385/6095 4378/6096 4376/6098
f 4388/6097 4385/6095 4383/6099
f 4383/6099 4385/6095 4376/6098
f 4388/6097 4383/6099 4374/6100
f 4374/6100 4383/6099 4367/6101
f 4367/6101 4383/6099 4376/6098
f 4367/6101 4376/6098 4351/6102
f 4351/6102 4376/6098 4358/6103
f 4352/6104 4364/6105 4340/6106
f 4352/6104 4340/6106 4337/6107
f 4368/6108 4372/6109 4364/6105
f 4372/6109 4368/6108 4366/6110
f 4372/6109 4366/6110 4363/6111
f 4372/6109 4363/6111 4364/6105
f 4363/6111 4366/6110 4380/6112
f 4363/6111 4380/6112 4335/6113
f 4363/6111 4335/6113 4364/6105
f 4364/6105 4335/6113 4340/6106
f 4340/6106 4335/6113 4332/6114
f 4332/6114 4335/6113 4324/6115
f 4340/6106 4332/6114 4328/6116
f 4340/6106 4328/6116 4327/6117
f 4340/6106 4327/6117 4337/6107
f 4337/6107 4327/6117 4319/6118
f 4337/6107 4319/6118 4310/6119
f 4337/6107 4310/6119 4296/6120
f 4337/6107 4296/6120 4174/6121
f 4337/6107 4174/6121 4204/6122
f 4204/6122 4174/6121 4206/6123
f 4174/6121 4296/6120 4302/6124
f 4206/6123 4174/6121 4233/6125
f 4233/6125 4174/6121 4292/6126
f 4292/6126 4174/6121 4302/6124
f 4233/6125 4292/6126 4231/6127
f 4231/6127 4292/6126 4303/6128
f 4292/6126 4302/6124 4317/6129
f 4292/6126 4317/6129 4303/6128
f 4317/6129 4302/6124 4316/6130
f 4303/6128 4317/6129 4308/6131
f 4303/6128 4308/6131 4324/6132
f 4324/6132 4308/6131 4317/6129
f 4324/6132 4317/6129 4332/6133
f 4332/6133 4317/6129 4316/6130
f 4332/6133 4316/6130 4328/6134
f 4376/6135 4378/6136 4336/6137
f 4336/6137 4378/6136 4342/6138
f 4342/6138 4378/6136 4377/6139
f 4336/6137 4342/6138 4348/6140
f 4348/6140 4342/6138 4359/6141
f 4348/6140 4359/6141 4361/6142
f 4361/6142 4359/6141 4370/6143
f 4348/6140 4361/6142 4349/6144
f 4349/6144 4361/6142 4370/6143
f 4349/6144 4370/6143 4360/6145
f 4336/6146 4348/6147 4325/6148
f 4325/6148 4348/6147 4349/6149
f 4325/6148 4349/6149 4306/6150
f 4306/6150 4349/6149 4305/6151
f 4325/6148 4306/6150 4300/6152
f 4300/6152 4306/6150 4305/6151
f 4300/6152 4305/6151 4315/6153
f 4305/6154 4349/6155 4360/6156
f 4305/6154 4360/6156 4323/6157
f 4305/6154 4323/6157 4315/6158
f 4323/6157 4360/6156 4370/6159
f 4315/6158 4323/6157 4309/6160
f 4323/6157 4370/6159 4359/6161
f 4323/6157 4359/6161 4309/6160
f 4315/6162 4309/6163 4304/6164
f 4315/6162 4304/6164 4300/6165
f 4304/6164 4309/6163 4298/6166
f 4298/6166 4309/6163 4297/6167
f 4298/6166 4297/6167 4301/6168
f 4300/6165 4304/6164 4196/6169
f 4196/6169 4304/6164 4298/6166
f 4300/6165 4196/6169 4250/6170
f 4298/6166 4301/6168 4307/6171
f 4250/6170 4196/6169 4252/6172
f 4298/6166 4307/6171 4190/6173
f 4190/6173 4307/6171 4311/6174
f 4196/6169 4298/6166 4228/6175
f 4228/6175 4298/6166 4190/6173
f 4196/6169 4228/6175 4252/6172
f 4228/6175 4190/6173 4232/6176
f 4252/6172 4228/6175 4239/6177
f 4239/6177 4228/6175 4232/6176
f 4252/6172 4239/6177 4219/6178
f 4239/6177 4232/6176 4236/6179
f 4239/6177 4236/6179 4219/6178
f 4236/6179 4232/6176 4256/6180
f 4219/6178 4236/6179 4215/6181
f 4215/6181 4236/6179 4256/6180
f 4215/6181 4256/6180 4249/6182
f 4249/6182 4256/6180 4271/6183
f 4249/6182 4271/6183 4265/6184
f 4265/6184 4271/6183 4273/6185
f 4233/6186 4231/6187 4240/6188
f 4240/6188 4231/6187 4254/6189
f 4254/6189 4231/6187 4268/6190
f 4240/6188 4254/6189 4269/6191
f 4269/6191 4254/6189 4268/6190
f 4240/6188 4269/6191 4233/6186
f 4269/6191 4268/6190 4272/6192
f 4272/6192 4268/6190 4263/6193
f 4272/6192 4263/6193 4269/6191
f 4269/6191 4263/6193 4262/6194
f 4262/6194 4263/6193 4221/6195
f 4269/6191 4262/6194 4264/6196
f 4264/6196 4262/6194 4275/6197
f 4269/6191 4264/6196 4242/6198
f 4242/6198 4264/6196 4275/6197
f 4269/6191 4242/6198 4233/6186
f 4242/6198 4275/6197 4260/6199
f 4233/6186 4242/6198 4227/6200
f 4227/6200 4242/6198 4260/6199
f 4233/6186 4227/6200 4206/6201
f 4206/6201 4227/6200 4260/6199
f 4206/6201 4260/6199 4219/6202
f 4219/6202 4260/6199 4252/6203
f 4206/6201 4219/6202 4215/6204
f 4206/6201 4215/6204 4204/6205
f 4204/6205 4215/6204 4217/6206
f 4217/6206 4215/6204 4249/6207
f 4217/6206 4249/6207 4251/6208
f 4251/6208 4249/6207 4265/6209
f 4217/6206 4251/6208 4247/6210
f 4258/6211 4243/6212 4274/6213
f 4274/6213 4243/6212 4266/6214
f 4266/6214 4243/6212 4250/6215
f 4266/6214 4250/6215 4267/6216
f 4266/6214 4267/6216 4282/6217
f 4266/6214 4282/6217 4280/6218
f 4266/6214 4280/6218 4274/6213
f 4280/6218 4282/6217 4286/6219
f 4280/6218 4286/6219 4274/6213
f 4274/6213 4286/6219 4287/6220
o tripo_part_8
v -0.101096 0.045347 -0.442720
v -0.099963 0.054152 -0.450507
v -0.093495 0.089811 -0.446607
v -0.093420 0.058931 -0.399838
v -0.092966 0.076704 -0.397845
v -0.092911 0.048807 -0.444696
v -0.092868 0.056958 -0.399558
v -0.092840 0.079231 -0.398143
v -0.092778 0.048756 -0.405480
v -0.092748 0.059973 -0.398311
v -0.092710 0.066090 -0.396762
v -0.092649 0.087494 -0.402036
v -0.092628 0.089056 -0.403867
v -0.092606 0.044107 -0.411170
v -0.092350 0.051739 -0.402354
v -0.092024 0.093986 -0.407868
v -0.091532 0.097208 -0.413804
v -0.091028 0.069199 -0.394790
v -0.091001 0.099249 -0.419100
v -0.090983 0.099203 -0.425880
v -0.090941 0.081310 -0.396277
v -0.090849 0.043489 -0.438003
v -0.090836 0.048384 -0.446952
v -0.090406 0.057313 -0.397002
v -0.090355 0.093176 -0.403800
v -0.090278 0.046993 -0.443146
v -0.090277 0.051243 -0.447398
v -0.090250 0.043058 -0.407653
v -0.090204 0.099810 -0.427476
v -0.089901 0.049711 -0.445861
v -0.089854 0.098177 -0.435061
v -0.089699 0.060454 -0.451543
v -0.089687 0.052203 -0.448188
v -0.089487 0.095869 -0.439711
v -0.089399 0.071978 -0.453036
v -0.089398 0.058844 -0.451539
v -0.089223 0.069214 -0.453679
v -0.089146 0.088274 -0.447627
v -0.089104 0.061999 -0.452670
v -0.089024 0.045990 -0.444770
v -0.088949 0.101099 -0.417342
v -0.088884 0.082333 -0.451407
v -0.088825 0.075699 -0.453395
v -0.087704 0.101515 -0.430161
v -0.087141 0.053191 -0.451510
v -0.087087 0.098181 -0.440404
v -0.086912 0.090130 -0.449248
v -0.086369 0.063899 -0.455277
v -0.086360 0.078030 -0.455300
v -0.080509 0.068621 -0.393855
v -0.080286 0.055215 -0.397616
v -0.080242 0.095701 -0.405883
v -0.080099 0.084690 -0.397277
v -0.079973 0.042965 -0.407775
v -0.079745 0.048765 -0.401856
v -0.079327 0.102243 -0.424758
v -0.078913 0.075934 -0.396628
v -0.078827 0.068741 -0.396327
v -0.078789 0.080142 -0.397864
v -0.078717 0.056656 -0.399272
v -0.078635 0.059155 -0.398402
v -0.078533 0.077393 -0.397906
v -0.078486 0.089430 -0.403550
v -0.078394 0.050098 -0.403466
v -0.078240 0.096901 -0.411693
v -0.078188 0.097361 -0.440050
v -0.078091 0.045338 -0.408780
v -0.078049 0.047821 -0.405631
v -0.077873 0.042820 -0.411853
v -0.077526 0.043592 -0.411906
v -0.077379 0.099718 -0.425309
v -0.077372 0.090017 -0.448638
v -0.077093 0.061037 -0.453778
v -0.076788 0.079901 -0.453702
v -0.076781 0.045153 -0.440256
v -0.076777 0.070541 -0.455066
v -0.076254 0.095577 -0.438528
v -0.076212 0.088695 -0.445681
v -0.076103 0.052810 -0.448357
v -0.075968 0.058714 -0.450816
v -0.075878 0.085533 -0.448628
v -0.075775 0.078517 -0.451667
v -0.075695 0.060769 -0.450906
v -0.075672 0.062424 -0.452014
v -0.075575 0.049360 -0.444517
v -0.075564 0.076911 -0.451898
v -0.075455 0.070037 -0.452697
v -0.073374 0.043951 -0.437527
v -0.068022 0.042841 -0.411719
v -0.067999 0.054262 -0.447980
v -0.067591 0.049604 -0.443733
v -0.066527 0.050047 -0.444829
v -0.066374 0.052460 -0.446916
v -0.065859 0.042908 -0.412398
v -0.065150 0.041666 -0.416198
v -0.064680 0.074289 -0.401729
v -0.064654 0.076967 -0.402909
v -0.064650 0.067690 -0.401975
v -0.064646 0.061993 -0.402976
v -0.064627 0.075973 -0.412137
v -0.064490 0.040932 -0.424118
v -0.064478 0.042784 -0.434971
v -0.064387 0.043962 -0.436355
v -0.064261 0.085462 -0.407239
v -0.064234 0.054039 -0.407878
v -0.064142 0.048010 -0.442382
v -0.064112 0.041176 -0.429291
v -0.063853 0.074758 -0.414979
v -0.063807 0.049187 -0.414243
v -0.063536 0.049871 -0.417619
v -0.063528 0.090694 -0.414246
v -0.063357 0.059909 -0.418713
v -0.063261 0.076531 -0.429557
v -0.063193 0.071463 -0.420367
v -0.062960 0.092619 -0.422480
v -0.062952 0.047323 -0.423812
v -0.062739 0.077744 -0.427808
v -0.062685 0.071341 -0.426943
v -0.062540 0.049774 -0.432880
v -0.062521 0.075118 -0.431001
v -0.062479 0.050720 -0.430763
v -0.062449 0.091177 -0.431583
v -0.062052 0.084858 -0.439588
v -0.062041 0.054530 -0.439755
v -0.061743 0.077190 -0.444173
v -0.061671 0.062803 -0.444078
v -0.061514 0.074548 -0.445239
v -0.061487 0.049749 -0.404374
v -0.061461 0.079336 -0.396716
v -0.061133 0.047859 -0.405211
v -0.061041 0.089544 -0.403459
v -0.060904 0.076014 -0.395858
v -0.060736 0.044346 -0.410670
v -0.060622 0.073921 -0.451547
v -0.060568 0.050402 -0.402436
v -0.060461 0.059234 -0.397944
v -0.060061 0.064722 -0.395797
v -0.059996 0.085380 -0.406646
v -0.059874 0.053569 -0.407710
v -0.059832 0.074926 -0.401585
v -0.059805 0.059090 -0.419630
v -0.059786 0.055228 -0.422740
v -0.059653 0.057557 -0.427509
v -0.059519 0.087570 -0.401250
v -0.059489 0.043421 -0.412251
v -0.059450 0.062533 -0.402228
v -0.059103 0.049168 -0.413543
v -0.059088 0.063988 -0.424537
v -0.058882 0.041174 -0.424859
v -0.058806 0.097298 -0.413474
v -0.058768 0.045744 -0.438654
v -0.058760 0.073104 -0.400842
v -0.058661 0.041172 -0.422276
v -0.058649 0.093164 -0.406781
v -0.058623 0.075811 -0.451104
v -0.058592 0.060224 -0.398635
v -0.058569 0.050768 -0.405028
v -0.058543 0.076323 -0.398101
v -0.058543 0.044603 -0.436054
v -0.058504 0.064774 -0.450942
v -0.058466 0.088467 -0.443623
v -0.058386 0.099016 -0.426232
v -0.058363 0.077066 -0.450227
v -0.058298 0.061751 -0.450156
v -0.058234 0.041702 -0.428462
v -0.058218 0.058831 -0.449006
v -0.058146 0.078361 -0.397719
v -0.058115 0.054131 -0.406112
v -0.058100 0.091551 -0.413493
v -0.058089 0.042425 -0.417299
v -0.058069 0.088188 -0.444885
v -0.058069 0.048500 -0.405970
v -0.058043 0.084608 -0.447610
v -0.058028 0.048544 -0.412869
v -0.058016 0.060924 -0.402903
v -0.057993 0.050373 -0.443682
v -0.057993 0.042881 -0.432577
v -0.057989 0.047480 -0.421486
v -0.057944 0.051957 -0.407727
v -0.057863 0.045391 -0.411414
v -0.057848 0.096153 -0.435686
v -0.057795 0.077629 -0.401992
v -0.057795 0.047722 -0.425934
v -0.057772 0.087995 -0.404317
v -0.057764 0.051203 -0.403426
v -0.057642 0.093347 -0.422398
v -0.057513 0.048862 -0.441899
v -0.057501 0.090332 -0.442999
v -0.057413 0.052930 -0.445754
v -0.057394 0.060684 -0.449057
v -0.057276 0.044554 -0.414426
v -0.057207 0.042765 -0.423706
v -0.057112 0.053442 -0.439043
v -0.057055 0.098276 -0.423508
v -0.056998 0.062805 -0.444346
v -0.056967 0.046158 -0.423547
v -0.056952 0.050411 -0.442328
v -0.056841 0.078892 -0.449841
v -0.056795 0.043165 -0.422497
v -0.056715 0.091844 -0.431620
v -0.056555 0.074506 -0.445300
v -0.056555 0.085018 -0.440120
v -0.056486 0.049295 -0.432748
v -0.056254 0.043180 -0.428064
v -0.056002 0.087898 -0.442235
v -0.055975 0.080653 -0.442731
v -0.055956 0.094383 -0.434324
v -0.055949 0.045479 -0.434700
v -0.055918 0.062824 -0.445157
v -0.055762 0.056872 -0.420571
v -0.055758 0.061194 -0.420704
v -0.055701 0.058775 -0.447843
v -0.055517 0.063679 -0.449149
v -0.055487 0.047750 -0.438161
v -0.055483 0.070356 -0.450122
v -0.055483 0.050981 -0.440241
v -0.055346 0.062365 -0.425414
v -0.055323 0.061446 -0.447043
v -0.055296 0.057492 -0.426252
v -0.055266 0.053414 -0.441717
v -0.055228 0.076199 -0.448563
v -0.055228 0.053502 -0.444531
v -0.055212 0.086597 -0.443571
v -0.055048 0.079515 -0.447383
v -0.102568 0.096992 -0.438497
v -0.105592 0.058214 -0.453065
v -0.105685 0.048450 -0.446732
v -0.107864 0.048111 -0.445650
v -0.110351 0.060444 -0.453637
v -0.111383 0.061636 -0.454898
v -0.112609 0.051191 -0.450034
v -0.114274 0.045988 -0.445165
v -0.114323 0.101053 -0.425939
v -0.114747 0.042931 -0.440498
v -0.115134 0.049135 -0.405482
v -0.115166 0.094652 -0.444833
v -0.117996 0.089184 -0.450059
v -0.121609 0.099562 -0.437390
v -0.121798 0.043522 -0.411347
v -0.121901 0.100824 -0.422111
v -0.122376 0.069557 -0.456904
v -0.123467 0.072058 -0.456832
v -0.123675 0.045952 -0.408383
v -0.123814 0.047569 -0.447200
v -0.123816 0.077232 -0.455991
v -0.124014 0.042961 -0.441330
v -0.124016 0.068083 -0.398059
v -0.124081 0.101023 -0.428645
v -0.125031 0.079525 -0.455848
v -0.125204 0.075088 -0.457251
v -0.125262 0.054583 -0.453242
v -0.125279 0.085564 -0.453448
v -0.125649 0.089811 -0.404687
v -0.125910 0.044027 -0.442785
v -0.126257 0.098068 -0.441111
v -0.127022 0.045771 -0.445969
v -0.127455 0.090340 -0.449578
v -0.128378 0.083919 -0.401193
v -0.128525 0.062058 -0.456744
v -0.129170 0.099073 -0.416382
v -0.129338 0.059305 -0.400330
v -0.129671 0.088921 -0.451493
v -0.130263 0.098196 -0.439646
v -0.131104 0.050377 -0.450927
v -0.131954 0.059633 -0.455245
v -0.132065 0.051598 -0.403869
v -0.132841 0.056378 -0.401256
v -0.134302 0.094133 -0.408767
v -0.134306 0.094742 -0.446418
v -0.134848 0.076903 -0.399554
v -0.135920 0.101374 -0.426886
v -0.135969 0.045505 -0.445902
v -0.136023 0.043467 -0.412715
v -0.136889 0.100344 -0.435545
v -0.138289 0.047913 -0.448096
v -0.138979 0.071774 -0.399016
v -0.140188 0.056089 -0.454692
v -0.141035 0.069895 -0.457808
v -0.144408 0.090177 -0.406663
v -0.145617 0.098701 -0.439369
v -0.145651 0.051976 -0.452584
v -0.145735 0.046957 -0.447671
v -0.147562 0.048551 -0.449742
v -0.153071 0.058932 -0.455975
v -0.156966 0.099958 -0.430699
v -0.157892 0.048782 -0.448996
v -0.158339 0.077150 -0.457360
v -0.161360 0.071870 -0.457827
v -0.164202 0.060543 -0.456384
v -0.164393 0.069750 -0.458583
v -0.164423 0.088470 -0.451453
v -0.164568 0.062199 -0.457745
v -0.164568 0.058193 -0.456361
v -0.164576 0.090063 -0.451085
v -0.164583 0.049015 -0.449576
v -0.164683 0.051187 -0.452311
v -0.164713 0.049345 -0.450601
v -0.164751 0.087702 -0.453156
v -0.164774 0.078935 -0.457435
v -0.164919 0.096876 -0.442508
v -0.164950 0.095449 -0.445297
v -0.164980 0.047281 -0.448369
v -0.165079 0.075305 -0.458585
v -0.165262 0.098997 -0.436939
v -0.165392 0.044949 -0.445567
v -0.165484 0.099394 -0.430228
v -0.165491 0.058647 -0.457837
v -0.165674 0.050493 -0.453404
v -0.165888 0.099523 -0.423880
v -0.166048 0.045057 -0.448159
v -0.166102 0.097372 -0.418054
v -0.166262 0.045906 -0.413230
v -0.166376 0.067016 -0.460500
v -0.166399 0.091408 -0.409882
v -0.166445 0.088701 -0.407981
v -0.166491 0.049902 -0.409051
v -0.166590 0.090517 -0.453534
v -0.166621 0.083229 -0.457738
v -0.166666 0.043127 -0.446480
v -0.166781 0.057959 -0.404149
v -0.166804 0.047239 -0.451632
v -0.166872 0.083622 -0.404397
v -0.166918 0.078130 -0.402745
v -0.167048 0.061959 -0.459729
v -0.167147 0.073454 -0.460692
v -0.167361 0.076031 -0.401732
v -0.167383 0.100130 -0.440221
v -0.167422 0.101995 -0.429556
v -0.167452 0.095879 -0.448211
v -0.167475 0.063217 -0.401965
v -0.167826 0.099344 -0.417173
v -0.168230 0.043098 -0.412616
v -0.168658 0.091705 -0.407235
v -0.168673 0.056273 -0.402610
v -0.169047 0.082481 -0.401858
v -0.169085 0.048784 -0.464232
v -0.169466 0.043037 -0.456149
v -0.169482 0.069961 -0.399653
v -0.169611 0.047369 -0.452159
v -0.169634 0.052030 -0.460727
v -0.169665 0.053071 -0.456542
v -0.170321 0.045441 -0.450396
v -0.172022 0.047810 -0.407813
v -0.173617 0.042581 -0.448155
v -0.175738 0.096565 -0.447612
v -0.175761 0.082591 -0.458932
v -0.175829 0.100779 -0.439448
v -0.175837 0.090517 -0.454307
v -0.175844 0.075934 -0.460900
v -0.175959 0.062120 -0.460334
v -0.176028 0.069105 -0.461320
v -0.176081 0.052687 -0.456971
v -0.176935 0.045340 -0.451182
v -0.177073 0.101892 -0.428887
v -0.177119 0.051931 -0.461896
v -0.177698 0.079164 -0.458039
v -0.177706 0.045610 -0.450787
v -0.177714 0.042932 -0.448701
v -0.177798 0.047857 -0.452041
v -0.178026 0.059306 -0.457635
v -0.178248 0.065290 -0.458741
v -0.178782 0.098255 -0.416304
v -0.179041 0.052875 -0.453946
v -0.179613 0.045849 -0.451642
v -0.179987 0.069953 -0.400048
v -0.180201 0.086193 -0.404355
v -0.180254 0.055857 -0.403764
vt 0.297367 0.689638
vt 0.285430 0.689832
vt 0.286468 0.673354
vt 0.285560 0.705338
vt 0.282770 0.685356
vt 0.281797 0.700342
vt 0.252148 0.693206
vt 0.236124 0.706765
vt 0.235345 0.700926
vt 0.242287 0.676533
vt 0.281927 0.703975
vt 0.243520 0.719221
vt 0.282186 0.677182
vt 0.281083 0.674781
vt 0.239562 0.669461
vt 0.282965 0.716237
vt 0.246828 0.728629
vt 0.281862 0.672056
vt 0.281018 0.663363
vt 0.241119 0.656356
vt 0.259544 0.651296
vt 0.282965 0.719221
vt 0.284846 0.726098
vt 0.239627 0.737581
vt 0.287765 0.721557
vt 0.290750 0.737581
vt 0.300935 0.725255
vt 0.299378 0.708647
vt 0.303920 0.717275
vt 0.306774 0.729861
vt 0.302038 0.698201
vt 0.302298 0.703975
vt 0.326302 0.715718
vt 0.330195 0.720195
vt 0.332919 0.728045
vt 0.327016 0.712474
vt 0.331622 0.713642
vt 0.303011 0.700472
vt 0.324096 0.702094
vt 0.328183 0.701380
vt 0.327664 0.698331
vt 0.323253 0.696450
vt 0.301260 0.688989
vt 0.332530 0.701316
vt 0.324096 0.684902
vt 0.299962 0.672510
vt 0.303011 0.676727
vt 0.327535 0.680101
vt 0.302038 0.662519
vt 0.324940 0.678544
vt 0.303206 0.673419
vt 0.326043 0.667320
vt 0.329351 0.668683
vt 0.305736 0.663493
vt 0.325783 0.664920
vt 0.307747 0.659924
vt 0.286792 0.654345
vt 0.301779 0.650517
vt 0.281343 0.657524
vt 0.287311 0.647468
vt 0.255262 0.639683
vt 0.222694 0.611786
vt 0.257987 0.635142
vt 0.247153 0.630730
vt 0.308980 0.655707
vt 0.326691 0.662714
vt 0.310083 0.652658
vt 0.330000 0.666542
vt 0.309694 0.652009
vt 0.320982 0.648831
vt 0.323318 0.649739
vt 0.328313 0.655059
vt 0.330259 0.663233
vt 0.330649 0.654021
vt 0.327145 0.645781
vt 0.332984 0.657459
vt 0.333698 0.665439
vt 0.333179 0.669526
vt 0.335190 0.650777
vt 0.338758 0.646819
vt 0.334736 0.654410
vt 0.337007 0.659016
vt 0.335514 0.667710
vt 0.332400 0.678803
vt 0.340445 0.648506
vt 0.342391 0.651036
vt 0.341678 0.646430
vt 0.340769 0.637996
vt 0.342910 0.643121
vt 0.346349 0.639942
vt 0.346089 0.643705
vt 0.346803 0.645133
vt 0.350696 0.640656
vt 0.352772 0.645522
vt 0.347062 0.649998
vt 0.354134 0.653112
vt 0.343624 0.653372
vt 0.338629 0.659795
vt 0.344338 0.662065
vt 0.348036 0.661287
vt 0.340121 0.669850
vt 0.338888 0.681009
vt 0.363476 0.651231
vt 0.332790 0.681723
vt 0.331687 0.694633
vt 0.338953 0.688924
vt 0.333957 0.697618
vt 0.336682 0.711566
vt 0.353810 0.674651
vt 0.362763 0.688210
vt 0.356340 0.671732
vt 0.353745 0.695087
vt 0.365747 0.677182
vt 0.339342 0.696774
vt 0.350501 0.698461
vt 0.367499 0.696190
vt 0.340315 0.700018
vt 0.364644 0.704624
vt 0.341678 0.712150
vt 0.342002 0.720908
vt 0.345441 0.728953
vt 0.337136 0.722400
vt 0.340834 0.734922
vt 0.367693 0.663622
vt 0.363865 0.669915
vt 0.360492 0.670824
vt 0.363022 0.665633
vt 0.359129 0.667450
vt 0.357443 0.661936
vt 0.165645 0.795225
vt 0.171224 0.813585
vt 0.118220 0.810925
vt 0.154097 0.826495
vt 0.118090 0.803140
vt 0.161947 0.789970
vt 0.156692 0.783028
vt 0.114003 0.792046
vt 0.171224 0.771545
vt 0.113484 0.804113
vt 0.095578 0.802167
vt 0.105310 0.794641
vt 0.101158 0.817996
vt 0.113938 0.819489
vt 0.116144 0.827858
vt 0.156497 0.835578
vt 0.112252 0.835253
vt 0.098563 0.839730
vt 0.116469 0.831101
vt 0.115625 0.838562
vt 0.161687 0.847775
vt 0.108554 0.848164
vt 0.092335 0.858674
vt 0.098044 0.864902
vt 0.160585 0.858350
vt 0.110240 0.850564
vt 0.114003 0.846347
vt 0.138202 0.854327
vt 0.148063 0.864383
vt 0.361428 0.878208
vt 0.374144 0.878467
vt 0.375376 0.886642
vt 0.364607 0.887161
vt 0.372846 0.889561
vt 0.361428 0.930758
vt 0.375182 0.920961
vt 0.537080 0.058972
vt 0.551742 0.037303
vt 0.550056 0.066692
vt 0.561085 0.039704
vt 0.548174 0.070390
vt 0.528127 0.058972
vt 0.532474 0.076100
vt 0.562966 0.043791
vt 0.575292 0.046646
vt 0.573541 0.050019
vt 0.567702 0.074607
vt 0.585932 0.054885
vt 0.566145 0.079214
vt 0.588981 0.052160
vt 0.580742 0.079149
vt 0.588333 0.056701
vt 0.580288 0.084079
vt 0.590344 0.057026
vt 0.592095 0.053068
vt 0.590993 0.047749
vt 0.595858 0.059621
vt 0.586516 0.081030
vt 0.604487 0.059037
vt 0.597221 0.083560
vt 0.594691 0.086674
vt 0.606368 0.060918
vt 0.607990 0.056053
vt 0.599297 0.083820
vt 0.606433 0.089334
vt 0.608250 0.061308
vt 0.609936 0.064292
vt 0.596118 0.100298
vt 0.602995 0.054950
vt 0.608769 0.050668
vt 0.598843 0.049241
vt 0.608963 0.044245
vt 0.604162 0.042623
vt 0.603838 0.025561
vt 0.600724 0.023874
vt 0.610261 0.007655
vt 0.598453 0.023679
vt 0.607341 0.004281
vt 0.592485 0.040353
vt 0.572178 0.005773
vt 0.572438 0.027507
vt 0.578925 0.035292
vt 0.575747 0.041845
vt 0.566469 0.034189
vt 0.561993 0.025301
vt 0.376636 0.815013
vt 0.377415 0.796718
vt 0.381891 0.803530
vt 0.383902 0.811251
vt 0.396164 0.805931
vt 0.405182 0.811186
vt 0.378907 0.835449
vt 0.411345 0.820528
vt 0.393763 0.834022
vt 0.395191 0.840056
vt 0.380010 0.841353
vt 0.404468 0.830908
vt 0.411604 0.823707
vt 0.418352 0.816635
vt 0.409399 0.835709
vt 0.395126 0.841872
vt 0.416211 0.829416
vt 0.377739 0.846413
vt 0.412772 0.838304
vt 0.412513 0.842067
vt 0.408296 0.839926
vt 0.393569 0.847452
vt 0.396683 0.844856
vt 0.407193 0.843429
vt 0.397591 0.849657
vt 0.385135 0.848619
vt 0.376636 0.852058
vt 0.380269 0.855561
vt 0.395645 0.851409
vt 0.391947 0.853161
vt 0.387276 0.874570
vt 0.377415 0.875867
vt 0.386887 0.878073
vt 0.400965 0.875284
vt 0.398629 0.872688
vt 0.401289 0.871326
vt 0.404014 0.870937
vt 0.410372 0.870158
vt 0.410696 0.859713
vt 0.400511 0.850176
vt 0.408426 0.846284
vt 0.399927 0.846933
vt 0.413162 0.856859
vt 0.411994 0.844273
vt 0.417119 0.853290
vt 0.418871 0.852252
vt 0.424580 0.856599
vt 0.421141 0.848165
vt 0.435674 0.854783
vt 0.415043 0.841742
vt 0.421076 0.840380
vt 0.436841 0.848230
vt 0.428278 0.838758
vt 0.416989 0.836812
vt 0.422309 0.837071
vt 0.429835 0.837331
vt 0.420687 0.833568
vt 0.425618 0.828897
vt 0.425229 0.833698
vt 0.428797 0.829870
vt 0.435155 0.834087
vt 0.010341 0.306587
vt 0.020851 0.309766
vt 0.014948 0.318979
vt 0.001388 0.310091
vt 0.027663 0.322871
vt 0.004048 0.317162
vt 0.020397 0.325985
vt 0.015661 0.323779
vt 0.005995 0.346032
vt 0.001388 0.369647
vt 0.018062 0.325920
vt 0.008590 0.347589
vt 0.007292 0.374448
vt 0.029610 0.327283
vt 0.013196 0.344864
vt 0.022084 0.339025
vt 0.017867 0.368414
vt 0.012936 0.384309
vt 0.026755 0.376978
vt 0.026236 0.354012
vt 0.030518 0.328515
vt 0.033827 0.328256
vt 0.034540 0.325856
vt 0.039017 0.326245
vt 0.032464 0.368544
vt 0.032399 0.385412
vt 0.034346 0.392938
vt 0.034540 0.346097
vt 0.035189 0.372956
vt 0.035643 0.331630
vt 0.039082 0.328515
vt 0.046542 0.330267
vt 0.043753 0.341685
vt 0.036876 0.348433
vt 0.040379 0.356412
vt 0.048294 0.359007
vt 0.046218 0.368285
vt 0.042325 0.371010
vt 0.040120 0.379833
vt 0.558425 0.091540
vt 0.576655 0.096795
vt 0.546163 0.084793
vt 0.569908 0.106332
vt 0.540778 0.086999
vt 0.586905 0.103737
vt 0.547331 0.092059
vt 0.557127 0.095498
vt 0.602151 0.106462
vt 0.597286 0.105099
vt 0.577109 0.101012
vt 0.575811 0.149150
vt 0.586257 0.152524
vt 0.589695 0.152848
vt 0.592939 0.155184
vt 0.597999 0.153757
vt 0.600789 0.107824
vt 0.600854 0.153757
vt 0.610261 0.174517
vt 0.569908 0.135916
vt 0.568545 0.150059
vt 0.565950 0.145582
vt 0.553624 0.128974
vt 0.549601 0.153238
vt 0.538897 0.139419
vt 0.546228 0.109641
vt 0.536107 0.140457
vt 0.531371 0.128325
vt 0.511065 0.119567
vt 0.513855 0.134164
vt 0.538118 0.086350
vt 0.531436 0.080706
vt 0.516644 0.107824
vt 0.500620 0.128974
vt 0.506004 0.110614
vt 0.493418 0.113079
vt 0.525662 0.077916
vt 0.518785 0.075061
vt 0.480508 0.113922
vt 0.598412 0.658173
vt 0.598282 0.667774
vt 0.584658 0.666477
vt 0.584658 0.677117
vt 0.572332 0.670369
vt 0.594325 0.675105
vt 0.600877 0.670110
vt 0.609376 0.662584
vt 0.632213 0.690806
vt 0.624492 0.702483
vt 0.600229 0.704949
vt 0.587513 0.680231
vt 0.586345 0.689832
vt 0.605549 0.720843
vt 0.585048 0.715069
vt 0.576938 0.684772
vt 0.572656 0.681917
vt 0.576224 0.709230
vt 0.579663 0.737581
vt 0.574408 0.729342
vt 0.570645 0.686978
vt 0.569737 0.734922
vt 0.557021 0.724995
vt 0.561238 0.679647
vt 0.561368 0.670305
vt 0.550728 0.670499
vt 0.563963 0.685810
vt 0.550793 0.680101
vt 0.553064 0.683410
vt 0.547354 0.731353
vt 0.550923 0.683734
vt 0.548198 0.682891
vt 0.542164 0.729731
vt 0.534055 0.731224
vt 0.541386 0.667904
vt 0.534444 0.682891
vt 0.518225 0.737581
vt 0.539634 0.679322
vt 0.527891 0.692298
vt 0.515241 0.733624
vt 0.509986 0.729147
vt 0.525232 0.683799
vt 0.502006 0.726228
vt 0.517446 0.686978
vt 0.502460 0.705727
vt 0.519068 0.678609
vt 0.525815 0.676857
vt 0.516733 0.671407
vt 0.522117 0.663103
vt 0.531135 0.667061
vt 0.536261 0.664855
vt 0.518355 0.658173
vt 0.717435 0.982761
vt 0.713089 0.990027
vt 0.712116 0.978674
vt 0.716852 0.973549
vt 0.696091 0.986459
vt 0.711142 0.962585
vt 0.717825 0.961352
vt 0.712116 0.955383
vt 0.696805 0.977506
vt 0.699140 0.962325
vt 0.699205 0.956616
vt 0.693042 0.972576
vt 0.691420 0.958757
vt 0.690382 0.971538
vt 0.689344 0.974652
vt 0.690512 0.977896
vt 0.691355 0.990027
vt 0.053301 0.817519
vt 0.059270 0.827704
vt 0.023328 0.842950
vt 0.002049 0.829910
vt 0.051420 0.814470
vt 0.004968 0.822644
vt 0.034163 0.814145
vt 0.013143 0.810058
vt 0.050901 0.810253
vt 0.021123 0.798380
vt 0.002049 0.795980
vt 0.048695 0.796369
vt 0.051160 0.796239
vt 0.023393 0.788324
vt 0.012948 0.782680
vt 0.048630 0.792022
vt 0.035590 0.786962
vt 0.019955 0.778593
vt 0.047333 0.790076
vt 0.052653 0.787740
vt 0.046489 0.787740
vt 0.048760 0.785145
vt 0.054923 0.784042
vt 0.014959 0.764385
vt 0.009704 0.752837
vt 0.955133 0.804392
vt 0.960907 0.810685
vt 0.958766 0.821066
vt 0.948386 0.800305
vt 0.952019 0.819898
vt 0.958183 0.828786
vt 0.965059 0.823596
vt 0.968303 0.818146
vt 0.970574 0.829435
vt 0.974661 0.821585
vt 0.958702 0.836701
vt 0.973688 0.833068
vt 0.954614 0.844421
vt 0.951371 0.840528
vt 0.951176 0.843253
vt 0.950397 0.847341
vt 0.948386 0.844875
vt 0.464353 0.464325
vt 0.470581 0.470294
vt 0.466753 0.468607
vt 0.467142 0.511685
vt 0.476355 0.520768
vt 0.464353 0.535625
s 1
usemtl Material
f 4441/6221 4409/6222 4415/6223
f 4409/6222 4441/6221 4412/6224
f 4415/6223 4409/6222 4402/6225
f 4402/6225 4409/6222 4396/6226
f 4396/6226 4409/6222 4412/6224
f 4402/6225 4396/6226 4638/6227
f 4638/6227 4396/6226 4661/6228
f 4638/6227 4661/6228 4667/6229
f 4402/6225 4638/6227 4652/6230
f 4661/6228 4396/6226 4399/6231
f 4399/6231 4396/6226 4412/6224
f 4661/6228 4399/6231 4649/6232
f 4402/6225 4652/6230 4401/6233
f 4402/6225 4401/6233 4415/6223
f 4401/6233 4652/6230 4395/6234
f 4401/6233 4395/6234 4415/6223
f 4395/6234 4652/6230 4658/6235
f 4649/6232 4399/6231 4403/6236
f 4403/6236 4399/6231 4412/6224
f 4649/6232 4403/6236 4644/6237
f 4395/6234 4658/6235 4398/6238
f 4395/6234 4398/6238 4415/6223
f 4398/6238 4658/6235 4406/6239
f 4398/6238 4406/6239 4415/6223
f 4406/6239 4658/6235 4657/6240
f 4406/6239 4657/6240 4626/6241
f 4644/6237 4403/6236 4404/6242
f 4644/6237 4404/6242 4407/6243
f 4644/6237 4407/6243 4659/6244
f 4404/6242 4403/6236 4416/6245
f 4404/6242 4416/6245 4407/6243
f 4416/6245 4403/6236 4412/6224
f 4407/6243 4416/6245 4432/6246
f 4432/6246 4416/6245 4443/6247
f 4416/6245 4412/6224 4444/6248
f 4416/6245 4444/6248 4443/6247
f 4444/6248 4412/6224 4441/6221
f 4443/6247 4444/6248 4454/6249
f 4443/6247 4454/6249 4456/6250
f 4444/6248 4441/6221 4448/6251
f 4454/6249 4444/6248 4450/6252
f 4450/6252 4444/6248 4448/6251
f 4456/6250 4454/6249 4522/6253
f 4456/6250 4522/6253 4545/6254
f 4456/6250 4545/6254 4541/6255
f 4522/6253 4454/6249 4535/6256
f 4535/6256 4454/6249 4450/6252
f 4545/6254 4522/6253 4575/6257
f 4545/6254 4575/6257 4541/6255
f 4575/6257 4522/6253 4535/6256
f 4453/6258 4450/6252 4448/6251
f 4535/6256 4450/6252 4520/6259
f 4520/6259 4450/6252 4453/6258
f 4535/6256 4520/6259 4558/6260
f 4535/6256 4558/6260 4575/6257
f 4520/6259 4453/6258 4549/6261
f 4520/6259 4549/6261 4558/6260
f 4453/6258 4448/6251 4523/6262
f 4453/6258 4523/6262 4549/6261
f 4523/6262 4448/6251 4449/6263
f 4449/6263 4448/6251 4441/6221
f 4575/6257 4558/6260 4573/6264
f 4573/6264 4558/6260 4549/6261
f 4523/6262 4449/6263 4528/6265
f 4523/6262 4528/6265 4549/6261
f 4449/6263 4441/6221 4442/6266
f 4442/6266 4441/6221 4415/6223
f 4528/6265 4449/6263 4452/6267
f 4452/6267 4449/6263 4442/6266
f 4549/6261 4528/6265 4547/6268
f 4442/6266 4415/6223 4446/6269
f 4528/6265 4452/6267 4527/6270
f 4528/6265 4527/6270 4547/6268
f 4452/6267 4442/6266 4451/6271
f 4452/6267 4451/6271 4527/6270
f 4451/6271 4442/6266 4446/6269
f 4527/6270 4451/6271 4526/6272
f 4527/6270 4526/6272 4576/6273
f 4527/6270 4576/6273 4547/6268
f 4526/6272 4451/6271 4455/6274
f 4455/6274 4451/6271 4446/6269
f 4526/6272 4455/6274 4519/6275
f 4526/6272 4519/6275 4576/6273
f 4455/6274 4446/6269 4459/6276
f 4455/6274 4459/6276 4519/6275
f 4419/6277 4446/6269 4415/6223
f 4419/6277 4415/6223 4406/6239
f 4459/6276 4446/6269 4445/6278
f 4445/6278 4446/6269 4419/6277
f 4419/6277 4406/6239 4400/6279
f 4419/6277 4400/6279 4405/6280
f 4400/6279 4406/6239 4626/6241
f 4405/6280 4400/6279 4634/6281
f 4634/6281 4400/6279 4626/6241
f 4634/6281 4626/6241 4707/6282
f 4405/6280 4634/6281 4630/6283
f 4630/6283 4634/6281 4664/6284
f 4458/6285 4459/6276 4445/6278
f 4459/6276 4458/6285 4521/6286
f 4459/6276 4521/6286 4519/6275
f 4458/6285 4445/6278 4461/6287
f 4519/6275 4521/6286 4548/6288
f 4461/6287 4445/6278 4460/6289
f 4460/6289 4445/6278 4480/6290
f 4460/6289 4480/6290 4461/6287
f 4461/6287 4480/6290 4485/6291
f 4458/6285 4461/6287 4524/6292
f 4458/6285 4524/6292 4521/6286
f 4524/6292 4461/6287 4485/6291
f 4519/6275 4548/6288 4576/6273
f 4521/6286 4524/6292 4563/6293
f 4521/6286 4563/6293 4548/6288
f 4524/6292 4485/6291 4536/6294
f 4536/6294 4485/6291 4486/6295
f 4563/6293 4524/6292 4571/6296
f 4571/6296 4524/6292 4536/6294
f 4548/6288 4563/6293 4570/6297
f 4570/6297 4563/6293 4571/6296
f 4559/6298 4576/6273 4548/6288
f 4536/6294 4486/6295 4561/6299
f 4561/6299 4486/6295 4544/6300
f 4571/6296 4536/6294 4582/6301
f 4582/6301 4536/6294 4561/6299
f 4570/6297 4571/6296 4565/6302
f 4565/6302 4571/6296 4582/6301
f 4530/6303 4548/6288 4570/6297
f 4548/6288 4530/6303 4559/6298
f 4530/6303 4570/6297 4565/6302
f 4566/6304 4576/6273 4559/6298
f 4566/6304 4559/6298 4530/6303
f 4576/6273 4566/6304 4547/6268
f 4590/6305 4582/6301 4561/6299
f 4590/6305 4561/6299 4544/6300
f 4587/6306 4565/6302 4582/6301
f 4587/6306 4582/6301 4590/6305
f 4590/6305 4544/6300 4583/6307
f 4590/6305 4583/6307 4587/6306
f 4583/6307 4544/6300 4492/6308
f 4583/6307 4492/6308 4540/6309
f 4540/6309 4492/6308 4498/6310
f 4540/6309 4498/6310 4556/6311
f 4540/6309 4556/6311 4583/6307
f 4583/6307 4556/6311 4595/6312
f 4595/6312 4556/6311 4568/6313
f 4583/6307 4595/6312 4587/6306
f 4587/6306 4595/6312 4594/6314
f 4587/6306 4594/6314 4574/6315
f 4574/6315 4594/6314 4507/6316
f 4574/6315 4507/6316 4587/6306
f 4587/6306 4507/6316 4569/6317
f 4587/6306 4569/6317 4565/6302
f 4565/6302 4569/6317 4538/6318
f 4565/6302 4538/6318 4530/6303
f 4569/6317 4507/6316 4500/6319
f 4569/6317 4500/6319 4538/6318
f 4500/6319 4507/6316 4501/6320
f 4538/6318 4500/6319 4496/6321
f 4538/6318 4496/6321 4530/6303
f 4496/6321 4500/6319 4501/6320
f 4530/6303 4496/6321 4490/6322
f 4490/6322 4496/6321 4501/6320
f 4530/6303 4490/6322 4566/6304
f 4501/6320 4507/6316 4512/6323
f 4566/6304 4490/6322 4537/6324
f 4566/6304 4537/6324 4547/6268
f 4547/6268 4537/6324 4543/6325
f 4547/6268 4543/6325 4549/6261
f 4537/6324 4490/6322 4489/6326
f 4537/6324 4489/6326 4543/6325
f 4549/6261 4543/6325 4531/6327
f 4531/6327 4543/6325 4489/6326
f 4549/6261 4531/6327 4573/6264
f 4573/6264 4531/6327 4529/6328
f 4573/6264 4529/6328 4575/6257
f 4503/6329 4490/6322 4501/6320
f 4490/6322 4503/6329 4489/6326
f 4489/6326 4503/6329 4505/6330
f 4503/6329 4501/6320 4532/6331
f 4503/6329 4532/6331 4505/6330
f 4489/6326 4505/6330 4499/6332
f 4505/6330 4532/6331 4539/6333
f 4489/6326 4499/6332 4487/6334
f 4489/6326 4487/6334 4531/6327
f 4487/6334 4499/6332 4491/6335
f 4491/6335 4499/6332 4504/6336
f 4531/6327 4487/6334 4488/6337
f 4488/6337 4487/6334 4491/6335
f 4488/6337 4491/6335 4508/6338
f 4531/6327 4488/6337 4529/6328
f 4488/6337 4508/6338 4495/6339
f 4488/6337 4495/6339 4529/6328
f 4529/6328 4495/6339 4502/6340
f 4502/6340 4495/6339 4506/6341
f 4502/6340 4506/6341 4560/6342
f 4502/6340 4560/6342 4529/6328
f 4529/6328 4560/6342 4575/6257
f 4575/6257 4560/6342 4541/6255
f 4541/6255 4560/6342 4585/6343
f 4534/6344 4539/6333 4608/6345
f 4608/6345 4539/6333 4602/6346
f 4602/6346 4539/6333 4532/6331
f 4534/6344 4608/6345 4610/6347
f 4610/6347 4608/6345 4602/6346
f 4602/6346 4532/6331 4601/6348
f 4602/6346 4601/6348 4610/6347
f 4601/6348 4532/6331 4533/6349
f 4601/6348 4533/6349 4610/6347
f 4610/6347 4533/6349 4534/6344
f 4533/6349 4532/6331 4501/6320
f 4534/6344 4533/6349 4512/6323
f 4512/6323 4533/6349 4501/6320
f 4652/6350 4638/6351 4721/6352
f 4721/6352 4638/6351 4667/6353
f 4652/6350 4721/6352 4711/6354
f 4652/6350 4711/6354 4658/6355
f 4658/6355 4711/6354 4657/6356
f 4657/6356 4711/6354 4707/6357
f 4657/6356 4707/6357 4626/6358
f 4707/6357 4711/6354 4725/6359
f 4725/6359 4711/6354 4721/6352
f 4758/6360 4734/6361 4725/6359
f 4758/6360 4725/6359 4756/6362
f 4725/6359 4721/6352 4729/6363
f 4725/6359 4729/6363 4756/6362
f 4717/6364 4721/6352 4667/6353
f 4721/6352 4717/6364 4729/6363
f 4717/6364 4667/6353 4661/6365
f 4756/6362 4729/6363 4726/6366
f 4726/6366 4729/6363 4717/6364
f 4756/6362 4726/6366 4757/6367
f 4717/6364 4661/6365 4714/6368
f 4717/6364 4714/6368 4726/6366
f 4714/6368 4661/6365 4713/6369
f 4714/6368 4713/6369 4726/6366
f 4713/6369 4661/6365 4649/6370
f 4757/6367 4726/6366 4724/6371
f 4724/6371 4726/6366 4713/6369
f 4757/6367 4724/6371 4753/6372
f 4753/6372 4724/6371 4722/6373
f 4713/6369 4649/6370 4644/6374
f 4722/6373 4724/6371 4705/6375
f 4724/6371 4713/6369 4706/6376
f 4724/6371 4706/6376 4705/6375
f 4706/6376 4713/6369 4644/6374
f 4705/6375 4706/6376 4670/6377
f 4670/6377 4706/6376 4644/6374
f 4705/6375 4670/6377 4659/6378
f 4659/6378 4670/6377 4644/6374
f 4725/6379 4734/6380 4723/6381
f 4725/6379 4723/6381 4707/6382
f 4707/6382 4723/6381 4703/6383
f 4707/6382 4703/6383 4634/6384
f 4634/6384 4703/6383 4664/6385
f 4456/6386 4541/6387 4462/6388
f 4462/6388 4541/6387 4585/6389
f 4456/6386 4462/6388 4447/6390
f 4456/6386 4447/6390 4443/6391
f 4443/6391 4447/6390 4432/6392
f 4462/6388 4585/6389 4553/6393
f 4553/6393 4585/6389 4598/6394
f 4462/6388 4553/6393 4572/6395
f 4572/6395 4553/6393 4598/6394
f 4462/6388 4572/6395 4468/6396
f 4462/6388 4468/6396 4447/6390
f 4572/6395 4598/6394 4579/6397
f 4572/6395 4579/6397 4468/6396
f 4447/6390 4468/6396 4457/6398
f 4579/6397 4598/6394 4596/6399
f 4468/6396 4579/6397 4469/6400
f 4579/6397 4596/6399 4552/6401
f 4579/6397 4552/6401 4469/6400
f 4457/6398 4468/6396 4463/6402
f 4463/6402 4468/6396 4469/6400
f 4469/6400 4552/6401 4562/6403
f 4552/6401 4596/6399 4614/6404
f 4552/6401 4614/6404 4562/6403
f 4593/6405 4596/6399 4598/6394
f 4596/6399 4593/6405 4614/6404
f 4469/6400 4562/6403 4564/6406
f 4564/6406 4562/6403 4614/6404
f 4469/6400 4564/6406 4472/6407
f 4469/6400 4472/6407 4463/6402
f 4564/6406 4614/6404 4589/6408
f 4472/6407 4564/6406 4473/6409
f 4473/6409 4564/6406 4589/6408
f 4472/6407 4473/6409 4465/6410
f 4472/6407 4465/6410 4463/6402
f 4473/6409 4589/6408 4554/6411
f 4554/6411 4589/6408 4612/6412
f 4465/6410 4473/6409 4477/6413
f 4477/6413 4473/6409 4554/6411
f 4465/6410 4477/6413 4467/6414
f 4477/6413 4554/6411 4546/6415
f 4546/6415 4554/6411 4612/6412
f 4477/6413 4546/6415 4525/6416
f 4465/6410 4467/6414 4440/6417
f 4465/6410 4440/6417 4463/6402
f 4615/6418 4612/6412 4589/6408
f 4615/6418 4589/6408 4614/6404
f 4612/6412 4615/6418 4592/6419
f 4615/6418 4614/6404 4597/6420
f 4615/6418 4597/6420 4592/6419
f 4592/6419 4597/6420 4518/6421
f 4597/6420 4614/6404 4593/6405
f 4518/6421 4597/6420 4516/6422
f 4516/6422 4597/6420 4593/6405
f 4518/6421 4516/6422 4511/6423
f 4511/6423 4516/6422 4504/6424
f 4511/6423 4504/6424 4499/6425
f 4504/6424 4516/6422 4508/6426
f 4504/6424 4508/6426 4491/6427
f 4508/6426 4516/6422 4514/6428
f 4514/6428 4516/6422 4593/6405
f 4508/6426 4514/6428 4495/6429
f 4495/6429 4514/6428 4506/6430
f 4506/6430 4514/6428 4513/6431
f 4514/6428 4593/6405 4591/6432
f 4514/6428 4591/6432 4513/6431
f 4591/6432 4593/6405 4598/6394
f 4591/6432 4598/6394 4585/6389
f 4513/6431 4591/6432 4577/6433
f 4513/6431 4577/6433 4506/6430
f 4577/6433 4591/6432 4585/6389
f 4506/6430 4577/6433 4560/6434
f 4560/6434 4577/6433 4585/6389
f 4511/6435 4499/6436 4505/6437
f 4511/6435 4505/6437 4509/6438
f 4509/6438 4505/6437 4539/6439
f 4509/6438 4539/6439 4534/6440
f 4511/6435 4509/6438 4518/6441
f 4509/6438 4534/6440 4512/6442
f 4518/6441 4509/6438 4517/6443
f 4517/6443 4509/6438 4512/6442
f 4518/6441 4517/6443 4586/6444
f 4518/6441 4586/6444 4592/6445
f 4517/6443 4512/6442 4515/6446
f 4517/6443 4515/6446 4586/6444
f 4515/6446 4512/6442 4510/6447
f 4510/6447 4512/6442 4507/6448
f 4586/6444 4515/6446 4584/6449
f 4584/6449 4515/6446 4510/6447
f 4592/6445 4586/6444 4600/6450
f 4600/6450 4586/6444 4584/6449
f 4510/6447 4507/6448 4594/6451
f 4510/6447 4594/6451 4584/6449
f 4592/6445 4600/6450 4612/6452
f 4584/6449 4594/6451 4607/6453
f 4584/6449 4607/6453 4588/6454
f 4600/6450 4584/6449 4611/6455
f 4611/6455 4584/6449 4588/6454
f 4612/6452 4600/6450 4604/6456
f 4600/6450 4611/6455 4609/6457
f 4600/6450 4609/6457 4604/6456
f 4609/6457 4611/6455 4613/6458
f 4613/6458 4611/6455 4588/6454
f 4604/6456 4609/6457 4581/6459
f 4612/6452 4604/6456 4606/6460
f 4612/6452 4606/6460 4546/6461
f 4546/6461 4606/6460 4525/6462
f 4606/6460 4604/6456 4555/6463
f 4555/6463 4604/6456 4581/6459
f 4525/6462 4606/6460 4551/6464
f 4551/6464 4606/6460 4555/6463
f 4525/6462 4551/6464 4478/6465
f 4525/6462 4478/6465 4477/6466
f 4477/6466 4478/6465 4467/6467
f 4467/6467 4478/6465 4464/6468
f 4478/6465 4551/6464 4475/6469
f 4475/6469 4551/6464 4555/6463
f 4478/6465 4475/6469 4464/6468
f 4475/6469 4555/6463 4474/6470
f 4475/6469 4474/6470 4464/6468
f 4474/6470 4555/6463 4581/6459
f 4464/6468 4474/6470 4471/6471
f 4464/6468 4471/6471 4470/6472
f 4470/6472 4471/6471 4481/6473
f 4471/6471 4474/6470 4557/6474
f 4471/6471 4557/6474 4481/6473
f 4557/6474 4474/6470 4581/6459
f 4481/6473 4557/6474 4580/6475
f 4557/6474 4581/6459 4603/6476
f 4557/6474 4603/6476 4580/6475
f 4603/6476 4581/6459 4609/6457
f 4603/6476 4609/6457 4613/6458
f 4603/6476 4613/6458 4580/6475
f 4481/6473 4580/6475 4484/6477
f 4580/6475 4613/6458 4567/6478
f 4580/6475 4567/6478 4484/6477
f 4567/6478 4613/6458 4588/6454
f 4484/6477 4567/6478 4483/6479
f 4483/6479 4567/6478 4482/6480
f 4482/6480 4567/6478 4588/6454
f 4483/6479 4482/6480 4476/6481
f 4476/6481 4482/6480 4497/6482
f 4476/6481 4497/6482 4466/6483
f 4482/6480 4588/6454 4578/6484
f 4482/6480 4578/6484 4497/6482
f 4578/6484 4588/6454 4607/6453
f 4466/6483 4497/6482 4542/6485
f 4542/6485 4497/6482 4578/6484
f 4466/6483 4542/6485 4479/6486
f 4479/6486 4542/6485 4494/6487
f 4578/6484 4607/6453 4605/6488
f 4578/6484 4605/6488 4542/6485
f 4605/6488 4607/6453 4594/6451
f 4494/6487 4542/6485 4550/6489
f 4550/6489 4542/6485 4605/6488
f 4494/6487 4550/6489 4493/6490
f 4605/6488 4594/6451 4599/6491
f 4605/6488 4599/6491 4550/6489
f 4599/6491 4594/6451 4595/6492
f 4599/6491 4595/6492 4568/6493
f 4599/6491 4568/6493 4550/6489
f 4550/6489 4568/6493 4493/6490
f 4493/6490 4568/6493 4556/6494
f 4493/6490 4556/6494 4498/6495
f 4467/6496 4464/6497 4439/6498
f 4467/6496 4439/6498 4440/6499
f 4439/6498 4464/6497 4436/6500
f 4440/6499 4439/6498 4428/6501
f 4439/6498 4436/6500 4427/6502
f 4428/6501 4439/6498 4430/6503
f 4430/6503 4439/6498 4427/6502
f 4428/6501 4430/6503 4621/6504
f 4428/6501 4621/6504 4650/6505
f 4621/6504 4430/6503 4423/6506
f 4423/6506 4430/6503 4427/6502
f 4650/6505 4621/6504 4620/6507
f 4620/6507 4621/6504 4423/6506
f 4620/6507 4423/6506 4427/6502
f 4650/6505 4620/6507 4656/6508
f 4424/6509 4427/6502 4436/6500
f 4620/6507 4427/6502 4617/6510
f 4620/6507 4617/6510 4656/6508
f 4427/6502 4424/6509 4393/6511
f 4427/6502 4393/6511 4617/6510
f 4656/6508 4617/6510 4642/6512
f 4642/6512 4617/6510 4393/6511
f 4656/6508 4642/6512 4668/6513
f 4668/6513 4642/6512 4655/6514
f 4642/6512 4393/6511 4622/6515
f 4642/6512 4622/6515 4655/6514
f 4418/6516 4393/6511 4424/6509
f 4393/6511 4418/6516 4622/6515
f 4418/6516 4424/6509 4421/6517
f 4421/6517 4424/6509 4414/6518
f 4421/6517 4414/6518 4431/6519
f 4655/6514 4622/6515 4635/6520
f 4655/6514 4635/6520 4666/6521
f 4666/6521 4635/6520 4673/6522
f 4622/6515 4418/6516 4618/6523
f 4622/6515 4618/6523 4635/6520
f 4673/6522 4635/6520 4647/6524
f 4618/6523 4418/6516 4397/6525
f 4397/6525 4418/6516 4421/6517
f 4417/6526 4421/6517 4431/6519
f 4421/6517 4417/6526 4397/6525
f 4417/6526 4431/6519 4413/6527
f 4417/6526 4413/6527 4392/6528
f 4618/6523 4397/6525 4619/6529
f 4619/6529 4397/6525 4417/6526
f 4618/6523 4619/6529 4635/6520
f 4417/6526 4392/6528 4623/6530
f 4417/6526 4623/6530 4619/6529
f 4619/6529 4623/6530 4635/6520
f 4635/6520 4623/6530 4647/6524
f 4623/6530 4392/6528 4625/6531
f 4623/6530 4625/6531 4637/6532
f 4623/6530 4637/6532 4647/6524
f 4647/6524 4637/6532 4645/6533
f 4647/6524 4645/6533 4663/6534
f 4437/6535 4457/6398 4463/6402
f 4457/6398 4437/6535 4447/6390
f 4437/6535 4463/6402 4438/6536
f 4438/6536 4463/6402 4440/6417
f 4447/6390 4437/6535 4435/6537
f 4447/6390 4435/6537 4432/6392
f 4437/6535 4438/6536 4394/6538
f 4432/6392 4435/6537 4420/6539
f 4438/6536 4440/6417 4433/6540
f 4435/6537 4437/6535 4422/6541
f 4435/6537 4422/6541 4420/6539
f 4422/6541 4437/6535 4425/6542
f 4425/6542 4437/6535 4394/6538
f 4428/6543 4434/6544 4440/6417
f 4440/6417 4434/6544 4433/6540
f 4438/6536 4433/6540 4429/6545
f 4438/6536 4429/6545 4394/6538
f 4429/6545 4433/6540 4643/6546
f 4643/6546 4433/6540 4640/6547
f 4640/6547 4433/6540 4434/6544
f 4640/6547 4434/6544 4636/6548
f 4636/6548 4434/6544 4641/6549
f 4641/6549 4434/6544 4633/6550
f 4633/6550 4434/6544 4426/6551
f 4633/6550 4426/6551 4632/6552
f 4633/6550 4632/6552 4669/6553
f 4628/6554 4429/6545 4643/6546
f 4429/6545 4628/6554 4394/6538
f 4628/6554 4643/6546 4653/6555
f 4628/6554 4653/6555 4648/6556
f 4628/6554 4648/6556 4394/6538
f 4394/6538 4648/6556 4627/6557
f 4627/6557 4648/6556 4660/6558
f 4394/6538 4627/6557 4425/6542
f 4627/6557 4660/6558 4646/6559
f 4627/6557 4646/6559 4425/6542
f 4425/6542 4646/6559 4616/6560
f 4616/6560 4646/6559 4654/6561
f 4425/6542 4616/6560 4422/6541
f 4616/6560 4654/6561 4629/6562
f 4616/6560 4629/6562 4422/6541
f 4422/6541 4629/6562 4420/6539
f 4420/6539 4629/6562 4639/6563
f 4639/6563 4629/6562 4665/6564
f 4420/6539 4639/6563 4411/6565
f 4420/6539 4411/6565 4410/6566
f 4411/6565 4639/6563 4624/6567
f 4411/6565 4624/6567 4410/6566
f 4624/6567 4639/6563 4662/6568
f 4624/6567 4662/6568 4631/6569
f 4624/6567 4631/6569 4410/6566
f 4631/6569 4662/6568 4651/6570
f 4631/6569 4651/6570 4410/6566
f 4420/6539 4410/6566 4432/6392
f 4432/6392 4410/6566 4408/6571
f 4408/6571 4410/6566 4651/6570
f 4432/6392 4408/6571 4407/6572
f 4407/6572 4408/6571 4651/6570
f 4407/6572 4651/6570 4659/6573
f 4753/6574 4722/6575 4745/6576
f 4745/6576 4722/6575 4719/6577
f 4745/6576 4719/6577 4738/6578
f 4719/6577 4722/6575 4700/6579
f 4700/6579 4722/6575 4702/6580
f 4702/6580 4722/6575 4705/6581
f 4702/6580 4705/6581 4659/6582
f 4702/6580 4659/6582 4651/6583
f 4702/6580 4651/6583 4700/6579
f 4700/6579 4651/6583 4662/6584
f 4700/6579 4662/6584 4697/6585
f 4700/6579 4697/6585 4719/6577
f 4697/6585 4662/6584 4676/6586
f 4697/6585 4676/6586 4719/6577
f 4676/6586 4662/6584 4639/6587
f 4676/6586 4639/6587 4665/6588
f 4719/6577 4676/6586 4695/6589
f 4695/6589 4676/6586 4665/6588
f 4719/6577 4695/6589 4718/6590
f 4719/6577 4718/6590 4738/6578
f 4695/6589 4665/6588 4671/6591
f 4671/6591 4665/6588 4629/6592
f 4671/6591 4629/6592 4654/6593
f 4695/6589 4671/6591 4691/6594
f 4691/6594 4671/6591 4654/6593
f 4695/6589 4691/6594 4718/6590
f 4691/6594 4654/6593 4646/6595
f 4691/6594 4646/6595 4660/6596
f 4720/6597 4738/6578 4718/6590
f 4720/6597 4718/6590 4691/6594
f 4738/6578 4720/6597 4736/6598
f 4736/6598 4720/6597 4739/6599
f 4720/6597 4691/6594 4692/6600
f 4692/6600 4691/6594 4660/6596
f 4739/6599 4720/6597 4708/6601
f 4708/6601 4720/6597 4692/6600
f 4692/6600 4660/6596 4685/6602
f 4692/6600 4685/6602 4708/6601
f 4685/6602 4660/6596 4648/6603
f 4685/6602 4648/6603 4682/6604
f 4685/6602 4682/6604 4708/6601
f 4682/6604 4648/6603 4689/6605
f 4682/6604 4689/6605 4708/6601
f 4689/6605 4648/6603 4653/6606
f 4689/6605 4653/6606 4643/6607
f 4737/6608 4739/6599 4708/6601
f 4689/6605 4643/6607 4690/6609
f 4690/6609 4643/6607 4640/6610
f 4708/6601 4689/6605 4709/6611
f 4708/6601 4709/6611 4737/6608
f 4709/6611 4689/6605 4690/6609
f 4690/6609 4640/6610 4678/6612
f 4678/6612 4640/6610 4636/6613
f 4678/6612 4636/6613 4641/6614
f 4690/6609 4678/6612 4694/6615
f 4694/6615 4678/6612 4641/6614
f 4690/6609 4694/6615 4709/6611
f 4694/6615 4641/6614 4633/6616
f 4694/6615 4633/6616 4679/6617
f 4679/6617 4633/6616 4669/6618
f 4679/6617 4669/6618 4681/6619
f 4679/6617 4681/6619 4694/6615
f 4709/6611 4694/6615 4716/6620
f 4716/6620 4694/6615 4681/6619
f 4709/6611 4716/6620 4737/6608
f 4716/6620 4681/6619 4704/6621
f 4716/6620 4704/6621 4742/6622
f 4737/6608 4716/6620 4740/6623
f 4740/6623 4716/6620 4742/6622
f 4737/6608 4740/6623 4747/6624
f 4747/6624 4740/6623 4742/6622
f 4747/6624 4742/6622 4752/6625
f 4752/6626 4742/6627 4741/6628
f 4752/6626 4741/6628 4751/6629
f 4741/6628 4742/6627 4704/6630
f 4751/6629 4741/6628 4743/6631
f 4751/6629 4743/6631 4754/6632
f 4754/6632 4743/6631 4746/6633
f 4743/6631 4741/6628 4715/6634
f 4715/6634 4741/6628 4704/6630
f 4746/6633 4743/6631 4732/6635
f 4732/6635 4743/6631 4715/6634
f 4746/6633 4732/6635 4731/6636
f 4732/6635 4715/6634 4698/6637
f 4698/6637 4715/6634 4704/6630
f 4732/6635 4698/6637 4699/6638
f 4699/6638 4698/6637 4684/6639
f 4684/6639 4698/6637 4680/6640
f 4680/6640 4698/6637 4683/6641
f 4683/6641 4698/6637 4704/6630
f 4683/6641 4704/6630 4681/6642
f 4683/6643 4681/6644 4669/6645
f 4683/6643 4669/6645 4650/6646
f 4683/6643 4650/6646 4680/6647
f 4680/6647 4650/6646 4656/6648
f 4680/6647 4656/6648 4675/6649
f 4675/6649 4656/6648 4668/6650
f 4680/6647 4675/6649 4684/6651
f 4684/6651 4675/6649 4668/6650
f 4684/6651 4668/6650 4672/6652
f 4672/6652 4668/6650 4655/6653
f 4684/6651 4672/6652 4687/6654
f 4684/6651 4687/6654 4699/6655
f 4672/6652 4655/6653 4674/6656
f 4672/6652 4674/6656 4687/6654
f 4674/6656 4655/6653 4666/6657
f 4699/6655 4687/6654 4688/6658
f 4688/6658 4687/6654 4674/6656
f 4674/6656 4666/6657 4677/6659
f 4674/6656 4677/6659 4688/6658
f 4677/6659 4666/6657 4673/6660
f 4688/6658 4677/6659 4686/6661
f 4688/6658 4686/6661 4701/6662
f 4686/6661 4677/6659 4693/6663
f 4686/6661 4693/6663 4701/6662
f 4693/6663 4677/6659 4673/6660
f 4701/6662 4693/6663 4696/6664
f 4696/6664 4693/6663 4673/6660
f 4701/6662 4696/6664 4710/6665
f 4696/6664 4673/6660 4663/6666
f 4663/6666 4673/6660 4647/6667
f 4731/6668 4732/6669 4730/6670
f 4731/6668 4730/6670 4727/6671
f 4727/6671 4730/6670 4728/6672
f 4728/6672 4730/6670 4733/6673
f 4730/6670 4732/6669 4712/6674
f 4730/6670 4712/6674 4733/6673
f 4712/6674 4732/6669 4699/6675
f 4712/6674 4699/6675 4701/6676
f 4712/6674 4701/6676 4733/6673
f 4701/6676 4699/6675 4688/6677
f 4733/6673 4701/6676 4735/6678
f 4735/6678 4701/6676 4710/6679
f 4733/6673 4735/6678 4749/6680
f 4733/6673 4749/6680 4744/6681
f 4744/6681 4749/6680 4748/6682
f 4748/6682 4749/6680 4755/6683
f 4744/6681 4748/6682 4750/6684
f 4750/6684 4748/6682 4755/6683
f 4434/6685 4428/6686 4426/6687
f 4426/6687 4428/6686 4632/6688
f 4632/6688 4428/6686 4650/6689
f 4632/6688 4650/6689 4669/6690
o tripo_part_9
v -0.190272 0.075477 -0.465258
v -0.190237 0.075729 -0.459382
v -0.189834 0.068365 -0.459670
v -0.189601 0.051964 -0.455258
v -0.189572 0.043200 -0.451573
v -0.188577 0.047789 -0.451688
v -0.188561 0.059676 -0.458125
v -0.188155 0.043484 -0.445054
v -0.188074 0.051947 -0.465218
v -0.187794 0.077956 -0.458787
v -0.187605 0.052519 -0.461083
v -0.186893 0.050854 -0.453187
v -0.186698 0.078247 -0.465426
v -0.184099 0.045448 -0.447992
v -0.184068 0.044138 -0.447617
v -0.183716 0.043154 -0.451028
v -0.183616 0.054895 -0.455817
v -0.183034 0.049704 -0.451485
v -0.181791 0.043165 -0.419756
v -0.181788 0.060033 -0.404546
v -0.181657 0.052471 -0.454310
v -0.181561 0.057446 -0.405522
v -0.181473 0.049765 -0.410887
v -0.181430 0.070195 -0.402842
v -0.181397 0.077372 -0.404116
v -0.181046 0.044865 -0.415856
v -0.180651 0.088327 -0.408650
v -0.180548 0.049892 -0.407267
v -0.180516 0.053472 -0.455821
v -0.180496 0.092857 -0.412879
v -0.180256 0.055857 -0.403765
v -0.180199 0.086193 -0.404355
v -0.180140 0.097120 -0.419888
v -0.179989 0.069953 -0.400050
v -0.179965 0.055204 -0.455697
v -0.179589 0.077135 -0.458762
v -0.179430 0.098606 -0.431558
v -0.179233 0.099854 -0.429355
v -0.179101 0.077122 -0.464738
v -0.178784 0.098255 -0.416304
v -0.178579 0.099672 -0.433325
v -0.178483 0.096977 -0.442295
v -0.178251 0.065290 -0.458741
v -0.178064 0.089771 -0.451497
v -0.177697 0.079165 -0.458039
v -0.177626 0.087097 -0.453973
v -0.177074 0.101893 -0.428887
v -0.175834 0.090517 -0.454306
v -0.175828 0.100779 -0.439448
v -0.175759 0.082591 -0.458932
v -0.175740 0.096565 -0.447612
v -0.192404 0.075994 -0.452662
v -0.192579 0.064093 -0.453444
v -0.192746 0.084126 -0.448349
v -0.192946 0.054599 -0.447782
v -0.193245 0.049652 -0.441353
v -0.193355 0.091078 -0.441000
v -0.193753 0.071633 -0.434537
v -0.193758 0.086010 -0.431976
v -0.193797 0.051798 -0.437601
v -0.193991 0.092781 -0.432232
v -0.194063 0.075449 -0.420145
v -0.194217 0.073158 -0.428428
v -0.194263 0.047100 -0.431784
v -0.194587 0.051598 -0.424665
v -0.194593 0.091333 -0.422815
v -0.194912 0.053175 -0.416667
v -0.195071 0.084915 -0.414880
v -0.195373 0.076692 -0.411061
v -0.195405 0.071699 -0.410104
v -0.195417 0.062548 -0.411017
v -0.195488 0.043179 -0.443393
v -0.195969 0.085255 -0.455859
v -0.196330 0.075651 -0.459618
v -0.196466 0.079144 -0.458722
v -0.196467 0.049816 -0.451159
v -0.196472 0.040867 -0.431979
v -0.196490 0.040779 -0.435358
v -0.196492 0.042793 -0.420740
v -0.196579 0.071091 -0.431373
v -0.196664 0.063787 -0.459489
v -0.196915 0.096439 -0.443750
v -0.196936 0.063509 -0.428101
v -0.197028 0.051184 -0.453864
v -0.197168 0.088997 -0.452636
v -0.197187 0.063413 -0.434764
v -0.197640 0.048206 -0.450564
v -0.197642 0.056043 -0.428523
v -0.197843 0.057988 -0.434859
v -0.197898 0.062442 -0.404732
v -0.198035 0.085079 -0.448739
v -0.198105 0.091496 -0.450742
v -0.198329 0.062884 -0.453509
v -0.198398 0.076047 -0.453824
v -0.198448 0.099100 -0.434516
v -0.198578 0.091635 -0.440994
v -0.198710 0.061905 -0.457673
v -0.198762 0.078194 -0.457993
v -0.198784 0.053548 -0.447972
v -0.199019 0.087103 -0.450991
v -0.199020 0.099314 -0.430299
v -0.199136 0.059521 -0.457438
v -0.199537 0.050287 -0.450454
v -0.199700 0.093525 -0.431715
v -0.199714 0.044514 -0.419232
v -0.199751 0.042988 -0.422320
v -0.199776 0.050892 -0.410609
v -0.199832 0.094334 -0.442209
v -0.199833 0.075366 -0.404217
v -0.199841 0.079797 -0.405616
v -0.199867 0.098080 -0.432691
v -0.199940 0.049519 -0.442435
v -0.200210 0.044725 -0.443479
v -0.200302 0.089636 -0.412625
v -0.200360 0.091276 -0.413378
v -0.200530 0.091827 -0.422985
v -0.200604 0.042366 -0.432158
v -0.200643 0.046911 -0.432546
v -0.200707 0.049175 -0.422391
v -0.200849 0.096125 -0.419970
v -0.200866 0.041998 -0.434711
v -0.200939 0.097498 -0.422923
v -0.201138 0.059263 -0.406798
v -0.201200 0.074776 -0.410361
v -0.201283 0.047960 -0.414092
v -0.201296 0.086647 -0.416074
v -0.201423 0.053351 -0.416487
v -0.201941 0.088883 -0.411189
v -0.201981 0.045414 -0.421079
v -0.201985 0.077382 -0.411347
v -0.201992 0.062779 -0.410884
v -0.202069 0.077141 -0.406375
v -0.202148 0.050264 -0.413596
v -0.202229 0.056785 -0.432974
v -0.202234 0.063828 -0.430001
vt 0.603675 0.846522
vt 0.599750 0.856805
vt 0.600367 0.847203
vt 0.602572 0.866471
vt 0.600237 0.834422
vt 0.603027 0.829978
vt 0.582234 0.839288
vt 0.579703 0.852685
vt 0.577822 0.836109
vt 0.600334 0.830952
vt 0.598388 0.819371
vt 0.602345 0.821545
vt 0.597999 0.812235
vt 0.577498 0.826800
vt 0.573183 0.825113
vt 0.573670 0.822323
vt 0.572210 0.815771
vt 0.594074 0.807985
vt 0.573800 0.812429
vt 0.568350 0.816711
vt 0.569939 0.813370
vt 0.565755 0.803801
vt 0.569161 0.826605
vt 0.572567 0.839126
vt 0.562446 0.806882
vt 0.560630 0.805001
vt 0.563192 0.801108
vt 0.559267 0.810418
vt 0.564587 0.818885
vt 0.551515 0.815803
vt 0.562252 0.826897
vt 0.554337 0.821220
vt 0.565431 0.838542
vt 0.564003 0.848922
vt 0.542756 0.817490
vt 0.547265 0.823815
vt 0.543535 0.832184
vt 0.539869 0.828681
vt 0.543827 0.846068
vt 0.554239 0.853269
vt 0.563938 0.854859
vt 0.570621 0.852523
vt 0.564068 0.864817
vt 0.575746 0.854794
vt 0.571075 0.856189
vt 0.569064 0.867834
vt 0.562219 0.875489
vt 0.567409 0.876170
vt 0.571107 0.878052
vt 0.574124 0.871986
vt 0.600886 0.877241
vt 0.573865 0.867801
vt 0.574903 0.870104
vt 0.599783 0.870267
vt 0.603675 0.882463
vt 0.578244 0.857810
vt 0.474139 0.878987
vt 0.480043 0.882264
vt 0.470506 0.892157
vt 0.485135 0.886091
vt 0.474982 0.897737
vt 0.464764 0.887194
vt 0.464926 0.904776
vt 0.471090 0.907274
vt 0.462623 0.901337
vt 0.463694 0.921222
vt 0.471349 0.924758
vt 0.477253 0.941820
vt 0.464732 0.925504
vt 0.448286 0.892190
vt 0.460223 0.927385
vt 0.458277 0.940652
vt 0.449389 0.933840
vt 0.447799 0.922584
vt 0.433040 0.924952
vt 0.446502 0.943929
vt 0.436770 0.922033
vt 0.440792 0.913567
vt 0.434986 0.914150
vt 0.435278 0.912529
vt 0.438132 0.909577
vt 0.458569 0.908701
vt 0.445139 0.904841
vt 0.439430 0.903057
vt 0.458828 0.903511
vt 0.438554 0.896601
vt 0.433040 0.893455
vt 0.444944 0.897964
vt 0.440663 0.885021
vt 0.446988 0.889627
vt 0.451108 0.888265
vt 0.932283 0.583749
vt 0.942761 0.591566
vt 0.938220 0.598054
vt 0.927093 0.592150
vt 0.925634 0.599319
vt 0.943929 0.603893
vt 0.919405 0.582484
vt 0.925666 0.575834
vt 0.905360 0.573920
vt 0.911166 0.567530
vt 0.898061 0.556144
vt 0.898191 0.602628
vt 0.909317 0.607007
vt 0.898061 0.608759
vt 0.904970 0.616933
vt 0.909447 0.619042
vt 0.918594 0.607202
vt 0.916162 0.612359
vt 0.923103 0.615635
vt 0.795301 0.870365
vt 0.792933 0.863683
vt 0.799842 0.868711
vt 0.802210 0.862742
vt 0.795950 0.874712
vt 0.804546 0.866343
vt 0.802859 0.874420
vt 0.805519 0.860504
vt 0.792998 0.859531
vt 0.801853 0.882984
vt 0.795495 0.880843
vt 0.792933 0.890963
vt 0.804481 0.885481
vt 0.811228 0.868905
vt 0.814829 0.888725
vt 0.806849 0.889731
vt 0.816775 0.892456
vt 0.817845 0.868678
vt 0.819240 0.889406
vt 0.828420 0.895635
vt 0.833708 0.891482
vt 0.840455 0.894889
vt 0.822744 0.868938
vt 0.818851 0.863878
vt 0.844542 0.886682
vt 0.849765 0.886292
vt 0.832313 0.871728
vt 0.832735 0.866375
vt 0.841493 0.865402
vt 0.846586 0.883827
vt 0.844120 0.862061
vt 0.846748 0.862840
vt 0.849570 0.883568
vt 0.864427 0.888076
vt 0.853852 0.860699
vt 0.843439 0.857585
vt 0.860502 0.884443
vt 0.869292 0.884865
vt 0.857161 0.859888
vt 0.852327 0.856157
vt 0.850867 0.850059
vt 0.832183 0.863099
vt 0.840974 0.853627
vt 0.839125 0.847886
vt 0.854338 0.837700
vt 0.832280 0.856352
vt 0.823198 0.851583
vt 0.844672 0.822876
vt 0.820084 0.859109
vt 0.807108 0.851908
vt 0.796533 0.852427
vt 0.809963 0.848534
vt 0.800069 0.838349
vt 0.834811 0.825276
vt 0.816159 0.828455
vt 0.823782 0.827222
vt 0.819467 0.825795
vt 0.820343 0.817913
s 1
usemtl Material
f 4792/6691 4783/6692 4782/6693
f 4783/6692 4792/6691 4790/6694
f 4792/6691 4782/6693 4778/6695
f 4792/6691 4778/6695 4789/6696
f 4778/6695 4782/6693 4848/6697
f 4848/6697 4782/6693 4867/6698
f 4867/6698 4782/6693 4783/6692
f 4778/6695 4848/6697 4881/6699
f 4881/6699 4848/6697 4867/6698
f 4789/6696 4778/6695 4780/6700
f 4780/6700 4778/6695 4881/6699
f 4789/6696 4780/6700 4781/6701
f 4789/6696 4781/6701 4786/6702
f 4786/6702 4781/6701 4784/6703
f 4781/6701 4780/6700 4865/6704
f 4865/6704 4780/6700 4881/6699
f 4781/6701 4865/6704 4891/6705
f 4891/6705 4865/6704 4881/6699
f 4784/6703 4781/6701 4883/6706
f 4883/6706 4781/6701 4891/6705
f 4784/6703 4883/6706 4863/6707
f 4784/6703 4863/6707 4777/6708
f 4777/6708 4863/6707 4837/6709
f 4863/6707 4883/6706 4887/6710
f 4837/6709 4863/6707 4864/6711
f 4864/6711 4863/6707 4887/6710
f 4837/6709 4864/6711 4835/6712
f 4883/6706 4891/6705 4885/6713
f 4883/6706 4885/6713 4887/6710
f 4889/6714 4891/6705 4881/6699
f 4891/6705 4889/6714 4885/6713
f 4835/6712 4864/6711 4875/6715
f 4875/6715 4864/6711 4887/6710
f 4835/6712 4875/6715 4879/6716
f 4835/6712 4879/6716 4836/6717
f 4879/6716 4875/6715 4876/6718
f 4876/6718 4875/6715 4887/6710
f 4876/6718 4887/6710 4877/6719
f 4877/6719 4887/6710 4885/6713
f 4876/6718 4877/6719 4822/6720
f 4822/6720 4877/6719 4825/6721
f 4825/6721 4877/6719 4885/6713
f 4822/6720 4825/6721 4823/6722
f 4825/6721 4885/6713 4829/6723
f 4825/6721 4829/6723 4823/6722
f 4829/6723 4885/6713 4889/6714
f 4829/6723 4889/6714 4828/6724
f 4829/6723 4828/6724 4823/6722
f 4818/6725 4823/6722 4846/6726
f 4846/6726 4823/6722 4841/6727
f 4846/6726 4841/6727 4893/6728
f 4841/6727 4823/6722 4821/6729
f 4821/6729 4823/6722 4828/6724
f 4821/6729 4828/6724 4820/6730
f 4820/6730 4828/6724 4827/6731
f 4827/6731 4828/6724 4882/6732
f 4882/6732 4828/6724 4889/6714
f 4827/6731 4882/6732 4826/6733
f 4882/6732 4889/6714 4890/6734
f 4890/6734 4889/6714 4881/6699
f 4890/6734 4881/6699 4867/6698
f 4890/6734 4867/6698 4783/6692
f 4826/6733 4882/6732 4888/6735
f 4888/6735 4882/6732 4890/6734
f 4826/6733 4888/6735 4884/6736
f 4826/6733 4884/6736 4824/6737
f 4824/6737 4884/6736 4874/6738
f 4874/6738 4884/6736 4878/6739
f 4878/6739 4884/6736 4873/6740
f 4878/6739 4873/6740 4788/6741
f 4884/6736 4888/6735 4886/6742
f 4886/6742 4888/6735 4890/6734
f 4873/6740 4884/6736 4872/6743
f 4873/6740 4872/6743 4788/6741
f 4872/6743 4884/6736 4886/6742
f 4788/6741 4872/6743 4785/6744
f 4785/6744 4872/6743 4886/6742
f 4788/6741 4785/6744 4798/6745
f 4886/6742 4890/6734 4868/6746
f 4886/6742 4868/6746 4785/6744
f 4868/6746 4890/6734 4783/6692
f 4868/6746 4783/6692 4785/6744
f 4785/6744 4783/6692 4790/6694
f 4785/6744 4790/6694 4798/6745
f 4836/6747 4879/6748 4871/6749
f 4876/6750 4870/6751 4879/6748
f 4879/6748 4870/6751 4871/6749
f 4836/6747 4871/6749 4830/6752
f 4871/6749 4870/6751 4861/6753
f 4861/6753 4870/6751 4857/6754
f 4830/6752 4871/6749 4845/6755
f 4845/6755 4871/6749 4861/6753
f 4861/6753 4857/6754 4860/6756
f 4860/6756 4857/6754 4851/6757
f 4856/6758 4855/6759 4851/6757
f 4851/6757 4855/6759 4860/6756
f 4830/6752 4845/6755 4772/6760
f 4860/6756 4855/6759 4839/6761
f 4839/6761 4855/6759 4832/6762
f 4839/6761 4832/6762 4761/6763
f 4860/6756 4839/6761 4765/6764
f 4765/6764 4839/6761 4761/6763
f 4767/6765 4761/6763 4759/6766
f 4761/6763 4767/6765 4765/6764
f 4765/6764 4767/6765 4769/6767
f 4765/6764 4769/6767 4775/6768
f 4775/6768 4769/6767 4787/6769
f 4775/6768 4787/6769 4793/6770
f 4775/6768 4793/6770 4779/6771
f 4842/6772 4860/6756 4765/6764
f 4842/6772 4765/6764 4775/6768
f 4860/6756 4842/6772 4861/6753
f 4775/6768 4779/6771 4770/6773
f 4775/6768 4770/6773 4842/6772
f 4770/6773 4779/6771 4762/6774
f 4861/6753 4842/6772 4834/6775
f 4834/6775 4842/6772 4770/6773
f 4861/6753 4834/6775 4845/6755
f 4770/6773 4762/6774 4764/6776
f 4764/6776 4762/6774 4763/6777
f 4834/6775 4770/6773 4776/6778
f 4776/6778 4770/6773 4764/6776
f 4845/6755 4834/6775 4772/6760
f 4772/6760 4834/6775 4776/6778
f 4764/6776 4763/6777 4774/6779
f 4764/6776 4774/6779 4776/6778
f 4776/6778 4774/6779 4772/6760
f 4772/6760 4774/6779 4773/6780
f 4772/6760 4773/6780 4766/6781
f 4766/6781 4773/6780 4774/6779
f 4772/6760 4766/6781 4830/6752
f 4830/6752 4766/6781 4774/6779
f 4870/6782 4876/6783 4822/6784
f 4870/6782 4822/6784 4814/6785
f 4814/6785 4822/6784 4818/6786
f 4818/6786 4822/6784 4823/6787
f 4870/6782 4814/6785 4813/6788
f 4813/6788 4814/6785 4818/6786
f 4870/6782 4813/6788 4857/6789
f 4857/6789 4813/6788 4811/6790
f 4857/6789 4811/6790 4851/6791
f 4851/6791 4811/6790 4852/6792
f 4811/6790 4813/6788 4816/6793
f 4816/6793 4813/6788 4818/6786
f 4816/6793 4818/6786 4844/6794
f 4816/6793 4844/6794 4838/6795
f 4838/6795 4844/6794 4841/6796
f 4841/6796 4844/6794 4893/6797
f 4844/6794 4818/6786 4847/6798
f 4893/6797 4844/6794 4892/6799
f 4892/6799 4844/6794 4847/6798
f 4893/6797 4892/6799 4846/6800
f 4847/6798 4818/6786 4846/6800
f 4847/6798 4846/6800 4892/6799
f 4759/6801 4761/6802 4760/6803
f 4760/6803 4761/6802 4832/6804
f 4759/6801 4760/6803 4771/6805
f 4760/6803 4832/6804 4833/6806
f 4771/6805 4760/6803 4768/6807
f 4768/6807 4760/6803 4833/6806
f 4833/6806 4832/6804 4856/6808
f 4856/6808 4832/6804 4855/6809
f 4771/6805 4768/6807 4794/6810
f 4771/6805 4794/6810 4797/6811
f 4797/6811 4794/6810 4801/6812
f 4801/6812 4794/6810 4803/6813
f 4803/6813 4794/6810 4768/6807
f 4803/6813 4768/6807 4833/6806
f 4803/6813 4833/6806 4831/6814
f 4831/6814 4833/6806 4856/6808
f 4803/6813 4831/6814 4804/6815
f 4803/6813 4804/6815 4808/6816
f 4808/6816 4804/6815 4806/6817
f 4804/6815 4831/6814 4843/6818
f 4843/6818 4831/6814 4856/6808
f 4806/6817 4804/6815 4802/6819
f 4802/6819 4804/6815 4843/6818
f 4806/6817 4802/6819 4809/6820
f 4809/6820 4802/6819 4800/6821
f 4809/6820 4800/6821 4807/6822
f 4802/6819 4843/6818 4850/6823
f 4802/6819 4850/6823 4800/6821
f 4843/6818 4856/6808 4858/6824
f 4843/6818 4858/6824 4850/6823
f 4807/6822 4800/6821 4799/6825
f 4807/6822 4799/6825 4805/6826
f 4800/6821 4850/6823 4840/6827
f 4800/6821 4840/6827 4799/6825
f 4840/6827 4850/6823 4866/6828
f 4866/6828 4850/6823 4858/6824
f 4799/6825 4840/6827 4853/6829
f 4853/6829 4840/6827 4866/6828
f 4805/6826 4799/6825 4795/6830
f 4795/6830 4799/6825 4853/6829
f 4853/6829 4866/6828 4869/6831
f 4853/6829 4869/6831 4795/6830
f 4795/6830 4869/6831 4859/6832
f 4805/6826 4795/6830 4796/6833
f 4796/6833 4795/6830 4859/6832
f 4805/6826 4796/6833 4798/6834
f 4859/6832 4869/6831 4880/6835
f 4859/6832 4880/6835 4796/6833
f 4862/6836 4869/6831 4866/6828
f 4869/6831 4862/6836 4880/6835
f 4798/6834 4796/6833 4791/6837
f 4791/6837 4796/6833 4880/6835
f 4798/6834 4791/6837 4788/6838
f 4788/6838 4791/6837 4878/6839
f 4878/6839 4791/6837 4880/6835
f 4878/6839 4880/6835 4874/6840
f 4874/6840 4880/6835 4862/6836
f 4874/6840 4862/6836 4824/6841
f 4854/6842 4862/6836 4866/6828
f 4854/6842 4866/6828 4858/6824
f 4824/6841 4862/6836 4819/6843
f 4819/6843 4862/6836 4854/6842
f 4824/6841 4819/6843 4817/6844
f 4824/6841 4817/6844 4826/6845
f 4819/6843 4854/6842 4815/6846
f 4819/6843 4815/6846 4817/6844
f 4826/6845 4817/6844 4812/6847
f 4812/6847 4817/6844 4815/6846
f 4812/6847 4815/6846 4854/6842
f 4826/6845 4812/6847 4827/6848
f 4849/6849 4854/6842 4858/6824
f 4854/6842 4849/6849 4812/6847
f 4849/6849 4858/6824 4852/6850
f 4849/6849 4852/6850 4812/6847
f 4852/6850 4858/6824 4856/6808
f 4852/6850 4856/6808 4851/6851
f 4812/6847 4852/6850 4810/6852
f 4812/6847 4810/6852 4827/6848
f 4810/6852 4852/6850 4811/6853
f 4827/6848 4810/6852 4820/6854
f 4810/6852 4811/6853 4816/6855
f 4820/6854 4810/6852 4821/6856
f 4821/6856 4810/6852 4816/6855
f 4821/6856 4816/6855 4838/6857
f 4821/6856 4838/6857 4841/6858
o tripo_part_10
v 0.157446 0.169875 0.412421
v 0.157527 0.145040 0.390479
v 0.159256 0.162451 0.390330
v 0.164115 0.141533 0.395156
v 0.164617 0.170449 0.432326
v 0.165062 0.161311 0.481502
v 0.168447 0.143780 0.480430
v 0.171025 0.141236 0.468593
v 0.171224 0.171366 0.450063
v 0.172764 0.161582 0.392715
v 0.173595 0.165264 0.476069
v 0.176292 0.144406 0.394404
v 0.177566 0.167378 0.407077
v 0.180323 0.159517 0.476775
v 0.180387 0.141487 0.469897
v 0.182922 0.164068 0.398925
v 0.183660 0.141235 0.462892
v 0.185049 0.167039 0.462543
v 0.185478 0.141235 0.411469
v 0.185823 0.142288 0.469710
v 0.186603 0.161488 0.400008
v 0.187559 0.146476 0.471137
v 0.189682 0.167931 0.421195
v 0.190086 0.168319 0.445463
v 0.190929 0.143750 0.404702
v 0.193069 0.141235 0.422793
v 0.193516 0.162620 0.465449
v 0.194725 0.141737 0.413835
v 0.196537 0.144428 0.411809
v 0.198803 0.161337 0.413270
v 0.200371 0.163079 0.419017
v 0.200405 0.144910 0.454310
v 0.200851 0.141573 0.442080
v 0.200966 0.163378 0.452731
v 0.202247 0.143329 0.424531
v 0.202824 0.164492 0.431939
v 0.204159 0.160803 0.444528
v 0.204426 0.146277 0.436529
v 0.204445 0.160232 0.428444
v 0.156188 0.165060 0.393332
v 0.155319 0.141613 0.477530
v 0.154446 0.165886 0.478049
v 0.153020 0.144777 0.481692
v 0.151557 0.171626 0.432433
v 0.148798 0.160478 0.481727
v 0.145730 0.170567 0.453570
v 0.144650 0.144690 0.392581
v 0.144003 0.141265 0.403430
v 0.143257 0.168640 0.407178
v 0.142897 0.161492 0.392383
v 0.138681 0.145177 0.478213
v 0.138424 0.141602 0.399505
v 0.138069 0.141967 0.474708
v 0.136234 0.164639 0.474788
v 0.135145 0.144416 0.396579
v 0.133987 0.141293 0.402308
v 0.132912 0.160071 0.476016
v 0.131525 0.170352 0.439368
v 0.130977 0.167513 0.461940
v 0.130833 0.141125 0.412246
v 0.129238 0.163079 0.399249
v 0.128250 0.141335 0.460612
v 0.127472 0.143995 0.471637
v 0.127119 0.142600 0.403415
v 0.124901 0.145429 0.403228
v 0.121284 0.167568 0.424700
v 0.121239 0.141320 0.458676
v 0.119560 0.162127 0.464807
v 0.117187 0.145327 0.460952
v 0.116806 0.161210 0.412124
v 0.116520 0.141605 0.423602
v 0.115536 0.145340 0.415080
v 0.115444 0.163978 0.419374
v 0.114162 0.164865 0.448569
v 0.112877 0.160910 0.453752
v 0.112495 0.144187 0.451390
v 0.111271 0.144827 0.425809
v 0.110264 0.162801 0.429565
v 0.110241 0.143316 0.436932
v 0.109489 0.160678 0.442777
vt 0.724200 0.807873
vt 0.709214 0.810079
vt 0.719594 0.797622
vt 0.734289 0.809462
vt 0.728580 0.817442
vt 0.726763 0.821237
vt 0.722773 0.796422
vt 0.719724 0.773066
vt 0.716869 0.783966
vt 0.714274 0.768785
vt 0.711420 0.777640
vt 0.710284 0.765379
vt 0.706359 0.769141
vt 0.694000 0.776635
vt 0.714988 0.786301
vt 0.703797 0.786561
vt 0.707689 0.798206
vt 0.700910 0.789837
vt 0.691243 0.786528
vt 0.703732 0.803558
vt 0.680766 0.774429
vt 0.705483 0.819388
vt 0.673791 0.788248
vt 0.662892 0.779424
vt 0.684950 0.798595
vt 0.685210 0.819713
vt 0.712652 0.819550
vt 0.718361 0.830125
vt 0.723681 0.822048
vt 0.734256 0.831974
vt 0.669996 0.804694
vt 0.670677 0.814685
vt 0.663217 0.831974
vt 0.651896 0.799212
vt 0.644046 0.786853
vt 0.656469 0.809884
vt 0.642813 0.809170
vt 0.636942 0.800250
vt 0.639699 0.811863
vt 0.641742 0.829444
vt 0.637623 0.821335
vt 0.651993 0.825162
vt 0.381934 0.943507
vt 0.378008 0.943929
vt 0.378073 0.938641
vt 0.387675 0.923525
vt 0.378625 0.909771
vt 0.393254 0.932705
vt 0.382907 0.902959
vt 0.391535 0.919373
vt 0.388486 0.910647
vt 0.386540 0.901564
vt 0.402986 0.923201
vt 0.400942 0.912301
vt 0.400877 0.900721
vt 0.386086 0.895466
vt 0.378008 0.878306
vt 0.384496 0.883496
vt 0.401915 0.888978
vt 0.402726 0.879085
vt 0.405127 0.886902
vt 0.402759 0.904776
vt 0.411939 0.903057
vt 0.404316 0.914215
vt 0.414631 0.921773
vt 0.428061 0.921903
vt 0.406911 0.928877
vt 0.411193 0.937928
vt 0.418297 0.933743
vt 0.426860 0.942242
vt 0.794333 0.632679
vt 0.807827 0.613314
vt 0.805135 0.619412
vt 0.797836 0.648087
vt 0.794333 0.651201
vt 0.796052 0.654997
vt 0.793782 0.659668
vt 0.798939 0.662003
vt 0.789273 0.645719
vt 0.798355 0.675465
vt 0.787943 0.637123
vt 0.789824 0.625186
vt 0.769907 0.627846
vt 0.770913 0.637156
vt 0.774546 0.648120
vt 0.790635 0.652596
vt 0.775422 0.659408
vt 0.791641 0.660998
vt 0.793327 0.671638
vt 0.780255 0.671410
vt 0.778795 0.676341
vt 0.773670 0.679715
vt 0.782201 0.684710
vt 0.778698 0.698594
vt 0.794560 0.678969
vt 0.796831 0.687046
vt 0.807827 0.699178
vt 0.800269 0.696777
vt 0.783888 0.694085
vt 0.783855 0.701481
vt 0.781260 0.710142
vt 0.800464 0.704270
s 1
usemtl Material
f 4900/6859 4899/6860 4936/6861
f 4901/6862 4908/6863 4900/6859
f 4900/6859 4908/6863 4913/6864
f 4901/6862 4900/6859 4934/6865
f 4901/6862 4934/6865 4955/6866
f 4934/6865 4900/6859 4936/6861
f 4955/6866 4934/6865 4946/6867
f 4946/6867 4934/6865 4936/6861
f 4955/6866 4946/6867 4960/6868
f 4960/6868 4946/6867 4956/6869
f 4960/6868 4956/6869 4969/6870
f 4969/6870 4956/6869 4962/6871
f 4962/6871 4956/6869 4961/6872
f 4956/6869 4946/6867 4944/6873
f 4944/6873 4946/6867 4936/6861
f 4961/6872 4956/6869 4950/6874
f 4950/6874 4956/6869 4944/6873
f 4944/6873 4936/6861 4938/6875
f 4944/6873 4938/6875 4950/6874
f 4938/6875 4936/6861 4899/6860
f 4961/6872 4950/6874 4947/6876
f 4947/6876 4950/6874 4938/6875
f 4961/6872 4947/6876 4952/6877
f 4947/6876 4938/6875 4935/6878
f 4935/6878 4938/6875 4899/6860
f 4947/6876 4935/6878 4952/6877
f 4961/6872 4952/6877 4967/6879
f 4935/6878 4899/6860 4904/6880
f 4967/6879 4952/6877 4951/6881
f 4967/6879 4951/6881 4959/6882
f 4952/6877 4935/6878 4939/6883
f 4952/6877 4939/6883 4951/6881
f 4935/6878 4904/6880 4902/6884
f 4935/6878 4902/6884 4939/6883
f 4904/6880 4899/6860 4907/6885
f 4904/6880 4907/6885 4920/6886
f 4907/6885 4899/6860 4900/6859
f 4920/6886 4907/6885 4915/6887
f 4915/6887 4907/6885 4900/6859
f 4920/6886 4915/6887 4925/6888
f 4915/6887 4900/6859 4913/6864
f 4915/6887 4913/6864 4925/6888
f 4937/6889 4939/6883 4902/6884
f 4939/6883 4937/6889 4951/6881
f 4937/6889 4902/6884 4898/6890
f 4898/6890 4902/6884 4916/6891
f 4951/6881 4937/6889 4942/6892
f 4951/6881 4942/6892 4959/6882
f 4959/6882 4942/6892 4954/6893
f 4942/6892 4937/6889 4894/6894
f 4894/6894 4937/6889 4898/6890
f 4954/6893 4942/6892 4933/6895
f 4933/6895 4942/6892 4894/6894
f 4954/6893 4933/6895 4943/6896
f 4943/6896 4933/6895 4896/6897
f 4896/6897 4933/6895 4909/6898
f 4896/6897 4909/6898 4903/6899
f 4933/6895 4894/6894 4906/6900
f 4906/6900 4894/6894 4898/6890
f 4933/6895 4906/6900 4909/6898
f 4906/6900 4898/6890 4916/6891
f 4906/6900 4916/6891 4909/6898
f 4913/6901 4908/6902 4910/6903
f 4913/6901 4910/6903 4926/6904
f 4926/6904 4910/6903 4919/6905
f 4913/6901 4926/6904 4925/6906
f 4926/6904 4919/6905 4921/6907
f 4925/6906 4926/6904 4931/6908
f 4926/6904 4921/6907 4928/6909
f 4926/6904 4928/6909 4931/6908
f 4928/6909 4921/6907 4922/6910
f 4925/6906 4931/6908 4930/6911
f 4931/6908 4928/6909 4932/6912
f 4931/6908 4932/6912 4930/6911
f 4928/6909 4922/6910 4923/6913
f 4928/6909 4923/6913 4932/6912
f 4922/6910 4921/6907 4918/6914
f 4922/6910 4918/6914 4923/6913
f 4918/6914 4921/6907 4897/6915
f 4918/6914 4897/6915 4905/6916
f 4918/6914 4905/6916 4914/6917
f 4918/6914 4914/6917 4923/6913
f 4914/6917 4905/6916 4903/6918
f 4914/6917 4903/6918 4909/6919
f 4914/6917 4909/6919 4923/6913
f 4923/6913 4909/6919 4924/6920
f 4923/6913 4924/6920 4932/6912
f 4924/6920 4909/6919 4916/6921
f 4932/6912 4924/6920 4929/6922
f 4929/6922 4924/6920 4916/6921
f 4932/6912 4929/6922 4930/6911
f 4929/6922 4916/6921 4917/6923
f 4917/6923 4916/6921 4902/6924
f 4930/6911 4929/6922 4927/6925
f 4927/6925 4929/6922 4917/6923
f 4930/6911 4927/6925 4925/6906
f 4925/6906 4927/6925 4920/6926
f 4927/6925 4917/6923 4911/6927
f 4927/6925 4911/6927 4920/6926
f 4911/6927 4917/6923 4902/6924
f 4920/6926 4911/6927 4904/6928
f 4904/6928 4911/6927 4902/6924
f 4897/6929 4921/6930 4912/6931
f 4897/6929 4912/6931 4941/6932
f 4897/6929 4941/6932 4945/6933
f 4945/6933 4941/6932 4949/6934
f 4945/6933 4949/6934 4957/6935
f 4957/6935 4949/6934 4953/6936
f 4897/6929 4945/6933 4940/6937
f 4957/6935 4953/6936 4964/6938
f 4897/6929 4940/6937 4895/6939
f 4897/6929 4895/6939 4905/6940
f 4905/6940 4895/6939 4903/6941
f 4903/6941 4895/6939 4896/6942
f 4896/6942 4895/6939 4943/6943
f 4943/6943 4895/6939 4940/6937
f 4943/6943 4940/6937 4948/6944
f 4948/6944 4940/6937 4945/6933
f 4948/6944 4945/6933 4957/6935
f 4943/6943 4948/6944 4954/6945
f 4948/6944 4957/6935 4958/6946
f 4948/6944 4958/6946 4954/6945
f 4958/6946 4957/6935 4965/6947
f 4965/6947 4957/6935 4964/6938
f 4954/6945 4958/6946 4963/6948
f 4963/6948 4958/6946 4965/6947
f 4954/6945 4963/6948 4966/6949
f 4954/6945 4966/6949 4959/6950
f 4959/6950 4966/6949 4971/6951
f 4971/6951 4966/6949 4963/6948
f 4959/6950 4971/6951 4967/6952
f 4963/6948 4965/6947 4970/6953
f 4963/6948 4970/6953 4971/6951
f 4970/6953 4965/6947 4964/6938
f 4970/6953 4964/6938 4972/6954
f 4970/6953 4972/6954 4971/6951
f 4972/6954 4964/6938 4960/6955
f 4972/6954 4960/6955 4969/6956
f 4971/6951 4972/6954 4973/6957
f 4971/6951 4973/6957 4967/6952
f 4973/6957 4972/6954 4969/6956
f 4967/6952 4973/6957 4968/6958
f 4968/6958 4973/6957 4969/6956
f 4967/6952 4968/6958 4961/6959
f 4968/6958 4969/6956 4962/6960
f 4968/6958 4962/6960 4961/6959
