# Blender 5.0.1
# www.blender.org
mtllib tripo_convert_b1713160-0a9c-4227-bd75-522ffa10b8e8.mtl
o tripo_part_0
v 0.002357 0.171738 0.056829
v 0.002475 0.174378 0.054770
v 0.002648 0.113003 0.037207
v 0.002686 0.157365 0.056540
v 0.002731 0.097926 -0.052057
v 0.002814 0.124982 0.004889
v 0.002850 0.125226 0.037138
v 0.002874 0.083182 0.037306
v 0.003000 0.136105 0.037191
v 0.003064 0.120343 0.037146
v 0.003118 0.111817 -0.051954
v 0.003133 0.008210 0.014189
v 0.003279 0.157708 -0.204309
v 0.003443 0.007859 -0.034586
v 0.003536 0.083598 -0.000315
v 0.003579 0.093960 -0.003023
v 0.003696 0.103568 -0.125593
v 0.003966 0.123330 -0.202364
v 0.003982 0.120324 -0.013208
v 0.004182 0.126008 -0.006449
v 0.004183 0.083784 -0.024466
v 0.004202 0.111573 -0.040438
v 0.004349 0.020455 0.020185
v 0.004353 0.135915 -0.010813
v 0.004400 0.099944 -0.047060
v 0.004646 0.018204 -0.200052
v 0.004713 0.094914 -0.054745
v 0.004766 0.156037 -0.201303
v 0.004769 0.125458 -0.048212
v 0.004804 0.172745 -0.203562
v 0.005067 0.085467 -0.059216
v 0.005253 0.120354 -0.054489
v 0.005386 0.137402 0.035673
v 0.005389 0.122807 -0.200121
v 0.005463 0.113064 -0.079177
v 0.005502 0.084934 -0.078213
v 0.005522 0.100829 -0.079436
v 0.005548 0.136395 -0.059328
v 0.005698 0.109967 -0.065583
v 0.005789 0.119973 -0.078466
v 0.005828 0.109917 -0.072713
v 0.005850 0.119618 -0.060053
v 0.005945 0.001870 0.028852
v 0.006032 0.116242 0.053686
v 0.006080 0.091279 -0.065136
v 0.006119 0.083979 -0.105558
v 0.006124 0.113011 -0.123121
v 0.006159 0.125500 -0.107388
v 0.006164 0.083735 -0.072944
v 0.006251 0.101157 -0.121061
v 0.006303 0.020745 0.036047
v 0.006377 0.020299 0.011580
v 0.006391 0.106614 -0.125555
v 0.006443 0.133176 -0.092593
v 0.006510 0.137681 -0.023016
v 0.006518 0.100245 -0.132051
v 0.006726 0.114339 -0.132929
v 0.006802 0.087671 -0.061184
v 0.006811 0.113091 -0.154688
v 0.006811 0.056939 0.006155
v 0.006812 0.020318 -0.165567
v 0.006839 0.119973 -0.118708
v 0.007072 0.020611 -0.013445
v 0.007115 0.005944 0.017721
v 0.007159 0.022233 0.037527
v 0.007191 0.083904 -0.161325
v 0.007276 0.047166 -0.200136
v 0.007284 0.019444 0.027815
v 0.007371 0.125451 -0.166590
v 0.007416 0.157906 -0.202669
v 0.007435 0.119611 -0.168291
v 0.007527 0.087846 -0.074943
v 0.007548 0.113606 -0.182543
v 0.007573 0.083587 -0.183702
v 0.007825 0.108918 -0.061483
v 0.007919 0.001839 -0.174311
v 0.007925 0.136040 -0.183596
v 0.007986 0.136716 -0.111784
v 0.008026 0.008012 0.015104
v 0.008069 0.136887 -0.155176
v 0.008101 0.108401 -0.077287
v 0.008188 0.018098 0.053808
v 0.008232 0.002213 0.031813
v 0.008306 0.120274 -0.183504
v 0.008470 0.015603 0.031775
v 0.008486 0.019700 -0.045935
v 0.008533 0.137231 -0.076390
v 0.008557 0.015992 0.020742
v 0.008652 0.008363 0.015913
v 0.008913 0.018552 -0.008554
v 0.009340 0.007966 -0.029200
v 0.009421 0.020413 -0.143389
v 0.009432 0.017052 0.037329
v 0.009521 0.020013 -0.088410
v 0.009564 0.016225 0.033819
v 0.009607 0.001450 -0.179018
v 0.009835 0.007531 -0.076432
v 0.009939 0.011666 -0.044821
v 0.010123 0.002785 0.032568
v 0.010129 0.147210 0.053808
v 0.010153 0.020531 -0.182749
v 0.010162 0.013871 0.032431
v 0.010367 0.018380 -0.073336
v 0.010721 0.013535 -0.085361
v 0.010851 0.092258 -0.199884
v 0.010878 0.137566 -0.183535
v 0.010906 0.019437 -0.130587
v 0.010929 0.006783 -0.164713
v 0.011213 0.056941 -0.142427
v 0.011383 0.007401 -0.132624
v 0.011839 0.021535 -0.183702
v 0.012179 0.007073 -0.166475
v 0.012229 0.007958 -0.157412
v 0.012282 0.018704 -0.166849
v 0.012337 0.004220 -0.178446
v 0.012360 0.018761 -0.180277
v 0.012729 0.014832 -0.178560
v 0.013437 0.063634 0.054037
v 0.013747 0.083405 -0.074129
v 0.014020 0.138318 0.053747
v 0.014806 0.116791 -0.063526
v 0.015334 0.081294 0.037611
v 0.015958 0.083124 -0.008501
v 0.016137 0.117982 -0.073578
v 0.016256 0.136899 -0.089006
v 0.016280 0.081359 0.001135
v 0.016296 0.120251 0.006178
v 0.016756 0.064551 -0.199846
v 0.016798 0.144173 -0.200876
v 0.016855 0.067465 0.053854
v 0.016896 0.081841 -0.162783
v 0.016956 0.017373 -0.183138
v 0.016998 0.120351 0.026732
v 0.017015 0.056998 0.036169
v 0.017114 0.137471 0.037588
v 0.017194 0.057078 0.006506
v 0.017436 0.174760 0.049490
v 0.017627 0.136117 0.028631
v 0.017650 0.056988 -0.033075
v 0.017734 0.083272 -0.153131
v 0.017850 0.057992 0.037642
v 0.017875 0.139283 -0.199770
v 0.017904 0.056981 -0.069563
v 0.018134 0.058211 0.007040
v 0.018201 0.158036 -0.180712
v 0.018308 0.056124 0.054052
v 0.018434 0.063964 -0.201250
v 0.018584 0.057717 -0.022165
v 0.018590 0.056981 -0.102684
v 0.018640 0.120290 -0.077339
v 0.018649 0.120427 0.037687
v 0.018651 0.060855 -0.006586
v 0.018739 0.001191 0.035017
v 0.018899 0.120309 -0.144983
v 0.018909 0.001214 0.055883
v 0.019019 0.120713 -0.058548
v 0.019054 0.015488 0.056204
v 0.019096 0.122521 0.012800
v 0.019204 0.122037 0.002874
v 0.019214 0.137654 -0.138449
v 0.019231 0.060975 0.036573
v 0.019305 0.060620 -0.034891
v 0.019361 0.057763 -0.052471
v 0.019363 0.136868 -0.041658
v 0.019443 0.137822 -0.115293
v 0.019521 0.141587 0.055487
v 0.019536 0.081515 -0.183542
v 0.019941 0.057767 -0.083089
v 0.019956 0.060805 -0.062789
v 0.020070 0.061307 -0.001177
v 0.020353 0.053317 -0.199945
v 0.020440 0.060780 -0.082000
v 0.020461 0.137467 -0.183664
v 0.020492 0.150590 -0.199808
v 0.020492 0.057074 -0.144976
v 0.020530 0.056926 -0.182634
v 0.020534 0.057585 -0.115927
v 0.020557 0.174859 -0.191828
v 0.020650 0.148606 0.054007
v 0.020723 0.060551 -0.096483
v 0.020765 0.056533 -0.199732
v 0.020801 0.127591 -0.060608
v 0.020866 0.061272 -0.040400
v 0.020959 0.121945 -0.072868
v 0.021083 0.120625 -0.125380
v 0.021159 0.132462 -0.070243
v 0.021188 0.057931 -0.140886
v 0.021199 0.126370 -0.077674
v 0.021575 0.055941 -0.183573
v 0.021600 0.067494 0.053991
v 0.021688 0.122182 -0.063136
v 0.021692 0.135373 -0.113615
v 0.021825 0.057507 -0.175104
v 0.021842 0.120339 -0.165033
v 0.021922 0.060776 -0.132006
v 0.022071 0.060973 -0.158762
v 0.022153 0.121114 -0.183611
v 0.022165 0.061372 -0.100004
v 0.022212 0.135174 -0.139898
v 0.022327 0.136758 -0.147554
v 0.022367 0.060393 -0.182131
v 0.022405 0.126549 -0.144342
v 0.022537 0.121510 -0.151308
v 0.022565 0.063254 0.055090
v 0.022596 0.149003 -0.201044
v 0.022697 0.140370 -0.201334
v 0.022840 0.061337 -0.069839
v 0.022987 0.059159 -0.183580
v 0.023084 0.135506 -0.182924
v 0.023381 0.061249 -0.182177
v 0.023635 0.000794 -0.200182
v 0.023803 0.082091 0.000242
v 0.023988 0.082791 -0.037546
v 0.023998 0.062009 0.053747
v 0.024232 0.173882 -0.180559
v 0.024310 0.082925 -0.070511
v 0.024348 0.015763 -0.201693
v 0.024522 0.002152 -0.201868
v 0.024543 0.059325 -0.201097
v 0.024640 0.082887 -0.073852
v 0.025693 0.082824 -0.160898
v 0.025890 0.081316 -0.072026
v 0.025949 0.082017 -0.106663
v 0.026574 0.081343 -0.097525
v 0.026635 0.066662 -0.199709
v 0.026916 0.079834 -0.102430
v 0.027036 0.174927 0.037313
v 0.027042 0.141907 -0.199640
v 0.027166 0.081157 -0.162027
v 0.027198 0.015771 0.060766
v 0.027393 0.157998 0.057364
v 0.027494 0.174691 0.056906
v 0.027494 0.060300 -0.199617
v 0.027597 0.002511 -0.178537
v 0.027604 0.001534 0.060675
v 0.027820 0.159478 0.034567
v 0.027833 0.000863 -0.180826
v 0.028117 0.166154 0.034216
v 0.028138 0.172829 0.035452
v 0.028716 0.158288 0.035368
v 0.028936 0.061331 -0.102583
v 0.029124 0.164407 -0.022467
v 0.029645 0.173547 -0.053936
v 0.029748 0.172707 -0.007502
v 0.029889 0.017674 0.054251
v 0.029926 0.135953 -0.069370
v 0.029931 0.173630 0.034376
v 0.029977 0.137971 0.054205
v 0.030082 0.171258 -0.090775
v 0.030269 0.016583 0.034636
v 0.030275 0.167405 -0.101284
v 0.030383 0.158906 -0.091316
v 0.030515 0.128510 -0.062389
v 0.030561 0.166436 -0.096823
v 0.030584 0.156518 0.054281
v 0.030870 0.172112 -0.142786
v 0.031015 0.162080 -0.149569
v 0.031215 0.076247 0.055548
v 0.031249 0.157784 -0.202425
v 0.031400 0.017731 0.038054
v 0.031408 0.081776 0.037954
v 0.031648 0.173409 -0.113680
v 0.031682 0.167542 -0.180284
v 0.031801 0.017575 0.056692
v 0.031972 0.166390 -0.164354
v 0.032014 0.158829 -0.180140
v 0.032111 0.081299 0.009237
v 0.032209 0.060069 0.037405
v 0.032415 0.174706 -0.201906
v 0.032426 0.173539 -0.152002
v 0.032466 0.105046 0.056829
v 0.032560 0.156686 0.037298
v 0.032792 0.001359 -0.205545
v 0.033101 0.061331 0.035841
v 0.033239 0.013528 -0.206095
v 0.033262 0.016961 0.036749
v 0.033277 0.016618 -0.179827
v 0.033307 0.156785 0.056845
v 0.033349 0.081531 0.036779
v 0.033563 0.157960 0.061346
v 0.033654 0.174493 0.061483
v 0.034204 0.128304 -0.072387
v 0.034307 0.061267 -0.199442
v 0.034776 0.173501 -0.085328
v 0.035161 0.017533 -0.199350
v 0.035283 0.109997 -0.199480
v 0.035371 0.155961 -0.199503
v 0.035386 0.076482 -0.199915
v 0.035680 0.156663 -0.183435
v 0.035726 0.081255 -0.104549
v 0.035840 0.131833 -0.183550
v 0.035852 0.081216 -0.183542
v 0.035943 0.017434 -0.183657
v 0.036260 0.014756 -0.178102
v 0.036290 0.016923 -0.182978
v 0.036355 0.061328 -0.181215
v 0.036893 0.155465 -0.201204
v 0.036924 0.060128 -0.182917
v 0.037435 0.017831 -0.201967
v 0.037687 0.105391 -0.202044
v 0.037820 0.035557 -0.201807
v 0.037912 0.158578 -0.206110
v 0.037996 0.081490 -0.182268
v 0.038053 0.019578 -0.182062
v 0.038057 0.157090 -0.182123
v 0.038285 0.156304 -0.201921
v 0.039087 0.075279 -0.201952
v 0.041093 0.002541 0.033499
v 0.043836 0.172547 -0.207651
v 0.044370 0.019421 0.057058
v 0.044385 0.081280 -0.057381
v 0.044427 0.061375 0.036016
v 0.044553 0.061305 -0.010401
v 0.044606 0.015519 0.061392
v 0.044767 0.010293 0.033552
v 0.045087 0.173501 -0.007364
v 0.045087 0.001221 0.061071
v 0.045156 0.014672 0.033628
v 0.045316 0.081300 -0.016729
v 0.045346 0.061377 -0.032137
v 0.045430 0.061352 0.013029
v 0.045602 0.173592 -0.063838
v 0.045644 0.081232 -0.031492
v 0.045766 0.081281 0.006331
v 0.045778 0.017483 0.037199
v 0.045804 0.081035 -0.170984
v 0.045831 0.001298 0.033934
v 0.045881 0.173814 0.061483
v 0.045900 0.134839 0.037107
v 0.046109 0.158395 -0.026697
v 0.046174 0.015984 -0.178530
v 0.046201 0.080338 0.037130
v 0.046224 0.111935 0.037176
v 0.046224 0.173310 0.034658
v 0.046403 0.093037 0.057104
v 0.046567 0.071646 0.036863
v 0.046567 0.062754 0.036833
v 0.046998 0.157067 0.055166
v 0.047029 0.173485 -0.145060
v 0.047052 0.059909 0.037237
v 0.047075 0.157128 0.037252
v 0.047128 0.080066 -0.007563
v 0.047193 0.071725 0.001471
v 0.047223 0.064171 -0.002764
v 0.047303 0.159264 0.061850
v 0.047475 0.061322 -0.062452
v 0.047559 0.159211 0.034941
v 0.047563 0.078713 -0.005236
v 0.047757 0.081126 -0.150576
v 0.047818 0.081392 0.056997
v 0.047994 0.102677 0.055822
v 0.048021 0.065170 -0.033148
v 0.048059 0.061333 -0.097664
v 0.048162 0.041486 0.053335
v 0.048188 0.071928 -0.047661
v 0.048219 0.079967 -0.101429
v 0.048249 0.061356 -0.102413
v 0.048253 0.114651 0.051535
v 0.048284 0.057156 0.038939
v 0.048295 0.081264 -0.096701
v 0.048303 0.062651 -0.052141
v 0.048341 0.071496 -0.065308
v 0.048341 0.017148 0.054312
v 0.048345 0.078979 -0.062199
v 0.048387 0.171128 0.034582
v 0.048444 0.061875 -0.100468
v 0.048494 0.103825 0.042540
v 0.048494 0.017506 0.040373
v 0.048574 0.097659 0.039679
v 0.048581 0.150025 0.041822
v 0.048646 0.073137 -0.069337
v 0.048677 0.071824 -0.100584
v 0.048791 0.062340 -0.062776
v 0.048814 0.171296 0.010374
v 0.048955 0.165505 -0.072282
v 0.049005 0.011498 -0.177752
v 0.049085 0.159142 -0.074661
v 0.049100 0.061356 -0.168970
v 0.049127 0.070506 -0.097559
v 0.049218 0.081089 -0.103128
v 0.049287 0.159936 -0.015806
v 0.049306 0.158349 -0.129400
v 0.049310 0.062234 -0.098536
v 0.049367 0.079519 -0.098083
v 0.049375 0.169610 -0.017744
v 0.049474 0.071357 -0.102091
v 0.049615 0.160310 -0.040403
v 0.049638 0.062573 -0.104197
v 0.049646 0.020150 -0.181757
v 0.049794 0.079054 -0.120020
v 0.049917 0.002709 0.054312
v 0.049936 0.157449 -0.181810
v 0.049939 0.014466 0.040243
v 0.049997 0.001305 0.039297
v 0.050042 0.010514 -0.205729
v 0.050138 0.174996 0.039930
v 0.050149 0.061778 -0.140642
v 0.050153 0.170457 -0.067081
v 0.050161 0.158356 -0.178270
v 0.050176 0.170747 -0.078839
v 0.050306 0.016068 -0.205652
v 0.050458 0.172929 -0.179094
v 0.050523 0.080696 -0.181711
v 0.050534 0.171586 -0.105652
v 0.050550 0.001298 -0.178217
v 0.050576 0.001794 -0.205744
v 0.050584 0.061284 -0.181848
v 0.050588 0.076266 -0.156862
v 0.050592 0.170853 -0.152323
v 0.050645 0.159005 -0.125917
v 0.050775 0.174912 0.050314
v 0.050882 0.125962 -0.201570
v 0.050916 0.074498 -0.171717
v 0.051065 0.062426 -0.163218
v 0.051236 0.157952 -0.205744
v 0.051255 0.077991 -0.181467
v 0.051389 0.062577 -0.181566
v 0.051393 0.046677 -0.182138
v 0.051698 0.017915 -0.182642
v 0.051873 0.061402 -0.201403
v 0.052118 0.107712 -0.182772
v 0.052140 0.018296 -0.201303
v 0.052442 0.160378 0.056692
v 0.052533 0.081472 -0.201578
v 0.052758 0.170869 0.055975
v 0.052900 0.159066 0.037046
v 0.053235 0.169526 0.037138
v 0.053327 0.064935 -0.184069
v 0.053384 0.156152 -0.200418
v 0.053403 0.156182 -0.184374
v 0.053445 0.019967 -0.184908
v 0.053487 0.047791 -0.197138
v 0.053525 0.112550 -0.189211
v 0.053575 0.020074 -0.197916
v 0.053613 0.064154 -0.199556
v 0.053624 0.174851 -0.181437
v 0.053674 0.122819 -0.198076
v 0.054754 0.015603 -0.184236
v 0.054982 0.000817 -0.200579
v 0.055051 0.010598 -0.184374
v 0.055104 0.001778 -0.183435
v 0.055139 0.016080 -0.199800
v 0.055307 0.009995 -0.198519
v 0.055413 0.172234 -0.179682
v 0.055528 0.158997 -0.179979
v 0.056169 0.174645 -0.199465
v 0.056173 0.158906 -0.199091
v 0.001312 0.055974 -0.183992
v 0.001220 0.125085 -0.137796
v 0.000886 0.020341 -0.164759
v 0.000724 0.156174 0.053503
v 0.000248 0.122582 0.053610
v -0.000361 0.124692 -0.183596
v -0.000437 0.082702 -0.182970
v -0.000592 0.071368 0.053671
v -0.000638 0.112820 -0.182741
v -0.000647 0.173417 0.057684
v -0.000932 0.158181 0.058096
v -0.001050 0.114243 -0.183641
v -0.001109 0.156571 0.055990
v -0.001320 0.081543 -0.183786
v -0.001435 0.123883 0.055990
v -0.001486 0.082244 -0.147799
v -0.001506 0.124509 -0.054991
v -0.001525 0.122460 -0.156687
v -0.001951 0.082440 -0.111837
v -0.002001 0.123841 -0.112627
v -0.002199 0.020528 -0.169802
v -0.002317 0.001992 -0.174349
v -0.002327 0.113187 -0.105509
v -0.002830 0.172318 -0.181223
v -0.002838 0.081741 -0.104776
v -0.003151 0.082270 -0.068432
v -0.003184 0.004822 -0.167414
v -0.003324 0.008019 -0.164125
v -0.003381 0.020417 -0.182459
v -0.003421 0.056950 -0.090520
v -0.003556 0.007821 -0.147196
v -0.003560 0.021783 -0.184008
v -0.003572 0.124554 0.009985
v -0.003684 0.001771 -0.179041
v -0.003755 0.020478 -0.147364
v -0.003869 0.113518 -0.035509
v -0.003921 0.056752 0.036757
v -0.004102 0.082020 -0.025778
v -0.004159 0.127099 -0.202600
v -0.004477 0.019833 -0.164339
v -0.004562 0.020268 -0.105675
v -0.004686 0.113011 0.016058
v -0.004803 0.007920 -0.112448
v -0.004962 0.020566 -0.080159
v -0.005076 0.020577 -0.040022
v -0.005142 0.082194 0.035711
v -0.005290 0.124791 0.036985
v -0.005425 0.004182 -0.178377
v -0.005463 0.017743 -0.178308
v -0.005494 0.113335 0.036444
v -0.005516 0.006432 -0.168421
v -0.005543 0.008019 -0.079342
v -0.005572 0.016190 -0.169817
v -0.005644 0.009316 -0.164850
v -0.005700 0.122094 0.035505
v -0.005700 0.019448 -0.142931
v -0.005714 0.018109 -0.162661
v -0.005936 0.082207 0.036802
v -0.005991 0.010300 -0.144197
v -0.006015 0.127240 -0.200518
v -0.006074 0.081447 0.035902
v -0.006202 0.126855 -0.184282
v -0.006215 0.126511 -0.192240
v -0.006269 0.017125 -0.183626
v -0.006428 0.009408 -0.127546
v -0.006433 0.018761 -0.133249
v -0.006918 0.172143 -0.204645
v -0.006954 0.057696 -0.200350
v -0.006981 0.174172 0.036810
v -0.006982 0.009293 -0.090134
v -0.007036 0.000825 -0.180819
v -0.007273 0.018800 -0.095755
v -0.007350 0.015961 -0.095381
v -0.007510 0.020642 0.035727
v -0.007596 0.019994 -0.052618
v -0.008048 0.001977 0.026793
v -0.008076 0.005776 0.016256
v -0.008200 0.020447 -0.010790
v -0.008216 0.009179 -0.031660
v -0.008246 0.174096 -0.202867
v -0.008287 0.018529 -0.052967
v -0.008657 0.018326 -0.033640
v -0.008752 0.173981 -0.185793
v -0.008793 0.008393 0.013060
v -0.008990 0.056929 -0.183168
v -0.008996 0.146363 -0.183878
v -0.009059 0.022385 0.037092
v -0.009073 0.156457 -0.183855
v -0.009201 0.001221 0.033339
v -0.009311 0.019799 0.035765
v -0.009498 0.124249 0.055731
v -0.009586 0.018414 0.014212
v -0.009629 0.009049 0.014189
v -0.009639 0.108445 -0.201639
v -0.009685 0.119084 -0.202158
v -0.009903 0.119065 -0.184191
v -0.010059 0.149010 -0.201532
v -0.010160 0.156319 -0.202646
v -0.010195 0.003510 0.030867
v -0.010207 0.058749 -0.202776
v -0.010246 0.015946 0.030935
v -0.010297 0.032750 -0.184267
v -0.010444 0.126401 0.037298
v -0.010663 0.149514 -0.185846
v -0.010804 0.127064 0.054281
v -0.011148 0.156419 -0.184282
v -0.011313 0.049512 0.053381
v -0.011410 0.171921 0.057837
v -0.011449 0.124741 0.047964
v -0.011540 0.054757 0.037115
v -0.011671 0.013894 0.032064
v -0.011812 0.158097 -0.204828
v -0.011901 0.002465 0.031988
v -0.011986 0.082114 -0.069363
v -0.012093 0.144875 0.055670
v -0.012320 0.016038 0.032972
v -0.012396 0.017159 0.036970
v -0.013188 0.173844 0.053976
v -0.013521 0.017770 -0.200510
v -0.014151 0.058936 0.053366
v -0.014200 0.158807 -0.181581
v -0.014350 0.015603 -0.202654
v -0.014413 0.172387 0.037359
v -0.014432 0.001389 -0.202089
v -0.014502 0.108105 0.053381
v -0.014622 0.084116 0.053381
v -0.014844 0.117310 0.036833
v -0.014880 0.150887 0.037031
v -0.014920 0.014870 -0.179491
v -0.015092 0.118756 0.053991
v -0.015250 0.158105 -0.203150
v -0.015288 0.118497 0.045080
v -0.015469 0.167611 -0.181910
v -0.015509 0.166909 -0.203546
v -0.015702 0.082059 -0.160578
v -0.015847 0.056372 0.053534
v -0.015893 0.158379 -0.183474
v -0.016011 0.156480 0.055441
v -0.016204 0.108781 0.055700
v -0.016309 0.058455 0.055685
v -0.016566 0.080694 -0.203028
v -0.016980 0.082147 -0.115446
v -0.017096 0.109475 -0.202929
v -0.017277 0.157456 0.036001
v -0.017516 0.081096 -0.163790
v -0.017699 0.082108 -0.184053
v -0.018105 0.081096 -0.140413
v -0.018428 0.109061 -0.184992
v -0.018561 0.081075 -0.119215
v -0.018605 0.081684 -0.076745
v -0.018674 0.109736 -0.200846
v -0.018714 0.082263 -0.202044
v -0.019215 0.083073 -0.186296
v -0.019250 0.081820 -0.162638
v -0.019364 0.015420 0.055166
v -0.019482 0.167313 0.034941
v -0.019702 0.158143 0.057684
v -0.019736 0.002412 -0.179682
v -0.019770 0.081877 -0.138502
v -0.019835 0.082173 -0.201029
v -0.019978 0.081615 -0.027521
v -0.020047 0.167435 0.056189
v -0.020196 0.082165 -0.183779
v -0.020337 0.081997 0.024191
v -0.020459 0.001343 0.055136
v -0.020501 0.082024 -0.102146
v -0.021142 0.017430 0.053305
v -0.021394 0.082028 -0.053535
v -0.021821 0.107777 0.036604
v -0.022010 0.080565 0.055594
v -0.022244 0.081468 0.034857
v -0.022345 0.081800 -0.013323
v -0.022906 0.000840 -0.205210
v -0.023175 0.082566 0.036512
v -0.023303 0.109545 0.038916
v -0.023400 0.109288 0.054876
v -0.023537 0.013680 -0.207010
v -0.023597 0.002022 -0.206934
v -0.023709 0.082293 0.053671
v -0.025460 0.081977 0.036268
v -0.026414 0.082520 -0.081776
v -0.026603 0.017174 -0.201021
v -0.027037 0.016255 -0.205561
v -0.027148 0.056351 -0.201838
v -0.027917 0.058470 -0.203226
v -0.027983 0.017277 -0.184259
v -0.028285 0.017209 -0.202555
v -0.028441 0.015435 0.058813
v -0.028504 0.056435 -0.183626
v -0.028741 0.001305 0.058661
v -0.029410 0.016450 0.033384
v -0.029843 0.056538 0.035643
v -0.030566 0.080311 -0.202745
v -0.031108 0.017121 0.053076
v -0.031119 0.018086 0.036642
v -0.031848 0.078855 -0.203440
v -0.032138 0.056758 0.054022
v -0.032859 0.017022 0.036078
v -0.033126 0.017163 0.055014
v -0.033423 0.080944 -0.186365
v -0.034217 0.083606 -0.183573
v -0.035464 0.083610 -0.159128
v -0.036082 0.083238 -0.029497
v -0.036277 0.083717 -0.134504
v -0.036570 0.083678 -0.085331
v -0.037253 0.083506 -0.163546
v -0.039103 0.083643 -0.010469
v -0.039828 0.083540 -0.020208
v -0.040099 0.083724 0.036070
v -0.040347 0.080718 0.037146
v -0.041205 0.016461 -0.181704
v -0.043406 0.060206 -0.203653
v -0.043628 0.000977 -0.181353
v -0.044375 0.049044 0.054800
v -0.044574 0.012353 -0.180254
v -0.044692 0.079489 0.055029
v -0.045523 0.002587 -0.180460
v -0.045573 0.083754 -0.038649
v -0.045935 0.033719 -0.203119
v -0.045947 0.017205 -0.184542
v -0.046199 0.033467 -0.184580
v -0.046550 0.014519 0.031332
v -0.046901 0.001542 -0.206644
v -0.047049 0.014977 -0.207560
v -0.047099 0.059746 0.055120
v -0.047206 0.017052 -0.203318
v -0.047442 0.032838 -0.201281
v -0.047789 0.017159 -0.186846
v -0.047858 0.032593 -0.187082
v -0.048129 0.000817 -0.185793
v -0.049392 0.056956 -0.043249
v -0.049403 0.046994 -0.203241
v -0.049556 0.009881 0.031179
v -0.049556 0.002190 0.031225
v -0.049723 0.083811 -0.092032
v -0.049731 0.014817 -0.203058
v -0.049746 0.083754 -0.182734
v -0.049872 0.083155 -0.028460
v -0.049929 0.017182 0.035452
v -0.049960 0.002877 -0.203165
v -0.050330 0.050803 -0.184359
v -0.050368 0.002770 -0.185801
v -0.050463 0.012749 -0.186243
v -0.050486 0.034028 0.035749
v -0.050944 0.079725 0.045332
v -0.051024 0.056950 0.002478
v -0.051066 0.045785 -0.201807
v -0.051471 0.035073 0.054510
v -0.051585 0.045968 -0.186624
v -0.052188 0.017239 0.037687
v -0.052203 0.033963 0.037184
v -0.052340 0.001343 0.057852
v -0.052428 0.017419 0.054541
v -0.052546 0.012551 0.058065
v -0.052699 0.033173 0.052176
v -0.053023 0.083747 -0.030188
v -0.054274 0.001199 0.036009
v -0.054457 0.014138 0.037016
v -0.054618 0.079208 -0.201281
v -0.054763 0.056950 -0.093590
v -0.054774 0.014985 0.052511
v -0.054820 0.001893 0.055594
v -0.054957 0.056983 -0.133173
v -0.055232 0.076430 -0.203897
v -0.055300 0.048136 0.035711
v -0.055308 0.046712 0.054297
v -0.055358 0.057534 -0.183878
v -0.055838 0.058003 -0.167505
v -0.055850 0.060479 -0.184267
v -0.056075 0.045708 0.037153
v -0.056285 0.057414 -0.122122
v -0.056380 0.057942 -0.136442
v -0.056487 0.045933 0.052679
v -0.056647 0.057231 -0.088664
v -0.056990 0.083720 -0.153856
v -0.057223 0.058984 -0.100716
v -0.057231 0.060517 -0.121744
v -0.057235 0.060847 -0.151712
v -0.057311 0.057015 -0.021082
v -0.057662 0.057528 -0.049925
v -0.057746 0.083523 -0.158281
v -0.057872 0.058959 -0.071229
v -0.057925 0.053710 -0.203424
v -0.058032 0.058366 -0.203424
v -0.058455 0.081968 -0.185678
v -0.058631 0.060990 -0.090365
v -0.058688 0.057727 -0.021833
v -0.058688 0.057456 -0.001627
v -0.058692 0.061211 -0.113474
v -0.058787 0.060721 -0.064294
v -0.058844 0.083132 -0.174601
v -0.058951 0.061700 -0.184084
v -0.058989 0.054494 -0.184908
v -0.059150 0.052415 -0.201204
v -0.059336 0.060187 -0.009264
v -0.059413 0.078826 -0.198801
v -0.059787 0.061141 -0.063365
v -0.059802 0.060736 -0.031591
v -0.059806 0.056798 0.034719
v -0.059829 0.060302 0.002867
v -0.059832 0.078890 -0.187891
v -0.059859 0.058993 0.031004
v -0.059874 0.057667 -0.202127
v -0.060096 0.052912 -0.186357
v -0.060153 0.060509 -0.204065
v -0.060275 0.083046 -0.147188
v -0.060382 0.083690 -0.122896
v -0.060389 0.058213 -0.185785
v -0.060706 0.072500 -0.204035
v -0.060927 0.061000 0.034643
v -0.060939 0.061185 -0.102133
v -0.061194 0.061061 0.005102
v -0.061652 0.061640 -0.139494
v -0.062239 0.064636 -0.184778
v -0.062369 0.061473 -0.104198
v -0.062476 0.082815 -0.069866
v -0.062522 0.083214 -0.041834
v -0.062598 0.060622 -0.201677
v -0.062659 0.082103 -0.126776
v -0.062667 0.075262 -0.200495
v -0.062789 0.074806 -0.185442
v -0.062896 0.061240 -0.068253
v -0.062934 0.057559 0.054083
v -0.063018 0.077937 -0.180529
v -0.063018 0.060614 -0.187960
v -0.063040 0.083670 -0.008944
v -0.063094 0.064026 -0.151148
v -0.063163 0.061234 -0.039247
v -0.063422 0.063163 -0.123255
v -0.063567 0.078135 -0.156481
v -0.063903 0.069288 -0.124899
v -0.064101 0.081661 -0.067650
v -0.064147 0.083422 0.034903
v -0.064238 0.061276 -0.018866
v -0.064276 0.061331 0.005644
v -0.064414 0.062960 -0.081425
v -0.064429 0.061351 0.034895
v -0.064650 0.052960 0.037207
v -0.064795 0.053321 0.053640
v -0.064826 0.058135 0.036284
v -0.064887 0.060425 0.054602
v -0.064963 0.078697 0.037016
v -0.065055 0.057687 0.051748
v -0.065070 0.062949 -0.037924
v -0.065314 0.080665 -0.034975
v -0.065436 0.078625 0.052984
v -0.065482 0.079172 -0.064795
v -0.065490 0.064610 -0.041403
v -0.065543 0.062823 -0.023558
v -0.065657 0.062424 0.000608
v -0.066161 0.078607 -0.027697
v -0.066275 0.064992 -0.005007
v -0.066291 0.072798 -0.013033
v -0.066306 0.080571 -0.006708
v -0.066428 0.076302 0.036665
v -0.066497 0.059935 0.037664
v -0.066603 0.073899 0.054464
v -0.066725 0.063946 0.035574
v -0.066771 0.059916 0.051657
v -0.066909 0.069813 0.024511
v -0.067450 0.079931 0.034575
vt 0.732295 0.590311
vt 0.744445 0.591019
vt 0.743030 0.602343
vt 0.754944 0.583351
vt 0.746333 0.582762
vt 0.755062 0.569196
vt 0.739845 0.566011
vt 0.735244 0.584059
vt 0.726633 0.586654
vt 0.747040 0.609185
vt 0.755062 0.618858
vt 0.727576 0.603287
vt 0.728048 0.611072
vt 0.749518 0.633721
vt 0.753174 0.650000
vt 0.723448 0.603641
vt 0.675083 0.582172
vt 0.703158 0.601400
vt 0.723566 0.608005
vt 0.732885 0.635491
vt 0.730644 0.639148
vt 0.744799 0.634665
vt 0.734418 0.640209
vt 0.732413 0.641153
vt 0.746568 0.638794
vt 0.740906 0.659437
vt 0.735598 0.657314
vt 0.749164 0.649174
vt 0.749753 0.659201
vt 0.865369 0.452299
vt 0.862066 0.443216
vt 0.882474 0.440975
vt 0.875042 0.459141
vt 0.894152 0.443806
vt 0.881884 0.459495
vt 0.894152 0.395677
vt 0.873037 0.396503
vt 0.875868 0.437200
vt 0.874334 0.429178
vt 0.869498 0.398036
vt 0.859825 0.411484
vt 0.846158 0.828539
vt 0.842147 0.816153
vt 0.864324 0.825236
vt 0.873053 0.816153
vt 0.871048 0.825944
vt 0.848399 0.832431
vt 0.865975 0.831606
vt 0.868689 0.831724
vt 0.877300 0.830898
vt 0.878008 0.856732
vt 0.874587 0.875134
vt 0.847691 0.872775
vt 0.845214 0.829954
vt 0.833182 0.884217
vt 0.839434 0.830426
vt 0.834244 0.829011
vt 0.833182 0.827595
vt 0.032688 0.601364
vt 0.022543 0.607026
vt 0.027616 0.600066
vt 0.034104 0.597117
vt 0.045900 0.610801
vt 0.024785 0.584141
vt 0.049085 0.580956
vt 0.035283 0.584495
vt 0.073267 0.552409
vt 0.048849 0.555004
vt 0.063830 0.554651
vt 0.051798 0.544742
vt 0.052152 0.536130
vt 0.039176 0.518436
vt 0.058994 0.529289
vt 0.056045 0.516903
vt 0.022543 0.509117
vt 0.091551 0.552645
vt 0.106769 0.546275
vt 0.064656 0.565857
vt 0.099691 0.565857
vt 0.101578 0.567626
vt 0.086833 0.604195
vt 0.070436 0.623423
vt 0.113728 0.577535
vt 0.121160 0.587798
vt 0.099809 0.613514
vt 0.095680 0.618586
vt 0.139090 0.620946
vt 0.485574 0.530442
vt 0.483923 0.546603
vt 0.478261 0.521005
vt 0.472009 0.567482
vt 0.469059 0.521949
vt 0.463043 0.513456
vt 0.440277 0.525370
vt 0.455022 0.576801
vt 0.460448 0.577037
vt 0.440277 0.613488
vt 0.946206 0.619697
vt 0.937595 0.619579
vt 0.946796 0.593273
vt 0.951279 0.611322
vt 0.951279 0.566496
vt 0.937949 0.587493
vt 0.934410 0.613563
vt 0.934882 0.585488
vt 0.929102 0.600705
vt 0.928984 0.614743
vt 0.928394 0.581241
vt 0.926978 0.608491
vt 0.917777 0.571922
vt 0.916833 0.611086
vt 0.624871 0.300007
vt 0.601868 0.301658
vt 0.601514 0.295170
vt 0.601632 0.272758
vt 0.595852 0.272876
vt 0.591252 0.263321
vt 0.571670 0.264736
vt 0.580517 0.231707
vt 0.582522 0.232886
vt 0.582287 0.231589
vt 0.599981 0.262023
vt 0.601986 0.248929
vt 0.599155 0.225101
vt 0.597268 0.223685
vt 0.588539 0.218731
vt 0.599509 0.222506
vt 0.595498 0.210002
vt 0.593965 0.210709
vt 0.607413 0.199857
vt 0.619445 0.223803
vt 0.604699 0.249637
vt 0.621804 0.204693
vt 0.614490 0.187235
vt 0.623573 0.223921
vt 0.620270 0.251878
vt 0.608710 0.262967
vt 0.627820 0.252940
vt 0.635841 0.211181
vt 0.612603 0.270044
vt 0.623455 0.269455
vt 0.618855 0.264028
vt 0.634308 0.270044
vt 0.620270 0.271696
vt 0.624871 0.288329
vt 0.635841 0.301776
vt 0.395985 0.728396
vt 0.389733 0.716009
vt 0.442109 0.711881
vt 0.424650 0.734176
vt 0.432907 0.735591
vt 0.415685 0.745618
vt 0.412146 0.747270
vt 0.417572 0.796696
vt 0.397991 0.753993
vt 0.405422 0.797286
vt 0.402119 0.760717
vt 0.389733 0.782068
vt 0.402119 0.787023
vt 0.201806 0.661950
vt 0.233538 0.654873
vt 0.235190 0.657586
vt 0.247458 0.639302
vt 0.203104 0.665017
vt 0.247930 0.642604
vt 0.241796 0.663130
vt 0.271404 0.641307
vt 0.295823 0.637296
vt 0.294171 0.640599
vt 0.297946 0.638122
vt 0.303018 0.639537
vt 0.285560 0.655580
vt 0.288863 0.673747
vt 0.293345 0.669264
vt 0.292991 0.676224
vt 0.290396 0.695452
vt 0.224337 0.691205
vt 0.220444 0.674572
vt 0.213367 0.683420
vt 0.207233 0.695452
vt 0.211715 0.673039
vt 0.216198 0.677521
vt 0.570317 0.758653
vt 0.537877 0.766792
vt 0.553448 0.733999
vt 0.526671 0.745795
vt 0.518059 0.726449
vt 0.524076 0.724208
vt 0.539293 0.718546
vt 0.537759 0.715125
vt 0.543539 0.718192
vt 0.540944 0.715243
vt 0.545191 0.712766
vt 0.572086 0.745795
vt 0.571496 0.759479
vt 0.592376 0.774932
vt 0.567722 0.724562
vt 0.592376 0.704154
vt 0.559936 0.714417
vt 0.559700 0.711822
vt 0.570081 0.707575
vt 0.569609 0.704272
vt 0.576097 0.690117
vt 0.929734 0.446994
vt 0.937991 0.441214
vt 0.938699 0.448645
vt 0.943536 0.436495
vt 0.941294 0.448410
vt 0.945069 0.435670
vt 0.940469 0.450769
vt 0.938699 0.451595
vt 0.928083 0.449589
vt 0.939289 0.459734
vt 0.927847 0.458908
vt 0.936812 0.461385
vt 0.938817 0.461739
vt 0.936694 0.463037
vt 0.939407 0.463745
vt 0.926903 0.460324
vt 0.938581 0.465986
vt 0.934806 0.465514
vt 0.924897 0.462447
vt 0.923482 0.469289
vt 0.934688 0.471766
vt 0.936694 0.471058
vt 0.945069 0.483090
vt 0.593968 0.828873
vt 0.591019 0.829109
vt 0.593024 0.810589
vt 0.590783 0.809645
vt 0.599158 0.823565
vt 0.601518 0.830879
vt 0.591373 0.797377
vt 0.588542 0.794428
vt 0.594440 0.783222
vt 0.593968 0.782042
vt 0.595856 0.783576
vt 0.593496 0.800444
vt 0.598215 0.806932
vt 0.607062 0.794310
vt 0.613078 0.756208
vt 0.603995 0.811297
vt 0.614730 0.777088
vt 0.605057 0.814836
vt 0.603051 0.830879
vt 0.607298 0.802804
vt 0.608242 0.795726
vt 0.613668 0.783340
vt 0.610719 0.795844
vt 0.613432 0.799265
vt 0.608478 0.805281
vt 0.605882 0.816723
vt 0.604467 0.830997
vt 0.608242 0.815661
vt 0.609539 0.815543
vt 0.611309 0.809999
vt 0.614730 0.804691
vt 0.611898 0.814718
vt 0.606708 0.829227
vt 0.607770 0.832058
vt 0.714709 0.682934
vt 0.720135 0.696028
vt 0.718838 0.695792
vt 0.722376 0.711835
vt 0.710344 0.684468
vt 0.710580 0.669133
vt 0.715889 0.708886
vt 0.677551 0.686827
vt 0.692650 0.670312
vt 0.683331 0.735192
vt 0.717068 0.735192
vt 0.719545 0.733186
vt 0.722730 0.722806
vt 0.725797 0.702398
vt 0.665872 0.705229
vt 0.725679 0.718323
vt 0.726623 0.726109
vt 0.726977 0.717969
vt 0.728982 0.718795
vt 0.671299 0.685294
vt 0.664811 0.724339
vt 0.665990 0.699095
vt 0.670591 0.684822
vt 0.662334 0.715492
vt 0.663867 0.732125
vt 0.665283 0.690602
vt 0.659384 0.720800
vt 0.662216 0.705111
vt 0.660210 0.706881
vt 0.663867 0.689422
vt 0.655374 0.678334
vt 0.656199 0.721980
vt 0.652661 0.725519
vt 0.649594 0.692725
vt 0.650301 0.684232
vt 0.644993 0.705583
vt 0.648532 0.688950
vt 0.642280 0.721154
vt 0.642044 0.706173
vt 0.642162 0.715610
vt 0.641690 0.721272
vt 0.642044 0.689776
vt 0.636854 0.721036
vt 0.635910 0.722452
vt 0.638033 0.712425
vt 0.632371 0.716908
vt 0.637090 0.691546
vt 0.756956 0.796971
vt 0.753771 0.798622
vt 0.768752 0.773496
vt 0.802253 0.812188
vt 0.783379 0.730204
vt 0.764033 0.779159
vt 0.755894 0.790247
vt 0.746457 0.812188
vt 0.750704 0.795909
vt 0.761674 0.776917
vt 0.767808 0.770311
vt 0.766628 0.758043
vt 0.771937 0.744124
vt 0.771937 0.728789
vt 0.774768 0.730086
vt 0.127261 0.161490
vt 0.124902 0.133532
vt 0.127851 0.154176
vt 0.128323 0.186734
vt 0.127969 0.142498
vt 0.123132 0.113833
vt 0.132805 0.174701
vt 0.129267 0.143677
vt 0.127851 0.124803
vt 0.133041 0.158894
vt 0.138350 0.159602
vt 0.140237 0.208085
vt 0.137524 0.182369
vt 0.153803 0.181661
vt 0.157696 0.201715
vt 0.138586 0.210916
vt 0.145427 0.207967
vt 0.157696 0.205843
vt 0.164065 0.206197
vt 0.147787 0.212567
vt 0.167958 0.215988
vt 0.171379 0.213511
vt 0.144130 0.213275
vt 0.156398 0.222122
vt 0.168076 0.219881
vt 0.157460 0.224599
vt 0.153803 0.224128
vt 0.142006 0.216106
vt 0.137052 0.220117
vt 0.142714 0.218230
vt 0.155454 0.226605
vt 0.150146 0.226605
vt 0.137406 0.225779
vt 0.130092 0.234626
vt 0.145663 0.234626
vt 0.151915 0.227667
vt 0.147551 0.235688
vt 0.156752 0.249843
vt 0.140709 0.246423
vt 0.135754 0.268246
vt 0.131626 0.256095
vt 0.139293 0.244771
vt 0.124312 0.248192
vt 0.131508 0.236986
vt 0.123132 0.247720
vt 0.749685 0.840086
vt 0.749685 0.813898
vt 0.763132 0.815432
vt 0.755937 0.852118
vt 0.748269 0.856129
vt 0.758296 0.856719
vt 0.744494 0.870520
vt 0.754285 0.879250
vt 0.763014 0.875239
vt 0.765963 0.852236
vt 0.771154 0.873233
vt 0.758060 0.852118
vt 0.764902 0.841266
vt 0.763604 0.847164
vt 0.778585 0.860494
vt 0.777878 0.839260
vt 0.773985 0.812601
vt 0.776462 0.814016
vt 0.779883 0.846692
vt 0.781534 0.817909
vt 0.786843 0.869223
vt 0.795100 0.879250
vt 0.791325 0.865094
vt 0.788022 0.844569
vt 0.796044 0.863914
vt 0.789202 0.811421
vt 0.789910 0.811421
vt 0.825328 0.879250
vt 0.821435 0.875475
vt 0.829574 0.835485
vt 0.816363 0.835721
vt 0.815419 0.814842
vt 0.813767 0.838906
vt 0.806808 0.862145
vt 0.806808 0.818027
vt 0.810465 0.822274
vt 0.808695 0.814488
vt 0.851037 0.733406
vt 0.868023 0.751336
vt 0.833932 0.722553
vt 0.830865 0.693888
vt 0.863069 0.723615
vt 0.847498 0.685159
vt 0.871798 0.713588
vt 0.829804 0.711583
vt 0.829686 0.691647
vt 0.829686 0.740012
vt 0.592376 0.683328
vt 0.557459 0.689462
vt 0.546252 0.667757
vt 0.537169 0.685333
vt 0.548376 0.703145
vt 0.533984 0.682974
vt 0.529384 0.697955
vt 0.542242 0.666459
vt 0.546724 0.705387
vt 0.528204 0.699488
vt 0.529738 0.702438
vt 0.511336 0.694416
vt 0.509920 0.705151
vt 0.520891 0.668818
vt 0.516644 0.681440
vt 0.511807 0.692647
vt 0.508858 0.693944
vt 0.492462 0.705387
vt 0.498950 0.690523
vt 0.499775 0.690051
vt 0.513459 0.681086
vt 0.519947 0.660797
vt 0.517706 0.658438
vt 0.523958 0.655371
vt 0.528322 0.662566
vt 0.542124 0.659735
vt 0.920562 0.079146
vt 0.926814 0.075253
vt 0.933892 0.096840
vt 0.920798 0.084218
vt 0.925163 0.111350
vt 0.921978 0.102974
vt 0.922922 0.116776
vt 0.920444 0.101913
vt 0.917260 0.083982
vt 0.913131 0.079972
vt 0.916552 0.077494
vt 0.903340 0.094363
vt 0.902868 0.081387
vt 0.900745 0.083157
vt 0.900037 0.107103
vt 0.902632 0.106631
vt 0.903340 0.119489
vt 0.933892 0.131639
vt 0.901335 0.122556
vt 0.002254 0.084448
vt 0.002844 0.083268
vt 0.004850 0.083976
vt 0.004968 0.062979
vt 0.002254 0.062625
vt 0.642473 0.663104
vt 0.631385 0.631726
vt 0.643889 0.661570
vt 0.644007 0.665345
vt 0.631385 0.675726
vt 0.653326 0.655200
vt 0.634098 0.677495
vt 0.644361 0.621935
vt 0.646602 0.666289
vt 0.649787 0.673249
vt 0.640232 0.685517
vt 0.654859 0.657677
vt 0.657573 0.669592
vt 0.690484 0.660862
vt 0.682463 0.647179
vt 0.665358 0.648358
vt 0.684704 0.639983
vt 0.654152 0.591972
vt 0.631857 0.581120
vt 0.661347 0.626181
vt 0.673144 0.618986
vt 0.684468 0.608251
vt 0.685884 0.597635
vt 0.666420 0.610964
vt 0.673380 0.602825
vt 0.677390 0.611436
vt 0.672672 0.615919
vt 0.668543 0.610492
vt 0.674559 0.611790
vt 0.248274 0.784867
vt 0.236714 0.782036
vt 0.247094 0.782979
vt 0.226333 0.764459
vt 0.272338 0.777081
vt 0.215126 0.770711
vt 0.223266 0.764105
vt 0.235770 0.759859
vt 0.233411 0.745821
vt 0.254054 0.758089
vt 0.255116 0.756674
vt 0.261722 0.761628
vt 0.271041 0.770357
vt 0.262665 0.759387
vt 0.276939 0.766229
vt 0.265614 0.752191
vt 0.273990 0.760685
vt 0.275405 0.758915
vt 0.266676 0.746883
vt 0.264199 0.745703
vt 0.259244 0.749832
vt 0.258065 0.746175
vt 0.249218 0.741693
vt 0.231995 0.740159
vt 0.226215 0.736856
vt 0.227277 0.735087
vt 0.268445 0.732609
vt 0.251577 0.713853
vt 0.274580 0.717274
vt 0.235652 0.727773
vt 0.227748 0.704063
vt 0.218665 0.726829
vt 0.215126 0.696749
vt 0.878198 0.746948
vt 0.905329 0.748600
vt 0.897425 0.777855
vt 0.899903 0.779624
vt 0.874423 0.772310
vt 0.873833 0.756621
vt 0.883034 0.796375
vt 0.871710 0.772192
vt 0.869468 0.759924
vt 0.870294 0.791538
vt 0.860975 0.780450
vt 0.854251 0.761222
vt 0.857790 0.779034
vt 0.852128 0.765822
vt 0.855313 0.783399
vt 0.859088 0.802745
vt 0.861093 0.791892
vt 0.864160 0.794369
vt 0.865694 0.802509
vt 0.881972 0.809704
vt 0.871946 0.795549
vt 0.868289 0.800267
vt 0.879377 0.806991
vt 0.879967 0.803216
vt 0.888224 0.805104
vt 0.896010 0.806637
vt 0.888342 0.801211
vt 0.886573 0.796728
vt 0.894948 0.787409
vt 0.899077 0.796021
vt 0.905329 0.793190
vt 0.900021 0.804278
vt 0.248156 0.806971
vt 0.244853 0.807797
vt 0.242022 0.798242
vt 0.229872 0.800012
vt 0.236360 0.810982
vt 0.248746 0.803433
vt 0.259834 0.803787
vt 0.243791 0.796473
vt 0.238955 0.791872
vt 0.216306 0.774532
vt 0.216896 0.783261
vt 0.231051 0.815229
vt 0.233175 0.812870
vt 0.231169 0.816762
vt 0.235180 0.816526
vt 0.216306 0.846961
vt 0.257357 0.801309
vt 0.256649 0.796473
vt 0.256767 0.793760
vt 0.259126 0.793760
vt 0.259244 0.796473
vt 0.266794 0.793288
vt 0.261957 0.802489
vt 0.272928 0.802253
vt 0.271866 0.796945
vt 0.271512 0.792108
vt 0.276939 0.796591
vt 0.815851 0.676538
vt 0.820570 0.661675
vt 0.820924 0.662737
vt 0.851122 0.680549
vt 0.854189 0.667573
vt 0.823165 0.660967
vt 0.824581 0.649879
vt 0.826232 0.652002
vt 0.857492 0.655895
vt 0.855605 0.667691
vt 0.846404 0.653064
vt 0.859379 0.651294
vt 0.827766 0.648227
vt 0.825878 0.639852
vt 0.849235 0.635487
vt 0.823637 0.637729
vt 0.852892 0.626168
vt 0.854543 0.624989
vt 0.829889 0.620978
vt 0.817031 0.624989
vt 0.857846 0.611777
vt 0.815851 0.622394
vt 0.858082 0.608120
vt 0.556446 0.657147
vt 0.551964 0.655023
vt 0.555503 0.654552
vt 0.545240 0.648182
vt 0.542645 0.647828
vt 0.523535 0.651602
vt 0.540993 0.640632
vt 0.551256 0.639452
vt 0.544296 0.634970
vt 0.557036 0.625179
vt 0.563406 0.640396
vt 0.575792 0.626830
vt 0.562698 0.646058
vt 0.567181 0.661865
vt 0.609883 0.622466
vt 0.612360 0.647238
vt 0.616961 0.620696
vt 0.620382 0.617983
vt 0.627696 0.615152
vt 0.622859 0.646294
vt 0.608350 0.655731
vt 0.625690 0.639806
vt 0.633358 0.663163
vt 0.633358 0.601704
vt 0.438432 0.811533
vt 0.420620 0.783104
vt 0.420502 0.758332
vt 0.474528 0.831940
vt 0.420502 0.832058
vt 0.479011 0.823565
vt 0.479365 0.820262
vt 0.445982 0.804573
vt 0.457778 0.799619
vt 0.432416 0.763758
vt 0.443386 0.773549
vt 0.434067 0.758922
vt 0.671243 0.230059
vt 0.669002 0.235957
vt 0.656852 0.231828
vt 0.655554 0.231002
vt 0.684927 0.209297
vt 0.685517 0.215903
vt 0.676316 0.172021
vt 0.648948 0.209769
vt 0.664047 0.168954
vt 0.646943 0.208354
vt 0.641517 0.201748
vt 0.683511 0.165769
vt 0.685517 0.166005
vt 0.667822 0.166477
vt 0.667114 0.161051
vt 0.685517 0.161051
vt 0.680562 0.131678
vt 0.664519 0.141587
vt 0.662986 0.143120
vt 0.653667 0.138756
vt 0.634793 0.162820
vt 0.633259 0.203635
vt 0.647651 0.137930
vt 0.729641 0.768722
vt 0.723271 0.763650
vt 0.731764 0.735811
vt 0.734005 0.719060
vt 0.742381 0.719060
vt 0.749458 0.751972
vt 0.735421 0.716937
vt 0.750756 0.720476
vt 0.752643 0.718942
vt 0.770338 0.724015
vt 0.752172 0.716819
vt 0.777416 0.722835
vt 0.752643 0.714224
vt 0.742027 0.716465
vt 0.751228 0.714814
vt 0.745566 0.681666
vt 0.743678 0.682138
vt 0.742617 0.713752
vt 0.733534 0.687682
vt 0.735775 0.714342
vt 0.734123 0.713398
vt 0.727635 0.681548
vt 0.723271 0.677302
vt 0.953691 0.343379
vt 0.966181 0.301312
vt 0.966181 0.345242
vt 0.997054 0.072029
vt 0.972282 0.070967
vt 0.995639 0.044072
vt 0.970513 0.041477
vt 0.998470 0.055160
vt 0.998470 0.068726
vt 0.811661 0.912318
vt 0.807414 0.911846
vt 0.809419 0.899814
vt 0.813430 0.890495
vt 0.797151 0.923407
vt 0.782406 0.881884
vt 0.799510 0.891085
vt 0.777923 0.884597
vt 0.787360 0.905712
vt 0.777451 0.897101
vt 0.794792 0.922109
vt 0.783350 0.928361
vt 0.789484 0.927889
vt 0.776862 0.909251
vt 0.768486 0.897809
vt 0.773913 0.889198
vt 0.757634 0.881884
vt 0.760229 0.901702
vt 0.770728 0.919986
vt 0.762824 0.921283
vt 0.777098 0.924704
vt 0.786770 0.932372
vt 0.766953 0.925884
vt 0.764711 0.930956
vt 0.772143 0.923053
vt 0.774031 0.924114
vt 0.766009 0.933315
vt 0.770846 0.934141
vt 0.778749 0.927653
vt 0.784175 0.932254
vt 0.778513 0.930366
vt 0.772615 0.937326
vt 0.776154 0.938860
vt 0.092341 0.876310
vt 0.103076 0.894594
vt 0.085617 0.893179
vt 0.081725 0.876546
vt 0.091280 0.874777
vt 0.069103 0.873951
vt 0.083140 0.870058
vt 0.073939 0.894240
vt 0.047280 0.902026
vt 0.041971 0.905329
vt 0.046808 0.851420
vt 0.041971 0.841511
vt 0.838605 0.515680
vt 0.852760 0.517332
vt 0.836482 0.552131
vt 0.827517 0.517450
vt 0.820439 0.550243
vt 0.851345 0.561096
vt 0.838487 0.566758
vt 0.854412 0.518040
vt 0.852171 0.584335
vt 0.854412 0.584924
vt 0.600164 0.053820
vt 0.600164 0.001799
vt 0.615618 0.078238
vt 0.615971 0.039429
vt 0.216087 0.806362
vt 0.216087 0.837026
vt 0.214694 0.811368
vt 0.200400 0.814601
vt 0.210568 0.808351
vt 0.520347 0.813365
vt 0.501022 0.817345
vt 0.495215 0.810559
vt 0.497338 0.806987
vt 0.490816 0.812253
vt 0.485365 0.859379
vt 0.487326 0.808266
vt 0.488117 0.795531
vt 0.485555 0.797732
vt 0.485365 0.787067
vt 0.927509 0.436410
vt 0.928925 0.438769
vt 0.919134 0.434287
vt 0.922201 0.439949
vt 0.926094 0.434641
vt 0.913825 0.431456
vt 0.917246 0.441483
vt 0.920431 0.430394
vt 0.920667 0.427445
vt 0.904742 0.395123
vt 0.918308 0.401139
vt 0.902383 0.398072
vt 0.913236 0.436764
vt 0.902973 0.426265
vt 0.899316 0.393354
vt 0.907691 0.434995
vt 0.902973 0.441719
vt 0.899316 0.450802
vt 0.908399 0.439949
vt 0.905214 0.444904
vt 0.909343 0.444078
vt 0.914651 0.440185
vt 0.774250 0.518112
vt 0.768352 0.517404
vt 0.784277 0.486616
vt 0.784867 0.522831
vt 0.773660 0.473522
vt 0.783805 0.450284
vt 0.784867 0.438841
vt 0.778851 0.440257
vt 0.774368 0.458187
vt 0.756320 0.469394
vt 0.769886 0.480364
vt 0.757735 0.481780
vt 0.763752 0.476589
vt 0.759977 0.476589
vt 0.151902 0.541747
vt 0.211119 0.541747
vt 0.193661 0.555313
vt 0.175259 0.553307
vt 0.181275 0.557082
vt 0.174315 0.561329
vt 0.154143 0.554015
vt 0.113564 0.549886
vt 0.109436 0.553425
vt 0.100588 0.552600
vt 0.497174 0.051025
vt 0.500477 0.069545
vt 0.491512 0.066242
vt 0.498707 0.039701
vt 0.491866 0.035336
vt 0.480187 0.032269
vt 0.476177 0.037577
vt 0.477120 0.065770
vt 0.476177 0.067894
vt 0.880491 0.205372
vt 0.880491 0.268246
vt 0.870583 0.241822
vt 0.871172 0.265415
vt 0.865982 0.243709
vt 0.575032 0.168306
vt 0.580576 0.156745
vt 0.585530 0.155212
vt 0.582463 0.168895
vt 0.596737 0.125957
vt 0.590131 0.159694
vt 0.599332 0.143298
vt 0.598978 0.123244
vt 0.614431 0.121121
vt 0.612426 0.149196
vt 0.619504 0.136102
vt 0.615375 0.160520
vt 0.631182 0.119587
vt 0.633895 0.154150
vt 0.595557 0.086911
vt 0.603343 0.071930
vt 0.627525 0.094107
vt 0.658195 0.131737
vt 0.640855 0.101421
vt 0.621273 0.084434
vt 0.654774 0.092456
vt 0.588597 0.062965
vt 0.596265 0.058954
vt 0.585530 0.063673
vt 0.588126 0.103190
vt 0.584941 0.104016
vt 0.577391 0.064617
vt 0.581402 0.098590
vt 0.575032 0.065442
vt 0.887743 0.342417
vt 0.892107 0.345131
vt 0.886917 0.366010
vt 0.898595 0.371554
vt 0.874295 0.390428
vt 0.895410 0.352090
vt 0.901898 0.375093
vt 0.907324 0.389720
vt 0.906263 0.355157
vt 0.894231 0.341356
vt 0.910392 0.376391
vt 0.912987 0.380991
vt 0.911925 0.353034
vt 0.923957 0.332744
vt 0.918767 0.381463
vt 0.923957 0.392433
vt 0.923839 0.354214
vt 0.921768 0.567807
vt 0.913629 0.566627
vt 0.936042 0.556247
vt 0.925071 0.568043
vt 0.940642 0.573233
vt 0.935452 0.577008
vt 0.943827 0.579957
vt 0.934744 0.545158
vt 0.938047 0.544804
vt 0.901243 0.543743
vt 0.940524 0.541973
vt 0.943827 0.543979
vt 0.943591 0.535013
vt 0.933329 0.526638
vt 0.913865 0.540440
vt 0.901715 0.539732
vt 0.901597 0.531710
vt 0.906079 0.524987
vt 0.298542 0.301911
vt 0.299250 0.304034
vt 0.293824 0.300849
vt 0.300783 0.314533
vt 0.297598 0.316656
vt 0.302081 0.319369
vt 0.305502 0.316302
vt 0.293824 0.329160
vt 0.298188 0.330339
vt 0.948503 0.245392
vt 0.970058 0.254186
vt 0.955740 0.261232
vt 0.967619 0.282399
vt 0.975363 0.257126
vt 0.968681 0.285632
vt 0.979842 0.245392
vt 0.965542 0.655761
vt 0.969907 0.658356
vt 0.969907 0.696693
vt 0.954571 0.675578
vt 0.667442 0.098426
vt 0.667796 0.093472
vt 0.693512 0.086512
vt 0.695045 0.100667
vt 0.691388 0.072003
vt 0.647978 0.080024
vt 0.698938 0.089107
vt 0.702123 0.105504
vt 0.712268 0.106801
vt 0.714863 0.088163
vt 0.697758 0.082855
vt 0.710498 0.074834
vt 0.696225 0.071649
vt 0.693866 0.064335
vt 0.710380 0.062094
vt 0.690445 0.070587
vt 0.690563 0.068228
vt 0.651045 0.074952
vt 0.691388 0.042512
vt 0.707431 0.037204
vt 0.687614 0.040389
vt 0.675110 0.061150
vt 0.692096 0.037558
vt 0.629340 0.048410
vt 0.707667 0.026941
vt 0.710616 0.025289
vt 0.693984 0.024700
vt 0.690091 0.024110
vt 0.703303 0.020099
vt 0.707785 0.002641
vt 0.715689 0.009364
vt 0.720289 0.002641
vt 0.697405 0.005000
vt 0.695517 0.021515
vt 0.692922 0.008893
vt 0.683367 0.022812
vt 0.663195 0.027531
vt 0.685726 0.008185
vt 0.683957 0.005472
vt 0.664139 0.007477
vt 0.663549 0.014909
vt 0.657179 0.007005
vt 0.663549 0.023992
vt 0.654230 0.020807
vt 0.645029 0.004764
vt 0.643024 0.016796
vt 0.621909 0.003466
vt 0.644203 0.018448
vt 0.644911 0.023638
vt 0.624740 0.015499
vt 0.659421 0.037558
vt 0.657179 0.040860
vt 0.683603 0.054072
vt 0.669565 0.051359
vt 0.674048 0.057021
vt 0.679592 0.056078
vt 0.675228 0.053600
vt 0.967423 0.202842
vt 0.967423 0.248376
vt 0.960227 0.243421
vt 0.945128 0.219711
vt 0.651986 0.878728
vt 0.648801 0.888991
vt 0.643611 0.869291
vt 0.638774 0.899018
vt 0.650334 0.910224
vt 0.625326 0.873656
vt 0.648683 0.922374
vt 0.626742 0.897720
vt 0.630753 0.927683
vt 0.625326 0.921195
vt 0.297506 0.660456
vt 0.310246 0.654912
vt 0.310836 0.656446
vt 0.313313 0.654204
vt 0.304820 0.630612
vt 0.338321 0.638279
vt 0.335136 0.645947
vt 0.318268 0.665647
vt 0.371351 0.634269
vt 0.359555 0.655502
vt 0.357431 0.658451
vt 0.399072 0.639459
vt 0.394825 0.665647
vt 0.393410 0.631437
vt 0.404852 0.625775
vt 0.402493 0.631320
vt 0.399544 0.634976
vt 0.130702 0.647539
vt 0.119141 0.631024
vt 0.159248 0.620644
vt 0.187206 0.638928
vt 0.151817 0.651904
vt 0.223538 0.645416
vt 0.127635 0.652848
vt 0.175763 0.670660
vt 0.140610 0.654499
vt 0.172932 0.674317
vt 0.147570 0.668301
vt 0.176235 0.688000
vt 0.120557 0.658392
vt 0.141908 0.674671
vt 0.134594 0.688000
vt 0.331060 0.054547
vt 0.335307 0.093593
vt 0.331060 0.130397
vt 0.801857 0.931071
vt 0.808463 0.959972
vt 0.793127 0.951832
vt 0.806221 0.925527
vt 0.808463 0.915382
vt 0.013854 0.606797
vt 0.003237 0.625906
vt 0.003237 0.554185
vt 0.017511 0.581789
vt 0.018337 0.547933
vt 0.019870 0.602432
vt 0.914500 0.129715
vt 0.916506 0.150359
vt 0.914500 0.176664
vt 0.916388 0.185040
vt 0.813885 0.606410
vt 0.805628 0.603815
vt 0.811880 0.595204
vt 0.814121 0.611718
vt 0.824502 0.613488
vt 0.804330 0.607118
vt 0.801028 0.605230
vt 0.826389 0.592137
vt 0.827687 0.611718
vt 0.800084 0.596029
vt 0.760684 0.613488
vt 0.762572 0.600512
vt 0.802915 0.593198
vt 0.799258 0.593788
vt 0.812234 0.589187
vt 0.826861 0.573145
vt 0.829574 0.585649
vt 0.801735 0.586592
vt 0.812706 0.563590
vt 0.812942 0.557809
vt 0.801853 0.562646
vt 0.797607 0.579750
vt 0.803977 0.556040
vt 0.770121 0.594968
vt 0.765757 0.594260
vt 0.769060 0.593788
vt 0.769060 0.587064
vt 0.773542 0.590367
vt 0.763987 0.574796
vt 0.779912 0.566775
vt 0.799966 0.561230
vt 0.777435 0.562292
vt 0.801381 0.553445
vt 0.802561 0.552855
vt 0.804802 0.534453
vt 0.809993 0.542710
vt 0.806336 0.537284
vt 0.812116 0.543418
vt 0.810465 0.539407
vt 0.817660 0.543890
vt 0.817542 0.541885
vt 0.741401 0.848297
vt 0.733734 0.851247
vt 0.730077 0.844169
vt 0.730313 0.853016
vt 0.735267 0.840040
vt 0.728071 0.841456
vt 0.727010 0.848297
vt 0.727010 0.853724
vt 0.713562 0.861391
vt 0.725712 0.845348
vt 0.706130 0.854667
vt 0.708372 0.861037
vt 0.707428 0.861863
vt 0.704361 0.853724
vt 0.700704 0.857970
vt 0.705540 0.852426
vt 0.700468 0.848769
vt 0.699524 0.853960
vt 0.695632 0.857381
vt 0.692683 0.852072
vt 0.705540 0.849713
vt 0.716511 0.847236
vt 0.725358 0.842399
vt 0.717455 0.844759
vt 0.715803 0.844523
vt 0.700586 0.847590
vt 0.706720 0.819043
vt 0.718634 0.815622
vt 0.696929 0.822346
vt 0.707192 0.817863
vt 0.716747 0.814678
vt 0.710967 0.807129
vt 0.720758 0.815622
vt 0.681240 0.831547
vt 0.733144 0.824233
vt 0.729015 0.793563
vt 0.736683 0.837445
vt 0.741401 0.801230
vt 0.691149 0.850775
vt 0.692565 0.854550
vt 0.690205 0.854078
vt 0.679235 0.858442
vt 0.689616 0.857499
vt 0.888342 0.070155
vt 0.885393 0.072750
vt 0.883506 0.069683
vt 0.887753 0.065908
vt 0.890230 0.054348
vt 0.899549 0.075463
vt 0.887163 0.055763
vt 0.890348 0.036535
vt 0.883860 0.037715
vt 0.880911 0.044557
vt 0.887399 0.023795
vt 0.889168 0.017189
vt 0.899549 0.018959
vt 0.876428 0.020846
vt 0.882562 0.018841
vt 0.900610 0.036535
vt 0.903560 0.051988
vt 0.902262 0.028632
vt 0.902970 0.015302
vt 0.903206 0.028514
vt 0.905329 0.039130
vt 0.905329 0.065082
vt 0.900021 0.076996
vt 0.902144 0.075463
vt 0.876782 0.042315
vt 0.869232 0.043495
vt 0.869114 0.020964
vt 0.875484 0.066498
vt 0.867345 0.016010
vt 0.859795 0.035120
vt 0.863924 0.013415
vt 0.862273 0.042433
vt 0.863688 0.066852
vt 0.868879 0.066380
vt 0.868289 0.067088
vt 0.862391 0.073811
vt 0.866991 0.074991
vt 0.869468 0.068385
vt 0.868879 0.073458
vt 0.867699 0.076525
vt 0.878080 0.067088
vt 0.875838 0.074047
vt 0.877490 0.075345
vt 0.877136 0.068975
vt 0.878551 0.067677
vt 0.617423 0.951128
vt 0.621434 0.944168
vt 0.622967 0.944522
vt 0.622967 0.942516
vt 0.619428 0.951364
vt 0.637359 0.957026
vt 0.641251 0.956790
vt 0.644908 0.940393
vt 0.651986 0.956554
vt 0.651514 0.958559
vt 0.617895 0.952543
vt 0.615418 0.954666
vt 0.646560 0.965873
vt 0.650217 0.964575
vt 0.638302 0.963396
vt 0.636887 0.965401
vt 0.646442 0.968114
vt 0.635471 0.960683
vt 0.634174 0.965283
vt 0.632876 0.961980
vt 0.624147 0.959385
vt 0.624737 0.962688
vt 0.623675 0.962570
vt 0.615418 0.983567
vt 0.631107 0.981680
vt 0.632050 0.974130
vt 0.632404 0.980736
vt 0.634292 0.974012
vt 0.642667 0.976372
vt 0.641487 0.983213
vt 0.395707 0.876359
vt 0.397712 0.875180
vt 0.394409 0.889807
vt 0.424018 0.901603
vt 0.386152 0.899480
vt 0.427203 0.894526
vt 0.426495 0.883791
vt 0.405380 0.867512
vt 0.435578 0.872349
vt 0.448318 0.888156
vt 0.444071 0.864091
vt 0.446431 0.863973
vt 0.403964 0.852531
vt 0.439825 0.851941
vt 0.403138 0.841678
vt 0.443599 0.843684
vt 0.428736 0.838493
vt 0.448318 0.837078
vt 0.477124 0.589371
vt 0.479365 0.593618
vt 0.471225 0.584770
vt 0.475354 0.584652
vt 0.472759 0.583945
vt 0.474528 0.583001
vt 0.479365 0.570143
vt 0.665371 0.473155
vt 0.636942 0.465606
vt 0.643548 0.440244
vt 0.656996 0.435997
vt 0.643902 0.438121
vt 0.657586 0.432576
vt 0.684599 0.447440
vt 0.695452 0.456287
vt 0.659591 0.432223
vt 0.685779 0.446378
vt 0.691441 0.429273
vt 0.664074 0.411579
vt 0.664781 0.403558
vt 0.672921 0.386807
vt 0.636942 0.372416
vt 0.136259 0.936376
vt 0.136259 0.922810
vt 0.139090 0.923872
vt 0.136495 0.904880
vt 0.687535 0.202426
vt 0.697444 0.171520
vt 0.702398 0.172818
vt 0.698151 0.145922
vt 0.691782 0.161847
vt 0.712189 0.150641
vt 0.712071 0.176003
vt 0.717733 0.160549
vt 0.712307 0.185086
vt 0.725637 0.186855
vt 0.735192 0.149697
vt 0.726580 0.124571
vt 0.730945 0.129525
vt 0.713840 0.137311
vt 0.713015 0.125043
vt 0.709594 0.139434
vt 0.711363 0.125986
vt 0.702870 0.126930
vt 0.706173 0.119970
vt 0.698034 0.139316
vt 0.701337 0.125986
vt 0.701926 0.119263
vt 0.695910 0.136249
vt 0.687535 0.137783
vt 0.697798 0.122683
vt 0.694023 0.120796
vt 0.699567 0.110061
vt 0.691899 0.108410
vt 0.699213 0.108646
vt 0.691310 0.106876
vt 0.581228 0.909097
vt 0.581110 0.903553
vt 0.588660 0.894234
vt 0.595502 0.901076
vt 0.590075 0.928443
vt 0.581110 0.934223
vt 0.603051 0.900250
vt 0.601046 0.893644
vt 0.612842 0.947553
vt 0.614730 0.929387
vt 0.605882 0.894116
vt 0.804140 0.436479
vt 0.789749 0.427160
vt 0.792226 0.424801
vt 0.810864 0.432232
vt 0.826907 0.437187
vt 0.846961 0.376554
vt 0.846961 0.454527
vt 0.808505 0.395546
vt 0.798832 0.394602
vt 0.787862 0.425037
vt 0.775947 0.427986
vt 0.792344 0.415482
vt 0.796237 0.392479
vt 0.783851 0.378206
vt 0.787862 0.422795
vt 0.786328 0.423385
vt 0.775947 0.425273
vt 0.789985 0.406988
vt 0.792226 0.387996
vt 0.844058 0.482727
vt 0.856679 0.434598
vt 0.864347 0.471166
vt 0.864347 0.501719
vt 0.961233 0.038472
vt 0.968665 0.070912
vt 0.961233 0.073271
vt 0.904087 0.742643
vt 0.891937 0.735211
vt 0.904087 0.683072
vt 0.263815 0.110914
vt 0.288116 0.122946
vt 0.262046 0.112329
vt 0.257327 0.103128
vt 0.190443 0.122946
vt 0.826756 0.332135
vt 0.824279 0.348178
vt 0.805877 0.315620
vt 0.809298 0.331073
vt 0.817201 0.354312
vt 0.829234 0.355727
vt 0.817083 0.384982
vt 0.834542 0.366226
vt 0.805877 0.381207
vt 0.816022 0.354784
vt 0.812188 0.663943
vt 0.804049 0.690484
vt 0.804403 0.653326
vt 0.785175 0.669723
vt 0.788950 0.646366
vt 0.809003 0.626195
vt 0.785175 0.614516
vt 0.811362 0.615696
vt 0.224780 0.456605
vt 0.217348 0.481849
vt 0.215933 0.408830
vt 0.215933 0.481023
vt 0.414787 0.284341
vt 0.383999 0.288116
vt 0.385297 0.287054
vt 0.379516 0.259215
vt 0.370079 0.272545
vt 0.383999 0.227837
vt 0.414787 0.215805
vt 0.377747 0.192448
vt 0.813073 0.190676
vt 0.809062 0.154461
vt 0.834306 0.144670
vt 0.811539 0.185603
vt 0.809062 0.218633
vt 0.815432 0.219812
vt 0.820858 0.214268
vt 0.829116 0.183362
vt 0.834542 0.162954
vt 0.831711 0.180885
vt 0.813623 0.067697
vt 0.817398 0.080083
vt 0.801355 0.065810
vt 0.767972 0.084448
vt 0.819639 0.084448
vt 0.783307 0.064040
vt 0.787672 0.057434
vt 0.778942 0.064158
vt 0.811618 0.055901
vt 0.773988 0.001756
vt 0.961233 0.557623
vt 0.951088 0.548658
vt 0.951088 0.521644
vt 0.960761 0.565054
vt 0.968665 0.537215
vt 0.320404 0.606921
vt 0.320404 0.615296
vt 0.318399 0.621784
vt 0.319343 0.620605
vt 0.320404 0.628390
s 1
usemtl Material
f 345/1 328/2 281/3
f 281/3 328/2 411/4
f 411/4 328/2 425/5
f 425/5 328/2 345/1
f 411/4 425/5 427/6
f 427/6 425/5 426/7
f 426/7 425/5 423/8
f 423/8 425/5 345/1
f 426/7 423/8 338/9
f 338/9 423/8 345/1
f 232/10 281/3 411/4
f 232/10 411/4 137/11
f 280/12 345/1 281/3
f 345/1 280/12 338/9
f 281/3 232/10 231/13
f 281/3 231/13 280/12
f 232/10 137/11 2/14
f 2/14 137/11 565/15
f 338/9 280/12 278/16
f 278/16 280/12 231/13
f 338/9 278/16 271/17
f 271/17 278/16 248/18
f 248/18 278/16 255/19
f 255/19 278/16 231/13
f 255/19 231/13 4/20
f 255/19 4/20 451/21
f 1/22 231/13 232/10
f 231/13 1/22 4/20
f 1/22 232/10 2/14
f 451/21 4/20 458/23
f 458/23 4/20 1/22
f 451/21 458/23 460/24
f 1/22 2/14 457/25
f 1/22 457/25 458/23
f 457/25 2/14 565/15
f 460/24 458/23 604/26
f 604/26 458/23 457/25
f 460/24 604/26 585/27
f 457/25 565/15 555/28
f 457/25 555/28 604/26
f 555/28 565/15 609/29
f 555/28 609/29 604/26
f 609/30 565/31 603/32
f 609/30 603/32 604/33
f 591/34 585/35 604/33
f 591/34 604/33 603/32
f 591/34 603/32 240/36
f 240/36 603/32 239/37
f 603/32 565/31 570/38
f 239/37 603/32 516/39
f 516/39 603/32 570/38
f 516/39 570/38 565/31
f 239/37 516/39 227/40
f 516/39 565/31 137/41
f 516/39 137/41 227/40
f 227/42 137/43 396/44
f 396/44 137/43 411/45
f 396/44 411/45 427/46
f 227/42 396/44 247/47
f 396/44 427/46 334/48
f 396/44 334/48 247/47
f 334/48 427/46 365/49
f 365/49 427/46 347/50
f 365/49 347/50 374/51
f 365/49 374/51 334/48
f 334/48 374/51 316/52
f 334/48 316/52 247/47
f 247/47 316/52 244/53
f 239/54 227/42 247/47
f 239/54 247/47 244/53
f 239/54 244/53 242/55
f 239/54 242/55 238/56
f 238/56 242/55 236/57
f 238/56 236/57 239/54
f 236/57 242/55 240/58
f 236/57 240/58 239/54
f 347/59 427/60 426/61
f 347/59 426/61 341/62
f 347/59 341/62 272/63
f 341/62 426/61 338/64
f 272/63 341/62 329/65
f 329/65 341/62 370/66
f 370/66 341/62 338/64
f 329/65 370/66 369/67
f 370/66 338/64 358/68
f 370/66 358/68 367/69
f 370/66 367/69 369/67
f 369/67 367/69 358/68
f 358/68 338/64 351/70
f 358/68 351/70 369/67
f 351/70 338/64 335/71
f 335/71 338/64 271/72
f 369/67 351/70 350/73
f 350/73 351/70 335/71
f 350/73 335/71 258/74
f 258/74 335/71 271/72
f 258/74 271/72 248/75
f 332/76 369/67 359/77
f 369/67 332/76 333/78
f 369/67 333/78 329/65
f 333/78 332/76 279/79
f 329/65 333/78 272/63
f 272/63 333/78 279/79
f 272/63 279/79 261/80
f 272/63 261/80 151/81
f 272/63 151/81 138/82
f 151/81 261/80 122/83
f 151/81 122/83 8/84
f 151/81 8/84 3/85
f 151/81 3/85 10/86
f 3/85 8/84 16/87
f 316/88 374/89 385/90
f 385/90 374/89 347/91
f 385/90 347/91 381/92
f 381/92 347/91 330/93
f 330/93 347/91 242/94
f 242/94 347/91 240/95
f 240/95 347/91 272/96
f 240/95 272/96 591/97
f 244/98 316/99 243/100
f 244/98 243/100 242/101
f 242/101 243/100 251/102
f 243/100 316/99 322/103
f 322/103 316/99 385/104
f 322/103 385/104 398/105
f 398/105 385/104 387/106
f 387/106 385/104 381/107
f 398/105 387/106 377/108
f 387/106 381/107 330/109
f 387/106 330/109 377/108
f 377/108 330/109 252/110
f 252/110 330/109 242/111
f 585/112 591/113 575/114
f 585/112 575/114 550/115
f 550/115 575/114 494/116
f 550/115 494/116 497/117
f 489/118 493/119 497/117
f 497/117 493/119 505/120
f 505/120 493/119 508/121
f 497/117 505/120 574/122
f 497/117 574/122 550/115
f 574/122 505/120 616/123
f 505/120 508/121 621/124
f 505/120 621/124 616/123
f 618/125 508/121 611/126
f 508/121 618/125 621/124
f 621/124 618/125 627/127
f 657/128 627/127 656/129
f 627/127 657/128 692/130
f 621/124 627/127 626/131
f 626/131 627/127 692/130
f 622/132 616/123 621/124
f 616/123 622/132 574/122
f 622/132 621/124 626/131
f 626/131 692/130 663/133
f 663/133 692/130 793/134
f 626/131 663/133 617/135
f 622/132 626/131 623/136
f 623/136 626/131 617/135
f 574/122 622/132 579/137
f 579/137 622/132 623/136
f 574/122 579/137 550/115
f 623/136 617/135 586/138
f 586/138 617/135 587/139
f 550/115 579/137 556/140
f 623/136 586/138 538/141
f 579/137 623/136 577/142
f 579/137 577/142 556/140
f 577/142 623/136 538/141
f 538/141 586/138 462/143
f 556/140 577/142 552/144
f 556/140 552/144 550/115
f 552/144 577/142 538/141
f 550/115 552/144 585/112
f 538/141 462/143 562/145
f 538/141 562/145 552/144
f 552/144 562/145 585/112
f 562/145 462/143 460/146
f 562/145 460/146 585/112
f 575/147 591/148 272/149
f 575/147 272/149 135/150
f 135/150 272/149 138/151
f 135/150 138/151 33/152
f 575/147 135/150 9/153
f 9/153 135/150 33/152
f 9/153 33/152 24/154
f 575/147 9/153 494/155
f 9/153 24/154 20/156
f 494/155 9/153 7/157
f 7/157 9/153 20/156
f 494/155 7/157 480/158
f 7/157 20/156 6/159
f 7/157 6/159 480/158
f 460/160 462/161 452/162
f 452/162 462/161 586/163
f 460/160 452/162 451/164
f 452/162 586/163 572/165
f 452/162 572/165 44/166
f 452/162 44/166 451/164
f 572/165 586/163 573/167
f 572/165 573/167 44/166
f 573/167 586/163 587/168
f 573/167 587/168 567/169
f 567/169 587/168 583/170
f 567/169 583/170 554/171
f 567/169 554/171 455/172
f 567/169 455/172 573/167
f 573/167 455/172 44/166
s 0
f 44/166 455/172 130/173
s 1
f 130/173 455/172 118/174
f 130/173 118/174 190/175
f 130/173 190/175 258/176
f 130/173 258/176 248/177
f 130/173 248/177 44/166
f 44/166 248/177 120/178
f 44/166 120/178 451/164
f 120/178 248/177 179/179
f 179/179 248/177 255/180
f 179/179 255/180 451/164
f 451/164 120/178 100/181
f 451/164 100/181 179/179
f 100/181 120/178 166/182
f 166/182 120/178 179/179
f 166/182 179/179 100/181
f 587/183 617/184 672/185
f 672/185 617/184 663/186
f 793/187 804/188 663/186
f 663/186 804/188 672/185
f 672/185 804/188 788/189
f 788/189 804/188 806/190
f 788/189 806/190 770/191
f 788/189 770/191 672/185
f 770/191 806/190 790/192
f 770/191 790/192 786/193
f 644/194 587/183 672/185
f 644/194 672/185 770/191
f 587/183 644/194 583/195
f 583/195 644/194 641/196
f 644/194 770/191 661/197
f 661/197 770/191 786/193
f 644/194 661/197 646/198
f 661/197 786/193 713/199
f 713/199 786/193 720/200
f 646/198 661/197 695/201
f 695/201 661/197 713/199
f 695/201 713/199 720/200
f 695/201 720/200 702/202
f 695/201 702/202 700/203
f 793/204 692/205 789/206
f 789/206 692/205 657/207
f 789/206 657/207 780/208
f 780/208 657/207 656/209
f 789/206 780/208 808/210
f 793/204 789/206 802/211
f 802/211 789/206 808/210
f 793/204 802/211 804/212
f 802/211 808/210 805/213
f 804/212 802/211 806/214
f 802/211 805/213 803/215
f 802/211 803/215 806/214
f 803/215 805/213 784/216
f 806/214 803/215 787/217
f 787/217 803/215 784/216
f 787/217 784/216 757/218
f 806/214 787/217 790/219
f 787/217 757/218 746/220
f 790/219 787/217 785/221
f 785/221 787/217 746/220
f 790/219 785/221 786/222
f 786/222 785/221 720/223
f 720/223 785/221 717/224
f 717/224 785/221 712/225
f 712/225 785/221 746/220
f 712/225 746/220 639/226
f 808/227 780/228 801/229
f 801/229 780/228 773/230
f 808/227 801/229 807/231
f 808/227 807/231 805/232
f 801/229 773/230 792/233
f 792/233 773/230 764/234
f 792/233 764/234 779/235
f 779/235 764/234 763/236
f 779/235 763/236 794/237
f 779/235 794/237 792/233
f 801/229 792/233 798/238
f 798/238 792/233 794/237
f 801/229 798/238 800/239
f 800/239 798/238 794/237
f 801/229 800/239 807/231
f 800/239 794/237 795/240
f 795/240 794/237 778/241
f 807/231 800/239 799/242
f 807/231 799/242 805/232
f 799/242 800/239 795/240
f 795/240 778/241 783/243
f 805/232 799/242 797/244
f 805/232 797/244 784/245
f 799/242 795/240 796/246
f 799/242 796/246 797/244
f 795/240 783/243 791/247
f 795/240 791/247 796/246
f 791/247 783/243 769/248
f 791/247 769/248 775/249
f 791/247 775/249 796/246
f 775/249 769/248 745/250
f 796/246 775/249 781/251
f 796/246 781/251 797/244
f 781/251 775/249 745/250
f 782/252 784/245 797/244
f 782/252 797/244 781/251
f 784/245 782/252 757/253
f 782/252 781/251 759/254
f 759/254 781/251 745/250
f 782/252 759/254 757/253
f 759/254 745/250 747/255
f 759/254 747/255 757/253
f 747/255 745/250 742/256
f 742/256 745/250 734/257
f 742/256 734/257 735/258
f 742/256 735/258 747/255
f 747/255 735/258 749/259
f 747/255 749/259 757/253
f 749/259 735/258 746/260
f 749/259 746/260 757/253
f 735/261 734/262 726/263
f 726/263 734/262 727/264
f 735/261 726/263 693/265
f 735/261 693/265 746/266
f 693/265 726/263 678/267
f 678/267 726/263 727/264
f 746/266 693/265 60/268
f 60/268 693/265 678/267
f 746/266 60/268 639/269
f 60/268 678/267 477/270
f 477/270 678/267 707/271
f 707/271 678/267 727/264
f 707/271 727/264 721/272
f 721/272 727/264 729/273
f 745/274 727/264 734/262
f 727/264 745/274 729/273
f 60/268 477/270 139/275
f 729/273 745/274 737/276
f 729/273 737/276 733/277
f 737/276 745/274 744/278
f 737/276 744/278 733/277
f 744/278 745/274 769/279
f 744/278 769/279 733/277
f 60/268 139/275 136/280
f 143/281 139/275 477/270
f 136/280 139/275 148/282
f 136/280 148/282 144/283
f 139/275 143/281 163/284
f 139/275 163/284 148/282
f 163/284 143/281 168/285
f 144/283 148/282 152/286
f 163/284 168/285 169/287
f 148/282 163/284 162/288
f 162/288 163/284 169/287
f 148/282 162/288 152/286
f 162/288 169/287 183/289
f 162/288 183/289 152/286
f 152/286 183/289 170/290
f 152/286 170/290 161/291
f 183/289 169/287 207/292
f 207/292 169/287 172/293
f 170/290 183/289 313/294
f 313/294 183/289 207/292
f 170/290 313/294 321/295
f 313/294 207/292 320/296
f 313/294 320/296 344/297
f 320/296 207/292 346/298
f 344/297 320/296 352/299
f 320/296 346/298 361/300
f 320/296 361/300 352/299
f 361/300 346/298 373/301
f 344/297 352/299 343/302
f 361/300 373/301 362/303
f 361/300 362/303 352/299
f 362/303 373/301 371/304
f 352/299 362/303 355/305
f 355/305 362/303 371/304
f 352/299 355/305 343/302
s 0
f 343/302 355/305 371/304
s 1
f 343/302 371/304 364/306
f 343/302 364/306 348/307
f 707/308 721/309 710/310
f 707/308 710/310 477/311
f 477/311 710/310 688/312
f 710/310 721/309 718/313
f 718/313 721/309 723/314
f 723/314 721/309 729/315
f 723/314 729/315 733/316
f 723/314 733/316 724/317
f 718/313 723/314 719/318
f 719/318 723/314 724/317
f 718/313 719/318 710/310
f 719/318 724/317 725/319
f 710/310 719/318 715/320
f 715/320 719/318 725/319
f 710/310 715/320 688/312
f 715/320 725/319 716/321
f 714/322 716/321 688/312
f 716/321 714/322 715/320
f 715/320 714/322 688/312
f 724/323 733/324 736/325
f 724/323 736/325 725/326
f 736/325 733/324 758/327
f 758/327 733/324 769/328
f 725/326 736/325 760/329
f 760/329 736/325 758/327
f 758/327 769/328 762/330
f 758/327 762/330 760/329
f 762/330 769/328 783/331
f 762/330 783/331 776/332
f 762/330 776/332 760/329
f 776/332 783/331 778/333
f 725/326 760/329 739/334
f 776/332 778/333 774/335
f 776/332 774/335 760/329
f 774/335 778/333 777/336
f 760/329 774/335 739/334
f 774/335 777/336 771/337
f 725/326 739/334 716/338
f 774/335 771/337 761/339
f 774/335 761/339 739/334
f 761/339 771/337 768/340
f 768/340 771/337 748/341
f 739/334 761/339 772/342
f 772/342 761/339 768/340
f 768/340 748/341 767/343
f 768/340 767/343 772/342
f 767/343 748/341 743/344
f 739/334 772/342 755/345
f 739/334 755/345 716/338
f 772/342 767/343 765/346
f 765/346 767/343 756/347
f 765/346 756/347 752/348
f 772/342 765/346 750/349
f 750/349 765/346 752/348
f 772/342 750/349 755/345
f 716/338 755/345 740/350
f 716/338 740/350 688/351
f 740/350 755/345 751/352
f 740/350 751/352 688/351
f 751/352 755/345 750/349
f 750/349 752/348 731/353
f 751/352 750/349 741/354
f 688/351 751/352 696/355
f 688/351 696/355 668/356
f 751/352 741/354 694/357
f 751/352 694/357 696/355
f 741/354 750/349 730/358
f 730/358 750/349 731/353
f 741/354 730/358 694/357
f 730/358 731/353 679/359
f 730/358 679/359 694/357
f 679/359 731/353 631/360
f 679/359 631/360 666/361
f 679/359 666/361 694/357
f 666/361 631/360 634/362
f 666/361 634/362 673/363
f 666/361 673/363 674/364
f 666/361 674/364 694/357
f 674/364 673/363 675/365
f 694/357 674/364 676/366
f 676/366 674/364 675/365
f 694/357 676/366 696/355
f 696/355 676/366 668/356
f 668/356 676/366 675/365
f 668/356 675/365 667/367
f 773/368 780/369 656/370
f 773/368 656/370 703/371
f 773/368 703/371 764/372
f 764/372 703/371 665/373
f 764/372 665/373 763/374
f 763/374 665/373 682/375
f 682/375 665/373 652/376
f 652/376 665/373 650/377
f 652/376 650/377 628/378
f 665/373 703/371 685/379
f 665/373 685/379 650/377
f 685/379 703/371 654/380
f 654/380 703/371 656/370
f 685/379 654/380 655/381
f 685/379 655/381 650/377
f 650/377 655/381 654/380
f 615/382 628/378 650/377
f 654/380 656/370 619/383
f 654/380 619/383 650/377
f 650/377 619/383 615/382
f 619/383 656/370 627/384
f 619/383 627/384 618/385
f 619/383 618/385 608/386
f 619/383 608/386 615/382
f 608/386 618/385 611/387
f 615/382 608/386 597/388
f 615/382 597/388 613/389
f 597/388 608/386 561/390
f 608/386 611/387 485/391
f 608/386 485/391 561/390
f 561/390 485/391 473/392
f 485/391 611/387 508/393
f 485/391 508/393 493/394
f 794/395 763/396 778/397
f 778/397 763/396 766/398
f 778/397 766/398 777/399
f 766/398 763/396 754/400
f 754/400 763/396 682/401
f 754/400 682/401 722/402
f 766/398 754/400 753/403
f 766/398 753/403 777/399
f 753/403 754/400 722/402
f 777/399 753/403 728/404
f 728/404 753/403 722/402
f 628/405 615/406 613/407
f 628/405 613/407 606/408
f 628/405 606/408 652/409
f 652/409 606/408 651/410
f 652/409 651/410 682/411
f 606/408 613/407 596/412
f 606/408 596/412 594/413
f 596/412 613/407 597/414
f 682/415 651/416 722/417
f 722/417 651/416 649/418
f 649/418 651/416 606/419
f 722/417 649/418 653/420
f 649/418 606/419 601/421
f 649/418 601/421 653/420
f 722/417 653/420 728/422
f 601/421 606/419 594/423
f 601/421 594/423 592/424
f 592/424 594/423 582/425
f 592/424 582/425 593/426
f 592/424 593/426 601/421
f 593/426 582/425 461/427
f 728/422 653/420 684/428
f 648/429 653/420 601/421
f 653/420 648/429 684/428
f 601/421 593/426 610/430
f 601/421 610/430 648/429
f 610/430 593/426 600/431
f 600/431 593/426 595/432
f 600/431 595/432 599/433
f 600/431 599/433 607/434
f 600/431 607/434 610/430
f 610/430 607/434 647/435
f 610/430 647/435 648/429
f 648/429 647/435 732/436
f 648/429 732/436 684/428
f 732/436 647/435 748/437
f 732/436 748/437 771/438
f 684/428 732/436 738/439
f 738/439 732/436 771/438
f 684/428 738/439 728/422
f 738/439 771/438 777/440
f 738/439 777/440 728/422
f 743/441 748/442 647/443
f 743/441 647/443 706/444
f 706/444 647/443 607/445
f 706/444 607/445 640/446
f 640/446 607/445 588/447
f 706/444 640/446 643/448
f 643/448 640/446 588/447
f 743/441 706/444 711/449
f 711/449 706/444 643/448
f 743/441 711/449 756/450
f 743/441 756/450 767/451
f 711/449 643/448 659/452
f 711/449 659/452 756/450
f 659/452 643/448 588/447
f 756/450 659/452 752/453
f 752/453 659/452 731/454
f 731/454 659/452 631/455
f 659/452 588/447 632/456
f 659/452 632/456 631/455
f 632/456 588/447 547/457
f 632/456 547/457 631/455
f 547/457 588/447 541/458
f 631/455 547/457 515/459
f 515/459 547/457 541/458
f 607/460 599/461 588/462
f 588/462 599/461 590/463
f 590/463 599/461 598/464
f 634/465 631/466 629/467
f 634/465 629/467 630/468
f 634/465 630/468 673/469
f 629/467 631/466 566/470
f 629/467 566/470 630/468
f 673/469 630/468 671/471
f 566/470 631/466 515/472
f 671/471 630/468 624/473
f 671/471 624/473 625/474
f 671/471 625/474 670/475
f 624/473 630/468 569/476
f 624/473 569/476 625/474
f 569/476 630/468 566/470
f 625/474 569/476 571/477
f 571/477 569/476 218/478
f 218/478 569/476 217/479
f 569/476 566/470 26/480
f 569/476 26/480 217/479
f 26/480 566/470 515/472
f 217/479 26/480 285/481
f 105/482 515/472 541/483
f 26/480 515/472 67/484
f 67/484 515/472 105/482
f 285/481 26/480 171/485
f 171/485 26/480 67/484
f 283/486 288/487 285/481
f 283/486 285/481 171/485
f 67/484 105/482 128/488
f 67/484 128/488 171/485
f 128/488 105/482 225/489
f 283/486 171/485 233/490
f 283/486 233/490 225/489
f 171/485 128/488 181/491
f 171/485 181/491 233/490
f 128/488 225/489 147/492
f 128/488 147/492 181/491
f 225/489 233/490 219/493
f 219/493 233/490 181/491
f 225/489 219/493 147/492
f 147/492 219/493 181/491
f 625/494 571/495 620/496
f 620/496 571/495 518/497
f 625/494 620/496 670/498
f 670/498 620/496 518/497
f 96/499 481/500 518/497
f 518/497 481/500 605/501
f 605/501 481/500 576/502
f 670/498 518/497 660/503
f 660/503 518/497 605/501
f 660/503 605/501 664/504
f 664/504 605/501 576/502
f 670/498 660/503 677/505
f 677/505 660/503 664/504
f 670/498 677/505 687/506
f 677/505 664/504 689/507
f 677/505 689/507 687/506
f 670/498 687/506 671/508
f 689/507 664/504 690/509
f 689/507 690/509 687/506
f 671/508 687/506 683/510
f 683/510 687/506 690/509
f 671/508 683/510 673/511
f 673/511 683/510 675/512
f 675/512 683/510 690/509
f 675/512 690/509 667/513
f 662/514 690/509 664/504
f 690/509 662/514 667/513
f 662/514 664/504 576/502
f 667/513 662/514 658/515
f 658/515 662/514 576/502
f 667/513 658/515 633/516
f 658/515 576/502 511/517
f 658/515 511/517 633/516
f 511/517 576/502 476/518
f 511/517 476/518 479/519
f 511/517 479/519 633/516
f 667/513 633/516 668/520
f 668/520 633/516 636/521
f 668/520 636/521 688/522
f 636/521 633/516 549/523
f 549/523 633/516 479/519
f 636/521 549/523 448/524
f 448/524 549/523 479/519
f 448/524 479/519 111/525
f 448/524 111/525 189/526
f 518/527 571/528 211/529
f 211/529 571/528 218/530
f 518/527 211/529 237/531
f 518/527 237/531 96/532
f 237/531 211/529 439/533
f 96/532 237/531 234/534
f 96/532 234/534 115/535
f 234/534 237/531 405/536
f 405/536 237/531 439/533
f 115/535 234/534 294/537
f 294/537 234/534 405/536
f 115/535 294/537 117/538
f 117/538 294/537 277/539
f 117/538 277/539 132/540
f 132/540 277/539 295/541
f 295/541 277/539 419/542
f 277/539 294/537 331/543
f 277/539 331/543 419/542
f 331/543 294/537 376/544
f 331/543 376/544 419/542
f 376/544 294/537 405/536
f 419/542 376/544 438/545
f 419/542 438/545 422/546
f 376/544 405/536 441/547
f 441/547 405/536 439/533
f 438/545 376/544 440/548
f 440/548 376/544 441/547
f 422/546 438/545 442/549
f 442/549 438/545 440/548
f 440/548 441/547 443/550
f 440/548 443/550 442/549
f 443/550 441/547 439/533
f 422/546 442/549 401/551
f 422/546 401/551 299/552
f 442/549 443/550 395/553
f 442/549 395/553 401/551
f 443/550 439/533 406/554
f 443/550 406/554 395/553
f 406/554 439/533 273/555
f 406/554 273/555 395/553
f 273/555 439/533 211/529
f 273/555 211/529 218/530
f 395/553 273/555 275/556
f 395/553 275/556 401/551
f 275/556 273/555 218/530
f 401/551 275/556 299/552
f 275/556 218/530 217/557
f 275/556 217/557 299/552
f 299/552 217/557 285/558
f 96/559 115/560 112/561
f 112/561 115/560 114/562
f 114/562 115/560 117/563
f 96/559 112/561 76/564
f 96/559 76/564 481/565
f 76/564 112/561 108/566
f 108/566 112/561 113/567
f 113/567 112/561 114/562
f 113/567 114/562 107/568
f 107/568 114/562 92/569
f 92/569 114/562 101/570
f 101/570 114/562 116/571
f 116/571 114/562 117/563
f 101/570 116/571 111/572
f 116/571 117/563 132/573
f 116/571 132/573 111/572
f 111/572 132/573 189/574
f 469/575 481/565 76/564
f 474/576 76/564 108/566
f 76/564 474/576 469/575
f 474/576 108/566 475/577
f 474/576 475/577 501/578
f 469/575 474/576 498/579
f 498/579 474/576 501/578
f 469/575 498/579 481/565
f 498/579 501/578 500/580
f 481/565 498/579 495/581
f 495/581 498/579 500/580
f 481/565 495/581 576/582
f 495/581 500/580 496/583
f 495/581 496/583 576/582
f 496/583 500/580 468/584
f 576/582 496/583 476/585
f 476/585 496/583 468/584
f 132/586 295/587 293/588
f 132/586 293/588 189/589
f 189/589 293/588 298/590
f 293/588 295/587 304/591
f 293/588 304/591 298/590
f 304/591 295/587 419/592
f 298/590 304/591 389/593
f 389/593 304/591 419/592
f 407/594 296/595 298/590
f 407/594 298/590 418/596
f 418/596 298/590 389/593
f 407/594 418/596 428/597
f 418/596 389/593 431/598
f 418/596 431/598 428/597
f 431/598 389/593 419/592
f 431/598 419/592 434/599
f 428/597 431/598 432/600
f 432/600 431/598 434/599
f 434/599 419/592 422/601
f 434/599 422/601 432/600
f 432/600 422/601 420/602
f 432/600 420/602 435/603
f 420/602 422/601 301/604
f 301/604 422/601 299/605
f 420/602 301/604 307/606
f 301/604 299/605 285/607
f 307/606 301/604 288/608
f 288/608 301/604 285/607
f 407/609 428/610 417/611
f 417/611 428/610 416/612
f 416/612 428/610 403/613
f 403/613 428/610 421/614
f 403/613 421/614 303/615
f 416/612 403/613 413/616
f 416/612 413/616 417/611
f 413/616 403/613 326/617
f 413/616 326/617 408/618
f 413/616 408/618 417/611
f 417/611 408/618 414/619
f 414/619 408/618 397/620
f 417/611 414/619 378/621
f 417/611 378/621 407/609
f 378/621 414/619 397/620
f 407/609 378/621 296/622
f 296/622 378/621 397/620
f 296/622 397/620 241/623
f 296/622 241/623 195/624
f 195/624 241/623 198/625
f 195/624 198/625 180/626
f 195/624 180/626 168/627
f 195/624 168/627 177/628
f 195/624 177/628 187/629
f 177/628 168/627 149/630
f 177/628 149/630 175/631
f 149/630 168/627 143/632
f 421/633 428/634 432/635
f 305/636 303/637 421/633
f 305/636 421/633 392/638
f 392/638 421/633 430/639
f 430/639 421/633 433/640
f 433/640 421/633 432/635
f 430/639 433/640 437/641
f 437/641 433/640 432/635
f 437/641 432/635 435/642
f 437/641 435/642 424/643
f 424/643 435/642 420/644
f 326/645 403/646 303/647
f 326/645 303/647 292/648
f 326/645 292/648 349/649
f 326/645 349/649 408/650
f 349/649 292/648 290/651
f 290/651 292/648 229/652
f 290/651 229/652 223/653
f 223/653 229/652 221/654
f 223/653 221/654 140/655
f 356/656 380/657 290/651
f 356/656 290/651 226/658
f 226/658 290/651 223/653
f 356/656 226/658 224/659
f 224/659 226/658 223/653
f 356/656 224/659 360/660
f 360/660 224/659 311/661
f 311/661 224/659 222/662
f 222/662 224/659 223/653
f 222/662 223/653 220/663
f 222/662 220/663 119/664
f 119/664 220/663 223/653
f 119/664 223/653 140/655
f 119/664 140/655 46/665
f 46/665 140/655 66/666
f 119/664 46/665 49/667
f 408/668 349/669 390/670
f 390/670 349/669 380/671
f 408/668 390/670 386/672
f 386/672 390/670 380/671
f 408/668 386/672 397/673
f 386/672 380/671 356/674
f 397/673 386/672 388/675
f 397/673 388/675 357/676
f 397/673 357/676 241/677
f 357/676 388/675 366/678
f 357/676 366/678 241/677
f 366/678 388/675 386/672
f 241/677 366/678 198/679
f 198/679 366/678 353/680
f 366/678 386/672 372/681
f 372/681 386/672 356/674
f 353/680 366/678 383/682
f 383/682 366/678 372/681
f 353/680 383/682 346/683
f 346/683 383/682 373/684
f 373/684 383/682 379/685
f 379/685 383/682 372/681
f 373/684 379/685 371/686
f 371/686 379/685 372/681
f 384/687 372/681 356/674
f 372/681 384/687 371/686
f 384/687 356/674 360/688
f 371/686 384/687 364/689
f 364/689 384/687 360/688
f 364/689 360/688 311/690
f 380/691 349/692 290/693
f 198/694 353/695 207/696
f 207/696 353/695 346/697
f 198/694 207/696 172/698
f 198/694 172/698 180/699
f 364/700 311/701 323/702
f 364/700 323/702 348/703
f 323/702 311/701 222/704
f 267/705 319/706 323/702
f 267/705 323/702 222/704
f 267/705 222/704 212/707
f 212/707 222/704 213/708
f 212/707 213/708 123/709
f 213/708 222/704 216/710
f 213/708 216/710 123/709
f 216/710 222/704 49/711
f 49/711 222/704 119/712
f 123/709 216/710 21/713
f 21/713 216/710 49/711
f 212/707 123/709 15/714
f 15/714 123/709 21/713
f 212/707 15/714 126/715
f 126/715 15/714 8/716
f 8/716 15/714 16/717
f 16/717 15/714 25/718
f 25/718 15/714 21/713
f 16/717 25/718 22/719
f 31/720 21/713 49/711
f 21/713 31/720 25/718
f 31/720 49/711 36/721
f 22/719 25/718 11/722
f 22/719 11/722 32/723
f 11/722 25/718 5/724
f 11/722 5/724 27/725
f 27/725 5/724 25/718
f 11/722 27/725 32/723
f 27/725 25/718 31/720
f 27/725 31/720 32/723
f 32/723 31/720 42/726
f 42/726 31/720 75/727
f 58/728 31/720 36/721
f 31/720 58/728 75/727
f 58/728 36/721 72/729
f 75/727 58/728 45/730
f 45/730 58/728 72/729
f 75/727 45/730 39/731
f 45/730 72/729 41/732
f 45/730 41/732 39/731
f 229/733 292/734 167/735
f 229/733 167/735 131/736
f 229/733 131/736 221/737
f 131/736 167/735 66/738
f 131/736 66/738 221/737
f 221/737 66/738 140/739
f 66/738 167/735 74/740
f 66/738 74/740 73/741
f 73/741 74/740 84/742
f 66/738 73/741 56/743
f 66/738 56/743 50/744
f 167/745 292/746 197/747
f 167/745 197/747 74/748
f 74/748 197/747 84/749
f 197/747 292/746 291/750
f 197/747 291/750 173/751
f 291/750 292/746 303/752
f 173/751 291/750 289/753
f 291/750 303/752 305/754
f 291/750 305/754 289/753
f 46/755 66/756 37/757
f 37/757 66/756 50/758
f 49/759 46/760 36/761
f 36/761 46/760 37/762
f 36/761 37/762 72/763
f 72/764 37/765 81/766
f 72/764 81/766 41/767
f 35/768 37/765 50/769
f 37/765 35/768 81/766
f 81/766 35/768 40/770
f 41/767 81/766 124/771
f 81/766 40/770 150/772
f 81/766 150/772 124/771
f 124/771 150/772 121/773
f 39/774 41/775 121/776
f 121/776 41/775 124/777
f 39/774 121/776 75/778
f 75/778 121/776 156/779
f 156/779 121/776 150/780
f 75/778 156/779 42/781
f 42/781 156/779 32/782
f 127/783 19/784 32/782
f 127/783 32/782 156/779
f 127/783 156/779 159/785
f 156/779 150/780 191/786
f 159/785 156/779 164/787
f 159/785 164/787 158/788
f 156/779 191/786 182/789
f 156/779 182/789 164/787
f 164/787 182/789 186/790
f 164/787 186/790 125/791
f 186/790 182/789 253/792
f 253/792 182/789 191/786
f 186/790 253/792 246/793
f 246/793 253/792 282/794
f 282/794 253/792 191/786
f 282/794 191/786 184/795
f 40/796 35/797 62/798
f 40/796 62/798 150/799
f 62/798 35/797 57/800
f 62/798 57/800 71/801
f 62/798 71/801 84/802
f 84/802 71/801 73/803
f 73/803 71/801 57/800
f 73/803 57/800 59/804
f 73/803 59/804 56/805
f 57/800 35/797 47/806
f 57/800 47/806 59/804
f 47/806 35/797 50/807
f 59/804 47/806 53/808
f 59/804 53/808 56/805
f 53/808 47/806 50/807
f 17/809 50/807 56/805
f 50/807 17/809 53/808
f 53/808 17/809 56/805
f 62/810 84/811 194/812
f 62/810 194/812 154/813
f 154/813 194/812 203/814
f 154/813 203/814 202/815
f 62/810 154/813 185/816
f 185/816 154/813 202/815
f 62/810 185/816 150/817
f 185/816 202/815 184/818
f 185/816 184/818 150/817
f 150/817 184/818 191/819
f 194/820 84/821 197/822
f 194/820 197/822 203/823
f 203/823 197/822 202/824
f 202/824 197/822 199/825
f 199/825 197/822 200/826
f 200/826 197/822 209/827
f 209/827 197/822 173/828
f 184/829 202/830 192/831
f 192/831 202/830 199/832
f 192/831 199/832 165/833
f 282/834 184/835 188/836
f 282/834 188/836 246/837
f 188/836 184/835 192/838
f 246/837 188/836 186/839
f 186/839 188/836 192/838
f 186/839 192/838 125/840
f 125/840 192/838 165/841
f 125/840 165/841 78/842
f 125/840 78/842 87/843
f 54/844 38/845 87/843
f 54/844 87/843 78/842
f 54/844 78/842 48/846
f 54/844 48/846 29/847
f 78/842 165/841 80/848
f 48/846 78/842 69/849
f 69/849 78/842 80/848
f 48/846 69/849 449/850
f 48/846 449/850 464/851
f 464/851 449/850 467/852
f 467/852 449/850 465/853
f 464/851 467/852 470/854
f 470/854 467/852 465/853
f 69/849 80/848 77/855
f 69/849 77/855 453/856
f 77/855 80/848 106/857
f 106/857 80/848 160/858
f 160/858 80/848 165/841
f 160/858 165/841 199/859
f 106/857 160/858 173/860
f 160/858 199/859 200/861
f 160/858 200/861 173/860
f 173/860 200/861 209/862
f 125/863 87/864 164/865
f 164/865 87/864 55/866
f 164/865 55/866 138/867
f 55/866 87/864 38/868
f 55/866 38/868 24/869
f 55/866 24/869 33/870
f 24/869 38/868 29/871
f 29/871 38/868 54/872
f 24/869 29/871 20/873
f 20/873 29/871 6/874
f 6/874 29/871 464/875
f 464/875 29/871 48/876
f 6/874 464/875 480/877
f 480/877 464/875 502/878
f 502/878 464/875 483/879
f 106/880 173/881 533/882
f 106/880 533/882 77/883
f 77/883 533/882 509/884
f 77/883 509/884 453/885
f 453/885 509/884 543/886
f 533/882 173/881 535/887
f 533/882 535/887 553/888
f 535/887 173/881 289/889
f 553/888 535/887 568/890
f 553/888 568/890 584/891
f 584/891 568/890 580/892
f 580/892 568/890 471/893
f 568/890 535/887 145/894
f 145/894 535/887 289/889
f 568/890 145/894 471/893
f 145/894 289/889 266/895
f 145/894 266/895 263/896
f 145/894 263/896 471/893
f 471/893 263/896 215/897
f 289/898 305/899 266/900
f 266/900 305/899 392/901
f 266/900 392/901 399/902
f 399/902 392/901 445/903
f 445/903 392/901 430/904
f 399/902 445/903 402/905
f 402/905 445/903 444/906
f 420/907 307/908 424/909
f 424/909 307/908 300/910
f 300/910 307/908 288/911
f 300/910 288/911 286/912
f 286/912 288/911 283/913
f 412/914 437/915 424/916
f 412/914 424/916 300/917
f 437/918 412/919 429/920
f 437/918 429/920 430/921
f 429/920 412/919 306/922
f 306/922 412/919 300/923
f 430/921 429/920 447/924
f 430/921 447/924 445/925
f 445/925 447/924 444/926
f 444/926 447/924 446/927
f 447/924 429/920 415/928
f 447/924 415/928 446/927
f 415/928 429/920 306/922
f 446/927 415/928 309/929
f 309/929 415/928 302/930
f 302/930 415/928 306/922
f 309/929 302/930 259/931
f 259/931 302/930 306/922
f 309/929 259/931 269/932
f 297/933 306/922 300/923
f 297/933 300/923 287/934
f 297/933 287/934 306/922
f 306/922 287/934 259/931
f 287/934 300/923 286/935
f 269/932 259/931 70/936
f 269/932 70/936 30/937
f 259/931 287/934 28/938
f 259/931 28/938 70/936
f 287/934 286/935 228/939
f 30/937 70/936 13/940
f 13/940 70/936 28/938
f 228/939 286/935 105/941
f 30/937 13/940 514/942
f 30/937 514/942 527/943
f 514/942 13/940 559/944
f 559/944 13/940 545/945
f 545/945 13/940 28/938
f 514/942 559/944 581/946
f 514/942 581/946 527/943
f 527/943 581/946 580/947
f 527/943 580/947 530/948
f 530/948 580/947 471/949
f 580/947 581/946 584/950
f 581/946 559/944 578/951
f 581/946 578/951 584/950
f 578/951 559/944 545/945
f 584/950 578/951 553/952
f 553/952 578/951 545/945
f 553/952 545/945 544/953
f 544/953 545/945 486/954
f 486/954 545/945 28/938
f 553/952 544/953 551/955
f 553/952 551/955 533/956
f 533/956 551/955 509/957
f 509/957 551/955 510/958
f 510/958 551/955 544/953
f 509/957 510/958 543/959
f 510/958 544/953 507/960
f 507/960 544/953 486/954
f 543/959 510/958 542/961
f 542/961 510/958 507/960
f 542/961 507/960 486/954
f 543/959 542/961 595/962
f 595/962 542/961 598/963
f 595/962 598/963 599/964
f 598/963 542/961 590/965
f 590/965 542/961 541/966
f 541/966 542/961 486/954
f 590/965 541/966 588/967
f 541/966 486/954 18/968
f 18/968 486/954 28/938
f 541/966 18/968 34/969
f 34/969 18/968 28/938
f 541/966 34/969 105/941
f 34/969 28/938 174/970
f 174/970 28/938 287/934
f 105/941 34/969 142/971
f 142/971 34/969 174/970
f 105/941 142/971 228/939
f 174/970 287/934 228/939
f 228/939 142/971 206/972
f 174/970 228/939 205/973
f 205/973 228/939 206/972
f 142/971 174/970 129/974
f 129/974 174/970 205/973
f 142/971 129/974 206/972
f 206/972 129/974 205/973
f 286/975 283/976 225/977
f 286/975 225/977 105/978
f 309/979 269/980 446/981
f 446/981 269/980 178/982
f 178/982 269/980 30/983
f 446/981 178/982 436/984
f 178/982 30/983 527/985
f 436/984 178/982 215/986
f 178/982 527/985 530/987
f 178/982 530/987 215/986
f 215/986 530/987 471/988
f 446/989 436/990 444/991
f 444/991 436/990 402/992
f 402/992 436/990 215/993
f 402/992 215/993 339/994
f 402/992 339/994 409/995
f 402/992 409/995 399/996
f 409/995 339/994 404/997
f 399/996 409/995 410/998
f 410/998 409/995 404/997
f 399/996 410/998 382/999
f 382/999 410/998 377/1000
f 377/1000 410/998 404/997
f 382/999 377/1000 252/1001
f 377/1000 404/997 400/1002
f 400/1002 404/997 322/1003
f 400/1002 322/1003 398/1004
f 377/1000 400/1002 375/1005
f 377/1000 375/1005 398/1004
f 398/1004 375/1005 400/1002
f 266/1006 399/1007 382/1008
f 266/1006 382/1008 252/1009
f 266/1006 252/1009 257/1010
f 257/1010 252/1009 242/1011
f 266/1006 257/1010 263/1012
f 257/1010 242/1011 254/1013
f 263/1012 257/1010 265/1014
f 265/1014 257/1010 254/1013
f 254/1013 242/1011 251/1015
f 254/1013 251/1015 265/1014
f 265/1014 251/1015 263/1012
f 263/1012 251/1015 256/1016
f 256/1016 251/1015 249/1017
f 263/1012 256/1016 215/1018
f 215/1018 256/1016 270/1019
f 215/1018 270/1019 339/1020
f 322/1021 404/1022 339/1023
f 284/1024 243/1025 322/1026
f 243/1025 284/1024 249/1027
f 243/1025 249/1027 251/1028
f 284/1029 322/1030 339/1031
f 284/1029 339/1031 262/1032
f 262/1032 339/1031 270/1033
f 284/1029 262/1032 249/1034
f 249/1035 262/1036 256/1037
f 256/1037 262/1036 270/1038
f 317/1039 314/1040 235/1041
f 314/1040 317/1039 391/1042
f 391/1042 317/1039 394/1043
f 314/1040 391/1042 363/1044
f 314/1040 363/1044 310/1045
f 394/1043 317/1039 153/1046
f 153/1046 317/1039 235/1041
f 394/1043 153/1046 327/1047
f 314/1040 310/1045 264/1048
f 264/1048 310/1045 350/1049
f 264/1048 350/1049 258/1050
f 314/1040 264/1048 230/1051
f 314/1040 230/1051 235/1041
f 264/1048 258/1050 245/1052
f 264/1048 245/1052 230/1051
f 155/1053 153/1046 235/1041
f 155/1053 235/1041 230/1051
f 153/1046 155/1053 536/1054
f 153/1046 536/1054 83/1055
f 155/1053 230/1051 157/1056
f 157/1056 230/1051 245/1052
f 536/1054 155/1053 612/1057
f 612/1057 155/1053 157/1056
f 536/1054 612/1057 637/1058
f 612/1057 157/1056 602/1059
f 612/1057 602/1059 637/1058
f 157/1056 245/1052 82/1060
f 157/1056 82/1060 602/1059
f 637/1058 602/1059 635/1061
f 214/1062 245/1052 258/1050
f 214/1062 258/1050 190/1063
f 214/1062 190/1063 204/1064
f 204/1064 190/1063 118/1065
f 245/1052 214/1062 146/1066
f 146/1066 214/1062 204/1064
f 146/1066 204/1064 118/1065
f 245/1052 146/1066 82/1060
f 82/1060 146/1066 118/1065
f 82/1060 118/1065 455/1067
f 82/1060 455/1067 554/1068
f 82/1060 554/1068 614/1069
f 82/1060 614/1069 602/1059
f 614/1069 554/1068 583/1070
f 602/1059 614/1069 635/1061
f 614/1069 583/1070 641/1071
f 614/1069 641/1071 635/1061
f 635/1061 641/1071 646/1072
f 646/1072 641/1071 644/1073
f 635/1061 646/1072 700/1074
f 700/1074 646/1072 695/1075
f 635/1061 700/1074 701/1076
f 701/1076 700/1074 708/1077
f 635/1061 701/1076 637/1058
f 637/1058 701/1076 699/1078
f 699/1078 701/1076 709/1079
f 391/1080 394/1081 393/1082
f 393/1082 394/1081 327/1083
f 391/1080 393/1082 363/1084
f 363/1084 393/1082 368/1085
f 393/1082 327/1083 315/1086
f 315/1086 327/1083 308/1087
f 308/1087 327/1083 153/1088
f 393/1082 315/1086 318/1089
f 393/1082 318/1089 368/1085
f 315/1086 308/1087 102/1090
f 315/1086 102/1090 318/1089
f 308/1087 153/1088 99/1091
f 308/1087 99/1091 102/1090
f 99/1091 153/1088 83/1092
f 99/1091 83/1092 85/1093
f 99/1091 85/1093 102/1090
f 85/1093 83/1092 88/1094
f 102/1090 85/1093 95/1095
f 85/1093 88/1094 51/1096
f 51/1096 88/1094 68/1097
f 51/1096 68/1097 23/1098
f 51/1096 23/1098 521/1099
f 85/1093 51/1096 93/1100
f 85/1093 93/1100 95/1095
f 102/1090 95/1095 250/1101
f 102/1090 250/1101 318/1089
f 250/1101 95/1095 93/1100
f 318/1089 250/1101 325/1102
f 318/1089 325/1102 368/1085
f 250/1101 93/1100 276/1103
f 250/1101 276/1103 325/1102
f 276/1103 93/1100 260/1104
f 65/1105 93/1100 51/1096
f 93/1100 65/1105 260/1104
f 65/1105 51/1096 521/1099
f 276/1103 260/1104 268/1106
f 268/1106 260/1104 65/1105
f 325/1102 276/1103 340/1107
f 340/1107 276/1103 268/1106
f 325/1102 340/1107 368/1085
f 268/1106 65/1105 141/1108
f 340/1107 268/1106 274/1109
f 340/1107 274/1109 312/1110
f 312/1110 274/1109 321/1111
f 368/1085 340/1107 359/1112
f 141/1108 65/1105 557/1113
f 368/1085 359/1112 354/1114
f 368/1085 354/1114 363/1084
f 354/1114 359/1112 369/1115
f 363/1084 354/1114 310/1116
f 354/1114 369/1115 350/1117
f 354/1114 350/1117 310/1116
f 557/1113 65/1105 534/1118
f 534/1118 65/1105 521/1099
f 534/1118 521/1099 537/1119
f 557/1113 534/1118 564/1120
f 564/1120 534/1118 537/1119
f 557/1113 564/1120 642/1121
f 564/1120 537/1119 548/1122
f 23/1123 68/1124 88/1125
f 23/1123 88/1125 52/1126
f 23/1123 52/1126 63/1127
f 23/1123 63/1127 521/1128
f 63/1127 52/1126 90/1129
f 90/1129 52/1126 88/1125
f 521/1128 63/1127 86/1130
f 86/1130 63/1127 90/1129
f 90/1129 88/1125 98/1131
f 90/1129 98/1131 86/1130
f 98/1131 88/1125 91/1132
f 86/1130 98/1131 103/1133
f 86/1130 103/1133 94/1134
f 86/1130 94/1134 491/1135
f 103/1133 98/1131 97/1136
f 103/1133 97/1136 104/1137
f 97/1136 98/1131 91/1132
f 86/1130 491/1135 492/1138
f 86/1130 492/1138 525/1139
f 86/1130 525/1139 521/1128
f 492/1138 491/1135 522/1140
f 522/1140 491/1135 519/1141
f 522/1140 519/1141 528/1142
f 522/1140 528/1142 529/1143
f 522/1140 529/1143 492/1138
f 492/1138 529/1143 525/1139
f 525/1139 529/1143 539/1144
f 525/1139 539/1144 521/1128
f 521/1128 539/1144 537/1145
f 537/1145 539/1144 548/1146
f 14/1147 97/1136 91/1132
f 97/1136 14/1147 526/1148
f 97/1136 526/1148 499/1149
f 14/1147 91/1132 12/1150
f 14/1147 12/1150 526/1148
f 499/1149 526/1148 517/1151
f 528/1152 520/1153 517/1151
f 528/1152 517/1151 526/1148
f 528/1152 526/1148 529/1154
f 529/1154 526/1148 539/1155
f 526/1148 12/1150 531/1156
f 539/1155 526/1148 540/1157
f 540/1157 526/1148 531/1156
f 539/1155 540/1157 548/1158
f 548/1158 540/1157 546/1159
f 540/1157 531/1156 524/1160
f 540/1157 524/1160 546/1159
f 524/1160 531/1156 12/1150
f 546/1159 524/1160 523/1161
f 546/1159 523/1161 536/1162
f 524/1160 12/1150 79/1163
f 79/1163 12/1150 91/1132
f 536/1162 523/1161 43/1164
f 536/1162 43/1164 83/1165
f 523/1161 524/1160 64/1166
f 523/1161 64/1166 43/1164
f 64/1166 524/1160 79/1163
f 43/1164 64/1166 83/1165
f 79/1163 91/1132 89/1167
f 79/1163 89/1167 64/1166
f 64/1166 89/1167 83/1165
f 89/1167 91/1132 88/1125
f 89/1167 88/1125 83/1165
f 548/1168 546/1169 560/1170
f 560/1170 546/1169 536/1171
f 548/1168 560/1170 558/1172
f 560/1170 536/1171 681/1173
f 560/1170 681/1173 558/1172
f 681/1173 536/1171 704/1174
f 704/1174 536/1171 637/1175
f 704/1174 637/1175 699/1176
f 704/1174 699/1176 709/1177
f 548/1168 558/1172 563/1178
f 548/1168 563/1178 564/1179
f 704/1174 709/1177 708/1180
f 708/1180 709/1177 701/1181
f 704/1174 708/1180 705/1182
f 704/1174 705/1182 681/1173
f 705/1182 708/1180 697/1183
f 697/1183 708/1180 700/1184
f 681/1173 705/1182 680/1185
f 681/1173 680/1185 558/1172
f 705/1182 697/1183 686/1186
f 705/1182 686/1186 680/1185
f 558/1172 680/1185 669/1187
f 669/1187 680/1185 686/1186
f 558/1172 669/1187 638/1188
f 558/1172 638/1188 563/1178
f 638/1188 669/1187 686/1186
f 563/1178 638/1188 564/1179
f 564/1179 638/1188 645/1189
f 645/1189 638/1188 686/1186
f 564/1179 645/1189 642/1190
f 642/1190 645/1189 639/1191
f 639/1191 645/1189 712/1192
f 712/1192 645/1189 691/1193
f 691/1193 645/1189 686/1186
f 712/1192 691/1193 717/1194
f 691/1193 686/1186 698/1195
f 691/1193 698/1195 717/1194
f 698/1195 686/1186 697/1183
f 698/1195 697/1183 700/1184
f 698/1195 700/1184 702/1196
f 698/1195 702/1196 717/1194
f 717/1194 702/1196 720/1197
f 261/1198 279/1199 122/1200
f 126/1201 8/1202 122/1200
f 126/1201 122/1200 212/1203
f 212/1203 122/1200 267/1204
f 267/1204 122/1200 279/1199
f 267/1204 279/1199 332/1205
f 267/1204 332/1205 324/1206
f 267/1204 324/1206 319/1207
f 324/1206 332/1205 348/1208
f 324/1206 348/1208 342/1209
f 348/1208 332/1205 336/1210
f 348/1208 336/1210 343/1211
f 343/1211 336/1210 337/1212
f 343/1211 337/1212 344/1213
f 344/1213 337/1212 321/1214
f 344/1213 321/1214 313/1215
f 336/1216 332/1217 359/1218
f 336/1216 359/1218 337/1219
f 337/1219 359/1218 340/1220
f 337/1219 340/1220 312/1221
f 337/1219 312/1221 321/1222
f 170/1223 321/1224 274/1225
f 170/1223 274/1225 161/1226
f 161/1226 274/1225 268/1227
f 161/1226 268/1227 141/1228
f 144/1229 152/1230 161/1226
f 144/1229 161/1226 134/1231
f 134/1231 161/1226 141/1228
f 144/1229 134/1231 136/1232
f 136/1232 134/1231 60/1233
f 134/1231 141/1228 484/1234
f 134/1231 484/1234 60/1233
f 484/1234 141/1228 557/1235
f 60/1233 484/1234 639/1236
f 639/1236 484/1234 557/1235
f 639/1236 557/1235 642/1237
f 180/1238 172/1239 168/1240
f 168/1240 172/1239 169/1241
f 528/1242 519/1243 520/1244
f 520/1244 519/1243 513/1245
f 513/1245 519/1243 488/1246
f 520/1244 513/1245 512/1247
f 520/1244 512/1247 517/1248
f 517/1248 512/1247 490/1249
f 517/1248 490/1249 499/1250
f 499/1250 490/1249 97/1251
f 97/1251 490/1249 110/1252
f 110/1252 490/1249 108/1253
f 110/1252 108/1253 113/1254
f 108/1253 490/1249 478/1255
f 478/1255 490/1249 512/1247
f 108/1253 478/1255 475/1256
f 478/1255 512/1247 506/1257
f 506/1257 512/1247 513/1245
f 475/1256 478/1255 501/1258
f 501/1258 478/1255 506/1257
f 501/1258 506/1257 513/1245
f 501/1258 513/1245 504/1259
f 501/1258 504/1259 500/1260
f 504/1259 513/1245 503/1261
f 503/1261 513/1245 488/1246
f 500/1260 504/1259 487/1262
f 487/1262 504/1259 503/1261
f 500/1260 487/1262 468/1263
f 503/1261 488/1246 482/1264
f 503/1261 482/1264 487/1262
f 487/1262 482/1264 468/1263
f 482/1264 488/1246 92/1265
f 468/1263 482/1264 450/1266
f 450/1266 482/1264 92/1265
f 468/1263 450/1266 61/1267
f 61/1267 450/1266 92/1265
f 468/1263 61/1267 476/1268
f 61/1267 92/1265 101/1269
f 61/1267 101/1269 476/1268
f 476/1268 101/1269 479/1270
f 479/1270 101/1269 111/1271
f 488/1272 519/1273 491/1274
f 488/1272 491/1274 94/1275
f 488/1272 94/1275 107/1276
f 488/1272 107/1276 92/1277
f 107/1276 94/1275 104/1278
f 104/1278 94/1275 103/1279
f 107/1276 104/1278 113/1280
f 113/1280 104/1278 110/1281
f 110/1281 104/1278 97/1282
f 448/1283 189/1284 176/1285
f 448/1283 176/1285 532/1286
f 448/1283 532/1286 636/1287
f 636/1287 532/1286 477/1288
f 636/1287 477/1288 688/1289
f 477/1288 532/1286 109/1290
f 109/1290 532/1286 176/1285
f 109/1290 176/1285 175/1291
f 208/1292 176/1285 189/1284
f 208/1292 189/1284 298/1293
f 175/1291 176/1285 193/1294
f 193/1294 176/1285 208/1292
f 175/1291 193/1294 187/1295
f 175/1291 187/1295 177/1296
f 193/1294 208/1292 201/1297
f 208/1292 298/1293 210/1298
f 208/1292 210/1298 201/1297
f 210/1298 298/1293 296/1299
f 193/1294 201/1297 196/1300
f 193/1294 196/1300 187/1295
f 196/1300 201/1297 210/1298
f 196/1300 210/1298 296/1299
f 187/1295 196/1300 195/1301
f 195/1301 196/1300 296/1299
f 477/1302 109/1303 149/1304
f 477/1302 149/1304 143/1305
f 149/1306 109/1307 175/1308
f 33/1309 138/1310 55/1311
f 494/1312 480/1313 502/1314
f 494/1312 502/1314 497/1315
f 497/1315 502/1314 483/1316
f 69/1317 453/1318 449/1319
f 449/1319 453/1318 465/1320
f 465/1320 453/1318 459/1321
f 459/1321 453/1318 543/1322
f 459/1321 543/1322 593/1323
f 593/1323 543/1322 595/1324
f 459/1321 593/1323 461/1325
f 459/1321 461/1325 456/1326
f 464/1327 470/1328 483/1329
f 483/1329 470/1328 473/1330
f 483/1329 473/1330 485/1331
f 483/1329 485/1331 489/1332
f 489/1332 485/1331 493/1333
f 483/1329 489/1332 497/1334
f 465/1335 459/1336 470/1337
f 470/1337 459/1336 456/1338
f 456/1339 461/1340 454/1341
f 454/1341 461/1340 463/1342
f 454/1341 463/1342 456/1339
f 463/1342 461/1340 582/1343
f 456/1339 463/1342 466/1344
f 456/1339 466/1344 470/1345
f 470/1345 466/1344 473/1346
f 472/1347 463/1348 582/1349
f 463/1348 472/1347 466/1350
f 466/1350 472/1347 473/1351
f 473/1351 472/1347 561/1352
f 561/1352 472/1347 597/1353
f 472/1347 582/1349 589/1354
f 472/1347 589/1354 597/1353
f 589/1354 582/1349 594/1355
f 597/1353 589/1354 596/1356
f 596/1356 589/1354 594/1355
f 151/1357 10/1358 133/1359
f 133/1359 10/1358 19/1360
f 19/1360 10/1358 3/1361
f 133/1359 19/1360 127/1362
f 151/1357 133/1359 158/1363
f 158/1363 133/1359 127/1362
f 158/1363 127/1362 159/1364
f 151/1357 158/1363 138/1365
f 138/1365 158/1363 164/1366
f 22/1367 19/1368 3/1369
f 19/1368 22/1367 32/1370
f 22/1367 3/1369 16/1371
f 323/1372 319/1373 348/1374
f 348/1374 319/1373 342/1375
f 342/1375 319/1373 324/1376
o tripo_part_1
v 0.118633 0.370910 0.360408
v 0.118748 0.378067 0.185619
v 0.118771 0.372344 0.361768
v 0.118983 0.397111 0.489696
v 0.119035 0.310817 0.362297
v 0.119194 0.401584 0.226894
v 0.119361 0.334643 0.360990
v 0.119544 0.380150 0.183574
v 0.120432 0.276896 0.295711
v 0.121455 0.412990 0.355611
v 0.121835 0.408111 0.356323
v 0.122235 0.378950 0.475017
v 0.122751 0.263515 0.288463
v 0.123908 0.315719 0.287624
v 0.123952 0.330070 0.297931
v 0.124043 0.413180 0.449741
v 0.124289 0.367991 0.297470
v 0.124683 0.299724 0.285953
v 0.124720 0.285815 0.361389
v 0.124886 0.305278 0.285602
v 0.125194 0.361987 0.204738
v 0.125328 0.310130 0.360361
v 0.125420 0.333617 0.316736
v 0.125968 0.363506 0.199764
v 0.126095 0.335319 0.358680
v 0.126760 0.405406 0.308910
v 0.126804 0.368527 0.315197
v 0.127366 0.298671 0.280315
v 0.128197 0.263476 0.271663
v 0.128522 0.414676 0.462390
v 0.128884 0.335982 0.357537
v 0.129209 0.287829 0.275943
v 0.129811 0.416045 0.488018
v 0.129938 0.394629 0.486766
v 0.129952 0.413093 0.440677
v 0.130052 0.409751 0.389778
v 0.130233 0.413535 0.447574
v 0.130277 0.371141 0.356470
v 0.130911 0.402854 0.264774
v 0.131202 0.303004 0.284034
v 0.132162 0.412669 0.456058
v 0.133779 0.286387 0.365585
v 0.134076 0.401233 0.233898
v 0.134164 0.333545 0.323923
v 0.134381 0.284266 0.329850
v 0.134931 0.374754 0.412662
v 0.134982 0.407458 0.355840
v 0.135276 0.308928 0.329512
v 0.135440 0.396670 0.487896
v 0.135652 0.282863 0.259128
v 0.135715 0.368732 0.322614
v 0.136228 0.333442 0.328975
v 0.136886 0.284404 0.336414
v 0.136962 0.334682 0.348240
v 0.137067 0.267123 0.252895
v 0.137067 0.258449 0.251880
v 0.137393 0.350598 0.347368
v 0.137443 0.274959 0.252979
v 0.137485 0.262607 0.268932
v 0.137670 0.308963 0.335425
v 0.138274 0.380582 0.474849
v 0.138427 0.403308 0.281559
v 0.138543 0.370077 0.346864
v 0.138660 0.377045 0.201992
v 0.138810 0.409858 0.396423
v 0.138835 0.334178 0.335335
v 0.138845 0.412147 0.452167
v 0.138894 0.412997 0.396240
v 0.138932 0.399190 0.216823
v 0.138944 0.405459 0.271289
v 0.139226 0.335326 0.365325
v 0.139516 0.377151 0.186473
v 0.139537 0.283893 0.318685
v 0.139737 0.408374 0.376808
v 0.140273 0.368524 0.334471
v 0.140401 0.397513 0.189647
v 0.140483 0.288493 0.280818
v 0.140693 0.413024 0.451198
v 0.140754 0.381942 0.192699
v 0.140788 0.401242 0.248500
v 0.141099 0.306727 0.317600
v 0.141530 0.376564 0.188869
v 0.141685 0.405005 0.314054
v 0.141755 0.411864 0.379886
v 0.141896 0.395711 0.185283
v 0.141957 0.405990 0.280532
v 0.142348 0.410014 0.314018
v 0.142471 0.288669 0.313119
v 0.142474 0.333568 0.315345
v 0.142718 0.393640 0.192791
v 0.142749 0.411326 0.427295
v 0.143899 0.413814 0.419666
v 0.144391 0.309730 0.368892
v 0.144393 0.378592 0.186565
v 0.144645 0.396287 0.185771
v 0.144683 0.276858 0.307807
v 0.144811 0.281253 0.370790
v 0.145086 0.308208 0.308368
v 0.145305 0.404250 0.244037
v 0.145620 0.284686 0.339985
v 0.145829 0.263141 0.299675
v 0.145873 0.360660 0.205593
v 0.145936 0.330234 0.368778
v 0.146043 0.406329 0.347494
v 0.146087 0.410003 0.410831
v 0.147006 0.392808 0.474071
v 0.147081 0.325461 0.305137
v 0.147149 0.399417 0.227169
v 0.147350 0.412921 0.460216
v 0.147727 0.408496 0.386364
v 0.147960 0.416080 0.432201
v 0.148935 0.333888 0.341827
v 0.149348 0.362762 0.242351
v 0.149451 0.373051 0.403022
v 0.149451 0.411319 0.433246
v 0.149497 0.404536 0.324487
v 0.150195 0.403880 0.307079
v 0.150489 0.376961 0.469371
v 0.150832 0.259105 0.258121
v 0.151199 0.404918 0.332759
v 0.151679 0.269496 0.374771
v 0.151702 0.313575 0.371364
v 0.151736 0.288013 0.286621
v 0.151824 0.263324 0.292705
v 0.152515 0.412066 0.483882
v 0.153049 0.393493 0.483699
v 0.153327 0.399814 0.241336
v 0.153411 0.291011 0.343232
v 0.153510 0.285090 0.291103
v 0.153720 0.393777 0.480831
v 0.153766 0.295100 0.291534
v 0.153880 0.413920 0.482067
v 0.154063 0.392076 0.472530
v 0.154102 0.411036 0.478969
v 0.154414 0.376698 0.470180
v 0.154414 0.318465 0.369554
v 0.154529 0.286281 0.374698
v 0.154746 0.365458 0.290821
v 0.154971 0.392859 0.482448
v 0.155345 0.374359 0.430629
v 0.155986 0.401990 0.283012
v 0.156379 0.262179 0.284832
v 0.156566 0.280498 0.344660
v 0.156684 0.396369 0.190288
v 0.157172 0.413470 0.482738
v 0.157455 0.378458 0.471767
v 0.157493 0.410483 0.432643
v 0.157527 0.407275 0.376213
v 0.157588 0.405883 0.281520
v 0.157680 0.329310 0.343578
v 0.158492 0.408580 0.400867
v 0.159152 0.414004 0.429714
v 0.159381 0.411525 0.401226
v 0.159724 0.404189 0.259212
v 0.160083 0.403346 0.247600
v 0.160258 0.280459 0.268688
v 0.160262 0.401326 0.274540
v 0.160403 0.409705 0.373279
v 0.160487 0.399938 0.248691
v 0.160972 0.394664 0.189540
v 0.161285 0.300853 0.377586
v 0.161517 0.406054 0.361023
v 0.162395 0.279941 0.272594
v 0.163104 0.377771 0.191448
v 0.163844 0.361274 0.207622
v 0.164077 0.319980 0.346515
v 0.164176 0.270480 0.380519
v 0.164199 0.408500 0.357899
v 0.164565 0.293818 0.379566
v 0.164794 0.265536 0.266788
v 0.164844 0.272998 0.266933
v 0.164985 0.267245 0.348666
v 0.165118 0.375413 0.207820
v 0.165225 0.258067 0.265819
v 0.165267 0.308551 0.347280
v 0.166312 0.409049 0.378261
v 0.167117 0.359429 0.210659
v 0.167274 0.402278 0.300918
v 0.168327 0.366646 0.321798
v 0.168536 0.310023 0.348959
v 0.168685 0.408713 0.359729
v 0.170531 0.409282 0.418811
v 0.170547 0.390542 0.465221
v 0.170566 0.393764 0.479900
v 0.170966 0.408393 0.407100
v 0.171210 0.293910 0.366104
v 0.172107 0.411666 0.410915
v 0.172324 0.407706 0.334004
v 0.172622 0.397296 0.222286
v 0.173007 0.403712 0.331020
v 0.173042 0.410792 0.478557
v 0.174369 0.273868 0.352828
v 0.175124 0.391141 0.476162
v 0.175132 0.296977 0.351773
v 0.175948 0.372716 0.425823
v 0.176177 0.292872 0.385063
v 0.176360 0.386212 0.195934
v 0.176540 0.292224 0.353737
v 0.176574 0.268893 0.372255
v 0.177158 0.398671 0.261608
v 0.177554 0.289706 0.352977
v 0.178287 0.374458 0.459499
v 0.178462 0.401788 0.297935
v 0.178592 0.399537 0.264186
v 0.179229 0.411849 0.435535
v 0.179523 0.375906 0.460842
v 0.179889 0.409259 0.430629
v 0.180480 0.389695 0.460231
v 0.180732 0.359457 0.223255
v 0.180900 0.374532 0.201686
v 0.181533 0.291507 0.385089
v 0.181846 0.382431 0.459278
v 0.182037 0.409816 0.441104
v 0.183181 0.361894 0.262897
v 0.183212 0.406356 0.385192
v 0.183639 0.394307 0.199520
v 0.184997 0.411181 0.470317
v 0.186073 0.266940 0.357673
v 0.186538 0.284862 0.390132
v 0.186881 0.408065 0.375030
v 0.187194 0.369096 0.382423
v 0.187392 0.273921 0.391502
v 0.188201 0.391229 0.470897
v 0.188224 0.389682 0.468700
v 0.188567 0.361348 0.221920
v 0.188644 0.269084 0.391967
v 0.189170 0.409518 0.439006
v 0.189216 0.409320 0.470302
v 0.189399 0.402946 0.335229
v 0.189407 0.408000 0.422161
v 0.189773 0.399308 0.290313
v 0.190704 0.287784 0.374630
v 0.191558 0.289546 0.359151
v 0.192283 0.406638 0.336463
v 0.192336 0.374859 0.223354
v 0.192786 0.410224 0.421337
v 0.193954 0.401322 0.310051
v 0.194137 0.397292 0.244129
v 0.194534 0.278735 0.374782
v 0.194854 0.375857 0.206234
v 0.195144 0.408374 0.386859
v 0.195777 0.389274 0.464633
v 0.196395 0.362968 0.291564
v 0.197395 0.399669 0.284622
v 0.197463 0.399068 0.309707
v 0.197776 0.407947 0.429866
v 0.197791 0.407763 0.422763
v 0.198425 0.284785 0.364160
v 0.198913 0.410319 0.424968
v 0.199271 0.372277 0.449001
v 0.199554 0.400197 0.295238
v 0.199897 0.373679 0.449924
v 0.200080 0.407100 0.361837
v 0.200240 0.388085 0.449497
v 0.200538 0.271457 0.364299
v 0.200835 0.265895 0.364725
v 0.200889 0.395028 0.240490
v 0.200912 0.398452 0.267574
v 0.201949 0.405742 0.391075
v 0.202361 0.398280 0.296634
v 0.202995 0.394134 0.209575
v 0.203361 0.396384 0.241352
v 0.204124 0.390500 0.237316
v 0.205009 0.365264 0.337998
v 0.205917 0.407451 0.459522
v 0.206680 0.401502 0.326620
v 0.206695 0.390811 0.459156
v 0.206962 0.358321 0.233608
v 0.208709 0.407180 0.370578
v 0.208747 0.387359 0.441387
v 0.208869 0.374310 0.233989
v 0.209014 0.395425 0.280647
v 0.209983 0.400342 0.311267
v 0.210128 0.403953 0.367532
v 0.210754 0.397836 0.299770
v 0.211372 0.398845 0.281974
v 0.211463 0.399409 0.292499
v 0.212821 0.370289 0.431751
v 0.212890 0.376261 0.229152
v 0.213058 0.389024 0.228717
v 0.215102 0.374940 0.434436
v 0.215194 0.387269 0.449543
v 0.215301 0.399695 0.303382
v 0.215377 0.382223 0.229099
v 0.216560 0.407985 0.448894
v 0.216758 0.376009 0.221637
v 0.216888 0.373554 0.224575
v 0.217208 0.394044 0.223545
v 0.217437 0.392726 0.220569
v 0.217445 0.373535 0.225482
v 0.217559 0.406180 0.446979
v 0.217788 0.388474 0.449741
v 0.218047 0.406180 0.449749
v 0.218642 0.401895 0.344538
v 0.219085 0.396052 0.274295
v 0.219497 0.393889 0.224704
v 0.219840 0.387210 0.448734
v 0.220229 0.395083 0.275531
v 0.220306 0.391881 0.223789
v 0.220351 0.389525 0.274677
v 0.220466 0.358617 0.250042
v 0.220603 0.375407 0.225231
v 0.220824 0.407428 0.447269
v 0.221671 0.397328 0.270832
v 0.221778 0.404983 0.400695
v 0.223815 0.384988 0.425663
v 0.224784 0.399402 0.319854
v 0.225188 0.369315 0.423870
v 0.225364 0.394492 0.232563
v 0.225379 0.387460 0.273288
v 0.225883 0.387214 0.270381
v 0.229499 0.363508 0.331947
v 0.230628 0.385393 0.436161
v 0.230796 0.368161 0.411075
v 0.230941 0.404525 0.438251
v 0.231750 0.406203 0.433620
v 0.231849 0.359268 0.272304
v 0.232215 0.394599 0.267093
v 0.232574 0.368350 0.412990
v 0.232871 0.395101 0.269550
v 0.233573 0.383695 0.412174
v 0.233802 0.386737 0.435176
v 0.234153 0.399049 0.314676
v 0.234664 0.369961 0.411541
v 0.234840 0.400218 0.333056
v 0.234924 0.374589 0.266811
v 0.235000 0.374811 0.241039
v 0.235122 0.359486 0.268978
v 0.235305 0.383516 0.410587
v 0.235511 0.374470 0.269298
v 0.235938 0.390903 0.239818
v 0.235961 0.399184 0.318031
v 0.236114 0.359157 0.270832
v 0.236297 0.375555 0.267368
v 0.237334 0.384019 0.264568
v 0.237403 0.387282 0.267040
v 0.239234 0.402207 0.367651
v 0.241370 0.359283 0.282066
v 0.241958 0.375097 0.280372
v 0.242019 0.366008 0.386226
v 0.243980 0.383764 0.418636
v 0.244453 0.385896 0.420551
v 0.244575 0.404387 0.418331
v 0.244910 0.403235 0.420551
v 0.245048 0.381573 0.388290
v 0.245414 0.394725 0.257282
v 0.245689 0.397412 0.311946
v 0.245963 0.373590 0.260623
v 0.246345 0.385365 0.418369
v 0.246574 0.376120 0.257633
v 0.247153 0.360096 0.298168
v 0.247321 0.373945 0.264652
v 0.247764 0.404277 0.416202
v 0.248145 0.375741 0.298072
v 0.248191 0.391669 0.258060
v 0.248283 0.375224 0.262668
v 0.249137 0.395074 0.264232
v 0.249534 0.392613 0.261661
v 0.250892 0.363678 0.359712
v 0.251594 0.366576 0.370588
v 0.251929 0.397813 0.311157
v 0.252097 0.382094 0.402004
v 0.252219 0.362856 0.314897
v 0.252250 0.361712 0.324235
v 0.252494 0.379840 0.366378
v 0.252753 0.401095 0.365100
v 0.252769 0.376066 0.271236
v 0.252769 0.361899 0.328003
v 0.252876 0.376469 0.312099
v 0.253303 0.364348 0.343446
v 0.254066 0.378315 0.341146
v 0.254615 0.384072 0.402294
v 0.255668 0.403010 0.400760
v 0.257484 0.394589 0.278560
v 0.258964 0.374884 0.293617
v 0.259681 0.398732 0.338034
v 0.260322 0.377106 0.290412
v 0.262168 0.381104 0.375381
v 0.262305 0.398515 0.372762
v 0.262412 0.375635 0.308097
v 0.262931 0.377882 0.306102
v 0.263297 0.400905 0.374713
v 0.264014 0.396628 0.302990
v 0.264030 0.375535 0.304489
v 0.264289 0.394670 0.305213
v 0.264426 0.381804 0.373294
v 0.264899 0.396497 0.306388
v 0.265128 0.377087 0.307682
v 0.265357 0.377526 0.341224
v 0.265464 0.400434 0.372171
v 0.265769 0.394864 0.303073
v 0.266212 0.381078 0.342406
v 0.266349 0.394996 0.307098
v 0.266395 0.378981 0.361517
v 0.267173 0.378243 0.344534
v 0.267921 0.379242 0.340851
v 0.268317 0.396287 0.321371
v 0.268455 0.399108 0.353675
v 0.268577 0.397889 0.341478
v 0.268836 0.396251 0.339786
v 0.118117 0.285892 0.363506
v 0.118103 0.414306 0.448116
v 0.117377 0.333827 0.304287
v 0.116924 0.336524 0.361860
v 0.116659 0.417003 0.487545
v 0.116564 0.378188 0.197643
v 0.116289 0.364515 0.198085
v 0.115394 0.284114 0.306228
v 0.115238 0.369408 0.313215
v 0.115212 0.362490 0.200298
v 0.114682 0.399299 0.182659
v 0.113312 0.286998 0.373247
v 0.112938 0.296535 0.374870
v 0.112612 0.334254 0.314661
v 0.111641 0.336295 0.372142
v 0.111536 0.378981 0.461872
v 0.111281 0.312373 0.378189
v 0.111191 0.382257 0.478405
v 0.110849 0.403773 0.256946
v 0.110306 0.312934 0.316194
v 0.110063 0.332702 0.380058
v 0.109946 0.284739 0.317016
v 0.109555 0.406909 0.315801
v 0.108527 0.375970 0.404621
v 0.108232 0.282840 0.384132
v 0.107645 0.408824 0.347714
v 0.107484 0.372804 0.358629
v 0.107104 0.395230 0.478435
v 0.106608 0.323295 0.387493
v 0.106520 0.412719 0.415409
v 0.105799 0.335761 0.359888
v 0.105461 0.403274 0.242633
v 0.105126 0.333083 0.317647
v 0.104858 0.312999 0.391552
v 0.104607 0.308375 0.318103
v 0.104445 0.367138 0.200099
v 0.104071 0.284923 0.319082
v 0.103793 0.415767 0.489223
v 0.103770 0.273875 0.390308
v 0.103668 0.370372 0.317396
v 0.103542 0.272471 0.394523
v 0.103331 0.365290 0.234149
v 0.102765 0.271663 0.394573
v 0.102664 0.408023 0.331364
v 0.102658 0.402537 0.489574
v 0.101989 0.381057 0.477504
v 0.101676 0.334994 0.318948
v 0.101283 0.313350 0.392173
v 0.101167 0.298686 0.399063
v 0.101110 0.379517 0.200466
v 0.100637 0.404796 0.267681
v 0.100066 0.378572 0.439945
v 0.100055 0.414248 0.432827
v 0.099887 0.399798 0.183391
v 0.099824 0.288608 0.402221
v 0.099635 0.363979 0.209178
v 0.098962 0.379252 0.188167
v 0.098294 0.413718 0.446872
v 0.098106 0.372753 0.351187
v 0.097947 0.367932 0.266391
v 0.097736 0.368215 0.201396
v 0.097320 0.416640 0.463542
v 0.097070 0.294215 0.408115
v 0.096683 0.413104 0.407787
v 0.096652 0.296458 0.401607
v 0.095864 0.336059 0.352026
v 0.095575 0.415637 0.452549
v 0.095536 0.371528 0.327306
v 0.094989 0.410274 0.458583
v 0.094835 0.334659 0.348666
v 0.094707 0.410571 0.366180
v 0.094270 0.272899 0.414325
v 0.093999 0.334968 0.312387
v 0.093906 0.311103 0.349936
v 0.093854 0.335368 0.328439
v 0.093532 0.372484 0.339582
v 0.093496 0.271968 0.414081
v 0.093404 0.419444 0.401187
v 0.093324 0.382532 0.185146
v 0.093217 0.382710 0.475322
v 0.092986 0.285625 0.314153
v 0.092862 0.404136 0.240383
v 0.092855 0.286372 0.351534
v 0.092717 0.285747 0.329773
v 0.092389 0.416144 0.441211
v 0.092204 0.336211 0.341745
v 0.092086 0.413413 0.475353
v 0.091647 0.416724 0.453411
v 0.091396 0.411220 0.379524
v 0.091251 0.381166 0.473171
v 0.090993 0.375950 0.389198
v 0.090980 0.396733 0.474376
v 0.090930 0.310725 0.342810
v 0.090739 0.294467 0.415538
v 0.090162 0.420222 0.453830
v 0.090127 0.286227 0.344073
v 0.090003 0.412913 0.401653
v 0.089999 0.417632 0.486995
v 0.089799 0.336658 0.359029
v 0.089795 0.419444 0.407688
v 0.089790 0.383901 0.474559
v 0.089544 0.405696 0.477062
v 0.089437 0.406238 0.266094
v 0.089353 0.402751 0.221706
v 0.089349 0.379167 0.202434
v 0.088935 0.287272 0.425121
v 0.088847 0.374011 0.357481
v 0.088308 0.397414 0.486919
v 0.088077 0.278628 0.426128
v 0.087909 0.413562 0.406696
v 0.087836 0.287120 0.361206
v 0.087573 0.333453 0.311395
v 0.087278 0.271632 0.427684
v 0.086894 0.418262 0.483135
v 0.086559 0.297122 0.397014
v 0.086356 0.365909 0.204464
v 0.086158 0.292491 0.420681
v 0.086150 0.334231 0.366184
v 0.085967 0.415088 0.486217
v 0.085654 0.398185 0.486766
v 0.085639 0.329139 0.373083
v 0.085250 0.298228 0.309490
v 0.083938 0.415431 0.432880
v 0.083465 0.419105 0.407169
v 0.083430 0.402104 0.201961
v 0.083347 0.419185 0.433536
v 0.083320 0.405330 0.249675
v 0.082915 0.412570 0.387992
v 0.082721 0.310714 0.307857
v 0.082530 0.313167 0.372821
v 0.082435 0.280017 0.309402
v 0.082362 0.282489 0.372039
v 0.081622 0.287234 0.339821
v 0.081458 0.413840 0.403041
v 0.081317 0.414363 0.413417
v 0.080886 0.407313 0.286895
v 0.080714 0.313357 0.382129
v 0.080394 0.420199 0.420208
v 0.080390 0.410441 0.348403
v 0.080241 0.426093 0.417537
v 0.079665 0.366255 0.222744
v 0.079398 0.314590 0.379047
v 0.079375 0.324706 0.307857
v 0.079322 0.311557 0.378997
v 0.078517 0.336032 0.335168
v 0.078361 0.271823 0.379951
v 0.077457 0.422511 0.480053
v 0.076942 0.419208 0.482311
v 0.076884 0.415286 0.422069
v 0.075683 0.381742 0.467952
v 0.075317 0.381506 0.202693
v 0.075172 0.408244 0.300685
v 0.074962 0.301364 0.387638
v 0.074817 0.272113 0.306072
v 0.074798 0.296603 0.387786
v 0.074756 0.296710 0.390739
v 0.074466 0.424720 0.422824
v 0.074413 0.421771 0.415561
v 0.074012 0.401805 0.188228
v 0.073943 0.369246 0.204372
v 0.073772 0.277553 0.389404
v 0.073749 0.271594 0.421825
v 0.073638 0.415298 0.418155
v 0.073569 0.401319 0.190868
v 0.073184 0.310573 0.302974
v 0.073177 0.383833 0.189022
v 0.073116 0.283763 0.418644
v 0.072940 0.379776 0.204479
v 0.072753 0.282428 0.332222
v 0.072269 0.294185 0.392902
v 0.072066 0.306636 0.302829
v 0.072028 0.422713 0.413494
v 0.071651 0.381302 0.191722
v 0.071033 0.365982 0.206996
v 0.070819 0.402400 0.189006
v 0.070567 0.272365 0.395011
v 0.070399 0.415454 0.412540
v 0.070239 0.379733 0.430271
v 0.070098 0.309390 0.305763
v 0.069965 0.268786 0.303573
v 0.069759 0.311687 0.332863
v 0.069541 0.384817 0.189495
v 0.069400 0.325019 0.329639
v 0.069373 0.283015 0.334298
v 0.068698 0.416926 0.431911
v 0.068210 0.272105 0.407177
v 0.067790 0.415500 0.416072
v 0.067676 0.425845 0.417026
v 0.067283 0.425120 0.409572
v 0.067046 0.397576 0.468532
v 0.066936 0.419066 0.481212
v 0.066932 0.294749 0.406017
v 0.066745 0.409507 0.311677
v 0.066497 0.410354 0.330919
v 0.066337 0.276324 0.404472
v 0.065501 0.411120 0.348601
v 0.065437 0.413596 0.351500
v 0.065414 0.292605 0.411449
v 0.065364 0.368228 0.207088
v 0.065257 0.415664 0.412548
v 0.064777 0.414508 0.397575
v 0.064391 0.421996 0.414875
v 0.064239 0.295856 0.301799
v 0.064220 0.291873 0.408794
v 0.064151 0.423060 0.475811
v 0.064033 0.371234 0.286529
v 0.063907 0.382230 0.207271
v 0.063834 0.293498 0.299575
v 0.063754 0.313842 0.330200
v 0.063640 0.401433 0.481441
v 0.063243 0.403308 0.192287
v 0.063163 0.269923 0.317163
v 0.063068 0.368858 0.245754
v 0.062411 0.285174 0.413509
v 0.062305 0.419936 0.476329
v 0.062022 0.414985 0.401657
v 0.061507 0.405982 0.233425
v 0.061374 0.306079 0.319028
v 0.061267 0.413852 0.386226
v 0.061141 0.312003 0.328502
v 0.060992 0.271693 0.415386
v 0.058925 0.270205 0.330296
v 0.058738 0.419368 0.397453
v 0.057914 0.374493 0.211071
v 0.057658 0.421004 0.447208
v 0.057128 0.383822 0.465847
v 0.056895 0.295672 0.313520
v 0.056224 0.367656 0.220760
v 0.056171 0.417430 0.430744
v 0.055782 0.415133 0.395511
v 0.055343 0.418845 0.448803
v 0.055167 0.408652 0.283557
v 0.053992 0.385205 0.195186
v 0.053855 0.421565 0.451328
v 0.053207 0.413272 0.361068
v 0.052917 0.383002 0.197704
v 0.051902 0.398114 0.462566
v 0.051727 0.413924 0.373128
v 0.051681 0.401839 0.195232
v 0.051475 0.295711 0.325677
v 0.051177 0.293048 0.293911
v 0.050590 0.418860 0.446277
v 0.049659 0.422095 0.457241
v 0.049277 0.375292 0.216274
v 0.049186 0.420039 0.458423
v 0.047973 0.410403 0.308742
v 0.047286 0.380662 0.419857
v 0.046767 0.412642 0.331739
v 0.046653 0.411887 0.335743
v 0.045882 0.399465 0.471141
v 0.045486 0.373457 0.302936
v 0.043380 0.293193 0.295669
v 0.042846 0.269153 0.289787
v 0.042312 0.405253 0.201854
v 0.042213 0.419608 0.470607
v 0.042068 0.411803 0.325376
v 0.042045 0.384231 0.219776
v 0.041824 0.402629 0.471782
v 0.041671 0.284999 0.289741
v 0.041190 0.270816 0.322391
v 0.040931 0.411586 0.317653
v 0.040549 0.421996 0.443294
v 0.039901 0.382955 0.453014
v 0.039794 0.268535 0.288894
v 0.038779 0.409640 0.273448
v 0.037795 0.414088 0.361150
v 0.037780 0.418365 0.427066
v 0.036925 0.410213 0.289379
v 0.036071 0.410430 0.297786
v 0.035880 0.409064 0.267589
v 0.034332 0.407428 0.229290
v 0.034324 0.294566 0.315681
v 0.033111 0.419955 0.442470
v 0.033004 0.422839 0.446308
v 0.032531 0.369949 0.234722
v 0.032348 0.420547 0.450489
v 0.032226 0.372813 0.225399
v 0.031852 0.408748 0.249126
v 0.031631 0.290172 0.310062
v 0.030875 0.404655 0.206310
v 0.030379 0.388373 0.207317
v 0.029777 0.291049 0.316213
v 0.028938 0.269832 0.309845
v 0.028838 0.375787 0.322025
v 0.027145 0.271251 0.316589
v 0.026725 0.380584 0.396846
v 0.025352 0.421405 0.460460
v 0.024818 0.401935 0.461872
v 0.024284 0.384604 0.445018
v 0.023940 0.398231 0.445201
v 0.023910 0.383660 0.442775
v 0.023849 0.379264 0.373397
v 0.022552 0.386168 0.230442
v 0.021873 0.371946 0.231128
v 0.021079 0.370948 0.235073
v 0.020721 0.415061 0.348961
v 0.020675 0.407367 0.214534
v 0.020362 0.419589 0.446445
v 0.018684 0.401011 0.448223
v 0.016486 0.420352 0.451831
v 0.016456 0.409823 0.254543
v 0.016395 0.421470 0.453861
v 0.016334 0.405475 0.253131
v 0.015716 0.418696 0.406269
v 0.015556 0.417243 0.383853
v 0.015487 0.400481 0.453815
v 0.015105 0.400235 0.451259
v 0.014915 0.413600 0.316871
v 0.014709 0.409530 0.249576
v 0.014030 0.374425 0.283428
v 0.013778 0.421412 0.451267
v 0.013305 0.398852 0.433948
v 0.012489 0.386543 0.222232
v 0.011626 0.406844 0.220539
v 0.011207 0.383839 0.432064
v 0.010757 0.416778 0.371553
v 0.010551 0.377904 0.335377
v 0.010131 0.402560 0.449977
v 0.008414 0.388274 0.247333
v 0.007201 0.411815 0.275432
v 0.006568 0.392388 0.225727
v 0.005889 0.376300 0.304508
v 0.004493 0.374469 0.251583
v 0.000785 0.411830 0.275722
v 0.000762 0.400302 0.437915
v 0.000617 0.405066 0.239810
v 0.000182 0.409617 0.235820
v -0.000626 0.389129 0.257587
v -0.001443 0.388423 0.237606
v -0.001534 0.389953 0.239681
v -0.001817 0.408275 0.236156
v -0.002335 0.399261 0.418933
v -0.002457 0.383829 0.415302
v -0.002656 0.421542 0.434391
v -0.002724 0.388944 0.241138
v -0.003320 0.384943 0.413486
v -0.003541 0.410201 0.238285
v -0.003724 0.396890 0.412555
v -0.003922 0.416446 0.343534
v -0.004189 0.391688 0.239467
v -0.004876 0.383829 0.412258
v -0.007104 0.375444 0.269168
v -0.007989 0.377601 0.267200
v -0.008691 0.402568 0.429409
v -0.008920 0.390704 0.268878
v -0.008981 0.398482 0.404995
v -0.009179 0.414477 0.304225
v -0.009499 0.385423 0.405323
v -0.009698 0.375425 0.270252
v -0.009820 0.419074 0.382663
v -0.010232 0.416938 0.380455
v -0.014535 0.391746 0.282424
v -0.014794 0.387248 0.282409
v -0.015908 0.399999 0.415706
v -0.016579 0.421287 0.415195
v -0.017236 0.378085 0.288780
v -0.017403 0.398492 0.383358
v -0.017571 0.377263 0.293373
v -0.018624 0.391648 0.263355
v -0.019067 0.382807 0.380153
v -0.019082 0.391387 0.266330
v -0.019158 0.412341 0.259258
v -0.019585 0.411563 0.262020
v -0.020028 0.395303 0.261905
v -0.020287 0.393409 0.299499
v -0.021142 0.378160 0.304218
v -0.022942 0.401904 0.407695
v -0.024346 0.397408 0.363964
v -0.024453 0.381384 0.356125
v -0.024499 0.383189 0.365112
v -0.024575 0.420886 0.395549
v -0.024682 0.390187 0.312917
v -0.025216 0.379627 0.326385
v -0.025369 0.396098 0.345198
v -0.025414 0.394673 0.318117
v -0.025445 0.401639 0.386627
v -0.025765 0.382382 0.346445
v -0.025811 0.415225 0.386379
v -0.025933 0.380607 0.316497
v -0.026147 0.413718 0.276126
v -0.027612 0.395999 0.278690
v -0.028313 0.419909 0.388271
v -0.029534 0.419387 0.391040
v -0.029748 0.399491 0.387676
v -0.030175 0.419753 0.387020
v -0.030663 0.399848 0.390216
v -0.030846 0.415172 0.294231
v -0.031472 0.394155 0.295471
v -0.032067 0.415179 0.291973
v -0.032571 0.400376 0.385799
v -0.032815 0.420394 0.374717
v -0.032830 0.396276 0.294563
v -0.033624 0.413989 0.295124
v -0.034203 0.416320 0.304004
v -0.034478 0.398255 0.365255
v -0.034661 0.396752 0.297653
v -0.035226 0.418475 0.373441
v -0.036752 0.395648 0.317047
v -0.037515 0.396888 0.338919
v -0.038216 0.416106 0.319309
v -0.038400 0.418128 0.343988
v -0.038506 0.400502 0.359905
v -0.038918 0.399426 0.319551
v -0.040017 0.399333 0.341128
vt 0.254657 0.534761
vt 0.252416 0.550686
vt 0.242507 0.538771
vt 0.244984 0.531694
vt 0.238142 0.523790
vt 0.235547 0.534879
vt 0.246164 0.546085
vt 0.227408 0.536176
vt 0.231654 0.518364
vt 0.250174 0.515651
vt 0.223633 0.544080
vt 0.213724 0.545967
vt 0.199568 0.562718
vt 0.261145 0.536648
vt 0.281906 0.552809
vt 0.262089 0.542074
vt 0.270818 0.555404
vt 0.271290 0.558117
vt 0.259847 0.562482
vt 0.259493 0.564723
vt 0.261263 0.567082
vt 0.241917 0.563544
vt 0.250174 0.576637
vt 0.242625 0.577935
vt 0.226582 0.563897
vt 0.240619 0.569796
vt 0.233778 0.566847
vt 0.241445 0.575458
vt 0.234957 0.571565
vt 0.231300 0.574750
vt 0.181520 0.606128
vt 0.169842 0.577935
vt 0.207944 0.599050
vt 0.168308 0.585367
vt 0.163708 0.573216
vt 0.167247 0.607780
vt 0.155804 0.611436
vt 0.176212 0.610375
vt 0.184351 0.617452
vt 0.201810 0.611554
vt 0.198389 0.631726
vt 0.209595 0.626653
vt 0.205820 0.610611
vt 0.212780 0.616509
vt 0.212662 0.607897
vt 0.215375 0.606246
vt 0.226818 0.605656
vt 0.226228 0.618750
vt 0.235783 0.626300
vt 0.232716 0.640809
vt 0.228469 0.617924
vt 0.234603 0.593742
vt 0.232952 0.601528
vt 0.254421 0.631844
vt 0.238024 0.622997
vt 0.251472 0.628305
vt 0.245338 0.607897
vt 0.243451 0.621699
vt 0.240973 0.599168
vt 0.248523 0.606010
vt 0.242979 0.597045
vt 0.277424 0.605656
vt 0.267397 0.581120
vt 0.253949 0.620048
vt 0.263858 0.615683
vt 0.281906 0.629367
vt 0.257724 0.620166
vt 0.254539 0.627715
vt 0.265156 0.621109
vt 0.262442 0.629013
vt 0.257960 0.628777
vt 0.306737 0.067998
vt 0.301075 0.070358
vt 0.301311 0.064578
vt 0.288571 0.072599
vt 0.307563 0.066583
vt 0.321482 0.071419
vt 0.286330 0.097253
vt 0.323016 0.069060
vt 0.326437 0.078733
vt 0.302962 0.051012
vt 0.279724 0.089821
vt 0.292936 0.058679
vt 0.280903 0.082154
vt 0.273826 0.094422
vt 0.269461 0.099730
vt 0.274769 0.109167
vt 0.266158 0.099258
vt 0.266866 0.084041
vt 0.248110 0.083569
vt 0.227938 0.099730
vt 0.231477 0.065403
vt 0.246694 0.051838
vt 0.288571 0.062572
vt 0.213429 0.067291
vt 0.213075 0.109285
vt 0.176978 0.099848
vt 0.193375 0.054669
vt 0.186415 0.045821
vt 0.194437 0.045939
vt 0.201986 0.043580
vt 0.208946 0.038626
vt 0.246694 0.038036
vt 0.210952 0.030958
vt 0.209654 0.021167
vt 0.249525 0.002647
vt 0.265450 0.044878
vt 0.270287 0.028953
vt 0.289515 0.008309
vt 0.291402 0.040631
vt 0.290340 0.059977
vt 0.293761 0.024116
vt 0.293289 0.040749
vt 0.295177 0.024234
vt 0.294115 0.008545
vt 0.298598 0.040159
vt 0.304024 0.002647
vt 0.306619 0.017746
vt 0.306147 0.026830
vt 0.303552 0.042872
vt 0.313933 0.019398
vt 0.312871 0.036267
vt 0.311102 0.042519
vt 0.315348 0.015859
vt 0.313697 0.004417
vt 0.315584 0.002647
vt 0.328914 0.006540
vt 0.311692 0.052545
vt 0.313461 0.042636
vt 0.313225 0.056320
vt 0.325257 0.055376
vt 0.329740 0.046883
vt 0.327263 0.044170
vt 0.327381 0.031076
vt 0.330212 0.019634
vt 0.315938 0.028363
vt 0.315702 0.018100
vt 0.328324 0.019634
vt 0.328678 0.017746
vt 0.345075 0.013382
vt 0.329032 0.015623
vt 0.332099 0.004535
vt 0.348968 0.006894
vt 0.268298 0.831337
vt 0.268062 0.827680
vt 0.283987 0.830983
vt 0.274432 0.816002
vt 0.285520 0.832517
vt 0.286346 0.817653
vt 0.287998 0.815766
vt 0.273488 0.813171
vt 0.278914 0.803852
vt 0.290711 0.806683
vt 0.292008 0.807273
vt 0.289413 0.817889
vt 0.288587 0.833225
vt 0.302507 0.816828
vt 0.312062 0.809160
vt 0.302625 0.819305
vt 0.323622 0.820956
vt 0.329284 0.811284
vt 0.302271 0.834522
vt 0.311708 0.871798
vt 0.321617 0.836645
vt 0.323504 0.836174
vt 0.327633 0.845964
vt 0.321263 0.854104
vt 0.332823 0.871798
vt 0.606233 0.354548
vt 0.619563 0.351127
vt 0.623927 0.361743
vt 0.633718 0.357850
vt 0.634780 0.362333
vt 0.614018 0.363984
vt 0.627230 0.403148
vt 0.611305 0.363631
vt 0.605643 0.356317
vt 0.614608 0.366226
vt 0.587477 0.363631
vt 0.596560 0.375309
vt 0.583584 0.379791
vt 0.573439 0.373539
vt 0.580045 0.386751
vt 0.570726 0.392885
vt 0.560228 0.385336
vt 0.548313 0.402912
vt 0.564356 0.402086
vt 0.595026 0.421668
vt 0.635841 0.445379
vt 0.578040 0.412467
vt 0.561997 0.404210
vt 0.555273 0.408810
vt 0.541354 0.411405
vt 0.551852 0.419663
vt 0.538522 0.426976
vt 0.547960 0.432285
vt 0.577922 0.451867
vt 0.607413 0.449389
vt 0.629943 0.453990
vt 0.603756 0.474397
vt 0.573793 0.473926
vt 0.543949 0.462247
vt 0.548903 0.443609
vt 0.545600 0.441722
vt 0.536517 0.437475
vt 0.545364 0.443727
vt 0.535691 0.439245
vt 0.527906 0.468971
vt 0.535220 0.474397
vt 0.618901 0.549634
vt 0.617957 0.533945
vt 0.621024 0.547039
vt 0.634590 0.556122
vt 0.646386 0.577473
vt 0.645560 0.553645
vt 0.664788 0.556594
vt 0.677056 0.570513
vt 0.682364 0.549870
vt 0.696874 0.577473
vt 0.695694 0.549162
vt 0.680359 0.549044
vt 0.690268 0.541141
vt 0.680241 0.538664
vt 0.653228 0.544444
vt 0.639190 0.541141
vt 0.654407 0.537248
vt 0.625153 0.527811
vt 0.686965 0.531468
vt 0.697935 0.539843
vt 0.690976 0.531468
vt 0.689442 0.519318
vt 0.614536 0.516958
vt 0.608756 0.512476
vt 0.685667 0.515897
vt 0.614772 0.497495
vt 0.615951 0.486170
vt 0.624209 0.514835
vt 0.622557 0.511532
vt 0.618547 0.490653
vt 0.621024 0.478975
vt 0.621968 0.468004
vt 0.636123 0.472251
vt 0.627512 0.481334
vt 0.638718 0.475672
vt 0.621614 0.491007
vt 0.625035 0.490417
vt 0.639898 0.504926
vt 0.629045 0.510353
vt 0.630815 0.507639
vt 0.637775 0.510706
vt 0.654289 0.490063
vt 0.655469 0.480390
vt 0.656531 0.491950
vt 0.667029 0.483929
vt 0.642375 0.507050
vt 0.640606 0.527811
vt 0.655941 0.514127
vt 0.656059 0.532294
vt 0.668445 0.514127
vt 0.670096 0.529698
vt 0.679769 0.529698
vt 0.680241 0.516015
vt 0.657474 0.501387
vt 0.684252 0.530406
vt 0.681657 0.517430
vt 0.683898 0.498084
vt 0.672102 0.506460
vt 0.675640 0.501741
vt 0.672573 0.503039
vt 0.658772 0.499854
vt 0.669271 0.498556
vt 0.658654 0.494428
vt 0.662783 0.492186
vt 0.674461 0.473902
vt 0.683426 0.468240
vt 0.687201 0.468712
vt 0.175566 0.226372
vt 0.194204 0.227080
vt 0.205764 0.239938
vt 0.208714 0.201364
vt 0.205882 0.199594
vt 0.192671 0.190158
vt 0.198333 0.178833
vt 0.207888 0.199594
vt 0.213668 0.192399
vt 0.211899 0.187208
vt 0.209539 0.173525
vt 0.214376 0.203369
vt 0.220038 0.194876
vt 0.222161 0.185203
vt 0.234075 0.204903
vt 0.229593 0.217761
vt 0.216853 0.172935
vt 0.201400 0.160549
vt 0.226408 0.152056
vt 0.221453 0.137546
vt 0.254955 0.126104
vt 0.229475 0.181782
vt 0.258730 0.145568
vt 0.291759 0.129879
vt 0.298955 0.131176
vt 0.236317 0.164088
vt 0.274419 0.158190
vt 0.302258 0.147337
vt 0.246462 0.174822
vt 0.247877 0.181192
vt 0.239384 0.191691
vt 0.249882 0.181310
vt 0.282440 0.168099
vt 0.317593 0.156656
vt 0.262386 0.174233
vt 0.242215 0.195348
vt 0.262504 0.176946
vt 0.251298 0.184377
vt 0.253185 0.187444
vt 0.242333 0.201482
vt 0.251180 0.215284
vt 0.244338 0.202072
vt 0.260499 0.192871
vt 0.259673 0.196174
vt 0.256606 0.214576
vt 0.278193 0.211273
vt 0.267931 0.224838
vt 0.267105 0.228377
vt 0.244928 0.221064
vt 0.237968 0.228141
vt 0.246933 0.241589
vt 0.241153 0.236399
vt 0.255663 0.232388
vt 0.270762 0.248313
vt 0.232188 0.268131
vt 0.184767 0.290426
vt 0.254837 0.255627
vt 0.263802 0.260227
vt 0.267577 0.268603
vt 0.234075 0.286769
vt 0.238912 0.307648
vt 0.193732 0.307176
vt 0.200692 0.317203
vt 0.201754 0.327348
vt 0.231716 0.323809
vt 0.257904 0.284056
vt 0.274537 0.274147
vt 0.271116 0.296560
vt 0.273829 0.336549
vt 0.294236 0.288302
vt 0.292113 0.286533
vt 0.278783 0.274973
vt 0.302494 0.281460
vt 0.308746 0.296678
vt 0.318655 0.308238
vt 0.297657 0.288184
vt 0.319362 0.291723
vt 0.311695 0.286297
vt 0.327384 0.283938
vt 0.331159 0.282994
vt 0.331159 0.284527
vt 0.345786 0.276978
vt 0.329861 0.281342
vt 0.358998 0.265300
vt 0.348499 0.278747
vt 0.356285 0.259401
vt 0.363952 0.236281
vt 0.344606 0.271552
vt 0.354279 0.254683
vt 0.340714 0.269310
vt 0.363598 0.230973
vt 0.369496 0.219176
vt 0.372563 0.201482
vt 0.356167 0.218704
vt 0.363480 0.194168
vt 0.351330 0.196645
vt 0.342601 0.240527
vt 0.350976 0.211981
vt 0.344724 0.192517
vt 0.338236 0.242769
vt 0.327148 0.262586
vt 0.332692 0.206318
vt 0.339298 0.184613
vt 0.325850 0.261053
vt 0.312756 0.272849
vt 0.309100 0.275444
vt 0.307330 0.273793
vt 0.304853 0.261643
vt 0.320306 0.250554
vt 0.293175 0.270136
vt 0.289754 0.272141
vt 0.272649 0.254329
vt 0.283856 0.258340
vt 0.293293 0.251852
vt 0.278783 0.240999
vt 0.279845 0.236871
vt 0.293175 0.248077
vt 0.295062 0.250790
vt 0.308392 0.240645
vt 0.304499 0.238050
vt 0.291287 0.225074
vt 0.320188 0.224838
vt 0.307684 0.238286
vt 0.302258 0.230973
vt 0.296949 0.192399
vt 0.309453 0.180249
vt 0.332102 0.175176
vt 0.335405 0.177182
vt 0.335759 0.157010
vt 0.309453 0.165149
vt 0.327384 0.155830
vt 0.326912 0.153707
vt 0.332338 0.148517
vt 0.351094 0.138254
vt 0.336231 0.126104
vt 0.348735 0.156656
vt 0.358054 0.152999
vt 0.275697 0.940239
vt 0.261305 0.947553
vt 0.262603 0.945076
vt 0.224973 0.944722
vt 0.229927 0.929623
vt 0.246442 0.925258
vt 0.266968 0.932926
vt 0.273692 0.926674
vt 0.261070 0.918062
vt 0.271686 0.913344
vt 0.253402 0.925022
vt 0.267675 0.913108
vt 0.267557 0.910159
vt 0.265788 0.911810
vt 0.265316 0.909805
vt 0.266496 0.903907
vt 0.275697 0.896121
vt 0.247976 0.902845
vt 0.259300 0.918180
vt 0.260598 0.924904
vt 0.258710 0.921719
vt 0.257767 0.923724
vt 0.864347 0.984586
vt 0.854320 0.989777
vt 0.858331 0.959342
vt 0.851961 0.979868
vt 0.850545 0.985058
vt 0.845591 0.984704
vt 0.844765 0.969487
vt 0.849012 0.958870
vt 0.862578 0.951793
vt 0.832025 0.951793
vt 0.840283 0.956747
vt 0.843468 0.959224
vt 0.841816 0.961348
vt 0.839575 0.964887
vt 0.829430 0.972672
vt 0.839103 0.968425
vt 0.005138 0.020063
vt 0.025781 0.002014
vt 0.022006 0.043891
vt 0.029792 0.012985
vt 0.008912 0.029735
vt 0.013041 0.045778
vt 0.038049 0.013457
vt 0.038993 0.054154
vt 0.023894 0.056985
vt 0.045009 0.031269
vt 0.063883 0.035516
vt 0.037577 0.084588
vt 0.077920 0.042004
vt 0.067422 0.041886
vt 0.062231 0.037403
vt 0.049137 0.035044
vt 0.048194 0.043773
vt 0.048430 0.067483
vt 0.063529 0.056749
vt 0.053266 0.068073
vt 0.065770 0.068663
vt 0.091958 0.073617
vt 0.063175 0.067837
vt 0.059754 0.075623
vt 0.051615 0.085886
vt 0.074735 0.090722
vt 0.107647 0.094379
vt 0.042296 0.095323
vt 0.097384 0.105703
vt 0.107765 0.096738
vt 0.081223 0.109124
vt 0.057749 0.112545
vt 0.093727 0.128116
vt 0.110242 0.114315
vt 0.076269 0.117500
vt 0.061995 0.114079
vt 0.050081 0.115376
vt 0.051025 0.126583
vt 0.067186 0.126465
vt 0.084880 0.131655
vt 0.114253 0.133542
vt 0.099625 0.143923
vt 0.048312 0.128824
vt 0.074971 0.138261
vt 0.096322 0.153478
vt 0.045481 0.114079
vt 0.041116 0.116674
vt 0.045953 0.123162
vt 0.038757 0.120684
vt 0.020001 0.120567
vt 0.025073 0.086947
vt 0.015872 0.069607
vt 0.001599 0.097800
vt 0.012923 0.115966
vt 0.029438 0.135312
vt 0.045717 0.130357
vt 0.050789 0.140266
vt 0.030264 0.138143
vt 0.020119 0.147934
vt 0.023304 0.155365
vt 0.003604 0.162797
vt 0.009502 0.167162
vt 0.032269 0.146872
vt 0.017052 0.161971
vt 0.028140 0.160556
vt 0.008912 0.169403
vt 0.004194 0.172824
vt 0.011861 0.174004
vt 0.007261 0.179902
vt 0.010210 0.178368
vt 0.023776 0.163741
vt 0.019175 0.170937
vt 0.027904 0.169285
vt 0.035690 0.155601
vt 0.043475 0.153478
vt 0.036280 0.157961
vt 0.018113 0.185918
vt 0.006671 0.205028
vt 0.044419 0.157725
vt 0.036044 0.186390
vt 0.036633 0.210454
vt 0.011507 0.233693
vt 0.001599 0.249617
vt 0.062703 0.225317
vt 0.057985 0.247494
vt 0.072376 0.179902
vt 0.059990 0.153242
vt 0.096794 0.201135
vt 0.091958 0.157489
vt 0.077684 0.151945
vt 0.074146 0.149703
vt 0.070590 0.844477
vt 0.055491 0.844477
vt 0.046526 0.837989
vt 0.085690 0.821710
vt 0.082741 0.839994
vt 0.072950 0.796584
vt 0.085690 0.799415
vt 0.080145 0.788799
vt 0.066226 0.768155
vt 0.080971 0.777946
vt 0.060800 0.781013
vt 0.049593 0.808027
vt 0.038033 0.784788
vt 0.024703 0.797528
vt 0.027180 0.824777
vt 0.034848 0.837517
vt 0.020102 0.799769
vt 0.028596 0.841410
vt 0.018215 0.801421
vt 0.018451 0.816284
vt 0.019978 0.784631
vt 0.017265 0.784867
vt 0.014906 0.772953
vt 0.010541 0.767054
vt 0.028589 0.773660
vt 0.011603 0.759033
vt 0.009008 0.751601
vt 0.002402 0.765993
vt 0.011131 0.743934
vt 0.007828 0.736266
vt 0.024815 0.755966
vt 0.007946 0.732020
vt 0.031892 0.767998
vt 0.034134 0.779676
vt 0.023399 0.740041
vt 0.026112 0.740749
vt 0.038498 0.749950
vt 0.032128 0.735559
vt 0.028825 0.728009
vt 0.019388 0.730250
vt 0.021630 0.727891
vt 0.006530 0.729542
vt 0.010187 0.727301
vt 0.002756 0.725060
vt 0.009008 0.715269
vt 0.019506 0.726357
vt 0.018681 0.715151
vt 0.020686 0.711140
vt 0.017383 0.698518
vt 0.002402 0.704181
vt 0.156477 0.161444
vt 0.145337 0.161444
vt 0.149948 0.147048
vt 0.332050 0.828329
vt 0.346087 0.834345
vt 0.349154 0.844254
vt 0.333465 0.839182
vt 0.367556 0.842603
vt 0.350570 0.854989
vt 0.332404 0.847203
vt 0.349508 0.857820
vt 0.360125 0.852511
vt 0.357765 0.860061
vt 0.332050 0.894152
vt 0.380060 0.869970
vt 0.380886 0.853101
vt 0.397401 0.847911
vt 0.393036 0.846377
vt 0.384307 0.845316
vt 0.388672 0.838946
vt 0.375814 0.846967
vt 0.411821 0.654296
vt 0.409934 0.649342
vt 0.436829 0.636720
vt 0.419843 0.655712
vt 0.445323 0.642736
vt 0.448626 0.629996
vt 0.430695 0.627283
vt 0.433055 0.623626
vt 0.468561 0.630821
vt 0.465612 0.649577
vt 0.449215 0.606875
vt 0.458888 0.624687
vt 0.468443 0.624923
vt 0.470331 0.622800
vt 0.484604 0.620913
vt 0.486020 0.645803
vt 0.484132 0.653588
vt 0.493923 0.654414
vt 0.506427 0.655712
vt 0.492626 0.636366
vt 0.506309 0.617492
vt 0.493805 0.639669
vt 0.511500 0.648162
vt 0.515628 0.642854
vt 0.504422 0.629642
vt 0.515628 0.633417
vt 0.520347 0.641202
vt 0.675555 0.282666
vt 0.668241 0.280189
vt 0.689121 0.261787
vt 0.693485 0.266977
vt 0.682515 0.288093
vt 0.692778 0.260489
vt 0.690772 0.239846
vt 0.685936 0.241498
vt 0.685582 0.221444
vt 0.690772 0.220972
vt 0.698676 0.218613
vt 0.698558 0.259664
vt 0.706579 0.239138
vt 0.703158 0.272876
vt 0.691126 0.293519
vt 0.689357 0.294935
vt 0.692896 0.301776
vt 0.714837 0.289036
vt 0.713893 0.280307
vt 0.714365 0.271932
vt 0.717668 0.281487
vt 0.716134 0.286795
vt 0.720027 0.296940
vt 0.735008 0.284200
vt 0.740434 0.298002
vt 0.724274 0.301187
vt 0.752466 0.284436
vt 0.755062 0.291396
vt 0.735244 0.278302
vt 0.752231 0.279010
vt 0.747512 0.268039
vt 0.744327 0.244800
vt 0.718729 0.265798
vt 0.734418 0.264146
vt 0.704338 0.257069
vt 0.726397 0.259074
vt 0.732885 0.252586
vt 0.709528 0.242323
vt 0.708584 0.252704
vt 0.731233 0.250109
vt 0.715308 0.240318
vt 0.713185 0.237841
vt 0.723094 0.229465
vt 0.743147 0.240200
vt 0.749753 0.241380
vt 0.747394 0.236543
vt 0.755062 0.227460
vt 0.735244 0.233830
vt 0.747984 0.230763
vt 0.750107 0.225691
vt 0.738075 0.217197
vt 0.742676 0.213894
vt 0.750815 0.212951
vt 0.740788 0.207760
vt 0.739019 0.214130
vt 0.729228 0.222741
vt 0.733711 0.206345
vt 0.725453 0.211299
vt 0.728048 0.226044
vt 0.724274 0.225926
vt 0.711062 0.215546
vt 0.724863 0.025624
vt 0.717314 0.037184
vt 0.720617 0.008991
vt 0.725925 0.013592
vt 0.745035 0.005452
vt 0.725099 0.042256
vt 0.713775 0.043554
vt 0.729346 0.017366
vt 0.739963 0.015597
vt 0.748692 0.017012
vt 0.755062 0.015597
vt 0.753882 0.026567
vt 0.747748 0.024562
vt 0.727576 0.026331
vt 0.750697 0.033527
vt 0.755062 0.039661
vt 0.725925 0.042020
vt 0.747748 0.045323
vt 0.750107 0.055232
vt 0.726515 0.045795
vt 0.724274 0.054878
vt 0.748338 0.064669
vt 0.716252 0.064197
vt 0.723448 0.063961
vt 0.720735 0.071747
vt 0.745035 0.072455
vt 0.718139 0.076112
vt 0.724627 0.099350
vt 0.755062 0.087554
vt 0.751051 0.077881
vt 0.441115 0.704338
vt 0.411743 0.709646
vt 0.415400 0.703984
vt 0.392869 0.704102
vt 0.390274 0.710354
vt 0.416933 0.695019
vt 0.410799 0.689357
vt 0.419528 0.682869
vt 0.446306 0.697850
vt 0.447485 0.683931
vt 0.419882 0.663995
vt 0.459518 0.678858
vt 0.448429 0.668713
vt 0.443121 0.647598
vt 0.456686 0.656799
vt 0.477684 0.663287
vt 0.472022 0.676263
vt 0.471550 0.700681
vt 0.477094 0.683695
vt 0.479335 0.698676
vt 0.490542 0.710354
vt 0.485587 0.700917
vt 0.426538 0.628390
vt 0.412972 0.628390
vt 0.416747 0.617774
vt 0.435503 0.608101
vt 0.413680 0.611758
vt 0.437272 0.600669
vt 0.411084 0.599843
vt 0.440339 0.588519
vt 0.387492 0.587811
vt 0.412972 0.587103
vt 0.433851 0.570825
vt 0.442109 0.556787
vt 0.413680 0.572122
vt 0.410849 0.556551
vt 0.390913 0.571414
vt 0.382538 0.590170
vt 0.383953 0.624144
vt 0.385133 0.581323
vt 0.378763 0.582739
vt 0.373690 0.596069
vt 0.359653 0.617184
vt 0.359653 0.628390
vt 0.345615 0.620369
vt 0.360714 0.607157
vt 0.336886 0.600551
vt 0.331814 0.615886
vt 0.328511 0.611875
vt 0.318366 0.576015
vt 0.345379 0.588283
vt 0.339599 0.572594
vt 0.329336 0.570943
vt 0.311878 0.553130
vt 0.359063 0.562331
vt 0.360597 0.552422
vt 0.332757 0.553720
vt 0.325680 0.550299
vt 0.336886 0.542396
vt 0.355052 0.529892
vt 0.378291 0.563393
vt 0.366849 0.556197
vt 0.373808 0.536851
vt 0.385605 0.512787
vt 0.394098 0.550181
vt 0.377583 0.536380
vt 0.381240 0.526471
vt 0.398580 0.540390
vt 0.402473 0.534492
vt 0.408371 0.517034
vt 0.408961 0.535672
vt 0.418516 0.542985
vt 0.434913 0.542514
vt 0.423235 0.519747
vt 0.425948 0.512787
vt 0.506797 0.042715
vt 0.500663 0.030801
vt 0.509274 0.014758
vt 0.490990 0.021600
vt 0.480610 0.017235
vt 0.488631 0.002136
vt 0.528502 0.031155
vt 0.509039 0.049675
vt 0.535698 0.034930
vt 0.522250 0.006383
vt 0.514111 0.002136
vt 0.554100 0.022780
vt 0.557639 0.029975
vt 0.550679 0.006501
vt 0.591848 0.027852
vt 0.557167 0.019713
vt 0.563419 0.012045
vt 0.593618 0.020420
vt 0.834555 0.097230
vt 0.837150 0.109616
vt 0.810845 0.098056
vt 0.839509 0.125541
vt 0.820400 0.116458
vt 0.823349 0.121058
vt 0.810373 0.103482
vt 0.816507 0.128962
vt 0.813204 0.145713
vt 0.811198 0.124125
vt 0.801172 0.109734
vt 0.790909 0.111857
vt 0.777461 0.088383
vt 0.797869 0.117402
vt 0.812260 0.130849
vt 0.796335 0.136511
vt 0.784185 0.129080
vt 0.784539 0.132265
vt 0.796453 0.146656
vt 0.802115 0.155385
vt 0.781236 0.144179
vt 0.778641 0.141348
vt 0.777461 0.158806
vt 0.797751 0.167654
vt 0.491784 0.545659
vt 0.489660 0.568780
vt 0.489660 0.541295
vt 0.576959 0.141574
vt 0.576959 0.115740
vt 0.583683 0.123880
vt 0.458571 0.351678
vt 0.461048 0.352031
vt 0.466946 0.360289
vt 0.458571 0.370080
vt 0.412068 0.447456
vt 0.412303 0.457011
vt 0.409001 0.456775
vt 0.407113 0.454062
vt 0.403102 0.428818
vt 0.395317 0.457011
vt 0.400035 0.432829
vt 0.110845 0.653228
vt 0.110845 0.629871
vt 0.119220 0.648155
vt 0.182694 0.151456
vt 0.189300 0.153344
vt 0.175262 0.158534
vt 0.172077 0.142609
vt 0.176678 0.106867
vt 0.187058 0.112529
vt 0.162640 0.135531
vt 0.171487 0.098963
vt 0.167830 0.094834
vt 0.162876 0.172572
vt 0.189653 0.221054
vt 0.154855 0.126566
vt 0.160399 0.089880
vt 0.180924 0.071006
vt 0.141761 0.104979
vt 0.178919 0.066288
vt 0.125836 0.089998
vt 0.112624 0.111585
vt 0.141643 0.088464
vt 0.124066 0.076904
vt 0.152849 0.079263
vt 0.154029 0.068529
vt 0.124184 0.065934
vt 0.163702 0.042223
vt 0.156270 0.053666
vt 0.128667 0.049065
vt 0.182340 0.037741
vt 0.146243 0.018159
vt 0.126426 0.025119
vt 0.127959 0.015800
vt 0.128077 0.003178
vt 0.158983 0.041279
vt 0.162286 0.024647
vt 0.178683 0.003414
vt 0.187412 0.025944
vt 0.190007 0.006009
vt 0.162168 0.017923
vt 0.163466 0.014856
vt 0.157804 0.001998
vt 0.074644 0.203668
vt 0.074644 0.191282
vt 0.079480 0.193287
vt 0.255827 0.328565
vt 0.239595 0.335307
vt 0.247893 0.323302
vt 0.239595 0.318702
vt 0.110845 0.050307
vt 0.119220 0.088173
vt 0.077344 0.031905
vt 0.099049 0.015626
vt 0.119220 0.013031
vt 0.079821 0.024474
vt 0.076046 0.011380
vt 0.092325 0.001589
vt 0.194919 0.850381
vt 0.189139 0.873384
vt 0.172978 0.857931
vt 0.174748 0.882939
vt 0.182651 0.845899
vt 0.196217 0.836226
vt 0.161418 0.824548
vt 0.172624 0.850853
vt 0.152924 0.847904
vt 0.136056 0.827379
vt 0.170029 0.871733
vt 0.151037 0.854156
vt 0.137825 0.871025
vt 0.163895 0.863121
vt 0.161300 0.874918
vt 0.148442 0.865599
vt 0.145965 0.874564
vt 0.136056 0.891668
vt 0.179410 0.693138
vt 0.197459 0.724398
vt 0.135646 0.698800
vt 0.147443 0.714843
vt 0.162896 0.728055
vt 0.190617 0.735604
vt 0.189673 0.738200
vt 0.130810 0.736194
vt 0.128804 0.731948
vt 0.114649 0.757545
vt 0.140011 0.713074
vt 0.118778 0.730768
vt 0.125619 0.714961
vt 0.124086 0.683701
vt 0.122788 0.675444
vt 0.120783 0.673674
vt 0.115829 0.667304
vt 0.115357 0.664945
vt 0.114649 0.664355
vt 0.357913 0.673340
vt 0.359447 0.676289
vt 0.355672 0.701415
vt 0.343404 0.675345
vt 0.345881 0.663195
vt 0.341044 0.691388
vt 0.352369 0.702713
vt 0.367232 0.708729
vt 0.364401 0.709083
vt 0.386224 0.720289
vt 0.338331 0.719699
vt 0.320165 0.713093
vt 0.317452 0.705662
vt 0.332197 0.689147
vt 0.315918 0.695281
vt 0.289849 0.720289
vt 0.297162 0.695163
vt 0.313677 0.684311
vt 0.320991 0.689029
vt 0.323822 0.686198
vt 0.620487 0.750094
vt 0.616594 0.741955
vt 0.618953 0.739949
vt 0.599018 0.738416
vt 0.602439 0.736882
vt 0.603382 0.728979
vt 0.592058 0.730630
vt 0.620605 0.726384
vt 0.597130 0.712110
vt 0.606331 0.716711
vt 0.621666 0.717183
vt 0.607865 0.714705
vt 0.605741 0.711874
vt 0.620723 0.715531
vt 0.601731 0.689462
vt 0.624026 0.702083
vt 0.607983 0.712346
vt 0.628154 0.691467
vt 0.609870 0.688636
vt 0.612111 0.688872
vt 0.626385 0.691703
vt 0.627447 0.689933
vt 0.611993 0.686395
vt 0.628390 0.688400
vt 0.611050 0.684271
vt 0.599018 0.678727
vt 0.607393 0.676132
vt 0.595715 0.666695
vt 0.597956 0.655606
vt 0.592058 0.658201
vt 0.281886 0.789415
vt 0.281886 0.770541
vt 0.307366 0.783163
vt 0.286487 0.796493
vt 0.294036 0.768653
vt 0.288492 0.764171
vt 0.309608 0.752021
vt 0.310433 0.763109
vt 0.313618 0.766294
vt 0.313028 0.773962
vt 0.313264 0.751667
vt 0.318101 0.779742
vt 0.326122 0.793072
vt 0.315977 0.800739
vt 0.328953 0.806991
vt 0.342047 0.809704
vt 0.345114 0.790948
vt 0.317511 0.773136
vt 0.316567 0.754498
vt 0.314916 0.750723
vt 0.334969 0.784107
vt 0.337565 0.777972
vt 0.345114 0.787999
vt 0.342991 0.778090
vt 0.352428 0.780568
vt 0.349361 0.780450
vt 0.361983 0.790005
vt 0.346766 0.773844
vt 0.354433 0.768418
vt 0.362809 0.781039
vt 0.363870 0.796728
vt 0.357500 0.768182
vt 0.356439 0.760160
vt 0.351366 0.751313
vt 0.362219 0.758155
vt 0.343581 0.741286
vt 0.361629 0.753554
vt 0.363870 0.751903
vt 0.356910 0.742820
vt 0.354079 0.744471
vt 0.344288 0.739163
vt 0.331666 0.744117
vt 0.355613 0.735270
vt 0.358090 0.735152
vt 0.356321 0.734090
vt 0.345704 0.728546
vt 0.345940 0.726541
vt 0.336149 0.729018
vt 0.317039 0.726305
vt 0.320696 0.729254
vt 0.311849 0.732793
vt 0.284737 0.906394
vt 0.282142 0.928925
vt 0.282142 0.911466
vt 0.282732 0.897547
vt 0.298421 0.904035
vt 0.289692 0.892120
vt 0.287450 0.891413
vt 0.286979 0.888346
vt 0.293113 0.890823
vt 0.296533 0.883627
vt 0.289928 0.884217
vt 0.292051 0.875842
vt 0.302432 0.871713
vt 0.304555 0.875370
vt 0.324255 0.888464
vt 0.310807 0.918662
vt 0.324844 0.904506
vt 0.314110 0.919134
vt 0.326614 0.907573
vt 0.306678 0.928571
vt 0.324491 0.912882
vt 0.662960 0.839811
vt 0.666380 0.827071
vt 0.667442 0.857387
vt 0.665201 0.859628
vt 0.661190 0.819285
vt 0.672750 0.814567
vt 0.649040 0.854910
vt 0.670155 0.812090
vt 0.644793 0.856326
vt 0.645147 0.864347
vt 0.636536 0.856326
vt 0.639603 0.819521
vt 0.649158 0.839221
vt 0.647506 0.820937
vt 0.649512 0.822942
vt 0.659893 0.820229
vt 0.651871 0.816808
vt 0.645029 0.815982
vt 0.642670 0.811028
vt 0.629930 0.811146
vt 0.656943 0.814331
vt 0.664965 0.811854
vt 0.659775 0.806663
vt 0.675582 0.810202
vt 0.659657 0.805484
vt 0.644439 0.808669
vt 0.659303 0.794631
vt 0.634767 0.794631
s 1
usemtl Material
f 812/1377 841/1378 1246/1379
f 812/1377 1246/1379 1253/1380
f 812/1377 1253/1380 1316/1381
f 1253/1380 1246/1379 1306/1382
f 1253/1380 1306/1382 1316/1381
f 1306/1382 1246/1379 1213/1383
f 1213/1383 1246/1379 841/1378
f 1316/1381 1306/1382 1295/1384
f 1316/1381 1295/1384 1300/1385
f 1316/1381 1300/1385 1236/1386
f 1295/1384 1306/1382 1270/1387
f 1270/1387 1306/1382 1213/1383
f 1295/1384 1270/1387 1266/1388
f 1266/1388 1270/1387 1238/1389
f 1316/1381 1236/1386 842/1390
f 1316/1381 842/1390 812/1377
f 842/1390 1236/1386 914/1391
f 812/1377 842/1390 857/1392
f 812/1377 857/1392 841/1378
f 842/1390 914/1391 934/1393
f 842/1390 934/1393 857/1392
f 934/1393 914/1391 938/1394
f 841/1378 857/1392 933/1395
f 933/1395 857/1392 934/1393
f 933/1395 934/1393 940/1396
f 940/1396 934/1393 938/1394
f 933/1395 940/1396 841/1378
f 940/1396 938/1394 942/1397
f 841/1378 940/1396 838/1398
f 940/1396 942/1397 917/1399
f 841/1378 838/1398 1213/1383
f 940/1396 917/1399 886/1400
f 940/1396 886/1400 838/1398
f 1213/1383 838/1398 1210/1401
f 1213/1383 1210/1401 1270/1387
f 1270/1387 1210/1401 1238/1389
f 838/1398 886/1400 849/1402
f 838/1398 849/1402 824/1403
f 838/1398 824/1403 1210/1401
f 824/1403 849/1402 875/1404
f 875/1404 849/1402 886/1400
f 824/1403 875/1404 845/1405
f 824/1403 845/1405 1210/1401
f 845/1405 875/1404 843/1406
f 845/1405 843/1406 1210/1401
f 843/1406 875/1404 886/1400
f 819/1407 1238/1389 1210/1401
f 1238/1389 819/1407 1297/1408
f 1210/1401 843/1406 844/1409
f 844/1409 843/1406 886/1400
f 1210/1401 844/1409 819/1407
f 1279/1410 1336/1411 1297/1408
f 1279/1410 1297/1408 819/1407
f 1279/1410 819/1407 1234/1412
f 1279/1410 1234/1412 1252/1413
f 1234/1412 819/1407 818/1414
f 818/1414 819/1407 855/1415
f 855/1415 819/1407 844/1409
f 855/1415 844/1409 882/1416
f 855/1415 882/1416 970/1417
f 970/1417 882/1416 956/1418
f 882/1416 844/1409 892/1419
f 956/1418 882/1416 918/1420
f 918/1420 882/1416 892/1419
f 892/1419 844/1409 876/1421
f 892/1419 876/1421 918/1420
f 876/1421 844/1409 873/1422
f 876/1421 873/1422 918/1420
f 873/1422 844/1409 913/1423
f 873/1422 913/1423 918/1420
f 956/1418 918/1420 959/1424
f 959/1424 918/1420 913/1423
f 956/1418 959/1424 993/1425
f 956/1418 993/1425 1023/1426
f 959/1424 913/1423 961/1427
f 959/1424 961/1427 993/1425
f 899/1428 913/1423 844/1409
f 899/1428 844/1409 886/1400
f 961/1427 913/1423 900/1429
f 900/1429 913/1423 899/1428
f 899/1428 886/1400 917/1399
f 1055/1430 1023/1426 993/1425
f 995/1431 993/1425 961/1427
f 1055/1430 993/1425 1038/1432
f 961/1427 900/1429 960/1433
f 961/1427 960/1433 995/1431
f 993/1425 995/1431 990/1434
f 990/1434 995/1431 960/1433
f 993/1425 990/1434 1038/1432
f 960/1433 900/1429 919/1435
f 919/1435 900/1429 899/1428
f 990/1434 960/1433 955/1436
f 955/1436 960/1433 919/1435
f 919/1435 899/1428 923/1437
f 923/1437 899/1428 917/1399
f 919/1435 923/1437 955/1436
f 923/1437 917/1399 1025/1438
f 923/1437 1025/1438 955/1436
f 1025/1438 917/1399 953/1439
f 990/1434 955/1436 1015/1440
f 990/1434 1015/1440 1038/1432
f 955/1436 1025/1438 1021/1441
f 955/1436 1021/1441 1015/1440
f 1021/1441 1025/1438 1093/1442
f 1038/1432 1015/1440 1013/1443
f 1013/1443 1015/1440 1021/1441
f 1038/1432 1013/1443 1044/1444
f 1021/1441 1093/1442 1035/1445
f 1021/1441 1035/1445 1013/1443
f 1035/1445 1093/1442 1054/1446
f 1044/1444 1013/1443 1057/1447
f 1057/1447 1013/1443 1035/1445
f 1044/1444 1057/1447 1038/1432
f 1057/1447 1035/1445 1054/1446
f 1038/1432 1057/1447 1055/1430
f 1055/1430 1057/1447 1054/1446
f 938/1448 914/1449 941/1450
f 941/1450 914/1449 869/1451
f 938/1448 941/1450 947/1452
f 938/1448 947/1452 942/1453
f 869/1451 914/1449 1236/1454
f 953/1455 917/1456 942/1453
f 953/1455 942/1453 947/1452
f 947/1452 941/1450 991/1457
f 869/1451 1236/1454 1226/1458
f 954/1459 941/1450 869/1451
f 941/1450 954/1459 991/1457
f 869/1451 1226/1458 820/1460
f 1226/1458 1236/1454 1254/1461
f 1226/1458 1254/1461 820/1460
f 1254/1461 1236/1454 1288/1462
f 1288/1462 1236/1454 1300/1463
f 1288/1462 1300/1463 1298/1464
f 1288/1462 1298/1464 1254/1461
f 1254/1461 1298/1464 1224/1465
f 1254/1461 1224/1465 820/1460
f 1224/1465 1298/1464 1260/1466
f 1260/1466 1298/1464 1386/1467
f 1224/1465 1260/1466 1232/1468
f 1232/1468 1260/1466 1386/1467
f 820/1460 1224/1465 854/1469
f 854/1469 1224/1465 1232/1468
f 926/1470 869/1451 820/1460
f 926/1470 820/1460 854/1469
f 869/1451 926/1470 954/1459
f 1232/1468 1386/1467 1299/1471
f 1299/1471 1386/1467 1455/1472
f 1299/1471 1455/1472 1500/1473
f 1299/1471 1500/1473 1315/1474
f 1284/1475 1267/1476 1315/1474
f 1315/1474 1267/1476 1235/1477
f 1315/1474 1235/1477 1299/1471
f 1299/1471 1235/1477 811/1478
f 1299/1471 811/1478 1232/1468
f 1232/1468 811/1478 922/1479
f 1232/1468 922/1479 854/1469
f 922/1479 811/1478 846/1480
f 922/1479 846/1480 871/1481
f 922/1479 871/1481 1029/1482
f 854/1469 922/1479 948/1483
f 854/1469 948/1483 926/1470
f 922/1479 1029/1482 1003/1484
f 1003/1484 1029/1482 1086/1485
f 948/1483 922/1479 1010/1486
f 1010/1486 922/1479 1003/1484
f 926/1470 948/1483 943/1487
f 943/1487 948/1483 1010/1486
f 926/1470 943/1487 954/1459
f 1010/1486 1003/1484 1058/1488
f 1058/1488 1003/1484 1086/1485
f 943/1487 1010/1486 1014/1489
f 943/1487 1014/1489 954/1459
f 1014/1489 1010/1486 1058/1488
f 1058/1488 1086/1485 1060/1490
f 1058/1488 1060/1490 1014/1489
f 1060/1490 1086/1485 1089/1491
f 954/1459 1014/1489 1020/1492
f 1020/1492 1014/1489 1060/1490
f 1060/1490 1089/1491 1114/1493
f 954/1459 1020/1492 991/1457
f 1060/1490 1114/1493 1078/1494
f 1020/1492 1060/1490 1062/1495
f 1062/1495 1060/1490 1078/1494
f 1020/1492 1062/1495 1016/1496
f 1020/1492 1016/1496 991/1457
f 1062/1495 1078/1494 1090/1497
f 1016/1496 1062/1495 1050/1498
f 1050/1498 1062/1495 1090/1497
f 1016/1496 1050/1498 1032/1499
f 1016/1496 1032/1499 991/1457
f 1105/1500 1078/1494 1114/1493
f 1105/1500 1114/1493 1121/1501
f 1105/1500 1121/1501 1130/1502
f 1105/1500 1130/1502 1123/1503
f 991/1457 1032/1499 1001/1504
f 991/1457 1001/1504 947/1452
f 1001/1504 1032/1499 1031/1505
f 1031/1505 1032/1499 1050/1498
f 947/1452 1001/1504 992/1506
f 992/1506 1001/1504 1031/1505
f 947/1452 992/1506 953/1455
f 953/1455 992/1506 999/1507
f 953/1455 999/1507 1025/1508
f 999/1507 992/1506 1036/1509
f 1036/1509 992/1506 1031/1505
f 999/1507 1036/1509 1025/1508
f 1025/1508 1036/1509 1073/1510
f 1073/1510 1036/1509 1031/1505
f 1025/1508 1073/1510 1093/1511
f 1075/1512 1031/1505 1050/1498
f 1031/1505 1075/1512 1073/1510
f 1075/1512 1050/1498 1090/1497
f 1075/1512 1090/1497 1100/1513
f 1075/1512 1100/1513 1073/1510
f 1100/1513 1090/1497 1078/1494
f 1093/1511 1073/1510 1101/1514
f 1101/1514 1073/1510 1100/1513
f 1100/1513 1078/1494 1105/1500
f 1093/1511 1101/1514 1099/1515
f 1099/1515 1101/1514 1100/1513
f 1099/1515 1100/1513 1105/1500
f 1093/1511 1099/1515 1054/1516
f 1099/1515 1105/1500 1111/1517
f 1099/1515 1111/1517 1054/1516
f 1111/1517 1105/1500 1123/1503
f 1111/1517 1123/1503 1124/1518
f 1111/1517 1124/1518 1054/1516
f 1054/1516 1124/1518 1055/1519
f 1124/1520 1123/1521 1152/1522
f 1152/1522 1123/1521 1130/1523
f 1124/1520 1152/1522 1151/1524
f 1152/1522 1130/1523 1150/1525
f 1152/1522 1150/1525 1151/1524
f 1150/1525 1130/1523 1149/1526
f 1150/1525 1149/1526 1151/1524
f 1149/1526 1130/1523 1121/1527
f 1114/1528 1129/1529 1121/1527
f 1121/1527 1129/1529 1149/1526
f 1149/1526 1129/1529 1137/1530
f 1151/1524 1149/1526 1157/1531
f 1151/1524 1157/1531 1161/1532
f 1149/1526 1137/1530 1170/1533
f 1149/1526 1170/1533 1157/1531
f 1170/1533 1137/1530 1153/1534
f 1161/1532 1157/1531 1180/1535
f 1180/1535 1157/1531 1170/1533
f 1170/1533 1153/1534 1186/1536
f 1170/1533 1186/1536 1180/1535
f 1186/1536 1153/1534 1173/1537
f 1161/1532 1180/1535 1181/1538
f 1181/1538 1180/1535 1186/1536
f 1161/1532 1181/1538 1082/1539
f 1181/1538 1186/1536 1190/1540
f 1190/1540 1186/1536 1187/1541
f 1190/1540 1187/1541 1174/1542
f 1181/1538 1190/1540 1145/1543
f 1181/1538 1145/1543 1082/1539
f 1145/1543 1190/1540 1174/1542
f 1082/1539 1145/1543 1102/1544
f 1102/1544 1145/1543 1174/1542
f 1129/1545 1114/1546 1116/1547
f 1116/1547 1114/1546 1089/1548
f 1116/1547 1089/1548 1086/1549
f 1129/1545 1116/1547 1127/1550
f 1116/1547 1086/1549 1029/1551
f 1129/1545 1127/1550 1132/1552
f 1129/1545 1132/1552 1137/1553
f 1127/1550 1116/1547 1122/1554
f 1122/1554 1116/1547 1029/1551
f 1127/1550 1122/1554 1132/1552
f 1137/1553 1132/1552 1153/1555
f 1122/1554 1029/1551 1148/1556
f 1122/1554 1148/1556 1132/1552
f 1153/1555 1132/1552 1168/1557
f 1168/1557 1132/1552 1148/1556
f 1153/1555 1168/1557 1173/1558
f 1148/1556 1029/1551 1167/1559
f 1148/1556 1167/1559 1168/1557
f 1173/1558 1168/1557 1178/1560
f 1178/1560 1168/1557 1167/1559
f 1173/1558 1178/1560 1179/1561
f 1179/1561 1178/1560 1177/1562
f 1178/1560 1167/1559 1176/1563
f 1178/1560 1176/1563 1177/1562
f 1072/1564 1167/1559 1029/1551
f 1072/1564 1029/1551 871/1565
f 1176/1563 1167/1559 1120/1566
f 1120/1566 1167/1559 1072/1564
f 1177/1562 1176/1563 1172/1567
f 1172/1567 1176/1563 1120/1566
f 1177/1562 1172/1567 1171/1568
f 1177/1562 1171/1568 1162/1569
f 1171/1568 1172/1567 1159/1570
f 1171/1568 1159/1570 1162/1569
f 1159/1570 1172/1567 1120/1566
f 1162/1569 1159/1570 1147/1571
f 1159/1570 1120/1566 1146/1572
f 1159/1570 1146/1572 1147/1571
f 1051/1573 1120/1566 1072/1564
f 1120/1566 1051/1573 1146/1572
f 987/1574 1072/1564 871/1565
f 1072/1564 987/1574 1051/1573
f 987/1574 871/1565 883/1575
f 987/1574 883/1575 946/1576
f 987/1574 946/1576 1022/1577
f 987/1574 1022/1577 1051/1573
f 1051/1573 1022/1577 1109/1578
f 1125/1579 1146/1572 1051/1573
f 1125/1579 1051/1573 1109/1578
f 1141/1580 1147/1571 1146/1572
f 1141/1580 1146/1572 1125/1579
f 1147/1571 1141/1580 1138/1581
f 1141/1580 1125/1579 1136/1582
f 1141/1580 1136/1582 1138/1581
f 1136/1582 1125/1579 1109/1578
f 1138/1581 1136/1582 1134/1583
f 1134/1583 1136/1582 1109/1578
f 1134/1583 1109/1578 1079/1584
f 1079/1584 1109/1578 1076/1585
f 1298/1586 1300/1587 1309/1588
f 1298/1586 1309/1588 1358/1589
f 1298/1586 1358/1589 1386/1590
f 1358/1589 1309/1588 1434/1591
f 1434/1591 1309/1588 1300/1587
f 1386/1590 1358/1589 1471/1592
f 1471/1592 1358/1589 1434/1591
f 1386/1590 1471/1592 1455/1593
f 1455/1593 1471/1592 1499/1594
f 1455/1593 1499/1594 1494/1595
f 1494/1595 1499/1594 1523/1596
f 1499/1594 1471/1592 1497/1597
f 1499/1594 1497/1597 1523/1596
f 1497/1597 1471/1592 1434/1591
f 1523/1596 1497/1597 1520/1598
f 1520/1598 1497/1597 1498/1599
f 1497/1597 1434/1591 1445/1600
f 1497/1597 1445/1600 1498/1599
f 1445/1600 1434/1591 1398/1601
f 1398/1601 1434/1591 1300/1587
f 1445/1600 1398/1601 1458/1602
f 1445/1600 1458/1602 1498/1599
f 1398/1601 1300/1587 1328/1603
f 1398/1601 1328/1603 1458/1602
f 1515/1604 1520/1598 1498/1599
f 1520/1598 1515/1604 1533/1605
f 1533/1605 1515/1604 1526/1606
f 1526/1606 1515/1604 1519/1607
f 1328/1603 1300/1587 1310/1608
f 1310/1608 1300/1587 1295/1609
f 1519/1607 1515/1604 1506/1610
f 1310/1608 1295/1609 1277/1611
f 1277/1611 1295/1609 1266/1612
f 1328/1603 1310/1608 1327/1613
f 1310/1608 1277/1611 1322/1614
f 1310/1608 1322/1614 1327/1613
f 1277/1611 1266/1612 1275/1615
f 1277/1611 1275/1615 1322/1614
f 1275/1615 1266/1612 1261/1616
f 1261/1616 1266/1612 1238/1617
f 1261/1616 1238/1617 1331/1618
f 1261/1616 1331/1618 1293/1619
f 1261/1616 1293/1619 1275/1615
f 1293/1619 1331/1618 1334/1620
f 1322/1614 1275/1615 1296/1621
f 1296/1621 1275/1615 1293/1619
f 1293/1619 1334/1620 1303/1622
f 1293/1619 1303/1622 1296/1621
f 1303/1622 1334/1620 1413/1623
f 1322/1614 1296/1621 1356/1624
f 1322/1614 1356/1624 1327/1613
f 1296/1621 1303/1622 1355/1625
f 1296/1621 1355/1625 1356/1624
f 1355/1625 1303/1622 1413/1623
f 1356/1624 1355/1625 1399/1626
f 1356/1624 1399/1626 1327/1613
f 1399/1626 1355/1625 1413/1623
f 1433/1627 1413/1623 1334/1620
f 1433/1627 1334/1620 1393/1628
f 1433/1627 1393/1628 1439/1629
f 1433/1627 1439/1629 1413/1623
f 1439/1629 1393/1628 1437/1630
f 1399/1626 1413/1623 1423/1631
f 1423/1631 1413/1623 1439/1629
f 1418/1632 1327/1613 1399/1626
f 1327/1613 1418/1632 1328/1603
f 1328/1603 1418/1632 1458/1602
f 1418/1632 1399/1626 1463/1633
f 1463/1633 1399/1626 1423/1631
f 1458/1602 1418/1632 1466/1634
f 1466/1634 1418/1632 1463/1633
f 1463/1633 1423/1631 1495/1635
f 1463/1633 1495/1635 1466/1634
f 1458/1602 1466/1634 1496/1636
f 1496/1636 1466/1634 1495/1635
f 1458/1602 1496/1636 1514/1637
f 1458/1602 1514/1637 1498/1599
f 1496/1636 1495/1635 1510/1638
f 1496/1636 1510/1638 1514/1637
f 1453/1639 1495/1635 1423/1631
f 1453/1639 1423/1631 1439/1629
f 1498/1599 1514/1637 1507/1640
f 1498/1599 1507/1640 1515/1604
f 1507/1640 1514/1637 1508/1641
f 1508/1641 1514/1637 1510/1638
f 1515/1604 1507/1640 1506/1610
f 1506/1610 1507/1640 1508/1641
f 1506/1610 1508/1641 1510/1638
f 1506/1610 1510/1638 1475/1642
f 1506/1610 1475/1642 1519/1607
f 1484/1643 1510/1638 1495/1635
f 1484/1643 1495/1635 1453/1639
f 1510/1638 1484/1643 1481/1644
f 1510/1638 1481/1644 1475/1642
f 1481/1644 1484/1643 1482/1645
f 1484/1643 1453/1639 1451/1646
f 1484/1643 1451/1646 1482/1645
f 1451/1646 1453/1639 1439/1629
f 1481/1644 1482/1645 1470/1647
f 1470/1647 1482/1645 1451/1646
f 1451/1646 1439/1629 1442/1648
f 1451/1646 1442/1648 1470/1647
f 1442/1648 1439/1629 1450/1649
f 1442/1648 1450/1649 1470/1647
f 1470/1647 1450/1649 1481/1644
f 1481/1644 1450/1649 1475/1642
f 1450/1649 1439/1629 1437/1630
f 1450/1649 1437/1630 1475/1642
f 1475/1642 1437/1630 1408/1650
f 1475/1642 1408/1650 1424/1651
f 1475/1642 1424/1651 1438/1652
f 1455/1653 1494/1654 1500/1655
f 1500/1655 1494/1654 1549/1656
f 1549/1656 1494/1654 1541/1657
f 1541/1657 1494/1654 1523/1658
f 1541/1657 1523/1658 1520/1659
f 1549/1656 1541/1657 1544/1660
f 1541/1657 1520/1659 1546/1661
f 1541/1657 1546/1661 1544/1660
f 1546/1661 1520/1659 1540/1662
f 1540/1662 1520/1659 1533/1663
f 1544/1660 1546/1661 1556/1664
f 1544/1660 1556/1664 1549/1656
f 1546/1661 1540/1662 1554/1665
f 1546/1661 1554/1665 1556/1664
f 1540/1662 1533/1663 1562/1666
f 1540/1662 1562/1666 1554/1665
f 1556/1664 1554/1665 1565/1667
f 1565/1667 1554/1665 1562/1666
f 1549/1656 1556/1664 1568/1668
f 1549/1656 1568/1668 1500/1655
f 1568/1668 1556/1664 1565/1667
f 1562/1666 1533/1663 1552/1669
f 1552/1669 1533/1663 1526/1670
f 1552/1669 1526/1670 1542/1671
f 1542/1671 1526/1670 1519/1672
f 1542/1671 1519/1672 1475/1673
f 1552/1669 1542/1671 1575/1674
f 1552/1669 1575/1674 1562/1666
f 1542/1671 1475/1673 1512/1675
f 1512/1675 1475/1673 1438/1676
f 1512/1675 1438/1676 1427/1677
f 1542/1671 1512/1675 1563/1678
f 1542/1671 1563/1678 1575/1674
f 1512/1675 1427/1677 1513/1679
f 1513/1679 1427/1677 1446/1680
f 1563/1678 1512/1675 1579/1681
f 1579/1681 1512/1675 1513/1679
f 1575/1674 1563/1678 1591/1682
f 1591/1682 1563/1678 1579/1681
f 1594/1683 1562/1666 1575/1674
f 1594/1683 1575/1674 1591/1682
f 1562/1666 1594/1683 1565/1667
f 1591/1682 1579/1681 1590/1684
f 1591/1682 1590/1684 1594/1683
f 1590/1684 1579/1681 1513/1679
f 1524/1685 1513/1679 1446/1680
f 1524/1685 1446/1680 1443/1686
f 1590/1684 1513/1679 1558/1687
f 1558/1687 1513/1679 1524/1685
f 1594/1683 1590/1684 1584/1688
f 1594/1683 1584/1688 1565/1667
f 1590/1684 1558/1687 1559/1689
f 1559/1689 1558/1687 1524/1685
f 1584/1688 1590/1684 1586/1690
f 1586/1690 1590/1684 1559/1689
f 1586/1690 1559/1689 1593/1691
f 1586/1690 1593/1691 1584/1688
f 1593/1691 1559/1689 1524/1685
f 1592/1692 1565/1667 1584/1688
f 1592/1692 1584/1688 1593/1691
f 1565/1667 1592/1692 1603/1693
f 1592/1692 1593/1691 1598/1694
f 1592/1692 1598/1694 1603/1693
f 1593/1691 1524/1685 1599/1695
f 1598/1694 1593/1691 1605/1696
f 1605/1696 1593/1691 1599/1695
f 1598/1694 1605/1696 1610/1697
f 1598/1694 1610/1697 1603/1693
f 1605/1696 1599/1695 1609/1698
f 1605/1696 1609/1698 1610/1697
f 1609/1698 1599/1695 1524/1685
f 1603/1693 1610/1697 1612/1699
f 1612/1699 1610/1697 1609/1698
f 1603/1693 1612/1699 1607/1700
f 1576/1701 1565/1667 1603/1693
f 1576/1701 1603/1693 1607/1700
f 1565/1667 1576/1701 1578/1702
f 1565/1667 1578/1702 1568/1668
f 1578/1702 1576/1701 1585/1703
f 1568/1668 1578/1702 1577/1704
f 1577/1704 1578/1702 1585/1703
f 1568/1668 1577/1704 1500/1655
f 1585/1703 1576/1701 1582/1705
f 1582/1705 1576/1701 1607/1700
f 1585/1703 1582/1705 1583/1706
f 1583/1706 1582/1705 1607/1700
f 1500/1655 1577/1704 1525/1707
f 1500/1655 1525/1707 1315/1708
f 1577/1704 1585/1703 1581/1709
f 1577/1704 1581/1709 1525/1707
f 1581/1709 1585/1703 1587/1710
f 1587/1710 1585/1703 1583/1706
f 1525/1707 1581/1709 1574/1711
f 1574/1711 1581/1709 1587/1710
f 1315/1708 1525/1707 1492/1712
f 1492/1712 1525/1707 1574/1711
f 1315/1708 1492/1712 1459/1713
f 1315/1708 1459/1713 1284/1714
f 1284/1714 1459/1713 1276/1715
f 1276/1715 1459/1713 1248/1716
f 1248/1716 1459/1713 1414/1717
f 1492/1712 1574/1711 1530/1718
f 1492/1712 1530/1718 1459/1713
f 1530/1718 1574/1711 1566/1719
f 1459/1713 1530/1718 1518/1720
f 1459/1713 1518/1720 1421/1721
f 1421/1721 1518/1720 1550/1722
f 1518/1720 1530/1718 1557/1723
f 1557/1723 1530/1718 1566/1719
f 1518/1720 1557/1723 1550/1722
f 1566/1719 1574/1711 1564/1724
f 1566/1719 1564/1724 1557/1723
f 1564/1724 1574/1711 1587/1710
f 1550/1722 1557/1723 1553/1725
f 1553/1725 1557/1723 1564/1724
f 1531/1726 1503/1727 1550/1722
f 1531/1726 1550/1722 1551/1728
f 1551/1728 1550/1722 1553/1725
f 1531/1726 1551/1728 1527/1729
f 1527/1729 1551/1728 1536/1730
f 1536/1730 1551/1728 1553/1725
f 1527/1729 1536/1730 1543/1731
f 1543/1731 1536/1730 1553/1725
f 1527/1729 1543/1731 1538/1732
f 1527/1729 1538/1732 1537/1733
f 1537/1733 1538/1732 1539/1734
f 1538/1732 1543/1731 1548/1735
f 1517/1736 1535/1737 1539/1734
f 1517/1736 1539/1734 1511/1738
f 1517/1736 1511/1738 1478/1739
f 1539/1734 1538/1732 1534/1740
f 1539/1734 1534/1740 1511/1738
f 1478/1739 1511/1738 1509/1741
f 1509/1741 1511/1738 1534/1740
f 1534/1740 1538/1732 1545/1742
f 1534/1740 1545/1742 1509/1741
f 1545/1742 1538/1732 1548/1735
f 1478/1739 1509/1741 1473/1743
f 1478/1739 1473/1743 1440/1744
f 1440/1744 1473/1743 1360/1745
f 1360/1745 1473/1743 1476/1746
f 1476/1746 1473/1743 1509/1741
s 0
f 1360/1745 1476/1746 1401/1747
s 1
f 1401/1747 1476/1746 1454/1748
f 1476/1746 1509/1741 1528/1749
f 1528/1749 1509/1741 1545/1742
f 1454/1748 1476/1746 1477/1750
s 0
f 1477/1750 1476/1746 1528/1749
s 1
f 1454/1748 1477/1750 1469/1751
f 1477/1750 1528/1749 1532/1752
f 1477/1750 1532/1752 1469/1751
f 1528/1749 1545/1742 1570/1753
f 1570/1753 1545/1742 1548/1735
f 1528/1749 1570/1753 1532/1752
f 1469/1751 1532/1752 1516/1754
f 1469/1751 1516/1754 1464/1755
f 1532/1752 1570/1753 1571/1756
f 1570/1753 1548/1735 1572/1757
f 1570/1753 1572/1757 1571/1756
f 1572/1757 1548/1735 1567/1758
f 1567/1758 1548/1735 1543/1731
f 1567/1758 1543/1731 1553/1725
f 1572/1757 1567/1758 1569/1759
f 1569/1759 1567/1758 1553/1725
f 1571/1756 1572/1757 1589/1760
f 1589/1760 1572/1757 1569/1759
f 1588/1761 1532/1752 1571/1756
f 1588/1761 1571/1756 1589/1760
f 1532/1752 1588/1761 1516/1754
f 1569/1759 1553/1725 1560/1762
f 1560/1762 1553/1725 1561/1763
f 1561/1763 1553/1725 1564/1724
f 1561/1763 1564/1724 1587/1710
f 1561/1763 1587/1710 1580/1764
f 1580/1764 1587/1710 1583/1706
f 1560/1762 1561/1763 1573/1765
f 1573/1765 1561/1763 1580/1764
f 1560/1762 1573/1765 1569/1759
f 1573/1765 1580/1764 1583/1706
f 1569/1759 1573/1765 1596/1766
f 1596/1766 1573/1765 1583/1706
f 1569/1759 1596/1766 1589/1760
f 1596/1766 1583/1706 1606/1767
f 1606/1767 1583/1706 1607/1700
f 1606/1767 1607/1700 1611/1768
f 1611/1768 1607/1700 1612/1699
f 1596/1766 1606/1767 1604/1769
f 1604/1769 1606/1767 1611/1768
f 1589/1760 1596/1766 1600/1770
f 1600/1770 1596/1766 1604/1769
f 1611/1768 1612/1699 1609/1698
f 1589/1760 1600/1770 1597/1771
f 1589/1760 1597/1771 1588/1761
f 1600/1770 1604/1769 1601/1772
f 1601/1772 1604/1769 1611/1768
f 1611/1768 1609/1698 1608/1773
f 1611/1768 1608/1773 1601/1772
f 1588/1761 1597/1771 1555/1774
f 1597/1771 1600/1770 1595/1775
f 1595/1775 1600/1770 1601/1772
f 1597/1771 1595/1775 1555/1774
f 1601/1772 1608/1773 1602/1776
f 1601/1772 1602/1776 1595/1775
f 1602/1776 1608/1773 1609/1698
f 1595/1775 1602/1776 1555/1774
f 1588/1761 1555/1774 1516/1754
f 1516/1754 1555/1774 1602/1776
f 1602/1776 1609/1698 1547/1777
f 1547/1777 1609/1698 1524/1685
f 1516/1754 1602/1776 1504/1778
f 1504/1778 1602/1776 1547/1777
f 1516/1754 1504/1778 1457/1779
f 1516/1754 1457/1779 1464/1755
f 1464/1755 1457/1779 1456/1780
f 1456/1780 1457/1779 1402/1781
f 1547/1777 1524/1685 1474/1782
f 1547/1777 1474/1782 1504/1778
f 1504/1778 1474/1782 1457/1779
f 1474/1782 1524/1685 1443/1686
f 1457/1779 1474/1782 1404/1783
f 1404/1783 1474/1782 1443/1686
f 1457/1779 1404/1783 1402/1781
f 1404/1783 1443/1686 1405/1784
f 1404/1783 1405/1784 1347/1785
f 1402/1781 1404/1783 1252/1786
f 1252/1786 1404/1783 1347/1785
f 1252/1786 1347/1785 1279/1787
s 0
f 1402/1781 1252/1786 1401/1788
f 1401/1788 1252/1786 1360/1789
s 1
f 1393/1790 1334/1791 1331/1792
f 1238/1793 1272/1794 1331/1792
f 1331/1792 1272/1794 1343/1795
f 1393/1790 1331/1792 1357/1796
f 1357/1796 1331/1792 1343/1795
f 1393/1790 1357/1796 1437/1797
f 1437/1797 1357/1796 1395/1798
f 1437/1797 1395/1798 1408/1799
f 1357/1796 1343/1795 1346/1800
f 1408/1799 1395/1798 1410/1801
f 1408/1799 1410/1801 1397/1802
f 1397/1802 1410/1801 1396/1803
f 1396/1803 1410/1801 1395/1798
f 1397/1802 1396/1803 1380/1804
f 1380/1804 1396/1803 1395/1798
f 1397/1802 1380/1804 1385/1805
f 1397/1802 1385/1805 1408/1799
f 1385/1805 1380/1804 1395/1798
f 1408/1799 1385/1805 1424/1806
f 1424/1806 1385/1805 1342/1807
f 1385/1805 1395/1798 1371/1808
f 1385/1805 1371/1808 1342/1807
f 1342/1807 1371/1808 1343/1795
f 1371/1808 1395/1798 1357/1796
f 1343/1795 1371/1808 1346/1800
f 1371/1808 1357/1796 1365/1809
f 1365/1809 1357/1796 1346/1800
f 1371/1808 1365/1809 1366/1810
f 1371/1808 1366/1810 1346/1800
f 1366/1810 1365/1809 1348/1811
f 1366/1810 1348/1811 1346/1800
f 1346/1800 1348/1811 1365/1809
f 1427/1812 1438/1813 1336/1814
f 1336/1814 1438/1813 1409/1815
f 1409/1815 1438/1813 1431/1816
f 1431/1816 1438/1813 1424/1817
f 1431/1816 1424/1817 1409/1815
f 1409/1815 1424/1817 1342/1818
f 1409/1815 1342/1818 1336/1814
f 1336/1814 1342/1818 1305/1819
f 1336/1814 1305/1819 1297/1820
f 1238/1821 1297/1820 1272/1822
f 1272/1822 1297/1820 1305/1819
f 1272/1822 1305/1819 1286/1823
f 1286/1823 1305/1819 1308/1824
f 1286/1823 1308/1824 1272/1822
f 1308/1824 1305/1819 1318/1825
f 1308/1824 1318/1825 1272/1822
f 1318/1825 1305/1819 1342/1818
f 1272/1822 1318/1825 1343/1826
f 1318/1825 1342/1818 1332/1827
f 1332/1827 1342/1818 1343/1826
f 1332/1827 1343/1826 1318/1825
s 0
f 1360/1828 1252/1829 1259/1830
f 1259/1830 1252/1829 1231/1831
f 1360/1828 1259/1830 1344/1832
s 1
f 1344/1832 1259/1830 1311/1833
f 1259/1830 1231/1831 834/1834
f 1259/1830 834/1834 847/1835
s 0
f 1259/1830 847/1835 1227/1836
s 1
f 847/1835 834/1834 870/1837
f 870/1837 834/1834 949/1838
f 1227/1836 847/1835 851/1839
f 1012/1840 965/1841 949/1838
f 949/1838 965/1841 957/1842
f 949/1838 957/1842 870/1837
f 870/1837 957/1842 894/1843
f 870/1837 894/1843 878/1844
f 878/1844 894/1843 957/1842
f 888/1845 847/1835 870/1837
f 888/1845 870/1837 878/1844
f 878/1844 957/1842 962/1846
f 962/1846 957/1842 965/1841
f 888/1845 878/1844 907/1847
f 907/1847 878/1844 962/1846
f 962/1846 965/1841 967/1848
f 967/1848 965/1841 1046/1849
f 907/1847 962/1846 963/1850
f 963/1850 962/1846 967/1848
f 907/1847 963/1850 935/1851
f 935/1851 963/1850 967/1848
f 907/1847 935/1851 888/1845
f 935/1851 967/1848 1046/1849
f 888/1845 935/1851 916/1852
f 888/1845 916/1852 847/1835
f 935/1851 1046/1849 997/1853
f 935/1851 997/1853 916/1852
f 997/1853 1046/1849 1096/1854
f 847/1835 916/1852 877/1855
f 997/1853 1096/1854 1069/1856
f 1069/1856 1096/1854 1097/1857
f 916/1852 997/1853 1024/1858
f 1024/1858 997/1853 1069/1856
f 847/1835 877/1855 851/1839
f 877/1855 916/1852 952/1859
f 952/1859 916/1852 1024/1858
f 1024/1858 1069/1856 1048/1860
f 1048/1860 1069/1856 1094/1861
f 1024/1858 1048/1860 1005/1862
f 952/1859 1024/1858 968/1863
f 968/1863 1024/1858 1005/1862
f 877/1855 952/1859 903/1864
f 903/1864 952/1859 968/1863
f 903/1864 968/1863 902/1865
f 968/1863 1005/1862 972/1866
f 972/1866 1005/1862 1048/1860
f 968/1863 972/1866 902/1865
f 972/1866 1048/1860 1018/1867
f 1018/1867 1048/1860 1095/1868
f 1018/1867 1095/1868 1043/1869
f 902/1865 972/1866 890/1870
f 890/1870 972/1866 1018/1867
f 902/1865 890/1870 903/1864
f 1018/1867 1043/1869 981/1871
f 1018/1867 981/1871 890/1870
f 981/1871 1043/1869 1033/1872
f 903/1864 890/1870 898/1873
f 903/1864 898/1873 877/1855
f 877/1855 898/1873 884/1874
f 877/1855 884/1874 851/1839
f 884/1874 898/1873 887/1875
f 887/1875 898/1873 890/1870
f 884/1874 887/1875 893/1876
f 893/1876 887/1875 890/1870
f 851/1839 884/1874 1219/1877
f 1219/1877 884/1874 893/1876
f 851/1839 1219/1877 814/1878
f 851/1839 814/1878 1227/1836
s 0
f 1227/1836 814/1878 1240/1879
s 1
f 1240/1879 814/1878 1333/1880
f 1333/1880 814/1878 1262/1881
f 1262/1881 814/1878 1219/1877
f 1219/1877 893/1876 816/1882
f 880/1883 893/1876 890/1870
f 893/1876 880/1883 816/1882
f 880/1883 890/1870 872/1884
f 816/1882 880/1883 810/1885
f 810/1885 880/1883 872/1884
f 816/1882 810/1885 1265/1886
f 872/1884 890/1870 981/1871
f 1265/1886 810/1885 1258/1887
f 1265/1886 1258/1887 1381/1888
f 1381/1888 1258/1887 1359/1889
f 1258/1887 810/1885 1214/1890
f 1214/1890 810/1885 872/1884
f 1359/1889 1258/1887 1313/1891
f 1258/1887 1214/1890 1244/1892
f 1258/1887 1244/1892 1313/1891
f 1359/1889 1313/1891 1376/1893
f 1359/1889 1376/1893 1415/1894
f 1415/1894 1376/1893 1368/1895
f 1368/1895 1376/1893 1313/1891
f 1415/1894 1368/1895 1407/1896
f 1407/1896 1368/1895 1382/1897
f 1368/1895 1313/1891 1269/1898
f 1269/1898 1313/1891 1244/1892
f 1382/1897 1368/1895 1324/1899
f 1324/1899 1368/1895 1269/1898
f 1324/1899 1269/1898 1264/1900
f 1324/1899 1264/1900 1382/1897
f 1264/1900 1269/1898 1244/1892
f 1215/1901 1244/1892 1214/1890
f 1215/1901 1214/1890 832/1902
f 1244/1892 1215/1901 1218/1903
f 1218/1903 1215/1901 832/1902
f 1244/1892 1218/1903 1264/1900
f 832/1902 1214/1890 872/1884
f 1349/1904 1382/1897 1264/1900
f 1382/1897 1349/1904 1421/1905
f 1264/1900 1218/1903 829/1906
f 829/1906 1218/1903 832/1902
f 1349/1904 1264/1900 1250/1907
f 1250/1907 1264/1900 829/1906
f 1421/1905 1349/1904 1268/1908
f 1268/1908 1349/1904 1250/1907
f 1421/1905 1268/1908 1414/1909
f 1421/1905 1414/1909 1459/1910
f 1414/1909 1268/1908 825/1911
f 825/1911 1268/1908 1250/1907
f 1414/1909 825/1911 1248/1912
f 825/1911 1250/1907 921/1913
f 921/1913 1250/1907 829/1906
f 921/1913 829/1906 910/1914
f 910/1914 829/1906 832/1902
f 946/1915 921/1913 1017/1916
f 1017/1916 921/1913 985/1917
f 985/1917 921/1913 910/1914
f 1017/1916 985/1917 1033/1872
f 910/1914 832/1902 973/1918
f 910/1914 973/1918 985/1917
f 985/1917 973/1918 1033/1872
f 973/1918 832/1902 872/1884
f 1033/1872 973/1918 981/1871
f 981/1871 973/1918 872/1884
f 1344/1919 1311/1920 1335/1921
s 0
f 1440/1922 1360/1923 1344/1919
s 1
f 1440/1922 1344/1919 1486/1924
f 1440/1922 1486/1924 1478/1925
f 1478/1925 1486/1924 1517/1926
f 1517/1926 1486/1924 1505/1927
f 1517/1926 1505/1927 1535/1928
f 1505/1927 1486/1924 1479/1929
f 1479/1929 1486/1924 1425/1930
f 1425/1930 1486/1924 1344/1919
f 1479/1929 1425/1930 1462/1931
f 1462/1931 1425/1930 1419/1932
f 1419/1932 1425/1930 1344/1919
f 1419/1932 1344/1919 1335/1921
f 1419/1932 1335/1921 1312/1933
f 1312/1933 1335/1921 1290/1934
f 1419/1932 1312/1933 1383/1935
f 1312/1933 1290/1934 1240/1936
f 1383/1935 1312/1933 1372/1937
f 1312/1933 1240/1936 1333/1938
f 1312/1933 1333/1938 1372/1937
f 1539/1939 1535/1940 1522/1941
f 1522/1941 1535/1940 1505/1942
f 1539/1939 1522/1941 1529/1943
f 1522/1941 1505/1942 1488/1944
f 1522/1941 1488/1944 1529/1943
f 1488/1944 1505/1942 1462/1945
f 1462/1945 1505/1942 1479/1946
f 1488/1944 1462/1945 1447/1947
f 1447/1947 1462/1945 1419/1948
f 1529/1943 1488/1944 1489/1949
f 1489/1949 1488/1944 1447/1947
f 1447/1947 1419/1948 1383/1950
f 1529/1943 1489/1949 1521/1951
f 1529/1943 1521/1951 1537/1952
f 1489/1949 1447/1947 1441/1953
f 1521/1951 1489/1949 1444/1954
f 1444/1954 1489/1949 1441/1953
f 1521/1951 1444/1954 1465/1955
f 1465/1955 1444/1954 1415/1956
f 1415/1956 1444/1954 1359/1957
f 1441/1953 1447/1947 1390/1958
f 1441/1953 1390/1958 1444/1954
f 1390/1958 1447/1947 1383/1950
f 1359/1957 1444/1954 1381/1959
f 1381/1959 1444/1954 1390/1958
f 1381/1959 1390/1958 1383/1950
f 1381/1959 1383/1950 1372/1960
f 1381/1959 1372/1960 1367/1961
f 1367/1961 1372/1960 1333/1962
f 1367/1961 1333/1962 1262/1963
f 1381/1959 1367/1961 1374/1964
f 1374/1964 1367/1961 1287/1965
f 1374/1964 1287/1965 1381/1959
f 1287/1965 1367/1961 1262/1963
f 1381/1959 1287/1965 1265/1966
f 1265/1966 1287/1965 816/1967
f 816/1967 1287/1965 1262/1963
f 816/1967 1262/1963 1219/1968
f 1529/1969 1537/1970 1539/1971
f 1537/1972 1521/1973 1501/1974
f 1537/1972 1501/1974 1527/1975
f 1501/1974 1521/1973 1465/1976
f 1527/1975 1501/1974 1502/1977
f 1527/1975 1502/1977 1531/1978
f 1531/1978 1502/1977 1503/1979
f 1502/1977 1501/1974 1485/1980
f 1485/1980 1501/1974 1465/1976
f 1503/1979 1502/1977 1483/1981
f 1483/1981 1502/1977 1485/1980
f 1503/1979 1483/1981 1550/1982
f 1550/1982 1483/1981 1421/1983
f 1421/1983 1483/1981 1436/1984
f 1436/1984 1483/1981 1485/1980
f 1421/1983 1436/1984 1382/1985
f 1382/1985 1436/1984 1407/1986
f 1407/1986 1436/1984 1432/1987
f 1407/1986 1432/1987 1415/1988
f 1436/1984 1485/1980 1452/1989
f 1436/1984 1452/1989 1432/1987
f 1452/1989 1485/1980 1465/1976
f 1432/1987 1452/1989 1415/1988
f 1415/1988 1452/1989 1465/1976
f 1276/1990 1248/1991 1283/1992
f 1276/1990 1283/1992 1284/1993
f 1284/1993 1283/1992 1294/1994
f 1294/1994 1283/1992 1353/1995
f 1353/1995 1283/1992 1281/1996
f 1353/1995 1281/1996 1320/1997
f 1294/1994 1353/1995 1389/1998
f 1294/1994 1389/1998 1301/1999
f 1351/2000 1391/2001 1353/1995
f 1353/1995 1391/2001 1417/2002
f 1353/1995 1417/2002 1389/1998
f 1417/2002 1391/2001 1428/2003
f 1417/2002 1428/2003 1389/1998
f 1389/1998 1428/2003 1448/2004
f 1301/1999 1389/1998 1341/2005
f 1301/1999 1341/2005 1304/2006
f 1304/2006 1341/2005 1292/2007
f 1292/2007 1341/2005 1289/2008
f 1389/1998 1448/2004 1392/2009
f 1389/1998 1392/2009 1341/2005
f 1392/2009 1448/2004 1468/2010
f 1289/2008 1341/2005 1377/2011
f 1377/2011 1341/2005 1392/2009
f 1289/2008 1377/2011 1339/2012
f 1339/2012 1377/2011 1362/2013
f 1377/2011 1392/2009 1430/2014
f 1430/2014 1392/2009 1468/2010
f 1377/2011 1430/2014 1362/2013
f 1430/2014 1468/2010 1420/2015
f 1430/2014 1420/2015 1362/2013
f 1362/2013 1420/2015 1388/2016
f 1267/2017 1284/2018 1294/2019
f 1267/2017 1294/2019 1274/2020
f 1267/2017 1274/2020 1235/2021
f 1274/2020 1294/2019 1278/2022
f 1278/2022 1294/2019 1282/2023
f 1282/2023 1294/2019 1301/2024
f 1282/2023 1301/2024 1304/2025
f 1282/2023 1304/2025 1291/2026
f 1282/2023 1291/2026 1319/2027
f 1274/2020 1278/2022 1307/2028
f 1307/2028 1278/2022 1282/2023
f 1282/2023 1319/2027 1338/2029
f 1282/2023 1338/2029 1307/2028
f 1239/2030 1235/2021 1274/2020
f 1239/2030 1274/2020 1307/2028
f 1235/2021 1239/2030 809/2031
f 1235/2021 809/2031 811/2032
f 811/2032 809/2031 846/2033
f 846/2033 809/2031 839/2034
f 809/2031 1239/2030 1212/2035
f 1239/2030 1307/2028 1223/2036
f 1239/2030 1223/2036 1212/2035
f 809/2031 1212/2035 815/2037
f 809/2031 815/2037 839/2034
f 815/2037 1212/2035 1223/2036
f 839/2034 815/2037 833/2038
f 839/2034 833/2038 879/2039
f 833/2038 815/2037 830/2040
f 833/2038 830/2040 879/2039
f 879/2039 830/2040 901/2041
f 879/2039 901/2041 911/2042
f 901/2041 830/2040 827/2043
f 901/2041 827/2043 850/2044
f 827/2043 830/2040 813/2045
f 813/2045 830/2040 815/2037
f 827/2043 813/2045 1209/2046
f 1209/2046 813/2045 1221/2047
f 1221/2047 813/2045 1257/2048
f 813/2045 815/2037 1229/2049
f 1229/2049 815/2037 1223/2036
f 1257/2048 813/2045 1225/2050
f 1229/2049 1223/2036 1326/2051
f 1326/2051 1223/2036 1307/2028
f 813/2045 1229/2049 1237/2052
f 813/2045 1237/2052 1225/2050
f 1257/2048 1225/2050 1242/2053
f 1242/2053 1225/2050 1237/2052
f 1326/2051 1307/2028 1350/2054
f 1229/2049 1326/2051 1329/2055
f 1229/2049 1329/2055 1237/2052
f 1329/2055 1326/2051 1350/2054
f 1242/2053 1237/2052 1256/2056
f 1242/2053 1256/2056 1257/2048
f 1256/2056 1237/2052 1329/2055
f 1350/2054 1307/2028 1338/2029
f 1329/2055 1350/2054 1345/2057
f 1345/2057 1350/2054 1338/2029
f 1329/2055 1345/2057 1256/2056
f 1345/2057 1338/2029 1352/2058
f 1352/2058 1338/2029 1361/2059
f 1352/2058 1361/2059 1345/2057
f 1345/2057 1361/2059 1256/2056
f 1361/2059 1338/2029 1319/2027
f 1273/2060 1257/2048 1256/2056
f 1257/2048 1273/2060 1263/2061
f 1263/2061 1273/2060 1271/2062
f 1263/2061 1271/2062 1314/2063
f 1273/2060 1256/2056 1323/2064
f 1323/2064 1256/2056 1361/2059
f 1271/2062 1273/2060 1302/2065
f 1302/2065 1273/2060 1323/2064
f 1271/2062 1302/2065 1314/2063
f 1314/2063 1302/2065 1325/2066
f 1302/2065 1323/2064 1400/2067
f 1302/2065 1400/2067 1325/2066
f 1314/2063 1325/2066 1406/2068
f 1406/2068 1325/2066 1400/2067
f 1314/2063 1406/2068 1375/2069
f 1375/2069 1406/2068 1422/2070
f 1406/2068 1400/2067 1412/2071
f 1406/2068 1412/2071 1422/2070
f 1422/2070 1412/2071 1378/2072
f 1378/2072 1412/2071 1400/2067
f 1422/2070 1378/2072 1403/2073
f 1403/2073 1378/2072 1369/2074
f 1378/2072 1400/2067 1364/2075
f 1364/2075 1400/2067 1323/2064
f 1364/2075 1323/2064 1361/2059
f 1378/2072 1364/2075 1363/2076
f 1378/2072 1363/2076 1369/2074
f 1363/2076 1364/2075 1361/2059
f 1369/2074 1363/2076 1340/2077
f 1363/2076 1361/2059 1319/2027
f 1363/2076 1319/2027 1340/2077
f 1280/2078 1263/2079 1314/2080
f 1280/2078 1314/2080 1317/2081
f 1317/2081 1314/2080 1375/2082
f 1263/2079 1280/2078 1249/2083
f 1263/2079 1249/2083 1257/2084
f 1280/2078 1317/2081 1321/2085
f 1317/2081 1375/2082 1370/2086
f 1317/2081 1370/2086 1321/2085
f 1370/2086 1375/2082 1429/2087
f 1429/2087 1375/2082 1422/2088
f 1429/2087 1422/2088 1403/2089
f 1370/2086 1429/2087 1394/2090
f 1394/2090 1429/2087 1403/2089
f 1321/2085 1370/2086 1285/2091
f 1285/2091 1370/2086 1394/2090
f 1321/2085 1285/2091 1280/2078
f 1394/2090 1403/2089 1384/2092
f 1394/2090 1384/2092 1285/2091
f 1384/2092 1403/2089 1369/2093
f 1280/2078 1285/2091 1251/2094
f 1251/2094 1285/2091 1384/2092
f 1280/2078 1251/2094 1249/2083
f 1384/2092 1369/2093 1354/2095
f 1384/2092 1354/2095 1251/2094
f 1354/2095 1369/2093 1340/2096
f 1249/2083 1251/2094 1247/2097
f 1247/2097 1251/2094 1354/2095
f 1249/2083 1247/2097 1233/2098
f 1233/2098 1247/2097 1354/2095
f 1233/2098 1354/2095 1340/2096
f 1249/2083 1233/2098 1257/2084
f 1233/2098 1340/2096 1319/2099
f 1257/2084 1233/2098 1221/2100
f 1233/2098 1319/2099 1220/2101
f 1233/2098 1220/2101 1221/2100
f 1221/2100 1220/2101 1209/2102
f 1220/2101 1319/2099 1291/2103
f 1220/2101 1291/2103 1209/2102
f 1209/2102 1291/2103 827/2104
f 827/2104 1291/2103 853/2105
f 853/2105 1291/2103 1292/2106
f 1292/2106 1291/2103 1304/2107
f 827/2108 853/2109 861/2110
f 861/2110 853/2109 868/2111
f 868/2111 853/2109 856/2112
f 827/2108 861/2110 908/2113
f 908/2113 861/2110 868/2111
f 908/2113 868/2111 936/2114
f 908/2113 936/2114 951/2115
f 827/2108 908/2113 850/2116
f 850/2116 908/2113 951/2115
f 850/2116 951/2115 905/2117
f 905/2117 951/2115 980/2118
f 850/2116 905/2117 945/2119
f 905/2117 980/2118 929/2120
f 905/2117 929/2120 945/2119
f 929/2120 980/2118 1007/2121
f 929/2120 1007/2121 975/2122
f 929/2120 975/2122 945/2119
f 945/2119 975/2122 1004/2123
f 945/2119 1004/2123 977/2124
f 850/2116 945/2119 901/2125
f 901/2125 945/2119 977/2124
f 901/2125 977/2124 969/2126
f 901/2125 969/2126 930/2127
f 901/2125 930/2127 911/2128
f 930/2127 969/2126 944/2129
f 930/2127 944/2129 911/2128
f 1292/2130 1289/2131 1245/2132
f 1292/2130 1245/2132 853/2133
f 853/2133 1245/2132 1230/2134
f 853/2133 1230/2134 881/2135
f 881/2135 1230/2134 1216/2136
f 881/2135 1216/2136 904/2137
f 1216/2136 1230/2134 826/2138
f 904/2137 1216/2136 817/2139
f 817/2139 1216/2136 826/2138
f 904/2137 817/2139 909/2140
f 904/2137 909/2140 932/2141
f 909/2140 817/2139 821/2142
f 932/2141 909/2140 837/2143
f 837/2143 909/2140 821/2142
f 821/2142 817/2139 840/2144
f 821/2142 840/2144 837/2143
f 840/2144 817/2139 826/2138
f 828/2145 826/2138 1230/2134
f 828/2145 1230/2134 1228/2146
f 840/2144 826/2138 836/2147
f 836/2147 826/2138 848/2148
f 836/2147 848/2148 840/2144
f 848/2148 826/2138 828/2145
f 828/2145 1228/2146 822/2149
f 828/2145 822/2149 848/2148
f 822/2149 1228/2146 1211/2150
f 1211/2150 1228/2146 1222/2151
f 1211/2150 1222/2151 831/2152
f 822/2149 1211/2150 823/2153
f 1211/2150 831/2152 897/2154
f 1211/2150 897/2154 823/2153
f 897/2154 831/2152 852/2155
f 897/2154 852/2155 860/2156
f 897/2154 860/2156 856/2157
f 822/2149 823/2153 915/2158
f 915/2158 823/2153 897/2154
f 822/2149 915/2158 848/2148
f 897/2154 856/2157 906/2159
f 897/2154 906/2159 915/2158
f 906/2159 856/2157 889/2160
f 889/2160 856/2157 853/2161
f 915/2158 906/2159 939/2162
f 915/2158 939/2162 848/2148
f 906/2159 889/2160 937/2163
f 906/2159 937/2163 939/2162
f 889/2160 853/2161 896/2164
f 896/2164 853/2161 881/2165
f 896/2164 881/2165 904/2166
f 896/2164 904/2166 932/2167
f 896/2164 932/2167 889/2160
f 889/2160 932/2167 937/2163
f 885/2168 848/2148 939/2162
f 848/2148 885/2168 840/2144
f 931/2169 939/2162 937/2163
f 939/2162 931/2169 885/2168
f 937/2163 932/2167 971/2170
f 937/2163 971/2170 931/2169
f 971/2170 932/2167 978/2171
f 840/2144 885/2168 858/2172
f 858/2172 885/2168 931/2169
f 840/2144 858/2172 837/2143
f 931/2169 971/2170 964/2173
f 931/2169 964/2173 858/2172
f 971/2170 978/2171 979/2174
f 971/2170 979/2174 964/2173
f 858/2172 964/2173 866/2175
f 866/2175 964/2173 979/2174
f 866/2175 979/2174 978/2171
f 858/2172 866/2175 837/2143
f 866/2175 978/2171 863/2176
f 866/2175 863/2176 837/2143
f 863/2176 978/2171 927/2177
f 837/2143 863/2176 864/2178
f 864/2178 863/2176 927/2177
f 837/2143 864/2178 867/2179
f 867/2179 864/2178 927/2177
f 837/2143 867/2179 950/2180
f 950/2180 867/2179 927/2177
f 837/2143 950/2180 932/2141
f 950/2180 927/2177 982/2181
f 932/2141 950/2180 978/2182
f 978/2182 950/2180 982/2181
f 1245/2183 1289/2184 1330/2185
f 1330/2185 1289/2184 1339/2186
f 1330/2185 1339/2186 1362/2187
f 1330/2185 1362/2187 1416/2188
f 1245/2183 1330/2185 1243/2189
f 1245/2183 1243/2189 1230/2190
f 1230/2190 1243/2189 1228/2191
f 1243/2189 1330/2185 1337/2192
f 1337/2192 1330/2185 1379/2193
f 1228/2191 1243/2189 1241/2194
f 1241/2194 1243/2189 1337/2192
f 1228/2191 1241/2194 1222/2195
f 1241/2194 1337/2192 1281/2196
f 1222/2195 1241/2194 1217/2197
f 1241/2194 1281/2196 1255/2198
f 1241/2194 1255/2198 1217/2197
f 1255/2198 1281/2196 1283/2199
f 1217/2197 1255/2198 1248/2200
f 1248/2200 1255/2198 1283/2199
f 1388/2201 1420/2202 1461/2203
f 1461/2203 1420/2202 1468/2204
f 1461/2203 1468/2204 1491/2205
f 1491/2205 1468/2204 1493/2206
f 1461/2203 1491/2205 1472/2207
f 1493/2206 1468/2204 1490/2208
f 1490/2208 1468/2204 1448/2209
f 1491/2205 1493/2206 1487/2210
f 1487/2210 1493/2206 1490/2208
f 1472/2207 1491/2205 1467/2211
f 1472/2207 1467/2211 1461/2203
f 1467/2211 1491/2205 1487/2210
f 1461/2203 1467/2211 1449/2212
f 1461/2203 1449/2212 1362/2213
f 1467/2211 1487/2210 1460/2214
f 1467/2211 1460/2214 1449/2212
f 1487/2210 1490/2208 1480/2215
f 1487/2210 1480/2215 1460/2214
f 1480/2215 1490/2208 1448/2209
f 1449/2212 1460/2214 1435/2216
f 1435/2216 1460/2214 1480/2215
f 1435/2216 1480/2215 1448/2209
f 1449/2212 1435/2216 1416/2217
f 1416/2217 1435/2216 1411/2218
f 1435/2216 1448/2209 1426/2219
f 1435/2216 1426/2219 1411/2218
f 1426/2219 1448/2209 1428/2220
f 1411/2218 1426/2219 1387/2221
f 1411/2218 1387/2221 1379/2222
f 1387/2221 1426/2219 1351/2223
f 1351/2223 1426/2219 1428/2220
f 1351/2223 1428/2220 1391/2224
f 1388/2225 1461/2226 1362/2227
f 1362/2228 1449/2229 1416/2230
f 1416/2231 1411/2232 1379/2233
f 1416/2231 1379/2233 1330/2234
f 1337/2235 1379/2236 1387/2237
f 1337/2235 1387/2237 1373/2238
f 1337/2235 1373/2238 1281/2239
f 1373/2238 1387/2237 1351/2240
f 1373/2238 1351/2240 1281/2239
f 1281/2239 1351/2240 1320/2241
f 1351/2242 1353/2243 1320/2244
f 1217/2245 1248/2246 825/2247
f 1217/2245 825/2247 835/2248
f 1217/2245 835/2248 831/2249
f 1217/2245 831/2249 1222/2250
f 831/2249 835/2248 859/2251
f 859/2251 835/2248 825/2247
f 831/2249 859/2251 852/2252
f 852/2252 859/2251 860/2253
f 859/2251 825/2247 946/2254
f 946/2254 825/2247 921/2255
f 859/2251 946/2254 883/2256
f 859/2251 883/2256 860/2253
f 860/2253 883/2256 874/2257
f 860/2253 874/2257 856/2258
f 874/2257 883/2256 865/2259
f 856/2258 874/2257 868/2260
f 839/2261 865/2259 846/2262
f 865/2259 839/2261 862/2263
f 865/2259 862/2263 874/2257
f 862/2263 839/2261 879/2264
f 874/2257 862/2263 920/2265
f 920/2265 862/2263 879/2264
f 874/2257 920/2265 958/2266
f 958/2266 920/2265 879/2264
f 874/2257 958/2266 868/2260
f 958/2266 879/2264 911/2267
f 868/2260 958/2266 983/2268
f 958/2266 911/2267 974/2269
f 958/2266 974/2269 983/2268
f 974/2269 911/2267 944/2270
f 868/2260 983/2268 936/2271
f 974/2269 944/2270 994/2272
f 994/2272 944/2270 969/2273
f 994/2272 969/2273 977/2274
f 994/2272 977/2274 1004/2275
f 974/2269 994/2272 988/2276
f 974/2269 988/2276 983/2268
f 988/2276 994/2272 1002/2277
f 988/2276 1002/2277 983/2268
f 1000/2278 936/2271 983/2268
f 1000/2278 983/2268 1002/2277
f 936/2271 1000/2278 951/2279
f 951/2279 1000/2278 980/2280
f 1000/2278 1002/2277 1006/2281
f 1006/2281 1002/2277 994/2272
f 1000/2278 1006/2281 1009/2282
f 1006/2281 994/2272 1041/2283
f 1006/2281 1041/2283 1009/2282
f 927/2284 978/2285 982/2286
f 846/2287 865/2288 871/2289
f 871/2289 865/2288 883/2290
f 1022/2291 946/2292 1017/2293
f 1022/2291 1017/2293 1076/2294
f 1022/2291 1076/2294 1109/2295
f 1076/2294 1017/2293 1033/2296
f 1076/2294 1033/2296 1043/2297
f 1076/2294 1043/2297 1079/2298
f 1000/2299 1009/2300 1063/2301
f 1063/2301 1009/2300 1041/2302
f 1000/2299 1063/2301 1026/2303
f 1000/2299 1026/2303 980/2304
f 980/2304 1026/2303 1007/2305
f 1007/2305 1026/2303 1064/2306
f 1064/2306 1026/2303 1063/2301
f 1007/2305 1064/2306 1034/2307
f 1034/2307 1064/2306 1063/2301
f 1007/2305 1034/2307 975/2308
f 1056/2309 1063/2301 1041/2302
f 975/2308 1034/2307 1030/2310
f 1030/2310 1034/2307 1063/2301
f 975/2308 1030/2310 1004/2311
f 1063/2301 1056/2309 1047/2312
f 1063/2301 1047/2312 1030/2310
f 1056/2309 1041/2302 1040/2313
f 1056/2309 1040/2313 1047/2312
f 1030/2310 1047/2312 1027/2314
f 1030/2310 1027/2314 1004/2311
f 1027/2314 1047/2312 1040/2313
f 1040/2313 1041/2302 1019/2315
f 1040/2313 1019/2315 1027/2314
f 1027/2314 1019/2315 1004/2311
f 1019/2315 1041/2302 994/2316
f 1019/2315 994/2316 1004/2311
f 1055/2317 1124/2318 1023/2319
f 1023/2319 1124/2318 1067/2320
f 1067/2320 1124/2318 1113/2321
f 1113/2321 1124/2318 1151/2322
f 1113/2321 1151/2322 1161/2323
f 1113/2321 1161/2323 1082/2324
f 1113/2321 1082/2324 1067/2320
f 1067/2320 1082/2324 1077/2325
f 1077/2325 1082/2324 1102/2326
f 1067/2320 1077/2325 1049/2327
f 1067/2320 1049/2327 1023/2319
f 1049/2327 1077/2325 1061/2328
f 1049/2327 1061/2328 1028/2329
f 1023/2319 1049/2327 984/2330
f 1023/2319 984/2330 956/2331
f 956/2331 984/2330 966/2332
f 966/2332 984/2330 989/2333
f 956/2331 966/2332 970/2334
f 966/2332 989/2333 976/2335
f 966/2332 976/2335 970/2334
f 970/2336 976/2337 996/2338
f 912/2339 855/2340 970/2336
f 912/2339 970/2336 928/2341
f 970/2336 996/2338 998/2342
f 970/2336 998/2342 928/2341
f 998/2342 996/2338 1042/2343
f 998/2342 1042/2343 1037/2344
f 1037/2344 1042/2343 1102/2345
f 928/2341 998/2342 1045/2346
f 928/2341 1045/2346 1011/2347
f 928/2341 1011/2347 986/2348
f 928/2341 986/2348 924/2349
f 924/2349 986/2348 925/2350
f 925/2350 986/2348 1012/2351
f 925/2350 1012/2351 949/2352
f 925/2350 949/2352 834/2353
f 924/2349 925/2350 891/2354
f 891/2354 925/2350 834/2353
f 924/2349 891/2354 895/2355
f 895/2355 891/2354 834/2353
f 1174/2356 1187/2357 1198/2358
f 1198/2358 1187/2357 1186/2359
f 1198/2358 1186/2359 1194/2360
f 1198/2358 1194/2360 1202/2361
f 1202/2361 1194/2360 1186/2359
f 1202/2361 1186/2359 1173/2362
f 1198/2358 1202/2361 1206/2363
f 1202/2361 1173/2362 1179/2364
f 1206/2363 1202/2361 1203/2365
f 1203/2365 1202/2361 1179/2364
f 1206/2363 1203/2365 1207/2366
f 1203/2365 1179/2364 1200/2367
f 1203/2365 1200/2367 1207/2366
f 1200/2367 1179/2364 1197/2368
f 1207/2366 1200/2367 1208/2369
f 1197/2368 1179/2364 1177/2370
f 1207/2366 1208/2369 1205/2371
f 1208/2369 1200/2367 1204/2372
f 1204/2372 1200/2367 1197/2368
f 1208/2369 1204/2372 1205/2371
f 1207/2366 1205/2371 1195/2373
f 1197/2368 1177/2370 1188/2374
f 1204/2372 1197/2368 1196/2375
f 1196/2375 1197/2368 1188/2374
f 1204/2372 1196/2375 1205/2371
f 1195/2373 1205/2371 1201/2376
f 1201/2376 1205/2371 1196/2375
f 1195/2373 1201/2376 1193/2377
f 1196/2375 1188/2374 1189/2378
f 1196/2375 1189/2378 1201/2376
f 1189/2378 1188/2374 1177/2370
f 1201/2376 1189/2378 1193/2377
f 1193/2377 1189/2378 1199/2379
f 1199/2379 1189/2378 1192/2380
f 1192/2380 1189/2378 1177/2370
f 1192/2380 1177/2370 1162/2381
f 1192/2380 1162/2381 1183/2382
f 1183/2382 1162/2381 1147/2383
f 1183/2382 1147/2383 1160/2384
f 1160/2384 1147/2383 1138/2385
f 1198/2386 1206/2387 1133/2388
f 1198/2386 1133/2388 1174/2389
f 1133/2388 1206/2387 1184/2390
f 1184/2390 1206/2387 1207/2391
f 1184/2390 1207/2391 1195/2392
f 1184/2390 1195/2392 1169/2393
f 1169/2393 1195/2392 1155/2394
f 1184/2390 1169/2393 1140/2395
f 1184/2390 1140/2395 1133/2388
f 1140/2395 1169/2393 1155/2394
f 1155/2394 1195/2392 1193/2396
f 1133/2388 1140/2395 1115/2397
f 1115/2397 1140/2395 1155/2394
f 1074/2398 1174/2389 1133/2388
f 1074/2398 1133/2388 1115/2397
f 1174/2389 1074/2398 1102/2399
f 1102/2399 1074/2398 1037/2400
f 1037/2400 1074/2398 998/2401
f 998/2401 1074/2398 1045/2402
f 1115/2397 1155/2394 1131/2403
f 1115/2397 1131/2403 1074/2398
f 1191/2404 1155/2394 1193/2396
f 1155/2394 1191/2404 1131/2403
f 1191/2404 1193/2396 1199/2405
f 1074/2398 1131/2403 1081/2406
f 1074/2398 1081/2406 1045/2402
f 1081/2406 1131/2403 1091/2407
f 1091/2407 1131/2403 1191/2404
f 1045/2402 1081/2406 1053/2408
f 1081/2406 1091/2407 1083/2409
f 1081/2406 1083/2409 1053/2408
f 1045/2402 1053/2408 1059/2410
f 1053/2408 1083/2409 1068/2411
f 1053/2408 1068/2411 1059/2410
f 1059/2410 1068/2411 1083/2409
f 1045/2402 1059/2410 1011/2412
f 1083/2409 1091/2407 1085/2413
f 1083/2409 1085/2413 1059/2410
f 1085/2413 1091/2407 1191/2404
f 1059/2410 1085/2413 1084/2414
f 1059/2410 1084/2414 1011/2412
f 1084/2414 1085/2413 1191/2404
f 1039/2415 986/2416 1011/2412
f 1039/2415 1011/2412 1084/2414
f 1039/2415 1084/2414 1080/2417
f 1080/2417 1084/2414 1106/2418
f 1106/2418 1084/2414 1128/2419
f 1106/2418 1128/2419 1108/2420
f 1084/2414 1191/2404 1165/2421
f 1084/2414 1165/2421 1128/2419
f 1108/2420 1128/2419 1118/2422
f 1108/2420 1118/2422 1119/2423
f 1119/2423 1118/2422 1143/2424
f 1118/2422 1128/2419 1144/2425
f 1118/2422 1144/2425 1143/2424
f 1128/2419 1165/2421 1166/2426
f 1128/2419 1166/2426 1144/2425
f 1182/2427 1165/2421 1191/2404
f 1165/2421 1182/2427 1166/2426
f 1182/2427 1191/2404 1199/2405
f 1143/2424 1144/2425 1142/2428
f 1142/2428 1144/2425 1166/2426
f 1143/2424 1142/2428 1134/2429
f 1134/2429 1142/2428 1138/2430
f 1138/2430 1142/2428 1164/2431
f 1164/2431 1142/2428 1166/2426
f 1138/2430 1164/2431 1160/2432
f 1164/2431 1166/2426 1175/2433
f 1164/2431 1175/2433 1160/2432
f 1175/2433 1166/2426 1182/2427
f 1160/2432 1175/2433 1183/2434
f 1175/2433 1182/2427 1185/2435
f 1175/2433 1185/2435 1183/2434
f 1185/2435 1182/2427 1199/2405
f 1183/2434 1185/2435 1192/2436
f 1192/2436 1185/2435 1199/2405
f 1052/2437 986/2438 1039/2439
f 1052/2437 1039/2439 1080/2440
f 986/2438 1052/2437 1066/2441
f 1052/2437 1080/2440 1103/2442
f 1103/2442 1080/2440 1106/2443
f 1103/2442 1106/2443 1108/2444
f 1052/2437 1103/2442 1112/2445
f 1052/2437 1112/2445 1066/2441
f 1103/2442 1108/2444 1126/2446
f 1103/2442 1126/2446 1112/2445
f 1126/2446 1108/2444 1119/2447
f 1126/2446 1119/2447 1143/2448
f 1126/2446 1143/2448 1163/2449
f 1126/2446 1163/2449 1154/2450
f 1126/2446 1154/2450 1112/2445
f 1112/2445 1154/2450 1066/2441
f 1066/2441 1154/2450 1117/2451
f 1012/2452 986/2438 1066/2441
f 1012/2452 1066/2441 1117/2451
f 1012/2452 1117/2451 1070/2453
f 1012/2452 1070/2453 1008/2454
f 1008/2454 1070/2453 1065/2455
f 1012/2452 1008/2454 965/2456
f 1008/2454 1065/2455 1046/2457
f 1008/2454 1046/2457 965/2456
f 1139/2458 1117/2459 1154/2460
f 1139/2458 1154/2460 1163/2461
f 1117/2459 1139/2458 1104/2462
f 1117/2459 1104/2462 1070/2463
f 1139/2458 1163/2461 1158/2464
f 1070/2463 1104/2462 1065/2465
f 1158/2464 1163/2461 1156/2466
f 1156/2466 1163/2461 1143/2467
f 1156/2466 1143/2467 1134/2468
f 1156/2466 1134/2468 1079/2469
f 1158/2464 1156/2466 1135/2470
f 1158/2464 1135/2470 1139/2458
f 1156/2466 1079/2469 1098/2471
f 1156/2466 1098/2471 1135/2470
f 1139/2458 1135/2470 1110/2472
f 1110/2472 1135/2470 1098/2471
f 1139/2458 1110/2472 1107/2473
f 1107/2473 1110/2472 1098/2471
f 1139/2458 1107/2473 1104/2462
f 1107/2473 1098/2471 1092/2474
f 1107/2473 1092/2474 1104/2462
f 1087/2475 1098/2471 1079/2469
f 1098/2471 1087/2475 1092/2474
f 1087/2475 1079/2469 1095/2476
f 1095/2476 1079/2469 1043/2477
f 1092/2474 1087/2475 1088/2478
f 1092/2474 1088/2478 1104/2462
f 1088/2478 1087/2475 1095/2476
f 1104/2462 1088/2478 1065/2465
f 1065/2465 1088/2478 1071/2479
f 1071/2479 1088/2478 1096/2480
f 1071/2479 1096/2480 1065/2465
f 1096/2480 1088/2478 1095/2476
f 1065/2465 1096/2480 1046/2481
f 1096/2480 1095/2476 1097/2482
f 1097/2482 1095/2476 1094/2483
f 1097/2482 1094/2483 1069/2484
f 1094/2483 1095/2476 1048/2485
o tripo_part_2
v -0.147925 0.002161 -0.217594
v -0.147826 0.016573 -0.221439
v -0.147821 0.102923 -0.483142
v -0.147799 0.086342 -0.368648
v -0.147433 0.103117 -0.469081
v -0.147320 0.086007 -0.469783
v -0.146793 0.015833 -0.218463
v -0.146263 0.086627 -0.479877
v -0.145987 0.101942 -0.480381
v -0.145875 0.082333 -0.482257
v -0.145282 0.085634 -0.440814
v -0.143664 0.059580 -0.220798
v -0.142936 0.083956 -0.468860
v -0.142742 0.060440 -0.218616
v -0.142551 0.086495 -0.346682
v -0.142199 0.083863 -0.479572
v -0.140739 0.014399 -0.481266
v -0.139108 0.059784 -0.220325
v -0.139093 0.001162 -0.418109
v -0.138234 0.062861 -0.216327
v -0.138004 0.088602 -0.235507
v -0.135567 0.013880 -0.215702
v -0.135423 0.001383 -0.299354
v -0.134799 0.088765 -0.340323
v -0.134609 0.090855 -0.269840
v -0.134515 0.088663 -0.228267
v -0.131727 0.001269 -0.358042
v -0.131506 0.086029 -0.347067
v -0.130989 0.086452 -0.460720
v -0.129599 0.016737 -0.219303
v -0.129576 0.016562 -0.477024
v -0.129522 0.059281 -0.219257
v -0.129484 0.058405 -0.476917
v -0.129425 0.001376 -0.338760
v -0.128456 0.061636 -0.480136
v -0.127922 0.091246 -0.310390
v -0.127626 0.000674 -0.477756
v -0.127554 0.058256 -0.475986
v -0.127483 0.059702 -0.217945
v -0.127453 0.014632 -0.479068
v -0.127409 0.016657 -0.217823
v -0.127136 0.016417 -0.475803
v -0.126946 0.085231 -0.462779
v -0.126356 0.088432 -0.349870
v -0.126299 0.083373 -0.464405
v -0.125965 0.001864 -0.479297
v -0.125444 0.086770 -0.214527
v -0.124874 0.071261 -0.214527
v -0.124249 0.016875 -0.217533
v -0.123900 0.000986 -0.461383
v -0.123781 0.079879 -0.214466
v -0.122736 0.090117 -0.407833
v -0.122418 0.083190 -0.479343
v -0.122124 0.022269 -0.232112
v -0.121632 0.043970 -0.231792
v -0.121548 0.017008 -0.232334
v -0.121080 0.078716 -0.212421
v -0.121021 0.086800 -0.467220
v -0.120888 0.001734 -0.234035
v -0.120638 0.088192 -0.458538
v -0.120607 0.071773 -0.212467
v -0.120295 0.021918 -0.247524
v -0.119984 0.043814 -0.248722
v -0.119425 0.010210 -0.214069
v -0.119324 0.014132 -0.233547
v -0.119261 0.002344 -0.234363
v -0.119143 0.020136 -0.251644
v -0.118794 0.001887 -0.213916
v -0.118643 0.015051 -0.213901
v -0.118284 0.016947 -0.260494
v -0.118229 0.089000 -0.229343
v -0.118200 0.092358 -0.281841
v -0.118038 0.017199 -0.216571
v -0.117542 0.090749 -0.234645
v -0.117394 0.090520 -0.216953
v -0.117384 0.022024 -0.269046
v -0.117073 0.014181 -0.252384
v -0.116995 0.044062 -0.265712
v -0.116478 0.043295 -0.274982
v -0.116299 0.001948 -0.261898
v -0.115273 0.074124 -0.213703
v -0.114948 0.016844 -0.218753
v -0.114903 0.090713 -0.429149
v -0.114670 0.022654 -0.290798
v -0.114639 0.030436 -0.217975
v -0.114517 0.000613 -0.468532
v -0.114494 0.008890 -0.271999
v -0.114487 0.027567 -0.289340
v -0.114460 0.044314 -0.216083
v -0.114117 0.002535 -0.232524
v -0.113972 0.020205 -0.289772
v -0.113838 0.013529 -0.278141
v -0.113640 0.016730 -0.230319
v -0.113640 0.016608 -0.296005
v -0.113430 0.002367 -0.284809
v -0.113216 0.001444 -0.304199
v -0.112969 0.043612 -0.298263
v -0.112610 0.044615 -0.231746
v -0.112423 0.014655 -0.232288
v -0.112393 0.043856 -0.230396
v -0.112206 0.001543 -0.228900
v -0.111874 0.015021 -0.220142
v -0.111672 0.010462 -0.220600
v -0.111576 0.001658 -0.220111
v -0.111549 0.058962 -0.473949
v -0.111240 0.021452 -0.312438
v -0.111019 0.015139 -0.229785
v -0.111012 0.046643 -0.215579
v -0.110981 0.000719 -0.476474
v -0.110870 0.031947 -0.316658
v -0.110794 0.004343 -0.229656
v -0.110390 0.059626 -0.215579
v -0.110363 0.016402 -0.473834
v -0.110191 0.043993 -0.321380
v -0.109993 0.002863 -0.306743
v -0.109646 0.033339 -0.333133
v -0.109524 0.022295 -0.333106
v -0.109249 0.002116 -0.311691
v -0.109146 0.046870 -0.231258
v -0.109001 0.089527 -0.344443
v -0.108769 0.059939 -0.476230
v -0.108711 0.016337 -0.336757
v -0.108624 0.020316 -0.334611
v -0.108402 0.044100 -0.334401
v -0.108109 0.009005 -0.334741
v -0.108097 0.063238 -0.212787
v -0.107990 0.049517 -0.218189
v -0.107918 0.043349 -0.337166
v -0.107822 0.014166 -0.324342
v -0.107765 0.091116 -0.225681
v -0.107639 0.044619 -0.268741
v -0.107514 0.059548 -0.216480
v -0.107300 0.088939 -0.407421
v -0.107296 0.013918 -0.335492
v -0.107208 0.009074 -0.328964
v -0.107166 0.091248 -0.342632
v -0.107121 0.090795 -0.215656
v -0.107048 0.001513 -0.333976
v -0.106964 0.001749 -0.335325
v -0.106579 0.087813 -0.228359
v -0.106350 0.022387 -0.352984
v -0.106297 0.092314 -0.350985
v -0.106251 0.085099 -0.212543
v -0.106026 0.091759 -0.403842
v -0.106022 0.055128 -0.229030
v -0.105984 0.033148 -0.356553
v -0.105946 0.043467 -0.353122
v -0.105602 0.061325 -0.228595
v -0.105576 0.093142 -0.302902
v -0.105572 0.016390 -0.353762
v -0.105442 0.020129 -0.352730
v -0.105320 0.091922 -0.414951
v -0.105000 0.092577 -0.276889
v -0.104889 0.021838 -0.366111
v -0.104538 0.016505 -0.338353
v -0.104153 0.044100 -0.337942
v -0.103996 0.044085 -0.366771
v -0.103775 0.060095 -0.250484
v -0.103565 0.089844 -0.231334
v -0.103516 0.001894 -0.476902
v -0.103474 0.042967 -0.375833
v -0.103348 0.065456 -0.214908
v -0.103180 0.049971 -0.257709
v -0.103039 0.085786 -0.214786
v -0.102997 0.016352 -0.374040
v -0.102749 0.092564 -0.376344
v -0.102726 0.016123 -0.351634
v -0.102654 0.001536 -0.353077
v -0.102631 0.063604 -0.226535
v -0.102600 0.020254 -0.375322
v -0.102585 0.092266 -0.338321
v -0.102539 0.088303 -0.225269
v -0.102516 0.001543 -0.337955
v -0.102490 0.013186 -0.353517
v -0.102356 0.044115 -0.351683
v -0.102310 0.091253 -0.250469
v -0.102226 0.014811 -0.338820
v -0.101990 0.002566 -0.360134
v -0.101959 0.001391 -0.380514
v -0.101761 0.044649 -0.318714
v -0.101669 0.047181 -0.286975
v -0.101555 0.081596 -0.226306
v -0.101273 0.043734 -0.391090
v -0.100933 0.014773 -0.350087
v -0.100720 0.001940 -0.350068
v -0.100693 0.062359 -0.247295
v -0.100601 0.013911 -0.370729
v -0.100502 0.087317 -0.461437
v -0.100163 0.007044 -0.371461
v -0.099789 0.014033 -0.476520
v -0.099781 0.054165 -0.279064
v -0.099667 0.059737 -0.284435
v -0.099430 0.002612 -0.384624
v -0.099396 0.016161 -0.402725
v -0.099266 0.061140 -0.275447
v -0.099251 0.021864 -0.410282
v -0.099117 0.061952 -0.476657
v -0.098946 0.029570 -0.412433
v -0.098866 0.013842 -0.386928
v -0.098732 0.016249 -0.472286
v -0.098572 0.063194 -0.228900
v -0.098534 0.061839 -0.251308
v -0.098122 0.062739 -0.241138
v -0.098080 0.015768 -0.475223
v -0.098061 0.084691 -0.230213
v -0.098003 0.043722 -0.416011
v -0.097427 0.090477 -0.458110
v -0.097107 0.091584 -0.278415
v -0.097096 0.058911 -0.472904
v -0.097035 0.001475 -0.403114
v -0.096985 0.020419 -0.420093
v -0.096912 0.091301 -0.296501
v -0.096310 0.016699 -0.473285
v -0.095795 0.038733 -0.438724
v -0.095692 0.059782 -0.315719
v -0.095654 0.001353 -0.419986
v -0.095528 0.050763 -0.317848
v -0.095471 0.001856 -0.416103
v -0.095352 0.014151 -0.417018
v -0.095081 0.044714 -0.369989
v -0.095051 0.044089 -0.437679
v -0.094742 0.016188 -0.441181
v -0.094482 0.074252 -0.248203
v -0.094441 0.061207 -0.313098
v -0.094414 0.054968 -0.321891
v -0.094330 0.087773 -0.252704
v -0.094051 0.090168 -0.472660
v -0.093830 0.047526 -0.351354
v -0.093762 0.001368 -0.427165
v -0.093704 0.092060 -0.443134
v -0.093517 0.021864 -0.455463
v -0.093361 0.034018 -0.456722
v -0.093323 0.013445 -0.430912
v -0.093140 0.044112 -0.456668
v -0.092907 0.001421 -0.440929
v -0.092827 0.016631 -0.457149
v -0.092724 0.060368 -0.338676
v -0.092403 0.020518 -0.457401
v -0.092079 0.063554 -0.282100
v -0.092068 0.013300 -0.443340
v -0.092049 0.044695 -0.395133
v -0.091915 0.087684 -0.273952
v -0.091816 0.042940 -0.457630
v -0.091805 0.092081 -0.410976
v -0.091717 0.067614 -0.270305
v -0.091713 0.085760 -0.293891
v -0.091583 0.001353 -0.456035
v -0.091576 0.061661 -0.308994
v -0.091133 0.091264 -0.319259
v -0.091034 0.061952 -0.342608
v -0.091019 0.070583 -0.475681
v -0.090946 0.002291 -0.454593
v -0.090881 0.000780 -0.458209
v -0.090519 0.056509 -0.354444
v -0.090492 0.013346 -0.455104
v -0.090424 0.085965 -0.287113
v -0.089760 0.061769 -0.340112
v -0.089527 0.049954 -0.368499
v -0.089447 0.092104 -0.370727
v -0.089439 0.002177 -0.455432
v -0.089279 0.091025 -0.339756
v -0.089069 0.091449 -0.345427
v -0.089054 0.080151 -0.475284
v -0.088940 0.069943 -0.291236
v -0.088062 0.088651 -0.304805
v -0.087788 0.087777 -0.342504
v -0.087776 0.059710 -0.376585
v -0.087696 0.047701 -0.399154
v -0.087181 0.044703 -0.434627
v -0.087158 0.078197 -0.299961
v -0.086941 0.065583 -0.342191
v -0.086720 0.086218 -0.316444
v -0.086716 0.060850 -0.370704
v -0.086571 0.065637 -0.319906
v -0.086170 0.017077 -0.457210
v -0.085659 0.016688 -0.472492
v -0.085426 0.044588 -0.457073
v -0.085159 0.061953 -0.343812
v -0.084961 0.016436 -0.458591
v -0.084801 0.064638 -0.338581
v -0.084694 0.030604 -0.459087
v -0.084648 0.060320 -0.404571
v -0.084572 0.009661 -0.474918
v -0.084396 0.054352 -0.403667
v -0.084381 0.000689 -0.473392
v -0.084168 0.082413 -0.343308
v -0.084099 0.044253 -0.472240
v -0.084007 0.014815 -0.474719
v -0.083832 0.090898 -0.368001
v -0.083794 0.001978 -0.474620
v -0.083756 0.084121 -0.339016
v -0.083733 0.016547 -0.469921
v -0.083710 0.044024 -0.458095
v -0.083542 0.030516 -0.469745
v -0.083336 0.065122 -0.346357
v -0.083046 0.086644 -0.347700
v -0.082985 0.050484 -0.420543
v -0.082825 0.003641 -0.454624
v -0.082802 0.091628 -0.407375
v -0.082619 0.061406 -0.375913
v -0.082436 0.073594 -0.474407
v -0.082352 0.043932 -0.470241
v -0.082291 0.088976 -0.459163
v -0.082260 0.000697 -0.457073
v -0.082253 0.014841 -0.454715
v -0.082146 0.079928 -0.346566
v -0.082100 0.060522 -0.424129
v -0.082024 0.062683 -0.368036
v -0.081345 0.061056 -0.407463
v -0.081108 0.047480 -0.455905
v -0.080154 0.015746 -0.457462
v -0.080116 0.092709 -0.432498
v -0.080109 0.063274 -0.376113
v -0.080093 0.015841 -0.468433
v -0.080078 0.009745 -0.456249
v -0.080017 0.088317 -0.474002
v -0.079979 0.090670 -0.394439
v -0.079880 0.091333 -0.461444
v -0.079689 0.090989 -0.455417
v -0.079681 0.002772 -0.457256
v -0.079575 0.068542 -0.371946
v -0.079361 0.076772 -0.367382
v -0.079071 0.049084 -0.471607
v -0.079063 0.059388 -0.452808
v -0.078720 0.061678 -0.420558
v -0.078674 0.087428 -0.371925
v -0.078560 0.009814 -0.466625
v -0.078522 0.091228 -0.470233
v -0.078476 0.049513 -0.457157
v -0.078293 0.001185 -0.467189
v -0.078224 0.055018 -0.455669
v -0.078087 0.013224 -0.467395
v -0.077339 0.061343 -0.456859
v -0.077171 0.058997 -0.459346
v -0.076737 0.049372 -0.469226
v -0.076523 0.068855 -0.389308
v -0.076416 0.087902 -0.406940
v -0.076233 0.058897 -0.470844
v -0.076164 0.087006 -0.392066
v -0.075531 0.063662 -0.414073
v -0.075432 0.061688 -0.441967
v -0.075302 0.089978 -0.418270
v -0.074555 0.082696 -0.405025
v -0.074272 0.085517 -0.459133
v -0.073914 0.063224 -0.458553
v -0.073578 0.062126 -0.473247
v -0.073418 0.064922 -0.429599
v -0.072891 0.081373 -0.473133
v -0.072670 0.088858 -0.454837
v -0.072579 0.083869 -0.459423
v -0.072403 0.075374 -0.423183
v -0.072281 0.063200 -0.460964
v -0.072067 0.062399 -0.457683
v -0.071869 0.088716 -0.434505
v -0.071335 0.084090 -0.469829
v -0.071335 0.062800 -0.469791
v -0.070892 0.084188 -0.433467
v -0.070000 0.067287 -0.454570
v -0.069519 0.082999 -0.455677
v -0.148152 0.061370 -0.482440
v -0.148470 0.085453 -0.483203
v -0.148632 0.097525 -0.446102
v -0.148652 0.133463 -0.480884
v -0.148809 0.001276 -0.340746
v -0.148810 0.092162 -0.458789
v -0.149349 0.058611 -0.479251
v -0.149457 0.000620 -0.482212
v -0.149524 0.016569 -0.479465
v -0.149755 0.012965 -0.482547
v -0.149826 0.085087 -0.467273
v -0.150039 0.086696 -0.221607
v -0.150122 0.033820 -0.483448
v -0.150203 0.133150 -0.469661
v -0.150247 0.059956 -0.483142
v -0.150265 0.091621 -0.417751
v -0.150519 0.070077 -0.217517
v -0.150548 0.088925 -0.441074
v -0.150669 0.132964 -0.483356
v -0.151018 0.016299 -0.483646
v -0.152169 0.084201 -0.233417
v -0.152232 0.115149 -0.438701
v -0.152258 0.145190 -0.481113
v -0.152689 0.133494 -0.455753
v -0.152708 0.000849 -0.465206
v -0.152783 0.117178 -0.459865
v -0.152953 0.132826 -0.467403
v -0.152990 0.013529 -0.486682
v -0.153118 0.094496 -0.436115
v -0.153171 0.116679 -0.402473
v -0.153287 0.114661 -0.418086
v -0.153292 0.115549 -0.444477
v -0.153335 0.079473 -0.467037
v -0.153371 0.144671 -0.469951
v -0.153639 0.081384 -0.463687
v -0.153788 0.116324 -0.428730
v -0.153813 0.096938 -0.394187
v -0.153820 0.121672 -0.461139
v -0.153859 0.001139 -0.486804
v -0.153911 0.125212 -0.429515
v -0.154288 0.085331 -0.467258
v -0.154336 0.104143 -0.434940
v -0.154503 0.000193 -0.485721
v -0.154523 0.085314 -0.353415
v -0.154526 0.124857 -0.409702
v -0.154568 0.091075 -0.382926
v -0.154781 0.083588 -0.436847
v -0.154789 0.112547 -0.410808
v -0.154956 0.104716 -0.439716
v -0.155317 0.100338 -0.379178
v -0.155515 0.138720 -0.423725
v -0.155755 0.000208 -0.464076
v -0.155866 0.135153 -0.445865
v -0.155896 0.092350 -0.356564
v -0.156021 0.145670 -0.444065
v -0.156059 0.120180 -0.393722
v -0.156424 0.140673 -0.411602
v -0.156474 0.084072 -0.410770
v -0.156689 0.093682 -0.402759
v -0.156698 0.095209 -0.484226
v -0.156740 0.157542 -0.484180
v -0.156777 0.118864 -0.414783
v -0.156859 0.114024 -0.393943
v -0.156948 0.124560 -0.453754
v -0.157027 0.171900 -0.481586
v -0.157243 0.137385 -0.400184
v -0.157352 0.000826 -0.461986
v -0.157376 0.104325 -0.406642
v -0.157627 0.123171 -0.467769
v -0.157761 0.158610 -0.459659
v -0.157782 0.114001 -0.467731
v -0.157793 0.083543 -0.403362
v -0.157836 0.158884 -0.449260
v -0.157857 0.016848 -0.222553
v -0.157877 0.136649 -0.429996
v -0.157900 0.106583 -0.354130
v -0.157935 0.139468 -0.467220
v -0.158181 0.137419 -0.409881
v -0.158317 0.086734 -0.271015
v -0.158451 0.172053 -0.469837
v -0.158679 0.118075 -0.383125
v -0.158862 0.128294 -0.417758
v -0.158863 0.152422 -0.438968
v -0.158993 0.103381 -0.403533
v -0.159162 0.123549 -0.360377
v -0.159322 0.113051 -0.374906
v -0.159495 0.059634 -0.221775
v -0.159744 0.151247 -0.428981
v -0.159923 0.129244 -0.373046
v -0.159976 0.103262 -0.365370
v -0.160202 0.156016 -0.432086
v -0.160256 0.097790 -0.367738
v -0.160308 0.113139 -0.359992
v -0.160391 0.118334 -0.343125
v -0.160439 0.090802 -0.336568
v -0.160537 0.123629 -0.419002
v -0.160610 0.016367 -0.221210
v -0.160688 0.139956 -0.390521
v -0.160730 0.158694 -0.420536
v -0.161093 0.172091 -0.467510
v -0.161663 0.093905 -0.327682
v -0.161680 0.167681 -0.461414
v -0.161803 0.107218 -0.369930
v -0.161805 0.139506 -0.395362
v -0.161918 0.083899 -0.367923
v -0.162051 0.106633 -0.330566
v -0.162186 0.000986 -0.413623
v -0.162355 0.175967 -0.481876
v -0.162521 0.174021 -0.484775
v -0.162772 0.127581 -0.383800
v -0.162780 0.130209 -0.344383
v -0.162974 0.139674 -0.375902
v -0.163166 0.130041 -0.387748
v -0.163205 0.082672 -0.351082
v -0.163252 0.167055 -0.438068
v -0.163332 0.146731 -0.435886
v -0.163465 0.110842 -0.347755
v -0.163942 0.176005 -0.470500
v -0.163952 0.067057 -0.484897
v -0.163965 0.103548 -0.305370
v -0.163969 0.099350 -0.342321
v -0.164023 0.136134 -0.375158
v -0.164061 0.122805 -0.334196
v -0.164211 0.123782 -0.384094
v -0.164496 0.084442 -0.344141
v -0.164501 0.014296 -0.219211
v -0.164560 0.110663 -0.335680
v -0.164633 0.162508 -0.407096
v -0.164822 0.091818 -0.306793
v -0.164873 0.143282 -0.437297
v -0.164887 0.157313 -0.390792
v -0.164959 0.070326 -0.486286
v -0.164999 0.115672 -0.321367
v -0.165014 0.134791 -0.357340
v -0.165081 0.059883 -0.221790
v -0.165110 0.167002 -0.430721
v -0.165171 0.084069 -0.239101
v -0.165247 0.120505 -0.353922
v -0.165508 0.075080 -0.484836
v -0.165527 0.143343 -0.349340
v -0.165625 0.146403 -0.401500
v -0.165670 0.157900 -0.485080
v -0.165712 0.164301 -0.485157
v -0.165718 0.161028 -0.486896
v -0.165768 0.136977 -0.338836
v -0.165905 0.158495 -0.403308
v -0.166313 0.129542 -0.352094
v -0.166372 0.164309 -0.434474
v -0.166439 0.016699 -0.221973
v -0.166685 0.141543 -0.362676
v -0.166760 0.157061 -0.401416
v -0.166939 0.120505 -0.312629
v -0.167008 0.137064 -0.346919
v -0.167387 0.112433 -0.325107
v -0.167406 0.092320 -0.320734
v -0.167671 0.016505 -0.485401
v -0.167734 0.131152 -0.316616
v -0.167757 0.116625 -0.294219
v -0.168320 0.110262 -0.313777
v -0.168493 0.135390 -0.333297
v -0.168692 0.103178 -0.286602
v -0.168745 0.103236 -0.320009
v -0.168909 0.146014 -0.328500
v -0.168921 0.083890 -0.320934
v -0.169020 0.092155 -0.278980
v -0.169127 0.062856 -0.485446
v -0.169327 0.153948 -0.360177
v -0.169544 0.148730 -0.369785
v -0.169636 0.071595 -0.486911
v -0.169693 0.074377 -0.485553
v -0.169756 0.124403 -0.329027
v -0.169771 0.165964 -0.398227
v -0.169867 0.111834 -0.300697
v -0.170031 0.157137 -0.488193
v -0.170157 0.166842 -0.405357
v -0.170307 0.171404 -0.468189
v -0.170322 0.095785 -0.295341
v -0.170387 0.129774 -0.295478
v -0.170427 0.106676 -0.276058
v -0.170763 0.134901 -0.322629
v -0.170862 0.144572 -0.367975
v -0.170927 0.001040 -0.346053
v -0.170963 0.163843 -0.371713
v -0.170998 0.063800 -0.220035
v -0.171131 0.129599 -0.289012
v -0.171549 0.141009 -0.307731
v -0.171801 0.113753 -0.286907
v -0.172045 0.122382 -0.306968
v -0.172123 0.083502 -0.296787
v -0.172144 0.080240 -0.220203
v -0.172165 0.154452 -0.333639
v -0.172197 0.069537 -0.485691
v -0.172205 0.151392 -0.367738
v -0.172247 0.161150 -0.350662
v -0.172720 0.118208 -0.306549
v -0.172762 0.104761 -0.295364
v -0.172957 0.144427 -0.300754
v -0.173033 0.145106 -0.340123
v -0.173090 0.133841 -0.310260
v -0.173370 0.118945 -0.268321
v -0.173376 0.170031 -0.435451
v -0.173521 0.166064 -0.486011
v -0.173756 0.110514 -0.272624
v -0.173771 0.084056 -0.233242
v -0.174046 0.081064 -0.236667
v -0.174122 0.164721 -0.363708
v -0.174196 0.171908 -0.439640
v -0.174215 0.089826 -0.255489
v -0.174376 0.132876 -0.300151
v -0.174692 0.147456 -0.319416
v -0.174721 0.151308 -0.340189
v -0.174761 0.169749 -0.417575
v -0.174835 0.163096 -0.488773
v -0.174965 0.104578 -0.257656
v -0.175022 0.087679 -0.267642
v -0.175371 0.136702 -0.286525
v -0.175411 0.131537 -0.264110
v -0.175547 0.083942 -0.223163
v -0.175766 0.139773 -0.275333
v -0.175879 0.101153 -0.267795
v -0.176022 0.100281 -0.248500
v -0.176067 0.121306 -0.258129
v -0.176224 0.141314 -0.316272
v -0.176239 0.173045 -0.468250
v -0.176357 0.001238 -0.294376
v -0.176571 0.110945 -0.258571
v -0.176649 0.168497 -0.402992
v -0.176655 0.117197 -0.486362
v -0.176773 0.157038 -0.486469
v -0.176878 0.090793 -0.246334
v -0.177143 0.124289 -0.280292
v -0.177475 0.135294 -0.273662
v -0.177488 0.007777 -0.489444
v -0.177509 0.082714 -0.268108
v -0.177532 0.161929 -0.342324
v -0.177567 0.120745 -0.280826
v -0.177597 0.154368 -0.284496
v -0.177652 0.110773 -0.250804
v -0.177652 0.153155 -0.276462
v -0.178196 0.170115 -0.400318
v -0.178204 0.086079 -0.234607
v -0.178251 0.163073 -0.322629
v -0.178286 0.151545 -0.317733
v -0.178314 0.000941 -0.301261
v -0.178333 0.172007 -0.433658
v -0.178454 0.128851 -0.281444
v -0.178764 0.103447 -0.233814
v -0.178776 0.135718 -0.260402
v -0.179121 0.117987 -0.251407
v -0.179390 0.084944 -0.236873
v -0.179493 0.085979 -0.223361
v -0.179688 0.102221 -0.222949
v -0.179718 0.016451 -0.467586
v -0.179722 0.071436 -0.467678
v -0.179848 0.142931 -0.292240
v -0.179985 0.000773 -0.464603
v -0.180191 0.164667 -0.340089
v -0.180264 0.167467 -0.368715
v -0.180325 0.103354 -0.242542
v -0.180668 0.161875 -0.296310
v -0.180676 0.136309 -0.235019
v -0.180698 0.111330 -0.236888
v -0.180866 0.124705 -0.222843
v -0.181053 0.162325 -0.316341
v -0.181103 0.014323 -0.489551
v -0.181126 0.088714 -0.467838
v -0.181156 0.013224 -0.464702
v -0.181194 0.049687 -0.454296
v -0.181259 0.001864 -0.464763
v -0.181374 0.143832 -0.267391
v -0.181377 0.081094 -0.249301
v -0.181450 0.000773 -0.489948
v -0.181736 0.083436 -0.221179
v -0.181786 0.071362 -0.449008
v -0.181801 0.007349 -0.488040
v -0.182163 0.168764 -0.366376
v -0.182171 0.135504 -0.250919
v -0.182301 0.016554 -0.223728
v -0.182312 0.154742 -0.292064
v -0.182499 0.059750 -0.223667
v -0.182617 0.109278 -0.241207
v -0.182644 0.161166 -0.278858
v -0.182678 0.124392 -0.246486
v -0.182747 0.139292 -0.222431
v -0.182884 0.000765 -0.441226
v -0.182888 0.102146 -0.220600
v -0.182953 0.063194 -0.221683
v -0.183025 0.175890 -0.484821
v -0.183094 0.015871 -0.439441
v -0.183128 0.167261 -0.344268
v -0.183174 0.002085 -0.448299
v -0.183228 0.084199 -0.239955
v -0.183231 0.001315 -0.239093
v -0.183239 0.151987 -0.269084
v -0.183273 0.046551 -0.487354
v -0.183552 0.138556 -0.237346
v -0.183746 0.037806 -0.434886
v -0.183884 0.038802 -0.221546
v -0.183899 0.015578 -0.487461
v -0.184105 0.098055 -0.487140
v -0.184242 0.063107 -0.221149
v -0.184246 0.015643 -0.221042
v -0.184296 0.115614 -0.468021
v -0.184479 0.000056 -0.489032
v -0.184547 0.079399 -0.237804
v -0.184803 0.001734 -0.222400
v -0.184925 0.000742 -0.416423
v -0.184944 0.145846 -0.249866
v -0.185047 0.097102 -0.237865
v -0.185139 0.071103 -0.487491
v -0.185223 0.173075 -0.487567
v -0.185265 0.171702 -0.440395
v -0.185371 0.000040 -0.240001
v -0.185383 0.169192 -0.373205
v -0.185394 0.071352 -0.421337
v -0.185547 0.001154 -0.242359
v -0.185581 0.139460 -0.220722
v -0.185581 0.173472 -0.468936
v -0.185585 0.010004 -0.430934
v -0.185639 0.040919 -0.220783
v -0.185837 0.169436 -0.468105
v -0.185890 0.106785 -0.237987
v -0.185993 0.176005 -0.472766
v -0.186142 0.011912 -0.221820
v -0.186279 0.001521 -0.424388
v -0.186314 0.013811 -0.423137
v -0.186405 0.159418 -0.267955
v -0.186428 0.145754 -0.486316
v -0.186447 0.167590 -0.319923
v -0.186447 0.015913 -0.413463
v -0.186516 0.168673 -0.354412
v -0.186531 0.151156 -0.222736
v -0.186565 0.106394 -0.440540
v -0.186871 0.129778 -0.240970
v -0.186913 0.014513 -0.220447
v -0.187027 0.052977 -0.485630
v -0.187031 0.015547 -0.485599
v -0.187119 0.016196 -0.468547
v -0.187145 0.040163 -0.407875
v -0.187161 0.143565 -0.468326
v -0.187317 0.014017 -0.465892
v -0.187340 0.077389 -0.485462
v -0.187382 0.100932 -0.485691
v -0.187428 0.156351 -0.250316
v -0.187649 0.117735 -0.238040
v -0.187756 0.149302 -0.242221
v -0.187798 0.070582 -0.480899
v -0.187809 0.000277 -0.220386
v -0.188046 0.174258 -0.480564
v -0.188103 0.075129 -0.469532
v -0.188290 0.001223 -0.465999
v -0.188374 0.129385 -0.469905
v -0.188393 0.134615 -0.478656
v -0.188519 0.000773 -0.484973
v -0.188557 0.013941 -0.483264
v -0.188568 0.000765 -0.394710
v -0.188591 0.016791 -0.221118
v -0.188599 0.158358 -0.469394
v -0.188637 0.162051 -0.235752
v -0.188847 0.008623 -0.481311
v -0.188919 0.015765 -0.470165
v -0.189137 0.170618 -0.470928
v -0.189144 0.082892 -0.470630
v -0.189285 0.165461 -0.293895
v -0.189488 0.163081 -0.224262
v -0.189770 0.167750 -0.325160
v -0.189831 0.166689 -0.296726
v -0.189964 0.070903 -0.386093
v -0.190014 0.002245 -0.395660
v -0.190067 0.071960 -0.383678
v -0.190235 0.013125 -0.470149
v -0.190262 0.006800 -0.393070
v -0.190296 0.000056 -0.468502
v -0.190655 0.093886 -0.221408
v -0.190723 0.015574 -0.218830
v -0.190823 0.013804 -0.387748
v -0.190929 0.015852 -0.377677
v -0.191010 0.046692 -0.221439
v -0.191067 0.159281 -0.244159
v -0.191086 0.162859 -0.238140
v -0.191132 0.011050 -0.218448
v -0.191460 0.167696 -0.430713
v -0.191597 0.146784 -0.238277
v -0.191616 0.162089 -0.253963
v -0.191704 0.000750 -0.369770
v -0.191799 0.002665 -0.218387
v -0.191990 0.168780 -0.384914
v -0.192024 0.126086 -0.416316
v -0.192089 0.098839 -0.390602
v -0.192337 0.038576 -0.366079
v -0.192822 0.157740 -0.437129
v -0.192864 0.167643 -0.293636
v -0.192879 0.073045 -0.222049
v -0.192906 0.001978 -0.371942
v -0.192963 0.165446 -0.269916
v -0.194435 0.071444 -0.350285
v -0.194550 0.016035 -0.348796
v -0.194576 0.013651 -0.358854
v -0.194580 0.164423 -0.221881
v -0.194798 0.167208 -0.279354
v -0.194923 0.167551 -0.295829
v -0.195141 0.163294 -0.414005
v -0.195900 0.167788 -0.236461
v -0.196125 0.034376 -0.337738
v -0.196159 0.167925 -0.225261
v -0.196217 0.002169 -0.347834
v -0.196594 0.167948 -0.331497
v -0.196934 0.001505 -0.336026
v -0.197109 0.096995 -0.350266
v -0.197281 0.000376 -0.219013
v -0.197594 0.071958 -0.324356
v -0.197838 0.164927 -0.377950
v -0.197861 0.016264 -0.323024
v -0.198532 0.165079 -0.239665
v -0.198803 0.067884 -0.222904
v -0.198872 0.058575 -0.316303
v -0.198994 0.013110 -0.325042
v -0.199303 0.155131 -0.384223
v -0.199444 0.159693 -0.382648
v -0.200100 0.166659 -0.248355
v -0.200325 0.166499 -0.339477
v -0.200375 0.122004 -0.347213
v -0.200413 0.001101 -0.307159
v -0.200455 0.071405 -0.303974
v -0.200928 0.039111 -0.299987
v -0.201344 0.016501 -0.222522
v -0.201492 0.002520 -0.306983
v -0.201744 0.062478 -0.222980
v -0.201805 0.015837 -0.293960
v -0.201855 0.013590 -0.302848
v -0.202190 0.157305 -0.222858
v -0.202431 0.000079 -0.242496
v -0.202560 0.066874 -0.221485
v -0.202580 0.071917 -0.286182
v -0.202812 0.123618 -0.222583
v -0.203003 0.098235 -0.305313
v -0.203236 0.153841 -0.221225
v -0.203526 0.012110 -0.219532
v -0.203964 0.156672 -0.349355
v -0.204014 0.001566 -0.280986
v -0.204231 0.037737 -0.222690
v -0.204502 0.162066 -0.337856
v -0.204811 0.063299 -0.223285
v -0.204907 0.070109 -0.223407
v -0.204971 0.037592 -0.269504
v -0.205334 0.149294 -0.223148
v -0.205586 0.013827 -0.274944
v -0.205616 0.071439 -0.263973
v -0.206219 0.015318 -0.221164
v -0.206463 0.016054 -0.258380
v -0.206516 0.001032 -0.259006
v -0.206665 0.100685 -0.280399
v -0.206768 0.166781 -0.248180
v -0.206825 0.165621 -0.291400
v -0.206963 0.002146 -0.265476
v -0.207050 0.154955 -0.325500
v -0.208424 0.009531 -0.253734
v -0.208458 0.016466 -0.243000
v -0.208553 0.047957 -0.242977
v -0.208588 0.001002 -0.244770
v -0.209004 0.157999 -0.221790
v -0.209286 0.081431 -0.243503
v -0.209377 0.014017 -0.246028
v -0.209545 0.002001 -0.245502
v -0.210491 0.014346 -0.244884
v -0.210671 0.151537 -0.222202
v -0.211784 0.150576 -0.224018
v -0.212013 0.159167 -0.286113
v -0.212051 0.165560 -0.241634
v -0.212540 0.157877 -0.224185
v -0.214264 0.114336 -0.243190
v -0.215210 0.135187 -0.243701
v -0.215698 0.007456 -0.221271
v -0.215828 0.162699 -0.243549
v -0.216683 0.013888 -0.221210
v -0.217056 0.028036 -0.243785
v -0.217209 0.167765 -0.239131
v -0.217880 0.000338 -0.221485
v -0.217911 0.116099 -0.242191
v -0.218056 0.055865 -0.243419
v -0.218102 0.167666 -0.227321
v -0.218132 0.016386 -0.224338
v -0.218231 0.000018 -0.243999
v -0.218323 0.098730 -0.243213
v -0.218346 0.159762 -0.242588
v -0.218453 0.026873 -0.243083
v -0.218468 0.016440 -0.243724
v -0.218704 0.050740 -0.224628
v -0.218704 0.014246 -0.245586
v -0.218742 0.134985 -0.242443
v -0.218842 0.165552 -0.241329
v -0.218926 0.116286 -0.240505
v -0.218926 0.001933 -0.245723
v -0.218956 0.074763 -0.225002
v -0.219513 0.073711 -0.235637
v -0.219681 0.106247 -0.225955
v -0.219757 0.163767 -0.225337
v -0.220055 0.140070 -0.226009
v -0.220123 0.166155 -0.231380
v -0.220368 0.035509 -0.227481
v -0.220375 0.016154 -0.226306
v -0.220566 0.067899 -0.227115
v -0.220863 0.000010 -0.238368
v -0.221069 0.006808 -0.227245
v -0.221497 0.014349 -0.241977
v -0.221817 0.001200 -0.242610
v -0.221848 0.015139 -0.229488
v -0.222839 0.007471 -0.231426
v -0.222870 0.000147 -0.226360
v -0.222878 0.012255 -0.228656
vt 0.388400 0.950934
vt 0.392764 0.966151
vt 0.381204 0.949165
vt 0.385097 0.946688
vt 0.396893 0.943621
vt 0.405622 0.958602
vt 0.382266 0.946452
vt 0.384035 0.938194
vt 0.381086 0.935245
vt 0.379788 0.934302
vt 0.376250 0.934656
vt 0.372357 0.933830
vt 0.396775 0.965916
vt 0.406094 0.966505
vt 0.396657 0.971342
vt 0.381204 0.976532
vt 0.389461 0.977358
vt 0.380850 0.963674
vt 0.372357 0.965090
vt 0.376721 0.971932
vt 0.376603 0.967921
vt 0.376368 0.965208
vt 0.496400 0.241592
vt 0.494749 0.249024
vt 0.490856 0.245131
vt 0.492626 0.235694
vt 0.490384 0.249378
vt 0.496636 0.253507
vt 0.483307 0.241356
vt 0.489087 0.252917
vt 0.476937 0.228734
vt 0.475285 0.215759
vt 0.493098 0.228027
vt 0.465612 0.200070
vt 0.484958 0.203137
vt 0.496636 0.224016
vt 0.460540 0.201957
vt 0.498406 0.217882
vt 0.492036 0.203962
vt 0.507371 0.208091
vt 0.455585 0.209625
vt 0.452990 0.205968
vt 0.458181 0.199008
vt 0.450395 0.205732
vt 0.464079 0.223072
vt 0.451929 0.212692
vt 0.444261 0.208091
vt 0.453462 0.219769
vt 0.437065 0.216938
vt 0.439189 0.206911
vt 0.432701 0.209271
vt 0.434470 0.243008
vt 0.426095 0.230268
vt 0.468561 0.234043
vt 0.448862 0.255984
vt 0.426331 0.281818
vt 0.480358 0.247255
vt 0.450985 0.272499
vt 0.446502 0.291608
vt 0.426095 0.311544
vt 0.462427 0.277571
vt 0.479768 0.265421
vt 0.445559 0.308831
vt 0.434234 0.320745
vt 0.466438 0.283233
vt 0.440840 0.325464
vt 0.483661 0.272263
vt 0.451221 0.311426
vt 0.464669 0.307179
vt 0.456175 0.303523
vt 0.463017 0.333485
vt 0.456293 0.293496
vt 0.463607 0.297624
vt 0.467618 0.293496
vt 0.473280 0.284885
vt 0.478942 0.305056
vt 0.490266 0.293850
vt 0.474341 0.322633
vt 0.489913 0.304112
vt 0.486374 0.323458
vt 0.463489 0.343040
vt 0.502063 0.284413
vt 0.494041 0.275801
vt 0.486492 0.326879
vt 0.467146 0.344220
vt 0.501827 0.302225
vt 0.504540 0.282171
vt 0.488143 0.328059
vt 0.483543 0.340563
vt 0.502652 0.308359
vt 0.508669 0.287244
vt 0.503478 0.275330
vt 0.508079 0.308595
vt 0.489205 0.340681
vt 0.484368 0.360145
vt 0.520229 0.295973
vt 0.515982 0.278043
vt 0.520347 0.267898
vt 0.515157 0.265421
vt 0.510910 0.271673
vt 0.508669 0.263769
vt 0.506073 0.265775
vt 0.492980 0.257163
vt 0.393099 0.466438
vt 0.393570 0.468679
vt 0.378117 0.485666
vt 0.398643 0.471039
vt 0.387200 0.479178
vt 0.384605 0.486374
vt 0.381066 0.498642
vt 0.381892 0.477173
vt 0.387908 0.460304
vt 0.377763 0.464433
vt 0.375876 0.459478
vt 0.367619 0.482009
vt 0.361956 0.505130
vt 0.363136 0.507725
vt 0.357356 0.520347
vt 0.359243 0.490266
vt 0.368680 0.453108
vt 0.359361 0.498524
vt 0.348981 0.513623
vt 0.348863 0.514685
vt 0.336123 0.516336
vt 0.339544 0.512915
vt 0.324208 0.512915
vt 0.354407 0.500883
vt 0.348155 0.505719
vt 0.345914 0.502535
vt 0.343200 0.505130
vt 0.323383 0.502535
vt 0.331640 0.500175
vt 0.321377 0.504894
vt 0.326450 0.498524
vt 0.320198 0.500529
vt 0.316777 0.500765
vt 0.278675 0.505837
vt 0.315715 0.509848
vt 0.316069 0.496518
vt 0.244348 0.510320
vt 0.238922 0.505837
vt 0.215801 0.520347
vt 0.283040 0.499467
vt 0.239747 0.501473
vt 0.220402 0.512089
vt 0.251544 0.495339
vt 0.214503 0.506191
vt 0.234321 0.495457
vt 0.232788 0.464433
vt 0.311233 0.475757
vt 0.264520 0.443435
vt 0.230074 0.440014
vt 0.283276 0.449687
vt 0.316305 0.474931
vt 0.315951 0.458770
vt 0.319254 0.460068
vt 0.281034 0.423854
vt 0.314654 0.433762
vt 0.294600 0.433408
vt 0.270300 0.415006
vt 0.250954 0.416422
vt 0.226064 0.417012
vt 0.258032 0.405805
vt 0.321731 0.446974
vt 0.327747 0.419253
vt 0.336123 0.430224
vt 0.320788 0.460658
vt 0.337538 0.453580
vt 0.347211 0.426213
vt 0.347447 0.431403
vt 0.357474 0.434116
vt 0.350868 0.471039
vt 0.332702 0.479060
vt 0.332466 0.497462
vt 0.338836 0.488025
vt 0.344380 0.488733
vt 0.337656 0.494513
vt 0.340015 0.489795
vt 0.343790 0.495221
vt 0.343318 0.492390
vt 0.340133 0.493805
vt 0.471841 0.075620
vt 0.474908 0.077153
vt 0.472549 0.085883
vt 0.482812 0.081164
vt 0.477621 0.091191
vt 0.475734 0.096617
vt 0.472313 0.094494
vt 0.483283 0.089186
vt 0.471015 0.103341
vt 0.474436 0.114429
vt 0.472195 0.129057
vt 0.479980 0.109475
vt 0.476442 0.130826
vt 0.484581 0.098033
vt 0.473021 0.146987
vt 0.483637 0.119502
vt 0.484581 0.104285
vt 0.490479 0.093196
vt 0.478093 0.140499
vt 0.484935 0.144510
vt 0.482340 0.137196
vt 0.479509 0.151824
vt 0.482458 0.128231
vt 0.494254 0.140735
vt 0.496967 0.149110
vt 0.497085 0.133893
vt 0.471959 0.158901
vt 0.476796 0.156306
vt 0.516667 0.155952
vt 0.544978 0.164328
vt 0.504281 0.152885
vt 0.505932 0.141915
vt 0.516903 0.153121
vt 0.542383 0.157604
vt 0.564442 0.162086
vt 0.578715 0.181314
vt 0.540731 0.153593
vt 0.517846 0.149818
vt 0.520796 0.151352
vt 0.511358 0.135545
vt 0.522211 0.143566
vt 0.517610 0.138376
vt 0.538372 0.146161
vt 0.527637 0.129293
vt 0.519026 0.127877
vt 0.504871 0.134129
vt 0.514072 0.121625
vt 0.504517 0.123631
vt 0.496731 0.127051
vt 0.491541 0.119738
vt 0.490597 0.107470
vt 0.495080 0.116081
vt 0.502629 0.119974
vt 0.498854 0.106172
vt 0.491069 0.098740
vt 0.509235 0.115609
vt 0.508527 0.111716
vt 0.503101 0.099684
vt 0.499090 0.091545
vt 0.517610 0.115963
vt 0.523155 0.116907
vt 0.527401 0.120328
vt 0.523391 0.106644
vt 0.515841 0.103695
vt 0.509117 0.108767
vt 0.533418 0.108885
vt 0.506994 0.096499
vt 0.516195 0.095084
vt 0.523627 0.097443
vt 0.510769 0.085647
vt 0.523980 0.089421
vt 0.528817 0.103105
vt 0.500860 0.080692
vt 0.490715 0.081518
vt 0.485879 0.072789
vt 0.501804 0.075974
vt 0.525750 0.078451
vt 0.509471 0.062644
vt 0.544860 0.079749
vt 0.548517 0.047899
vt 0.534833 0.086826
vt 0.533889 0.095438
vt 0.545568 0.087652
vt 0.539787 0.102397
vt 0.545568 0.097207
vt 0.552173 0.088714
vt 0.568806 0.056746
vt 0.575412 0.033743
vt 0.578715 0.037400
vt 0.571166 0.063824
vt 0.563616 0.078569
vt 0.569396 0.076681
vt 0.573643 0.083641
vt 0.564913 0.093314
vt 0.558897 0.085765
vt 0.555594 0.098623
vt 0.568688 0.102043
vt 0.573997 0.097915
vt 0.559251 0.102633
vt 0.550404 0.104167
vt 0.565739 0.108885
vt 0.574468 0.110773
vt 0.552999 0.114194
vt 0.546983 0.106526
vt 0.566329 0.118794
vt 0.558779 0.112660
vt 0.572581 0.119266
vt 0.539905 0.110301
vt 0.542619 0.118558
vt 0.533771 0.112424
vt 0.567980 0.125282
vt 0.570222 0.130236
vt 0.561375 0.123984
vt 0.536013 0.121389
vt 0.556420 0.123277
vt 0.561846 0.132832
vt 0.547455 0.122451
vt 0.555830 0.139320
vt 0.561257 0.138376
vt 0.561493 0.147931
vt 0.568688 0.147813
vt 0.558661 0.150998
vt 0.552292 0.131534
vt 0.561021 0.154773
vt 0.574704 0.155716
vt 0.546039 0.146161
vt 0.571166 0.168574
vt 0.541321 0.136960
vt 0.544034 0.132832
vt 0.540731 0.127877
vt 0.533653 0.127051
vt 0.206103 0.392492
vt 0.205159 0.396857
vt 0.199969 0.397447
vt 0.209877 0.406058
vt 0.203979 0.388835
vt 0.186049 0.395441
vt 0.202800 0.414433
vt 0.191475 0.381640
vt 0.203389 0.368192
vt 0.186875 0.393318
vt 0.200322 0.349790
vt 0.184515 0.391077
vt 0.186757 0.407709
vt 0.189588 0.374562
vt 0.190885 0.366776
vt 0.180741 0.418916
vt 0.169416 0.387420
vt 0.156204 0.375741
vt 0.169888 0.390251
vt 0.153255 0.376095
vt 0.161749 0.361586
vt 0.164698 0.357339
vt 0.172719 0.398744
vt 0.159271 0.358401
vt 0.166821 0.355216
vt 0.170596 0.346841
vt 0.154081 0.381286
vt 0.152076 0.377629
vt 0.149363 0.372910
vt 0.152312 0.382111
vt 0.148065 0.378455
vt 0.154789 0.393908
vt 0.148419 0.342358
vt 0.152430 0.394851
vt 0.150070 0.391077
vt 0.148773 0.407709
vt 0.148065 0.403345
vt 0.163282 0.406766
vt 0.145470 0.411720
vt 0.159507 0.428707
vt 0.174607 0.418562
vt 0.145470 0.399098
vt 0.141105 0.382937
vt 0.141931 0.378808
vt 0.138864 0.375270
vt 0.139926 0.397565
vt 0.142403 0.408889
vt 0.138864 0.370787
vt 0.128483 0.399334
vt 0.138274 0.401457
vt 0.140987 0.404878
vt 0.138274 0.407001
vt 0.128483 0.402401
vt 0.133674 0.411956
vt 0.142049 0.411012
vt 0.132494 0.414787
vt 0.130017 0.412192
vt 0.126832 0.404052
vt 0.124591 0.399098
vt 0.121995 0.411602
vt 0.118456 0.395913
vt 0.120580 0.387774
vt 0.120580 0.373264
vt 0.118692 0.371731
vt 0.122349 0.368428
vt 0.133910 0.316288
vt 0.142875 0.313575
vt 0.150542 0.318412
vt 0.163518 0.335870
vt 0.159036 0.322186
vt 0.161513 0.322069
vt 0.168237 0.328085
vt 0.166467 0.345425
vt 0.167529 0.325725
vt 0.190532 0.329028
vt 0.172011 0.321243
vt 0.200676 0.338819
vt 0.173309 0.332449
vt 0.194188 0.351677
vt 0.197845 0.341886
vt 0.193127 0.354744
vt 0.196076 0.353329
vt 0.209052 0.329854
vt 0.480488 0.600407
vt 0.497239 0.578938
vt 0.503963 0.584246
vt 0.486033 0.601233
vt 0.511276 0.583892
vt 0.508327 0.558294
vt 0.503609 0.542605
vt 0.495234 0.533522
vt 0.515759 0.583538
vt 0.511394 0.611731
vt 0.541121 0.618455
vt 0.511984 0.512997
vt 0.503963 0.510755
vt 0.509271 0.509222
vt 0.524252 0.512997
vt 0.548199 0.562541
vt 0.519298 0.543785
vt 0.568842 0.618455
vt 0.563298 0.540128
vt 0.572145 0.583656
vt 0.591137 0.618337
vt 0.597743 0.588493
vt 0.599394 0.586959
vt 0.613668 0.615034
vt 0.595974 0.554520
vt 0.614730 0.568675
vt 0.609067 0.534584
vt 0.594912 0.534820
vt 0.580285 0.517361
vt 0.594912 0.518659
vt 0.590901 0.511345
vt 0.559051 0.513940
vt 0.538054 0.512997
vt 0.548435 0.509812
vt 0.583941 0.509104
vt 0.593024 0.498487
vt 0.515523 0.507217
vt 0.509743 0.505211
vt 0.513754 0.495184
vt 0.549024 0.498487
vt 0.539470 0.490230
vt 0.513282 0.489404
vt 0.576510 0.486927
vt 0.591137 0.491292
vt 0.596563 0.488696
vt 0.605764 0.496718
vt 0.069620 0.457607
vt 0.059121 0.448760
vt 0.073159 0.434723
vt 0.107486 0.456074
vt 0.044848 0.430594
vt 0.033524 0.459495
vt 0.023733 0.438615
vt 0.033759 0.420095
vt 0.102296 0.432835
vt 0.131432 0.459495
vt 0.053695 0.414197
vt 0.080237 0.419506
vt 0.129191 0.435666
vt 0.140987 0.440975
vt 0.121406 0.412782
vt 0.108312 0.415141
vt 0.072805 0.414197
vt 0.050864 0.411130
vt 0.026682 0.419034
vt 0.035175 0.403463
vt 0.043904 0.400042
vt 0.013352 0.399334
vt 0.031754 0.375741
vt 0.093566 0.415023
vt 0.119990 0.411248
vt 0.110081 0.408417
vt 0.117631 0.398154
vt 0.132966 0.421983
vt 0.134381 0.421275
vt 0.148419 0.424696
vt 0.159271 0.446283
vt 0.167765 0.438733
vt 0.176376 0.438262
vt 0.178499 0.416085
vt 0.180859 0.412900
vt 0.176612 0.413254
vt 0.510861 0.485876
vt 0.503075 0.504632
vt 0.481488 0.491184
vt 0.499300 0.466648
vt 0.521123 0.472900
vt 0.514871 0.467945
vt 0.493048 0.463345
vt 0.524072 0.455913
vt 0.474292 0.468535
vt 0.458485 0.487763
vt 0.466979 0.510412
vt 0.437488 0.493189
vt 0.455772 0.471012
vt 0.466743 0.467120
vt 0.437606 0.467709
vt 0.462614 0.462637
vt 0.435011 0.471484
vt 0.427107 0.507345
vt 0.439139 0.508289
vt 0.429349 0.472192
vt 0.421799 0.510412
vt 0.430174 0.469597
vt 0.427579 0.472546
vt 0.405874 0.509822
vt 0.418260 0.473961
vt 0.405874 0.498969
vt 0.419204 0.472782
vt 0.425574 0.469125
vt 0.431236 0.461457
vt 0.429113 0.460396
vt 0.436426 0.456503
vt 0.435955 0.455087
vt 0.450346 0.454969
vt 0.469456 0.452846
vt 0.430292 0.440106
vt 0.414839 0.438337
vt 0.432887 0.441286
vt 0.430764 0.438455
vt 0.416609 0.435270
vt 0.471461 0.432203
vt 0.456008 0.452610
vt 0.475118 0.450015
vt 0.489156 0.450251
vt 0.489274 0.456739
vt 0.488330 0.452374
vt 0.505434 0.452138
vt 0.506496 0.449661
vt 0.516877 0.426305
vt 0.499654 0.395752
vt 0.517585 0.407549
vt 0.513928 0.392213
vt 0.509799 0.374519
vt 0.462496 0.415452
vt 0.497531 0.370744
vt 0.501660 0.370037
vt 0.510507 0.361779
vt 0.477949 0.368149
vt 0.492105 0.369093
vt 0.500126 0.362841
vt 0.458013 0.379238
vt 0.503429 0.361543
vt 0.504137 0.358830
vt 0.499182 0.362015
vt 0.502367 0.358240
vt 0.501896 0.357179
vt 0.506968 0.342669
vt 0.510743 0.359892
vt 0.508973 0.343613
vt 0.515225 0.342905
vt 0.449992 0.386669
vt 0.452587 0.383248
vt 0.446453 0.384782
vt 0.434539 0.387495
vt 0.425102 0.414980
vt 0.419558 0.390680
vt 0.417788 0.390680
vt 0.417788 0.410262
vt 0.406936 0.390090
vt 0.414721 0.421114
vt 0.412480 0.420289
vt 0.411182 0.409200
vt 0.408351 0.404246
vt 0.103003 0.400160
vt 0.108430 0.396857
vt 0.090971 0.400396
vt 0.067615 0.401221
vt 0.066789 0.399098
vt 0.069738 0.379752
vt 0.075046 0.376567
vt 0.034231 0.352975
vt 0.069620 0.338583
vt 0.034939 0.336106
vt 0.100880 0.315227
vt 0.040011 0.315817
vt 0.127304 0.321125
vt 0.065609 0.318648
vt 0.082006 0.315345
vt 0.038714 0.316052
vt 0.035529 0.314047
vt 0.059711 0.314755
vt 0.040129 0.307913
vt 0.032580 0.304256
vt 0.044966 0.307677
vt 0.039186 0.303077
vt 0.053105 0.302369
vt 0.065727 0.313339
vt 0.038242 0.300363
vt 0.032816 0.302959
vt 0.093330 0.306969
vt 0.089792 0.298594
vt 0.077288 0.294583
vt 0.035411 0.281961
vt 0.033052 0.276299
vt 0.062660 0.288095
vt 0.040011 0.295763
vt 0.037416 0.278540
vt 0.041663 0.293404
vt 0.040483 0.284910
vt 0.049920 0.265329
vt 0.021609 0.277951
vt 0.050864 0.272642
vt 0.062306 0.279248
vt 0.072333 0.269693
vt 0.083775 0.285854
vt 0.087196 0.280664
vt 0.086017 0.289393
vt 0.099464 0.289393
vt 0.104891 0.294819
vt 0.110435 0.292460
vt 0.112558 0.289865
vt 0.095690 0.269575
vt 0.109137 0.301189
vt 0.101588 0.267806
vt 0.114328 0.275473
vt 0.123057 0.316642
vt 0.124001 0.303430
vt 0.128365 0.315463
vt 0.123529 0.299066
vt 0.130843 0.305436
vt 0.133202 0.313811
vt 0.141577 0.307323
vt 0.133910 0.305318
vt 0.141105 0.304256
vt 0.141577 0.300245
vt 0.131432 0.302605
vt 0.139336 0.291280
vt 0.123647 0.294819
vt 0.125416 0.282315
vt 0.131314 0.279484
vt 0.140280 0.280428
vt 0.141459 0.276063
vt 0.140162 0.273704
vt 0.128837 0.277479
vt 0.129427 0.273232
vt 0.106660 0.257661
vt 0.099700 0.261790
vt 0.077641 0.259077
vt 0.054167 0.250583
vt 0.040247 0.256953
vt 0.361570 0.158003
vt 0.367468 0.151987
vt 0.362159 0.160363
vt 0.373956 0.160599
vt 0.378556 0.155762
vt 0.376669 0.170389
vt 0.365580 0.175934
vt 0.361098 0.171451
vt 0.365816 0.182068
vt 0.379736 0.173456
vt 0.382331 0.169800
vt 0.379618 0.158947
vt 0.401677 0.153285
vt 0.399435 0.171569
vt 0.385398 0.179237
vt 0.379500 0.181596
vt 0.390234 0.188202
vt 0.397430 0.198700
vt 0.385162 0.183719
vt 0.389881 0.179944
vt 0.390352 0.183365
vt 0.394245 0.178883
vt 0.430813 0.189617
vt 0.449923 0.195162
vt 0.448744 0.198700
vt 0.472808 0.188792
vt 0.468326 0.174872
vt 0.472336 0.178057
vt 0.473044 0.176641
vt 0.468208 0.169564
vt 0.451103 0.166025
vt 0.470921 0.167087
vt 0.457945 0.150336
vt 0.444261 0.157885
vt 0.417956 0.162604
vt 0.406749 0.164255
vt 0.444497 0.154465
vt 0.416540 0.159655
vt 0.412765 0.149156
vt 0.412411 0.145499
vt 0.438953 0.144674
vt 0.457119 0.147269
vt 0.460894 0.150572
vt 0.461484 0.145381
vt 0.452872 0.140309
vt 0.456529 0.137360
vt 0.451575 0.137478
vt 0.456293 0.129574
vt 0.450513 0.132759
vt 0.426331 0.136180
vt 0.453226 0.126154
vt 0.466202 0.119430
vt 0.454760 0.104330
vt 0.443671 0.124148
vt 0.446385 0.102797
vt 0.441548 0.080148
vt 0.466910 0.072481
vt 0.442020 0.108459
vt 0.439779 0.073070
vt 0.435178 0.088052
vt 0.435650 0.105038
vt 0.436476 0.115065
vt 0.428100 0.110583
vt 0.421966 0.128631
vt 0.419607 0.116245
vt 0.412883 0.127215
vt 0.427275 0.105982
vt 0.416540 0.102325
vt 0.418899 0.111054
vt 0.403328 0.120727
vt 0.408401 0.105156
vt 0.416068 0.092298
vt 0.406867 0.094422
vt 0.416776 0.133113
vt 0.414653 0.138068
vt 0.405334 0.130754
vt 0.403682 0.143376
vt 0.372186 0.150218
vt 0.357795 0.115537
vt 0.351071 0.120609
vt 0.377848 0.142550
vt 0.386813 0.139129
vt 0.394363 0.123794
vt 0.384218 0.130282
vt 0.363457 0.122379
vt 0.373720 0.121435
vt 0.392476 0.115301
vt 0.385516 0.119902
vt 0.397902 0.106690
vt 0.389055 0.113885
vt 0.394599 0.100792
vt 0.373366 0.116717
vt 0.365226 0.118722
vt 0.380797 0.110818
vt 0.360272 0.103033
vt 0.370889 0.112824
vt 0.384572 0.107633
vt 0.377259 0.101735
vt 0.390706 0.090883
vt 0.370417 0.091591
vt 0.364283 0.091355
vt 0.371950 0.086518
vt 0.402385 0.093714
vt 0.382095 0.081800
vt 0.393183 0.088170
vt 0.404862 0.085692
vt 0.392594 0.079440
vt 0.410996 0.089821
vt 0.416068 0.085221
vt 0.410288 0.078379
vt 0.405805 0.071183
vt 0.430224 0.074486
vt 0.395071 0.066347
vt 0.410878 0.069178
vt 0.421259 0.076255
vt 0.421494 0.079204
vt 0.425977 0.067408
vt 0.406867 0.060330
vt 0.399435 0.061628
vt 0.421023 0.054904
vt 0.388229 0.075194
vt 0.386931 0.070947
vt 0.395779 0.062454
vt 0.429398 0.057381
vt 0.421730 0.043934
vt 0.434352 0.041692
vt 0.408519 0.052781
vt 0.386342 0.057028
vt 0.383275 0.058915
vt 0.392948 0.053371
vt 0.413119 0.047001
vt 0.379618 0.047001
vt 0.397194 0.042400
vt 0.406041 0.040041
vt 0.416776 0.042872
vt 0.424444 0.034379
vt 0.411468 0.034025
vt 0.416422 0.023762
vt 0.405570 0.029306
vt 0.397548 0.035205
vt 0.432701 0.026239
vt 0.385398 0.041339
vt 0.389173 0.035558
vt 0.375725 0.037564
vt 0.365934 0.047355
vt 0.356615 0.042400
vt 0.354492 0.052309
vt 0.368529 0.052899
vt 0.376079 0.051955
vt 0.371832 0.054550
vt 0.360036 0.061156
vt 0.350245 0.059151
vt 0.370771 0.075430
vt 0.363221 0.082625
vt 0.371596 0.084277
vt 0.358620 0.088877
vt 0.354964 0.087462
vt 0.346588 0.058443
vt 0.337741 0.044052
vt 0.343049 0.066229
vt 0.338685 0.052191
vt 0.337859 0.075784
vt 0.227135 0.364686
vt 0.228669 0.352654
vt 0.230674 0.369640
vt 0.238106 0.353833
vt 0.231618 0.392879
vt 0.228787 0.392171
vt 0.241763 0.357726
vt 0.240229 0.353597
vt 0.242352 0.390166
vt 0.243178 0.352536
vt 0.240819 0.351002
vt 0.245891 0.352182
vt 0.234921 0.395474
vt 0.231854 0.399131
vt 0.255328 0.377780
vt 0.254502 0.359849
vt 0.257098 0.341093
vt 0.254620 0.390873
vt 0.256744 0.357726
vt 0.258513 0.342509
vt 0.258513 0.390166
vt 0.258159 0.360439
vt 0.273966 0.353243
vt 0.275972 0.342155
vt 0.250138 0.394412
vt 0.256744 0.392643
vt 0.236454 0.399485
vt 0.252497 0.401254
vt 0.258395 0.398423
vt 0.233269 0.403613
vt 0.253441 0.401962
vt 0.265709 0.391227
vt 0.274792 0.398305
vt 0.231028 0.404793
vt 0.222889 0.413758
vt 0.227961 0.404675
vt 0.223478 0.400546
vt 0.217698 0.401962
vt 0.225484 0.395238
vt 0.275854 0.390520
vt 0.294020 0.402552
vt 0.273848 0.388396
vt 0.274556 0.356900
vt 0.275736 0.388042
vt 0.276326 0.357490
vt 0.288476 0.356428
vt 0.288594 0.387217
vt 0.289419 0.354187
vt 0.295789 0.351710
vt 0.300508 0.357726
vt 0.299918 0.344986
vt 0.300744 0.338498
vt 0.306288 0.332128
vt 0.306406 0.342273
vt 0.312540 0.334841
vt 0.313838 0.349705
vt 0.316551 0.348525
vt 0.315253 0.332482
vt 0.314309 0.352890
vt 0.323275 0.332718
vt 0.322449 0.348761
vt 0.323628 0.353715
vt 0.324454 0.347935
vt 0.325870 0.347345
vt 0.326695 0.332364
vt 0.326106 0.351356
vt 0.328111 0.343453
vt 0.328937 0.353479
vt 0.343210 0.329415
vt 0.342738 0.326466
vt 0.344744 0.341565
vt 0.350406 0.333662
vt 0.354417 0.321512
vt 0.340025 0.320096
vt 0.336604 0.347227
vt 0.351704 0.346166
vt 0.349226 0.349941
vt 0.365977 0.314316
vt 0.361494 0.307828
vt 0.363382 0.325404
vt 0.363736 0.320922
vt 0.373998 0.335195
vt 0.373763 0.321983
vt 0.374234 0.316793
vt 0.388980 0.317973
vt 0.390041 0.307238
vt 0.369044 0.300632
vt 0.366803 0.299689
vt 0.368690 0.290016
vt 0.384851 0.300514
vt 0.403961 0.295324
vt 0.391339 0.312546
vt 0.407146 0.311485
vt 0.411982 0.300278
vt 0.417880 0.290959
vt 0.421419 0.290016
vt 0.413398 0.302520
vt 0.405730 0.318798
vt 0.411157 0.318091
vt 0.416465 0.305469
vt 0.413634 0.317265
vt 0.415049 0.324461
vt 0.410803 0.340032
vt 0.413870 0.342509
vt 0.409033 0.323753
vt 0.411510 0.345930
vt 0.406556 0.324697
vt 0.407854 0.341683
vt 0.408797 0.346638
vt 0.412218 0.347463
vt 0.400658 0.351592
vt 0.423307 0.348761
vt 0.391221 0.326938
vt 0.405966 0.338026
vt 0.386856 0.333662
vt 0.391103 0.339206
vt 0.389452 0.343806
vt 0.383435 0.337554
vt 0.383317 0.346402
vt 0.383199 0.340621
vt 0.356776 0.342509
vt 0.361612 0.347463
vt 0.363736 0.350058
vt 0.364090 0.355721
vt 0.327049 0.358080
vt 0.390985 0.360675
vt 0.424486 0.362445
vt 0.403017 0.367871
vt 0.351586 0.361619
vt 0.391339 0.369876
vt 0.424722 0.383914
vt 0.402545 0.379667
vt 0.325398 0.362091
vt 0.367510 0.365394
vt 0.325870 0.365394
vt 0.316551 0.359967
vt 0.322685 0.369050
vt 0.341913 0.370820
vt 0.370813 0.371056
vt 0.314191 0.361029
vt 0.314074 0.365983
vt 0.311714 0.366337
vt 0.312068 0.377898
vt 0.307939 0.387453
vt 0.299564 0.387217
vt 0.297559 0.387217
vt 0.297441 0.389340
vt 0.309827 0.388750
vt 0.295789 0.390991
vt 0.306406 0.390756
vt 0.310417 0.392053
vt 0.316905 0.391817
vt 0.304637 0.395238
vt 0.310653 0.394648
vt 0.304283 0.402434
vt 0.304165 0.404203
vt 0.308765 0.402316
vt 0.310535 0.397126
vt 0.315489 0.406563
vt 0.317494 0.411753
vt 0.314899 0.404203
vt 0.320208 0.407860
vt 0.319618 0.409983
vt 0.317141 0.404675
vt 0.316551 0.399839
vt 0.321269 0.408450
vt 0.329291 0.411399
vt 0.318674 0.397243
vt 0.323275 0.400193
vt 0.316551 0.395592
vt 0.318674 0.392643
vt 0.331532 0.404911
vt 0.324336 0.397833
vt 0.340143 0.409629
vt 0.338020 0.420010
vt 0.347693 0.420482
vt 0.334717 0.404203
vt 0.351586 0.411753
vt 0.372583 0.417297
vt 0.356540 0.425908
vt 0.362320 0.411753
vt 0.324336 0.395238
vt 0.351350 0.405029
vt 0.382492 0.408214
vt 0.374116 0.425201
vt 0.377301 0.427206
vt 0.392165 0.426852
vt 0.385677 0.421190
vt 0.400068 0.413050
vt 0.386267 0.415410
vt 0.400304 0.408686
vt 0.383200 0.412697
vt 0.400776 0.404911
vt 0.388626 0.404557
vt 0.400776 0.402552
vt 0.359017 0.403967
vt 0.398299 0.391935
vt 0.401838 0.382144
vt 0.359253 0.396182
vt 0.326224 0.395002
vt 0.386149 0.380729
vt 0.392283 0.380021
vt 0.376004 0.379077
vt 0.356304 0.381672
vt 0.340497 0.379667
vt 0.339318 0.385565
vt 0.327757 0.376718
vt 0.326578 0.384504
vt 0.326578 0.376954
vt 0.323864 0.370820
vt 0.318792 0.380375
vt 0.553357 0.843900
vt 0.557603 0.846613
vt 0.556895 0.856050
vt 0.552649 0.852511
vt 0.553357 0.864661
vt 0.545571 0.850978
vt 0.557603 0.884715
vt 0.548402 0.842013
vt 0.540499 0.891203
vt 0.538021 0.894152
vt 0.539673 0.874570
vt 0.528466 0.888254
vt 0.547105 0.843782
vt 0.548284 0.838946
vt 0.531651 0.875514
vt 0.518794 0.889905
vt 0.539319 0.861594
vt 0.521978 0.873863
vt 0.542622 0.849916
vt 0.536252 0.858173
vt 0.528113 0.873391
vt 0.525871 0.868318
vt 0.502987 0.870678
vt 0.528113 0.847557
vt 0.540617 0.845905
vt 0.511126 0.849562
vt 0.496617 0.842131
vt 0.508885 0.837058
vt 0.504284 0.833873
vt 0.513603 0.827621
vt 0.529410 0.835879
vt 0.543920 0.841541
vt 0.534954 0.831514
vt 0.456293 0.019751
vt 0.475639 0.021049
vt 0.445795 0.040867
vt 0.439071 0.027065
vt 0.453580 0.014561
vt 0.444733 0.015269
vt 0.465966 0.002529
vt 0.328341 0.305076
vt 0.325038 0.307789
vt 0.326571 0.303424
vt 0.332823 0.322888
vt 0.332116 0.313451
vt 0.330818 0.304368
vt 0.332823 0.302835
vt 0.332823 0.299768
vt 0.325981 0.300122
vt 0.325746 0.294577
vt 0.332116 0.293869
s 1
usemtl Material
f 1774/2486 1755/2487 1738/2488
f 1774/2486 1738/2488 1744/2489
f 1774/2486 1744/2489 1781/2490
f 1774/2486 1781/2490 1794/2491
f 1744/2489 1738/2488 1724/2492
f 1744/2489 1724/2492 1739/2493
f 1739/2493 1724/2492 1720/2494
f 1720/2494 1724/2492 1701/2495
f 1701/2495 1724/2492 1651/2496
f 1724/2492 1738/2488 1632/2497
f 1774/2486 1794/2491 1776/2498
f 1776/2498 1794/2491 1784/2499
f 1774/2486 1776/2498 1755/2487
f 1776/2498 1784/2499 1749/2500
f 1776/2498 1749/2500 1755/2487
f 1755/2487 1749/2500 1659/2501
f 1659/2501 1749/2500 1687/2502
f 1693/2503 1738/2488 1755/2487
f 1693/2503 1755/2487 1659/2501
f 1738/2488 1693/2503 1660/2504
f 1693/2503 1659/2501 1663/2505
f 1669/2506 1663/2505 1660/2504
f 1663/2505 1669/2506 1693/2503
f 1660/2504 1693/2503 1673/2507
f 1660/2504 1673/2507 1669/2506
f 1669/2506 1673/2507 1693/2503
f 1749/2508 1784/2509 1742/2510
f 1749/2508 1742/2510 1687/2511
f 1742/2510 1784/2509 1752/2512
f 1752/2512 1784/2509 1794/2513
f 1742/2510 1752/2512 1683/2514
f 1752/2512 1794/2513 1771/2515
f 1752/2512 1771/2515 1683/2514
f 1687/2511 1742/2510 1638/2516
f 1638/2516 1742/2510 1683/2514
f 1687/2511 1638/2516 1983/2517
f 1687/2511 1983/2517 1659/2518
f 1659/2518 1983/2517 2161/2519
f 1659/2518 2161/2519 1988/2520
f 1659/2518 1988/2520 1663/2521
f 2161/2519 1983/2517 2189/2522
f 1663/2521 1988/2520 1660/2523
f 1660/2523 1988/2520 1632/2524
f 1660/2523 1632/2524 1738/2525
f 2189/2522 1983/2517 2175/2526
f 2175/2526 1983/2517 1638/2516
f 2212/2527 2222/2528 2189/2522
f 2212/2527 2189/2522 2175/2526
f 2212/2527 2175/2526 2221/2529
f 2175/2526 1638/2516 1992/2530
f 2221/2529 2175/2526 2176/2531
f 2176/2531 2175/2526 1992/2530
f 2221/2529 2176/2531 2276/2532
f 1992/2530 1638/2516 1683/2514
f 2276/2532 2176/2531 2108/2533
f 2108/2533 2176/2531 1992/2530
f 2276/2532 2108/2533 2242/2534
f 2276/2532 2242/2534 2263/2535
f 2263/2535 2242/2534 2201/2536
f 2242/2534 2108/2533 2050/2537
f 2242/2534 2050/2537 2205/2538
f 2108/2533 1992/2530 1633/2539
f 2108/2533 1633/2539 2050/2537
f 1633/2539 1992/2530 1683/2514
f 2050/2537 1633/2539 1637/2540
f 2050/2537 1637/2540 1648/2541
f 1633/2539 1683/2514 1686/2542
f 1633/2539 1686/2542 1637/2540
f 1686/2542 1683/2514 1771/2515
f 1648/2541 1637/2540 1684/2543
f 1684/2543 1637/2540 1686/2542
f 1648/2541 1684/2543 1761/2544
f 1648/2541 1761/2544 1783/2545
f 1684/2543 1686/2542 1765/2546
f 1684/2543 1765/2546 1761/2544
f 1686/2542 1771/2515 1788/2547
f 1686/2542 1788/2547 1765/2546
f 1783/2545 1761/2544 1861/2548
f 1783/2545 1861/2548 1873/2549
f 1761/2544 1765/2546 1820/2550
f 1820/2550 1765/2546 1788/2547
f 1873/2549 1861/2548 1903/2551
f 1788/2547 1771/2515 1838/2552
f 1788/2547 1838/2552 1820/2550
f 1903/2551 1861/2548 1884/2553
f 1903/2551 1884/2553 1882/2554
f 1884/2553 1861/2548 1877/2555
f 1884/2553 1877/2555 1882/2554
f 1903/2551 1882/2554 1892/2556
f 1877/2555 1861/2548 1824/2557
f 1824/2557 1861/2548 1761/2544
f 1824/2557 1761/2544 1820/2550
f 1877/2555 1824/2557 1858/2558
f 1877/2555 1858/2558 1882/2554
f 1824/2557 1820/2550 1868/2559
f 1824/2557 1868/2559 1858/2558
f 1868/2559 1820/2550 1854/2560
f 1854/2560 1820/2550 1838/2552
f 1858/2558 1868/2559 1876/2561
f 1858/2558 1876/2561 1882/2554
f 1868/2559 1854/2560 1857/2562
f 1857/2562 1854/2560 1838/2552
f 1868/2559 1857/2562 1876/2561
f 1882/2554 1876/2561 1886/2563
f 1882/2554 1886/2563 1892/2556
f 1876/2561 1857/2562 1851/2564
f 1876/2561 1851/2564 1886/2563
f 1892/2556 1886/2563 1860/2565
f 1860/2565 1886/2563 1851/2564
f 1892/2556 1860/2565 1869/2566
f 1851/2564 1857/2562 1814/2567
f 1851/2564 1814/2567 1860/2565
f 1814/2567 1857/2562 1835/2568
f 1835/2568 1857/2562 1838/2552
f 1869/2566 1860/2565 1836/2569
f 1869/2566 1836/2569 1849/2570
f 1860/2565 1814/2567 1807/2571
f 1860/2565 1807/2571 1836/2569
f 1807/2571 1814/2567 1798/2572
f 1798/2572 1814/2567 1835/2568
f 1849/2570 1836/2569 1827/2573
f 1849/2570 1827/2573 1837/2574
f 1836/2569 1807/2571 1804/2575
f 1836/2569 1804/2575 1827/2573
f 1807/2571 1798/2572 1770/2576
f 1807/2571 1770/2576 1804/2575
f 1798/2572 1835/2568 1815/2577
f 1827/2573 1804/2575 1803/2578
f 1803/2578 1804/2575 1770/2576
f 1827/2573 1803/2578 1837/2574
f 1837/2574 1803/2578 1829/2579
f 1837/2574 1829/2579 1866/2580
f 1829/2579 1803/2578 1775/2581
f 1775/2581 1803/2578 1757/2582
f 1757/2582 1803/2578 1770/2576
f 1775/2581 1757/2582 1739/2583
f 1739/2583 1757/2582 1744/2584
f 1757/2582 1770/2576 1760/2585
f 1757/2582 1760/2585 1744/2584
f 1760/2585 1770/2576 1798/2572
f 1760/2585 1798/2572 1815/2577
f 1744/2584 1760/2585 1781/2586
f 1760/2585 1815/2577 1813/2587
f 1760/2585 1813/2587 1781/2586
f 1813/2587 1815/2577 1835/2568
f 1781/2586 1813/2587 1794/2513
f 1813/2587 1835/2568 1817/2588
f 1813/2587 1817/2588 1794/2513
f 1817/2588 1835/2568 1838/2552
f 1794/2513 1817/2588 1771/2515
f 1771/2515 1817/2588 1838/2552
f 2212/2589 2221/2590 2233/2591
f 2276/2592 2280/2593 2221/2590
f 2221/2590 2280/2593 2233/2591
f 2233/2591 2280/2593 2293/2594
f 2233/2591 2293/2594 2316/2595
f 2212/2589 2233/2591 2218/2596
f 2212/2589 2218/2596 2222/2597
f 2222/2597 2218/2596 2223/2598
f 2222/2597 2223/2598 2257/2599
f 2223/2598 2218/2596 2234/2600
f 2223/2598 2234/2600 2257/2599
f 2218/2596 2233/2591 2232/2601
f 2218/2596 2232/2601 2234/2600
f 2267/2602 2233/2591 2316/2595
f 2233/2591 2267/2602 2232/2601
f 2267/2602 2316/2595 2354/2603
f 2257/2599 2234/2600 2288/2604
f 2257/2599 2288/2604 2345/2605
f 2234/2600 2232/2601 2255/2606
f 2234/2600 2255/2606 2288/2604
f 2232/2601 2267/2602 2330/2607
f 2232/2601 2330/2607 2255/2606
f 2267/2602 2354/2603 2351/2608
f 2267/2602 2351/2608 2330/2607
f 2351/2608 2354/2603 2385/2609
f 2351/2608 2385/2609 2374/2610
f 2351/2608 2374/2610 2330/2607
f 2374/2610 2385/2609 2391/2611
f 2255/2606 2330/2607 2303/2612
f 2255/2606 2303/2612 2288/2604
f 2303/2612 2330/2607 2336/2613
f 2336/2613 2330/2607 2374/2610
f 2288/2604 2303/2612 2370/2614
f 2370/2614 2303/2612 2336/2613
f 2336/2613 2374/2610 2376/2615
f 2336/2613 2376/2615 2370/2614
f 2448/2616 2374/2610 2391/2611
f 2376/2615 2374/2610 2452/2617
f 2452/2617 2374/2610 2448/2616
f 2376/2615 2452/2617 2370/2614
f 2448/2616 2391/2611 2440/2618
f 2452/2617 2448/2616 2470/2619
f 2448/2616 2440/2618 2462/2620
f 2448/2616 2462/2620 2470/2619
f 2462/2620 2440/2618 2445/2621
f 2445/2621 2440/2618 2425/2622
f 2425/2622 2440/2618 2424/2623
f 2462/2620 2445/2621 2456/2624
f 2462/2620 2456/2624 2470/2619
f 2425/2622 2424/2623 2378/2625
f 2425/2622 2378/2625 2392/2626
f 2392/2626 2378/2625 2358/2627
f 2445/2621 2425/2622 2439/2628
f 2445/2621 2439/2628 2456/2624
f 2425/2622 2392/2626 2413/2629
f 2425/2622 2413/2629 2439/2628
f 2413/2629 2392/2626 2383/2630
f 2439/2628 2413/2629 2427/2631
f 2390/2632 2410/2633 2413/2629
f 2413/2629 2410/2633 2427/2631
f 2427/2631 2410/2633 2393/2634
f 2439/2628 2427/2631 2443/2635
f 2439/2628 2443/2635 2456/2624
f 2427/2631 2393/2634 2407/2636
f 2407/2636 2393/2634 2380/2637
f 2443/2635 2427/2631 2423/2638
f 2423/2638 2427/2631 2407/2636
f 2456/2624 2443/2635 2461/2639
f 2456/2624 2461/2639 2470/2619
f 2461/2639 2443/2635 2442/2640
f 2442/2640 2443/2635 2423/2638
f 2461/2639 2442/2640 2450/2641
f 2423/2638 2407/2636 2405/2642
f 2442/2640 2423/2638 2433/2643
f 2423/2638 2405/2642 2419/2644
f 2423/2638 2419/2644 2433/2643
f 2419/2644 2405/2642 2395/2645
f 2395/2645 2405/2642 2407/2636
f 2395/2645 2407/2636 2380/2637
f 2395/2645 2380/2637 2382/2646
f 2382/2646 2380/2637 2367/2647
f 2382/2646 2367/2647 2395/2645
f 2395/2645 2367/2647 2387/2648
f 2455/2649 2442/2640 2433/2643
f 2442/2640 2455/2649 2450/2641
f 2455/2649 2433/2643 2451/2650
f 2455/2649 2451/2650 2466/2651
f 2450/2641 2455/2649 2463/2652
f 2450/2641 2463/2652 2461/2639
f 2461/2639 2463/2652 2470/2619
f 2455/2649 2466/2651 2467/2653
f 2455/2649 2467/2653 2463/2652
f 2467/2653 2466/2651 2473/2654
f 2467/2653 2473/2654 2465/2655
f 2467/2653 2465/2655 2415/2656
f 2467/2653 2415/2656 2406/2657
f 2406/2657 2415/2656 2345/2605
f 2463/2652 2467/2653 2469/2658
f 2463/2652 2469/2658 2470/2619
f 2469/2658 2467/2653 2406/2657
f 2406/2657 2345/2605 2288/2604
f 2470/2619 2469/2658 2468/2659
f 2470/2619 2468/2659 2452/2617
f 2452/2617 2468/2659 2370/2614
f 2468/2659 2469/2658 2438/2660
f 2438/2660 2469/2658 2406/2657
f 2406/2657 2288/2604 2417/2661
f 2406/2657 2417/2661 2438/2660
f 2417/2661 2288/2604 2370/2614
f 2468/2659 2438/2660 2441/2662
f 2468/2659 2441/2662 2370/2614
f 2438/2660 2417/2661 2437/2663
f 2438/2660 2437/2663 2441/2662
f 2417/2661 2370/2614 2402/2664
f 2402/2664 2370/2614 2441/2662
f 2437/2663 2417/2661 2408/2665
f 2408/2665 2417/2661 2402/2664
f 2441/2662 2437/2663 2432/2666
f 2432/2666 2437/2663 2408/2665
f 2441/2662 2432/2666 2402/2664
f 2402/2664 2432/2666 2408/2665
f 2276/2667 2263/2668 2280/2669
f 2280/2669 2263/2668 2201/2670
f 2280/2669 2201/2670 2230/2671
f 2280/2669 2230/2671 2252/2672
f 2280/2669 2252/2672 2293/2673
f 2230/2671 2201/2670 2192/2674
f 2230/2671 2192/2674 2252/2672
f 2293/2673 2252/2672 2316/2675
f 2316/2675 2252/2672 2305/2676
f 2316/2675 2305/2676 2354/2677
f 2305/2676 2252/2672 2254/2678
f 2254/2678 2252/2672 2192/2674
f 2354/2677 2305/2676 2317/2679
f 2254/2678 2192/2674 2209/2680
f 2354/2677 2317/2679 2385/2681
f 2305/2676 2254/2678 2248/2682
f 2305/2676 2248/2682 2317/2679
f 2254/2678 2209/2680 2220/2683
f 2254/2678 2220/2683 2248/2682
f 2209/2680 2192/2674 2185/2684
f 2209/2680 2185/2684 2220/2683
f 2385/2681 2317/2679 2350/2685
f 2385/2681 2350/2685 2355/2686
f 2350/2685 2317/2679 2315/2687
f 2350/2685 2315/2687 2355/2686
f 2385/2681 2355/2686 2391/2688
f 2315/2687 2317/2679 2279/2689
f 2279/2689 2317/2679 2248/2682
f 2355/2686 2315/2687 2298/2690
f 2355/2686 2298/2690 2366/2691
f 2355/2686 2366/2691 2391/2688
f 2298/2690 2315/2687 2265/2692
f 2265/2692 2315/2687 2279/2689
f 2298/2690 2265/2692 2366/2691
f 2440/2693 2391/2688 2424/2694
f 2424/2694 2391/2688 2372/2695
f 2424/2694 2372/2695 2378/2696
f 2391/2688 2366/2691 2371/2697
f 2391/2688 2371/2697 2372/2695
f 2371/2697 2366/2691 2253/2698
f 2253/2698 2366/2691 2265/2692
f 2372/2695 2371/2697 2363/2699
f 2363/2699 2371/2697 2253/2698
f 2378/2696 2372/2695 2337/2700
f 2337/2700 2372/2695 2363/2699
f 2378/2696 2337/2700 2302/2701
f 2378/2696 2302/2701 2358/2702
f 2337/2700 2363/2699 2300/2703
f 2337/2700 2300/2703 2302/2701
f 2363/2699 2253/2698 2335/2704
f 2300/2703 2363/2699 2338/2705
f 2338/2705 2363/2699 2335/2704
f 2335/2704 2253/2698 2208/2706
f 2338/2705 2335/2704 2231/2707
f 2231/2707 2335/2704 2250/2708
f 2250/2708 2335/2704 2208/2706
f 2338/2705 2231/2707 2235/2709
f 2338/2705 2235/2709 2300/2703
f 2231/2707 2250/2708 2168/2710
f 2231/2707 2168/2710 2235/2709
f 2250/2708 2208/2706 2226/2711
f 2250/2708 2226/2711 2168/2710
f 2210/2712 2208/2706 2253/2698
f 2210/2712 2253/2698 2265/2692
f 2226/2711 2208/2706 2187/2713
f 2187/2713 2208/2706 2210/2712
f 2210/2712 2265/2692 2190/2714
f 2210/2712 2190/2714 2187/2713
f 2190/2714 2265/2692 2241/2715
f 2241/2715 2265/2692 2279/2689
f 2241/2715 2279/2689 2219/2716
f 2219/2716 2279/2689 2248/2682
f 2219/2716 2248/2682 2193/2717
f 2193/2717 2248/2682 2220/2683
f 2241/2715 2219/2716 2188/2718
f 2188/2718 2219/2716 2193/2717
f 2190/2714 2241/2715 2203/2719
f 2203/2719 2241/2715 2188/2718
f 2188/2718 2193/2717 2171/2720
f 2188/2718 2171/2720 2203/2719
f 2193/2717 2220/2683 2197/2721
f 2193/2717 2197/2721 2171/2720
f 2197/2721 2220/2683 2185/2684
f 2190/2714 2203/2719 2217/2722
f 2190/2714 2217/2722 2187/2713
f 2203/2719 2171/2720 2202/2723
f 2203/2719 2202/2723 2217/2722
f 2171/2720 2197/2721 2174/2724
f 2171/2720 2174/2724 2202/2723
f 2197/2721 2185/2684 2191/2725
f 2197/2721 2191/2725 2174/2724
f 2187/2713 2217/2722 2156/2726
f 2156/2726 2217/2722 2202/2723
f 2187/2713 2156/2726 2149/2727
f 2187/2713 2149/2727 2226/2711
f 2226/2711 2149/2727 2180/2728
f 2226/2711 2180/2728 2168/2710
f 2149/2727 2156/2726 2129/2729
f 2156/2726 2202/2723 2158/2730
f 2156/2726 2158/2730 2129/2729
f 2158/2730 2202/2723 2207/2731
f 2207/2731 2202/2723 2174/2724
f 2149/2727 2129/2729 2166/2732
f 2149/2727 2166/2732 2180/2728
f 2207/2731 2174/2724 2150/2733
f 2150/2733 2174/2724 2191/2725
f 2158/2730 2207/2731 2132/2734
f 2132/2734 2207/2731 2150/2733
f 2167/2735 2129/2729 2158/2730
f 2167/2735 2158/2730 2132/2734
f 2132/2734 2150/2733 2136/2736
f 2136/2736 2150/2733 2191/2725
f 2167/2735 2132/2734 2148/2737
f 2148/2737 2132/2734 2136/2736
f 2129/2729 2167/2735 2144/2738
f 2144/2738 2167/2735 2148/2737
f 2129/2729 2144/2738 2166/2732
f 2136/2736 2191/2725 2186/2739
f 2186/2739 2191/2725 2185/2684
f 2186/2739 2185/2684 2179/2740
f 2179/2740 2185/2684 2192/2674
f 2179/2740 2192/2674 2201/2670
f 2179/2740 2201/2670 2242/2741
f 2179/2740 2242/2741 2205/2742
f 2179/2740 2205/2742 2186/2739
f 2186/2739 2205/2742 2136/2736
f 2136/2736 2205/2742 2160/2743
f 2136/2736 2160/2743 2148/2737
f 2160/2743 2205/2742 2050/2744
f 2160/2743 2050/2744 2135/2745
f 2135/2745 2050/2744 1648/2746
f 2148/2737 2160/2743 2100/2747
f 2100/2747 2160/2743 2135/2745
f 2148/2737 2100/2747 2091/2748
f 2148/2737 2091/2748 2144/2738
f 2091/2748 2100/2747 2126/2749
f 2126/2749 2100/2747 2135/2745
f 2144/2738 2091/2748 2130/2750
f 2144/2738 2130/2750 2166/2732
f 2091/2748 2126/2749 2133/2751
f 2091/2748 2133/2751 2130/2750
f 2126/2749 2135/2745 2072/2752
f 2126/2749 2072/2752 2133/2751
f 1636/2753 2135/2745 1648/2746
f 1636/2753 1648/2746 1783/2754
f 1636/2753 1783/2754 1748/2755
f 1636/2753 1748/2755 1627/2756
f 1636/2753 1627/2756 2096/2757
f 1636/2753 2096/2757 2135/2745
f 2096/2757 1627/2756 2085/2758
f 2096/2757 2085/2758 2025/2759
f 2096/2757 2025/2759 2092/2760
f 2135/2745 2096/2757 2066/2761
f 2135/2745 2066/2761 2072/2752
f 2066/2761 2096/2757 2092/2760
f 2072/2752 2066/2761 2077/2762
f 2077/2762 2066/2761 2092/2760
f 2072/2752 2077/2762 2133/2751
f 2088/2763 2092/2760 2047/2764
f 2077/2762 2092/2760 2098/2765
f 2098/2765 2092/2760 2088/2763
f 2133/2751 2077/2762 2125/2766
f 2125/2766 2077/2762 2098/2765
f 2098/2765 2088/2763 2065/2767
f 2065/2767 2088/2763 2109/2768
f 2125/2766 2098/2765 2142/2769
f 2133/2751 2125/2766 2104/2770
f 2104/2770 2125/2766 2142/2769
f 2133/2751 2104/2770 2130/2750
f 2065/2767 2109/2768 2082/2771
f 2098/2765 2065/2767 2094/2772
f 2094/2772 2065/2767 2082/2771
f 2098/2765 2094/2772 2142/2769
f 2082/2771 2109/2768 2118/2773
f 2130/2750 2104/2770 2123/2774
f 2130/2750 2123/2774 2166/2732
f 2128/2775 2104/2770 2142/2769
f 2104/2770 2128/2775 2123/2774
f 2166/2732 2123/2774 2159/2776
f 2159/2776 2123/2774 2128/2775
f 2166/2732 2159/2776 2180/2728
f 2124/2777 2082/2771 2118/2773
f 2124/2777 2118/2773 2111/2778
f 2082/2771 2124/2777 2116/2779
f 2082/2771 2116/2779 2094/2772
f 2180/2728 2159/2776 2170/2780
f 2170/2780 2159/2776 2128/2775
f 2094/2772 2116/2779 2131/2781
f 2094/2772 2131/2781 2142/2769
f 2116/2779 2124/2777 2169/2782
f 2116/2779 2169/2782 2131/2781
f 2169/2782 2124/2777 2111/2778
f 2142/2769 2131/2781 2151/2783
f 2142/2769 2151/2783 2128/2775
f 2131/2781 2169/2782 2162/2784
f 2169/2782 2111/2778 2182/2785
f 2169/2782 2182/2785 2162/2784
f 2182/2785 2111/2778 2206/2786
f 2206/2786 2111/2778 2165/2787
f 2162/2784 2182/2785 2228/2788
f 2228/2788 2182/2785 2206/2786
f 2131/2781 2162/2784 2134/2789
f 2131/2781 2134/2789 2151/2783
f 2206/2786 2165/2787 2261/2790
f 2206/2786 2261/2790 2228/2788
f 2261/2790 2165/2787 2177/2791
f 2162/2784 2228/2788 2213/2792
f 2162/2784 2213/2792 2134/2789
f 2228/2788 2261/2790 2300/2703
f 2228/2788 2300/2703 2213/2792
f 2300/2703 2261/2790 2302/2701
f 2302/2701 2261/2790 2247/2793
f 2213/2792 2300/2703 2214/2794
f 2134/2789 2213/2792 2181/2795
f 2134/2789 2181/2795 2151/2783
f 2181/2795 2213/2792 2214/2794
f 2214/2794 2300/2703 2235/2709
f 2151/2783 2181/2795 2194/2796
f 2194/2796 2181/2795 2214/2794
f 2151/2783 2194/2796 2128/2775
f 2128/2775 2194/2796 2170/2780
f 2194/2796 2214/2794 2157/2797
f 2194/2796 2157/2797 2170/2780
f 2157/2797 2214/2794 2235/2709
f 2170/2780 2157/2797 2180/2728
f 2157/2797 2235/2709 2168/2710
f 2157/2797 2168/2710 2180/2728
f 2189/2798 2222/2799 2244/2800
f 2244/2800 2222/2799 2257/2801
f 2189/2798 2244/2800 2161/2802
f 2244/2800 2257/2801 2272/2803
f 2272/2803 2257/2801 2345/2804
f 2161/2802 2244/2800 2155/2805
f 2161/2802 2155/2805 1988/2806
f 2244/2800 2272/2803 2258/2807
f 2244/2800 2258/2807 2155/2805
f 1988/2806 2155/2805 1632/2808
f 2155/2805 2258/2807 2251/2809
f 2251/2809 2258/2807 2272/2803
f 2272/2803 2345/2804 2364/2810
f 2155/2805 2251/2809 2106/2811
f 1632/2808 2155/2805 2058/2812
f 2058/2812 2155/2805 2106/2811
f 2364/2810 2345/2804 2415/2813
f 2251/2809 2272/2803 2269/2814
f 2106/2811 2251/2809 2249/2815
f 2249/2815 2251/2809 2269/2814
f 2269/2814 2272/2803 2291/2816
f 2291/2816 2272/2803 2364/2810
f 2249/2815 2269/2814 2273/2817
f 2273/2817 2269/2814 2291/2816
f 2106/2811 2249/2815 2120/2818
f 2120/2818 2249/2815 2273/2817
f 2106/2811 2120/2818 2068/2819
f 2106/2811 2068/2819 2058/2812
f 2291/2816 2364/2810 2349/2820
f 2068/2819 2120/2818 2097/2821
f 2097/2821 2120/2818 2273/2817
f 2058/2812 2068/2819 2045/2822
f 2045/2822 2068/2819 1614/2823
f 2045/2822 1614/2823 2058/2812
f 2328/2824 2273/2817 2291/2816
f 2328/2824 2291/2816 2349/2820
f 2273/2817 2328/2824 2306/2825
f 2273/2817 2306/2825 2295/2826
f 2273/2817 2295/2826 2097/2821
f 2306/2825 2328/2824 2346/2827
f 2295/2826 2306/2825 2352/2828
f 2352/2828 2306/2825 2346/2827
f 2346/2827 2328/2824 2397/2829
f 2397/2829 2328/2824 2349/2820
f 2097/2821 2295/2826 1613/2830
f 2346/2827 2397/2829 2420/2831
f 2346/2827 2420/2831 2409/2832
f 2346/2827 2409/2832 2352/2828
f 2420/2831 2397/2829 2453/2833
f 2409/2832 2420/2831 2446/2834
f 2446/2834 2420/2831 2453/2833
f 2453/2833 2397/2829 2412/2835
f 2412/2835 2397/2829 2349/2820
f 2446/2834 2453/2833 2472/2836
f 2453/2833 2412/2835 2459/2837
f 2453/2833 2459/2837 2472/2836
f 2412/2835 2349/2820 2414/2838
f 2412/2835 2414/2838 2459/2837
f 2444/2839 2409/2832 2446/2834
f 2381/2840 2352/2828 2409/2832
f 2381/2840 2409/2832 2444/2839
f 2352/2828 2381/2840 2357/2841
f 2352/2828 2357/2841 2319/2842
f 2319/2842 2357/2841 2381/2840
f 2352/2828 2319/2842 2295/2826
f 2381/2840 2444/2839 2449/2843
f 2481/2844 2444/2839 2446/2834
f 2481/2844 2446/2834 2472/2836
f 2295/2826 2319/2842 2277/2845
f 2381/2840 2449/2843 2474/2846
f 2381/2840 2474/2846 2319/2842
f 2449/2843 2444/2839 2480/2847
f 2449/2843 2480/2847 2474/2846
f 2480/2847 2444/2839 2475/2848
f 2475/2848 2444/2839 2481/2844
f 2480/2847 2475/2848 2479/2849
f 2479/2849 2475/2848 2481/2844
f 2480/2847 2479/2849 2477/2850
f 2480/2847 2477/2850 2474/2846
f 2479/2849 2481/2844 2476/2851
f 2479/2849 2476/2851 2477/2850
f 2476/2851 2481/2844 2478/2852
f 2478/2852 2481/2844 2472/2836
f 2476/2851 2478/2852 2458/2853
f 2458/2853 2478/2852 2472/2836
f 2476/2851 2458/2853 2460/2854
f 2477/2850 2476/2851 2464/2855
f 2464/2855 2476/2851 2460/2854
f 2477/2850 2464/2855 2454/2856
f 2477/2850 2454/2856 2474/2846
f 2464/2855 2460/2854 2436/2857
f 2436/2857 2460/2854 2458/2853
f 2454/2856 2464/2855 2431/2858
f 2431/2858 2464/2855 2436/2857
f 2474/2846 2454/2856 2403/2859
f 2403/2859 2454/2856 2431/2858
f 2474/2846 2403/2859 2284/2860
f 2474/2846 2284/2860 2319/2842
f 2403/2859 2431/2858 2287/2861
f 2403/2859 2287/2861 2284/2860
f 2319/2842 2284/2860 2277/2845
f 2277/2845 2284/2860 2264/2862
f 2264/2862 2284/2860 2287/2861
f 2277/2845 1613/2830 2295/2826
f 1613/2830 2277/2845 1713/2863
f 1713/2863 2277/2845 2264/2862
f 1613/2830 1713/2863 1716/2864
f 1613/2830 1716/2864 1680/2865
f 1613/2830 1680/2865 1634/2866
f 1634/2866 1680/2865 1676/2867
f 1613/2830 1634/2866 2097/2821
f 1634/2866 1676/2867 1681/2868
f 1634/2866 1681/2868 1653/2869
f 2097/2821 1634/2866 1619/2870
f 1619/2870 1634/2866 1653/2869
f 2097/2821 1619/2870 2068/2819
f 1653/2869 1681/2868 1661/2871
f 2068/2819 1619/2870 1614/2823
f 1614/2823 1619/2870 1653/2869
f 1701/2872 1661/2871 1685/2873
f 1661/2871 1701/2872 1651/2874
f 1661/2871 1651/2874 1653/2869
f 1614/2823 1653/2869 1642/2875
f 1642/2875 1653/2869 1651/2874
f 1614/2823 1642/2875 1630/2876
f 1642/2875 1651/2874 1644/2877
f 1642/2875 1644/2877 1630/2876
f 1630/2876 1644/2877 1651/2874
f 1614/2823 1630/2876 1624/2878
f 1614/2823 1624/2878 2058/2812
f 1624/2878 1630/2876 1626/2879
f 1624/2878 1626/2879 2058/2812
f 1626/2879 1630/2876 1651/2874
f 2058/2812 1626/2879 1632/2808
f 1632/2808 1626/2879 1651/2874
f 1632/2808 1651/2874 1724/2880
f 2392/2881 2358/2882 2383/2883
f 2413/2884 2383/2883 2390/2885
f 2383/2883 2358/2882 2373/2886
f 2383/2883 2373/2886 2390/2885
f 2373/2886 2358/2882 2353/2887
f 2353/2887 2358/2882 2283/2888
f 2390/2885 2373/2886 2389/2889
f 2390/2885 2389/2889 2410/2890
f 2410/2890 2389/2889 2393/2891
f 2353/2887 2283/2888 2292/2892
f 2292/2892 2283/2888 2195/2893
f 2292/2892 2195/2893 2289/2894
f 2353/2887 2292/2892 2329/2895
f 2329/2895 2292/2892 2289/2894
f 2353/2887 2329/2895 2373/2886
f 2393/2891 2389/2889 2359/2896
f 2362/2897 2389/2889 2373/2886
f 2389/2889 2362/2897 2359/2896
f 2362/2897 2373/2886 2329/2895
f 2393/2891 2359/2896 2380/2898
f 2359/2896 2362/2897 2304/2899
f 2304/2899 2362/2897 2329/2895
f 2380/2898 2359/2896 2360/2900
f 2360/2900 2359/2896 2304/2899
f 2380/2898 2360/2900 2367/2901
f 2367/2901 2360/2900 2341/2902
f 2367/2901 2341/2902 2339/2903
f 2367/2901 2339/2903 2361/2904
f 2341/2902 2360/2900 2286/2905
f 2341/2902 2286/2905 2339/2903
f 2286/2905 2360/2900 2304/2899
f 2339/2903 2286/2905 2310/2906
f 2239/2907 2286/2905 2245/2908
f 2245/2908 2286/2905 2304/2899
f 2245/2908 2304/2899 2237/2909
f 2245/2908 2237/2909 2225/2910
f 2225/2910 2237/2909 2321/2911
f 2237/2909 2304/2899 2274/2912
f 2237/2909 2274/2912 2321/2911
f 2274/2912 2304/2899 2311/2913
f 2311/2913 2304/2899 2329/2895
f 2274/2912 2311/2913 2323/2914
f 2323/2914 2311/2913 2329/2895
f 2274/2912 2323/2914 2321/2911
f 2321/2911 2323/2914 2334/2915
f 2321/2911 2334/2915 2318/2916
f 2323/2914 2329/2895 2333/2917
f 2333/2917 2329/2895 2289/2894
f 2333/2917 2289/2894 2294/2918
f 2333/2917 2294/2918 2320/2919
f 2333/2917 2320/2919 2323/2914
f 2334/2915 2323/2914 2324/2920
f 2324/2920 2323/2914 2320/2919
f 2334/2915 2324/2920 2318/2916
f 2324/2920 2320/2919 2299/2921
f 2299/2921 2320/2919 2282/2922
f 2324/2920 2299/2921 2314/2923
f 2324/2920 2314/2923 2318/2916
f 2318/2916 2314/2923 2313/2924
f 2313/2924 2314/2923 2281/2925
f 2318/2916 2313/2924 2307/2926
f 2307/2926 2313/2924 2281/2925
f 2395/2927 2387/2928 2396/2929
f 2395/2927 2396/2929 2419/2930
s 0
f 2396/2929 2387/2928 2375/2931
s 1
f 2375/2931 2387/2928 2367/2932
f 2375/2931 2367/2932 2361/2933
f 2375/2931 2361/2933 2368/2934
f 2419/2930 2396/2929 2416/2935
f 2419/2930 2416/2935 2433/2936
f 2396/2929 2375/2931 2384/2937
f 2384/2937 2375/2931 2368/2934
f 2396/2929 2384/2937 2400/2938
f 2396/2929 2400/2938 2416/2935
f 2433/2936 2416/2935 2430/2939
f 2433/2936 2430/2939 2451/2940
f 2430/2939 2416/2935 2429/2941
f 2430/2939 2429/2941 2451/2940
f 2416/2935 2400/2938 2421/2942
f 2416/2935 2421/2942 2429/2941
f 2401/2943 2400/2938 2384/2937
f 2388/2944 2384/2937 2368/2934
f 2384/2937 2388/2944 2401/2943
f 2388/2944 2368/2934 2369/2945
f 2388/2944 2369/2945 2377/2946
f 2388/2944 2377/2946 2379/2947
f 2388/2944 2379/2947 2401/2943
f 2379/2947 2377/2946 2356/2948
f 2379/2947 2356/2948 2153/2949
f 2418/2950 2421/2942 2400/2938
f 2418/2950 2400/2938 2401/2943
f 2421/2942 2418/2950 2434/2951
f 2421/2942 2434/2951 2429/2941
f 2434/2951 2418/2950 2428/2952
f 2428/2952 2418/2950 2401/2943
f 2429/2941 2434/2951 2436/2857
f 2434/2951 2428/2952 2435/2953
f 2434/2951 2435/2953 2436/2857
f 2436/2857 2435/2953 2431/2858
f 2429/2941 2436/2857 2458/2853
f 2429/2941 2458/2853 2447/2954
f 2429/2941 2447/2954 2451/2940
f 2447/2954 2458/2853 2457/2955
f 2447/2954 2457/2955 2451/2940
f 2457/2955 2458/2853 2471/2956
f 2457/2955 2471/2956 2451/2940
f 2471/2956 2458/2853 2472/2836
f 2451/2940 2471/2956 2466/2957
f 2471/2956 2472/2836 2459/2837
f 2466/2957 2471/2956 2473/2958
f 2473/2958 2471/2956 2459/2837
f 2473/2958 2459/2837 2465/2959
f 2465/2959 2459/2837 2414/2838
f 2465/2959 2414/2838 2415/2813
f 2415/2813 2414/2838 2404/2960
f 2415/2813 2404/2960 2386/2961
f 2415/2813 2386/2961 2364/2810
f 2404/2960 2414/2838 2399/2962
f 2404/2960 2399/2962 2386/2961
f 2386/2961 2399/2962 2364/2810
f 2399/2962 2414/2838 2349/2820
f 2399/2962 2349/2820 2364/2810
f 2361/2963 2339/2964 2310/2965
f 2361/2963 2310/2965 2348/2966
f 2361/2963 2348/2966 2368/2967
f 2368/2967 2348/2966 2369/2968
f 2369/2968 2348/2966 2347/2969
f 2369/2968 2347/2969 2377/2970
f 2348/2966 2310/2965 2301/2971
f 2348/2966 2301/2971 2347/2969
f 2301/2971 2310/2965 2268/2972
s 0
f 2268/2972 2310/2965 2286/2973
s 1
f 2268/2972 2286/2973 2239/2974
f 2301/2971 2268/2972 2260/2975
f 2260/2975 2268/2972 2239/2974
f 2301/2971 2260/2975 2297/2976
f 2301/2971 2297/2976 2347/2969
f 2297/2976 2260/2975 2238/2977
f 2347/2969 2297/2976 2290/2978
f 2290/2978 2297/2976 2238/2977
f 2260/2975 2239/2974 2224/2979
f 2260/2975 2224/2979 2238/2977
f 2224/2979 2239/2974 2225/2980
f 2225/2980 2239/2974 2245/2981
f 2224/2979 2225/2980 2309/2982
f 2309/2982 2225/2980 2321/2983
f 2238/2977 2224/2979 2312/2984
f 2312/2984 2224/2979 2309/2982
f 2309/2982 2321/2983 2332/2985
f 2309/2982 2332/2985 2312/2984
f 2332/2985 2321/2983 2318/2986
f 2332/2985 2318/2986 2308/2987
f 2308/2987 2318/2986 2307/2988
f 2332/2985 2308/2987 2326/2989
f 2332/2985 2326/2989 2342/2990
f 2332/2985 2342/2990 2312/2984
f 2312/2984 2342/2990 2322/2991
f 2312/2984 2322/2991 2238/2977
f 2322/2991 2342/2990 2344/2992
f 2238/2977 2322/2991 2240/2993
f 2240/2993 2322/2991 2344/2992
f 2238/2977 2240/2993 2290/2978
f 2240/2993 2344/2992 2227/2994
f 2290/2978 2240/2993 2262/2995
f 2262/2995 2240/2993 2227/2994
f 2290/2978 2262/2995 2296/2996
f 2227/2994 2344/2992 2023/2997
f 2023/2997 2344/2992 2014/2998
f 2227/2994 2023/2997 2038/2999
f 2023/2997 2014/2998 1996/3000
f 2023/2997 1996/3000 2038/2999
f 1996/3000 2014/2998 1979/3001
f 2227/2994 2038/2999 2078/3002
f 2078/3002 2038/2999 1996/3000
f 2256/3003 2262/2995 2227/2994
f 2256/3003 2227/2994 2078/3002
f 2262/2995 2256/3003 2296/2996
f 2256/3003 2078/3002 2278/3004
f 2256/3003 2278/3004 2296/2996
f 2296/2996 2278/3004 2327/3005
f 2327/3005 2278/3004 2078/3002
f 2343/3006 2290/2978 2296/2996
f 2290/2978 2343/3006 2347/2969
f 2343/3006 2296/2996 2340/3007
f 2340/3007 2296/2996 2327/3005
f 2347/2969 2343/3006 2365/3008
f 2365/3008 2343/3006 2340/3007
f 2365/3008 2340/3007 2327/3005
f 2347/2969 2365/3008 2377/2970
f 2377/2970 2365/3008 2356/3009
f 2356/3009 2365/3008 2327/3005
f 2356/3009 2327/3005 2153/3010
f 2153/3010 2327/3005 2078/3002
f 2153/3010 2078/3002 1639/3011
f 2153/3010 1639/3011 1976/3012
s 0
f 1976/3012 1639/3011 1646/3013
s 1
f 1646/3013 1639/3011 1785/3014
s 0
f 1639/3011 2078/3002 1631/3015
s 1
f 1785/3014 1639/3011 1780/3016
f 1631/3015 2078/3002 1996/3000
f 1785/3014 1780/3016 1797/3017
f 1785/3014 1797/3017 1789/3018
f 1780/3016 1639/3011 1791/3019
f 1791/3019 1639/3011 1631/3015
f 1780/3016 1791/3019 1790/3020
f 1780/3016 1790/3020 1786/3021
f 1791/3019 1631/3015 1822/3022
f 1797/3017 1780/3016 1796/3023
f 1797/3017 1796/3023 1789/3018
f 1796/3023 1780/3016 1786/3021
f 1789/3018 1796/3023 1779/3024
f 1779/3024 1796/3023 1786/3021
f 1779/3024 1786/3021 1762/3025
f 1779/3024 1762/3025 1763/3026
f 1779/3024 1763/3026 1753/3027
f 1779/3024 1753/3027 1759/3028
f 1789/3018 1779/3024 1767/3029
f 1779/3024 1759/3028 1787/3030
f 1779/3024 1787/3030 1767/3029
f 1767/3029 1787/3030 1768/3031
f 1828/3032 1822/3022 1631/3015
f 1822/3022 1828/3032 1830/3033
f 1830/3033 1828/3032 1841/3034
f 1841/3034 1828/3032 1847/3035
f 1828/3032 1631/3015 1662/3036
f 1828/3032 1662/3036 1847/3035
f 1847/3035 1662/3036 1859/3037
f 1662/3036 1631/3015 1996/3000
f 1859/3037 1662/3036 1865/3038
f 1865/3038 1662/3036 1698/3039
f 1698/3039 1662/3036 1996/3000
f 1865/3038 1698/3039 1897/3040
f 1698/3039 1996/3000 1649/3041
f 1649/3041 1996/3000 1979/3001
f 1649/3041 1979/3001 1658/3042
f 1698/3039 1649/3041 1721/3043
f 1698/3039 1721/3043 1897/3040
f 1721/3043 1649/3041 1658/3042
f 1897/3040 1721/3043 1772/3044
f 1772/3044 1721/3043 1658/3042
f 2426/3045 2435/2953 2428/2952
f 2426/3045 2428/2952 2401/2943
f 2435/2953 2426/3045 2422/3046
f 2435/2953 2422/3046 2431/2858
f 2426/3045 2401/2943 2411/3047
f 2426/3045 2411/3047 2422/3046
f 2431/2858 2422/3046 2287/2861
f 2287/2861 2422/3046 2411/3047
f 2411/3047 2401/2943 2398/3048
f 2398/3048 2401/2943 2379/2947
f 2411/3047 2398/3048 2394/3049
f 2394/3049 2398/3048 2379/2947
f 2411/3047 2394/3049 2215/3050
f 2215/3050 2394/3049 2379/2947
f 2411/3047 2215/3050 2287/2861
f 2215/3050 2379/2947 2153/2949
f 2287/2861 2215/3050 2196/3051
f 2196/3051 2215/3050 2153/2949
f 2196/3051 2153/2949 1976/3052
f 2287/2861 2196/3051 2264/2862
s 0
f 2196/3051 1976/3052 1635/3053
s 1
f 2196/3051 1635/3053 2264/2862
s 0
f 1635/3053 1976/3052 1646/3054
s 1
f 2264/2862 1635/3053 1692/3055
f 1635/3053 1646/3054 1750/3056
f 2264/2862 1692/3055 1671/3057
f 2264/2862 1671/3057 1713/2863
f 1692/3055 1635/3053 1708/3058
f 1708/3058 1635/3053 1750/3056
f 1692/3055 1708/3058 1707/3059
f 1750/3056 1646/3054 1751/3060
f 1751/3060 1646/3054 1785/3061
f 1708/3058 1750/3056 1730/3062
f 1751/3060 1785/3061 1737/3063
f 1737/3063 1785/3061 1789/3064
f 1750/3056 1751/3060 1747/3065
f 1747/3065 1751/3060 1737/3063
f 1750/3056 1747/3065 1730/3062
f 1737/3063 1789/3064 1746/3066
f 1737/3063 1746/3066 1747/3065
f 1730/3062 1747/3065 1741/3067
f 1741/3067 1747/3065 1746/3066
f 1727/3068 1708/3058 1730/3062
f 1708/3058 1727/3068 1707/3059
f 1727/3068 1730/3062 1741/3067
f 1746/3066 1789/3064 1734/3069
f 1746/3066 1734/3069 1741/3067
f 1734/3069 1789/3064 1767/3070
f 1707/3059 1727/3068 1699/3071
f 1707/3059 1699/3071 1692/3055
f 1727/3068 1741/3067 1704/3072
f 1727/3068 1704/3072 1699/3071
f 1704/3072 1741/3067 1706/3073
f 1706/3073 1741/3067 1734/3069
f 1734/3069 1767/3070 1740/3074
f 1740/3074 1767/3070 1768/3075
f 1706/3073 1734/3069 1718/3076
f 1734/3069 1740/3074 1735/3077
f 1734/3069 1735/3077 1718/3076
f 1735/3077 1740/3074 1736/3078
f 1736/3078 1740/3074 1768/3075
f 1718/3076 1735/3077 1729/3079
f 1735/3077 1736/3078 1728/3080
f 1735/3077 1728/3080 1729/3079
f 1736/3078 1768/3075 1792/3081
f 1792/3081 1768/3075 1787/3082
f 1728/3080 1736/3078 1726/3083
f 1726/3083 1736/3078 1792/3081
f 1729/3079 1728/3080 1722/3084
f 1722/3084 1728/3080 1726/3083
f 1729/3079 1722/3084 1718/3076
f 1722/3084 1726/3083 1709/3085
f 1709/3085 1726/3083 1792/3081
f 1718/3076 1722/3084 1696/3086
f 1722/3084 1709/3085 1700/3087
f 1722/3084 1700/3087 1696/3086
f 1718/3076 1696/3086 1703/3088
f 1718/3076 1703/3088 1706/3073
f 1696/3086 1700/3087 1688/3089
f 1696/3086 1688/3089 1703/3088
f 1706/3073 1703/3088 1682/3090
f 1706/3073 1682/3090 1704/3072
f 1703/3088 1688/3089 1679/3091
f 1703/3088 1679/3091 1682/3090
f 1688/3089 1700/3087 1674/3092
f 1688/3089 1674/3092 1679/3091
f 1674/3092 1700/3087 1691/3093
f 1691/3093 1700/3087 1709/3085
f 1704/3072 1682/3090 1689/3094
f 1704/3072 1689/3094 1699/3071
f 1691/3093 1709/3085 1690/3095
f 1690/3095 1709/3085 1792/3081
f 1674/3092 1691/3093 1675/3096
f 1675/3096 1691/3093 1690/3095
f 1699/3071 1689/3094 1678/3097
f 1699/3071 1678/3097 1692/3055
f 1692/3055 1678/3097 1671/3057
f 1678/3097 1689/3094 1677/3098
f 1677/3098 1689/3094 1682/3090
f 1671/3057 1678/3097 1702/3099
f 1702/3099 1678/3097 1677/3098
f 1671/3057 1702/3099 1713/2863
f 1677/3098 1682/3090 1668/3100
f 1668/3100 1682/3090 1679/3091
f 1702/3099 1677/3098 1711/3101
f 1713/2863 1702/3099 1723/3102
f 1723/3102 1702/3099 1711/3101
f 1713/2863 1723/3102 1716/2864
f 1716/2864 1723/3102 1715/3103
f 1715/3103 1723/3102 1719/3104
f 1719/3104 1723/3102 1711/3101
f 1715/3103 1719/3104 1714/3105
f 1714/3105 1719/3104 1694/3106
f 1719/3104 1711/3101 1705/3107
f 1719/3104 1705/3107 1694/3106
f 1705/3107 1711/3101 1677/3098
f 1705/3107 1677/3098 1668/3100
f 1694/3106 1705/3107 1697/3108
f 1666/3109 1668/3100 1679/3091
f 1668/3100 1666/3109 1705/3107
f 1666/3109 1679/3091 1674/3092
f 1666/3109 1674/3092 1675/3096
f 1705/3107 1666/3109 1667/3110
f 1667/3110 1666/3109 1675/3096
f 1697/3108 1705/3107 1712/3111
f 1712/3111 1705/3107 1667/3110
f 1697/3108 1712/3111 1701/3112
f 1701/3112 1712/3111 1720/3113
f 1720/3113 1712/3111 1739/3114
f 1667/3110 1675/3096 1710/3115
f 1667/3110 1710/3115 1712/3111
f 1710/3115 1675/3096 1690/3095
f 1739/3114 1712/3111 1731/3116
f 1731/3116 1712/3111 1710/3115
f 1739/3114 1731/3116 1775/3117
f 1710/3115 1690/3095 1743/3118
f 1710/3115 1743/3118 1731/3116
f 1731/3116 1743/3118 1775/3117
f 1743/3118 1690/3095 1792/3081
f 1775/3117 1743/3118 1793/3119
f 1793/3119 1743/3118 1792/3081
f 1775/3117 1793/3119 1829/3120
f 1793/3119 1792/3081 1840/3121
f 1793/3119 1840/3121 1829/3120
f 2289/3122 2195/3123 2294/3124
f 2294/3124 2195/3123 2089/3125
f 2089/3125 2195/3123 2071/3126
f 2294/3124 2089/3125 2079/3127
f 2294/3124 2079/3127 2259/3128
f 2294/3124 2259/3128 2320/3129
f 2320/3129 2259/3128 2282/3130
f 2259/3128 2079/3127 2080/3131
f 2259/3128 2080/3131 2282/3130
f 2079/3127 2089/3125 2036/3132
f 2079/3127 2036/3132 2080/3131
f 2036/3132 2089/3125 2051/3133
f 2051/3133 2089/3125 2071/3126
f 2036/3132 2051/3133 2005/3134
f 2005/3134 2051/3133 2071/3126
f 2080/3131 2036/3132 2032/3135
f 2114/3136 2282/3130 2080/3131
f 2114/3136 2080/3131 2032/3135
f 2282/3130 2114/3136 2173/3137
f 2282/3130 2173/3137 2200/3138
f 2282/3130 2200/3138 2299/3139
f 2173/3137 2114/3136 2184/3140
f 2173/3137 2184/3140 2200/3138
f 2184/3140 2114/3136 2115/3141
f 2200/3138 2184/3140 2145/3142
f 2145/3142 2184/3140 2115/3141
f 2115/3141 2114/3136 2113/3143
f 2115/3141 2113/3143 2145/3142
f 2145/3142 2113/3143 2200/3138
f 2113/3143 2114/3136 2032/3135
f 2200/3138 2113/3143 2199/3144
f 2200/3138 2199/3144 2299/3139
f 2199/3144 2113/3143 2032/3135
f 2299/3139 2199/3144 2271/3145
f 2299/3139 2271/3145 2314/3146
f 2314/3146 2271/3145 2281/3147
f 2281/3147 2271/3145 2199/3144
f 2281/3147 2199/3144 2141/3148
f 2281/3147 2141/3148 2163/3149
f 2163/3149 2141/3148 2140/3150
f 2140/3150 2141/3148 2110/3151
f 2141/3148 2199/3144 2031/3152
f 2141/3148 2031/3152 2110/3151
f 2031/3152 2199/3144 2032/3135
f 2110/3151 2031/3152 2090/3153
f 2090/3153 2031/3152 1973/3154
f 1973/3154 2031/3152 1615/3155
f 2031/3152 2032/3135 1990/3156
f 2031/3152 1990/3156 1615/3155
f 1990/3156 2032/3135 1994/3157
f 1994/3157 2032/3135 2036/3132
f 1615/3155 1990/3156 1621/3158
f 1615/3155 1621/3158 1973/3154
f 1994/3157 2036/3132 2005/3134
f 1990/3156 1994/3157 1975/3159
f 1975/3159 1994/3157 2005/3134
f 1990/3156 1975/3159 1621/3158
f 1975/3159 2005/3134 1985/3160
f 1975/3159 1985/3160 1621/3158
f 1985/3160 2005/3134 1998/3161
f 1998/3161 2005/3134 2071/3126
f 1621/3158 1985/3160 1617/3162
f 1617/3162 1985/3160 1998/3161
f 1620/3163 1973/3154 1621/3158
f 1973/3154 1620/3163 1622/3164
f 1622/3164 1620/3163 1628/3165
f 1620/3163 1621/3158 1618/3166
f 1620/3163 1618/3166 1628/3165
f 1618/3166 1621/3158 1617/3162
f 1628/3165 1618/3166 1625/3167
f 1618/3166 1617/3162 1982/3168
f 1618/3166 1982/3168 1625/3167
f 1982/3168 1617/3162 1998/3161
f 1625/3167 1982/3168 2004/3169
f 2004/3169 1982/3168 2012/3170
f 1982/3168 1998/3161 2042/3171
f 1982/3168 2042/3171 2012/3170
f 2004/3169 2012/3170 2006/3172
f 2004/3169 2006/3172 1641/3173
f 1641/3173 2006/3172 1623/3174
f 2006/3172 2012/3170 1977/3175
f 1977/3175 2012/3170 2042/3171
f 1623/3174 2006/3172 2018/3176
f 2018/3176 2006/3172 1977/3175
f 1623/3174 2018/3176 2029/3177
f 1623/3174 2029/3177 1664/3178
f 2018/3176 1977/3175 1989/3179
f 1664/3178 2029/3177 2043/3180
f 2029/3177 2018/3176 1987/3181
f 2029/3177 1987/3181 2043/3180
f 2018/3176 1989/3179 2000/3182
f 2018/3176 2000/3182 1987/3181
f 1989/3179 1977/3175 1974/3183
f 2000/3182 1989/3179 2020/3184
f 2020/3184 1989/3179 1974/3183
f 1974/3183 1977/3175 1997/3185
f 1997/3185 1977/3175 2042/3171
f 1974/3183 1997/3185 2003/3186
f 1974/3183 2003/3186 2020/3184
f 1997/3185 2042/3171 2035/3187
f 1997/3185 2035/3187 2003/3186
f 2000/3182 2020/3184 2013/3188
f 2000/3182 2013/3188 2007/3189
f 2007/3189 2013/3188 2020/3184
f 2000/3182 2007/3189 1987/3181
f 2020/3184 2003/3186 1993/3190
f 2020/3184 1993/3190 2007/3189
f 1993/3190 2003/3186 2024/3191
f 2024/3191 2003/3186 2035/3187
f 2007/3189 1993/3190 2011/3192
f 2011/3192 1993/3190 2024/3191
f 1987/3181 2007/3189 2002/3193
f 2007/3189 2011/3192 2067/3194
f 2007/3189 2067/3194 2002/3193
f 2009/3195 2035/3187 2042/3171
f 2009/3195 2042/3171 2040/3196
f 2009/3195 2040/3196 2035/3187
f 2040/3196 2042/3171 1998/3161
f 2035/3187 2040/3196 1995/3197
f 2035/3187 1995/3197 2024/3191
f 2040/3196 1998/3161 2048/3198
f 2040/3196 2048/3198 1995/3197
f 2048/3198 1998/3161 2071/3126
f 2048/3198 2071/3126 2147/3199
f 2147/3199 2071/3126 2195/3123
f 2147/3199 2195/3123 2216/3200
f 2216/3200 2195/3123 2283/3201
f 2048/3198 2147/3199 2073/3202
f 1995/3197 2048/3198 2041/3203
f 2041/3203 2048/3198 2073/3202
f 1995/3197 2041/3203 2026/3204
f 1995/3197 2026/3204 2024/3191
f 2041/3203 2073/3202 2044/3205
f 2041/3203 2044/3205 2026/3204
f 2073/3202 2147/3199 2178/3206
f 2178/3206 2147/3199 2216/3200
f 2044/3205 2073/3202 2086/3207
f 2086/3207 2073/3202 2178/3206
f 2026/3204 2044/3205 2101/3208
f 2026/3204 2101/3208 2024/3191
f 2101/3208 2044/3205 2054/3209
f 2054/3209 2044/3205 2086/3207
f 2024/3191 2101/3208 2046/3210
f 2024/3191 2046/3210 2011/3192
f 2101/3208 2054/3209 2087/3211
f 2087/3211 2054/3209 2086/3207
f 2101/3208 2087/3211 2046/3210
f 2011/3192 2046/3210 2067/3194
f 2046/3210 2087/3211 2022/3212
f 2046/3210 2022/3212 2067/3194
f 2087/3211 2086/3207 2119/3213
f 2119/3213 2086/3207 2172/3214
f 2172/3214 2086/3207 2178/3206
f 2087/3211 2119/3213 2062/3215
f 2172/3214 2178/3206 2183/3216
f 2119/3213 2172/3214 2107/3217
f 2119/3213 2107/3217 2062/3215
f 2107/3217 2172/3214 2183/3216
f 2087/3211 2062/3215 2059/3218
f 2087/3211 2059/3218 2022/3212
f 2059/3218 2062/3215 2070/3219
f 2059/3218 2070/3219 2022/3212
f 2070/3219 2062/3215 2107/3217
f 2183/3216 2178/3206 2216/3200
f 2022/3212 2070/3219 2028/3220
f 2070/3219 2107/3217 2099/3221
f 2070/3219 2099/3221 2028/3220
f 2099/3221 2107/3217 2146/3222
f 2146/3222 2107/3217 2183/3216
f 2099/3221 2146/3222 2117/3223
f 2099/3221 2117/3223 2028/3220
f 2022/3212 2028/3220 2053/3224
f 2022/3212 2053/3224 2067/3194
f 2028/3220 2117/3223 2112/3225
f 2053/3224 2028/3220 2049/3226
f 2049/3226 2028/3220 2112/3225
f 2053/3224 2049/3226 2016/3227
f 2053/3224 2016/3227 2067/3194
f 2049/3226 2112/3225 2037/3228
f 2049/3226 2037/3228 2016/3227
f 2067/3194 2016/3227 2033/3229
f 2067/3194 2033/3229 2002/3193
f 2002/3193 2033/3229 2019/3230
f 2019/3230 2033/3229 2016/3227
f 2002/3193 2019/3230 1987/3181
f 2016/3227 2037/3228 2001/3231
f 2016/3227 2001/3231 2019/3230
f 2001/3231 2037/3228 2027/3232
f 1987/3181 2019/3230 2030/3233
f 2027/3232 2037/3228 2084/3234
f 2001/3231 2027/3232 2034/3235
f 2034/3235 2027/3232 2084/3234
f 2019/3230 2001/3231 2055/3236
f 2055/3236 2001/3231 2034/3235
f 2019/3230 2055/3236 2039/3237
f 2019/3230 2039/3237 2030/3233
f 2030/3233 2039/3237 2055/3236
f 2043/3180 1987/3181 2030/3233
f 2030/3233 2055/3236 2008/3238
f 2008/3238 2055/3236 2034/3235
f 2030/3233 2008/3238 2043/3180
f 2008/3238 2034/3235 2052/3239
f 2052/3239 2034/3235 2095/3240
f 2095/3240 2034/3235 2084/3234
f 2008/3238 2052/3239 2021/3241
f 2075/3242 2084/3234 2037/3228
f 2075/3242 2037/3228 2112/3225
f 2084/3234 2075/3242 2069/3243
f 2069/3243 2075/3242 2112/3225
f 2084/3234 2069/3243 2081/3244
f 2084/3234 2081/3244 2095/3240
f 2008/3238 2021/3241 2017/3245
f 2008/3238 2017/3245 2043/3180
f 2017/3245 2021/3241 2063/3246
f 2043/3180 2017/3245 2076/3247
f 2076/3247 2017/3245 2063/3246
f 2057/3248 2021/3241 2052/3239
f 2057/3248 2052/3239 2095/3240
f 2021/3241 2057/3248 2063/3246
f 2093/3249 2095/3240 2081/3244
f 2083/3250 2081/3244 2069/3243
f 2081/3244 2083/3250 2093/3249
f 2095/3240 2093/3249 2060/3251
f 2095/3240 2060/3251 2057/3248
f 2063/3246 2057/3248 2074/3252
f 2060/3251 2093/3249 2121/3253
f 2057/3248 2060/3251 2056/3254
f 2056/3254 2060/3251 2121/3253
f 2057/3248 2056/3254 2064/3255
f 2057/3248 2064/3255 2074/3252
f 2063/3246 2074/3252 2061/3256
f 2061/3256 2074/3252 2064/3255
f 2063/3246 2061/3256 2025/3257
f 2061/3256 2064/3255 2047/3258
f 2061/3256 2047/3258 2025/3257
f 2025/3257 2047/3258 2092/3259
f 2047/3258 2064/3255 2088/3260
f 2088/3260 2064/3255 2109/3261
f 2109/3261 2064/3255 2056/3254
f 2063/3246 2025/3257 2076/3247
f 2076/3247 2025/3257 2085/3262
f 2109/3261 2056/3254 2105/3263
f 2109/3261 2105/3263 2118/3264
f 2105/3263 2056/3254 2121/3253
f 2118/3264 2105/3263 2111/3265
f 2111/3265 2105/3263 2121/3253
f 2111/3265 2121/3253 2138/3266
f 2111/3265 2138/3266 2165/3267
f 2165/3267 2138/3266 2177/3268
f 2138/3266 2121/3253 2164/3269
f 2138/3266 2164/3269 2177/3268
f 2164/3269 2121/3253 2152/3270
f 2152/3270 2121/3253 2093/3249
f 2152/3270 2093/3249 2083/3250
f 2164/3269 2152/3270 2139/3271
f 2139/3271 2152/3270 2083/3250
f 2164/3269 2139/3271 2154/3272
f 2154/3272 2139/3271 2083/3250
f 2229/3273 2177/3268 2164/3269
f 2229/3273 2164/3269 2154/3272
f 2154/3272 2083/3250 2102/3274
f 2102/3274 2083/3250 2069/3243
f 2102/3274 2069/3243 2112/3225
f 2154/3272 2102/3274 2143/3275
f 2154/3272 2143/3275 2229/3273
f 2102/3274 2112/3225 2122/3276
f 2102/3274 2122/3276 2143/3275
f 2122/3276 2112/3225 2117/3223
f 2122/3276 2117/3223 2146/3222
f 2143/3275 2122/3276 2198/3277
f 2198/3277 2122/3276 2146/3222
f 2143/3275 2198/3277 2229/3273
f 2198/3277 2146/3222 2183/3216
f 2198/3277 2183/3216 2211/3278
f 2198/3277 2211/3278 2229/3273
f 2211/3278 2183/3216 2216/3200
f 2229/3273 2211/3278 2247/3279
f 2229/3273 2247/3279 2177/3268
f 2177/3268 2247/3279 2261/3280
f 2247/3279 2211/3278 2285/3281
f 2285/3281 2211/3278 2216/3200
f 2247/3279 2285/3281 2302/3282
f 2285/3281 2216/3200 2283/3201
f 2302/3282 2285/3281 2358/3283
f 2358/3283 2285/3281 2283/3201
f 2307/3284 2281/3285 2266/3286
f 2266/3286 2281/3285 2163/3287
f 2307/3284 2266/3286 2270/3288
f 2307/3284 2270/3288 2308/3289
f 2266/3286 2163/3287 2137/3290
f 2137/3290 2163/3287 2140/3291
f 2270/3288 2266/3286 2127/3292
f 2127/3292 2266/3286 2137/3290
f 2137/3290 2140/3291 2103/3293
f 2103/3293 2140/3291 2110/3294
f 2103/3293 2110/3294 2090/3295
f 2103/3293 2090/3295 2137/3290
f 2137/3290 2090/3295 2127/3292
f 2236/3296 2308/3289 2270/3288
f 2236/3296 2270/3288 2127/3292
f 2308/3289 2236/3296 2246/3297
f 2127/3292 2090/3295 1984/3298
f 1984/3298 2090/3295 1986/3299
f 1986/3299 2090/3295 1973/3300
f 2127/3292 1984/3298 1991/3301
f 1986/3299 1973/3300 1972/3302
f 1972/3302 1973/3300 1622/3303
f 1984/3298 1986/3299 1980/3304
f 1984/3298 1980/3304 1991/3301
f 1986/3299 1972/3302 1978/3305
f 1986/3299 1978/3305 1980/3304
f 1972/3302 1622/3303 1647/3306
f 1972/3302 1647/3306 1978/3305
f 1647/3306 1622/3303 1665/3307
f 1999/3308 2127/3292 1991/3301
f 2127/3292 1999/3308 2236/3296
f 1981/3309 1991/3301 1980/3304
f 1991/3301 1981/3309 1999/3308
f 2236/3296 1999/3308 2204/3310
f 2236/3296 2204/3310 2246/3297
f 1999/3308 1981/3309 2010/3311
f 1999/3308 2010/3311 2204/3310
f 2010/3311 1981/3309 1979/3312
f 2204/3310 2010/3311 2243/3313
f 2204/3310 2243/3313 2246/3297
f 2010/3311 1979/3312 2014/3314
f 2010/3311 2014/3314 2243/3313
f 1979/3312 1981/3309 1629/3315
f 1629/3315 1981/3309 1980/3304
f 1979/3312 1629/3315 1658/3316
f 2243/3313 2014/3314 2275/3317
f 2243/3313 2275/3317 2246/3297
f 2275/3317 2014/3314 2344/3318
f 2246/3297 2275/3317 2325/3319
f 2325/3319 2275/3317 2344/3318
f 2246/3297 2325/3319 2331/3320
f 2331/3320 2325/3319 2344/3318
f 2246/3297 2331/3320 2308/3289
f 2331/3320 2344/3318 2342/3321
f 2308/3289 2331/3320 2326/3322
f 2326/3322 2331/3320 2342/3321
f 1652/3323 1658/3316 1629/3315
f 1658/3316 1652/3323 1772/3324
f 1643/3325 1629/3315 1980/3304
f 1629/3315 1643/3325 1652/3323
f 1643/3325 1980/3304 1978/3305
f 1643/3325 1978/3305 1645/3326
f 1645/3326 1978/3305 1647/3306
f 1643/3325 1645/3326 1654/3327
f 1643/3325 1654/3327 1652/3323
f 1654/3327 1645/3326 1650/3328
f 1650/3328 1645/3326 1647/3306
f 1654/3327 1650/3328 1717/3329
f 1717/3329 1650/3328 1647/3306
f 1652/3323 1654/3327 1725/3330
f 1725/3330 1654/3327 1717/3329
f 1717/3329 1647/3306 1733/3331
f 1733/3331 1647/3306 1809/3332
f 1717/3329 1733/3331 1821/3333
f 1717/3329 1821/3333 1725/3330
f 1821/3333 1733/3331 1809/3332
f 1809/3332 1647/3306 1665/3307
f 1809/3332 1665/3307 1863/3334
f 1863/3334 1665/3307 1875/3335
f 1875/3335 1665/3307 1928/3336
f 1863/3334 1875/3335 1913/3337
f 1913/3337 1875/3335 1928/3336
f 1863/3334 1913/3337 1809/3332
f 1913/3337 1928/3336 1960/3338
f 1809/3332 1913/3337 1958/3339
f 1958/3339 1913/3337 1960/3338
f 1809/3332 1958/3339 1821/3333
f 1958/3339 1960/3338 1968/3340
f 1968/3340 1960/3338 1967/3341
f 1821/3333 1958/3339 1950/3342
f 1950/3342 1958/3339 1968/3340
f 1968/3340 1967/3341 1962/3343
f 1968/3340 1962/3343 1964/3344
f 1950/3342 1968/3340 1946/3345
f 1946/3345 1968/3340 1964/3344
f 1964/3344 1962/3343 1957/3346
f 1964/3344 1957/3346 1946/3345
f 1957/3346 1962/3343 1965/3347
f 1965/3347 1962/3343 1971/3348
f 1946/3345 1957/3346 1945/3349
f 1945/3349 1957/3346 1965/3347
f 1965/3347 1971/3348 1970/3350
f 1946/3345 1945/3349 1936/3351
f 1970/3350 1971/3348 1969/3352
f 1969/3352 1971/3348 1966/3353
f 1965/3347 1970/3350 1959/3354
f 1970/3350 1969/3352 1963/3355
f 1970/3350 1963/3355 1959/3354
f 1969/3352 1966/3353 1954/3356
f 1954/3356 1966/3353 1924/3357
f 1965/3347 1959/3354 1953/3358
f 1965/3347 1953/3358 1945/3349
f 1953/3358 1959/3354 1937/3359
f 1937/3359 1959/3354 1963/3355
f 1945/3349 1953/3358 1919/3360
f 1919/3360 1953/3358 1937/3359
f 1945/3349 1919/3360 1936/3351
f 1954/3356 1924/3357 1911/3361
f 1911/3361 1924/3357 1856/3362
f 1955/3363 1969/3352 1954/3356
f 1969/3352 1955/3363 1963/3355
f 1955/3363 1954/3356 1949/3364
f 1949/3364 1954/3356 1911/3361
f 1963/3355 1955/3363 1948/3365
f 1955/3363 1949/3364 1951/3366
f 1955/3363 1951/3366 1948/3365
f 1951/3366 1949/3364 1929/3367
f 1929/3367 1949/3364 1911/3361
f 1951/3366 1929/3367 1938/3368
f 1951/3366 1938/3368 1948/3365
f 1929/3367 1911/3361 1871/3369
f 1756/3370 1911/3361 1856/3362
f 1756/3370 1856/3362 1745/3371
f 1756/3370 1745/3371 1664/3372
f 1911/3361 1756/3370 1778/3373
f 1778/3373 1756/3370 1664/3372
f 1911/3361 1778/3373 1871/3369
f 1778/3373 1664/3372 1754/3374
f 1778/3373 1754/3374 1871/3369
f 1901/3375 1929/3367 1871/3369
f 1929/3367 1901/3375 1938/3368
f 1871/3369 1754/3374 1874/3376
f 1871/3369 1874/3376 1901/3375
f 1874/3376 1754/3374 1732/3377
f 1732/3377 1754/3374 1656/3378
f 1732/3377 1656/3378 1640/3379
f 1732/3377 1640/3379 1748/3380
f 1938/3368 1901/3375 1908/3381
f 1908/3381 1901/3375 1874/3376
f 1874/3376 1732/3377 1878/3382
f 1874/3376 1878/3382 1908/3381
f 1878/3382 1732/3377 1748/3380
f 1783/3383 1873/3384 1748/3380
f 1748/3380 1873/3384 1878/3382
f 1878/3382 1873/3384 1903/3385
f 1878/3382 1903/3385 1883/3386
f 1883/3386 1903/3385 1892/3387
f 1908/3381 1878/3382 1898/3388
f 1898/3388 1878/3382 1883/3386
f 1883/3386 1892/3387 1869/3389
f 1908/3381 1898/3388 1918/3390
f 1908/3381 1918/3390 1938/3368
f 1898/3388 1883/3386 1890/3391
f 1898/3388 1890/3391 1918/3390
f 1883/3386 1869/3389 1862/3392
f 1883/3386 1862/3392 1890/3391
f 1862/3392 1869/3389 1849/3393
f 1862/3392 1849/3393 1866/3394
f 1866/3394 1849/3393 1837/3395
f 1934/3396 1938/3368 1918/3390
f 1938/3368 1934/3396 1948/3365
f 1934/3396 1918/3390 1907/3397
f 1907/3397 1918/3390 1890/3391
f 1948/3365 1934/3396 1933/3398
f 1933/3398 1934/3396 1907/3397
f 1933/3398 1907/3397 1920/3399
f 1920/3399 1907/3397 1890/3391
f 1920/3399 1890/3391 1885/3400
f 1920/3399 1885/3400 1933/3398
f 1885/3400 1890/3391 1862/3392
f 1885/3400 1862/3392 1866/3394
f 1933/3398 1885/3400 1925/3401
f 1933/3398 1925/3401 1948/3365
f 1885/3400 1866/3394 1879/3402
f 1925/3401 1885/3400 1912/3403
f 1912/3403 1885/3400 1879/3402
f 1948/3365 1925/3401 1952/3404
f 1952/3404 1925/3401 1912/3403
f 1948/3365 1952/3404 1963/3355
f 1963/3355 1952/3404 1937/3359
f 1952/3404 1912/3403 1921/3405
f 1952/3404 1921/3405 1937/3359
f 1921/3405 1912/3403 1879/3402
f 1937/3359 1921/3405 1919/3360
f 1921/3405 1879/3402 1894/3406
f 1921/3405 1894/3406 1919/3360
f 1894/3406 1879/3402 1896/3407
f 1894/3406 1896/3407 1919/3360
f 1896/3407 1879/3402 1866/3394
f 1919/3360 1896/3407 1943/3408
f 1919/3360 1943/3408 1936/3351
f 1936/3351 1943/3408 1946/3345
f 1896/3407 1866/3394 1870/3409
f 1870/3409 1866/3394 1829/3410
f 1870/3409 1829/3410 1840/3411
f 1896/3407 1870/3409 1909/3412
f 1896/3407 1909/3412 1943/3408
f 1870/3409 1840/3411 1832/3413
f 1832/3413 1840/3411 1792/3414
f 1832/3413 1792/3414 1787/3415
f 1943/3408 1909/3412 1941/3416
f 1943/3408 1941/3416 1946/3345
f 1909/3412 1870/3409 1880/3417
f 1880/3417 1870/3409 1832/3413
f 1941/3416 1909/3412 1922/3418
f 1922/3418 1909/3412 1880/3417
f 1946/3345 1941/3416 1947/3419
f 1946/3345 1947/3419 1950/3342
f 1941/3416 1922/3418 1905/3420
f 1941/3416 1905/3420 1947/3419
f 1922/3418 1880/3417 1881/3421
f 1880/3417 1832/3413 1853/3422
f 1880/3417 1853/3422 1881/3421
f 1950/3342 1947/3419 1935/3423
f 1950/3342 1935/3423 1821/3333
f 1935/3423 1947/3419 1914/3424
f 1914/3424 1947/3419 1905/3420
f 1935/3423 1914/3424 1899/3425
f 1935/3423 1899/3425 1821/3333
f 1914/3424 1905/3420 1906/3426
f 1914/3424 1906/3426 1899/3425
f 1821/3333 1899/3425 1888/3427
f 1888/3427 1899/3425 1906/3426
f 1821/3333 1888/3427 1825/3428
f 1821/3333 1825/3428 1812/3429
f 1821/3333 1812/3429 1725/3330
f 1812/3429 1825/3428 1816/3430
f 1812/3429 1816/3430 1725/3330
f 1816/3430 1825/3428 1888/3427
f 1725/3330 1816/3430 1652/3323
f 1888/3427 1906/3426 1904/3431
f 1652/3323 1816/3430 1802/3432
f 1652/3323 1802/3432 1772/3324
f 1816/3430 1888/3427 1900/3433
f 1816/3430 1900/3433 1802/3432
f 1888/3427 1904/3431 1926/3434
f 1888/3427 1926/3434 1900/3433
f 1904/3431 1906/3426 1891/3435
f 1904/3431 1891/3435 1926/3434
f 1802/3432 1900/3433 1895/3436
f 1802/3432 1895/3436 1772/3324
f 1900/3433 1926/3434 1944/3437
f 1900/3433 1944/3437 1895/3436
f 1772/3324 1895/3436 1902/3438
f 1772/3324 1902/3438 1897/3439
f 1902/3438 1895/3436 1942/3440
f 1902/3438 1942/3440 1897/3439
f 1942/3440 1895/3436 1939/3441
f 1939/3441 1895/3436 1944/3437
f 1897/3439 1942/3440 1916/3442
f 1897/3439 1916/3442 1865/3443
f 1942/3440 1939/3441 1932/3444
f 1942/3440 1932/3444 1916/3442
f 1865/3443 1916/3442 1872/3445
f 1865/3443 1872/3445 1859/3446
f 1916/3442 1932/3444 1910/3447
f 1916/3442 1910/3447 1872/3445
f 1932/3444 1939/3441 1927/3448
f 1932/3444 1927/3448 1910/3447
f 1927/3448 1939/3441 1944/3437
f 1859/3446 1872/3445 1864/3449
f 1859/3446 1864/3449 1847/3450
f 1872/3445 1910/3447 1917/3451
f 1917/3451 1910/3447 1927/3448
f 1864/3449 1872/3445 1867/3452
f 1864/3449 1867/3452 1847/3450
f 1867/3452 1872/3445 1917/3451
f 1927/3448 1944/3437 1923/3453
f 1927/3448 1923/3453 1917/3451
f 1923/3453 1944/3437 1926/3434
f 1923/3453 1926/3434 1891/3435
f 1923/3453 1891/3435 1917/3451
f 1867/3452 1917/3451 1887/3454
f 1887/3454 1917/3451 1891/3435
f 1852/3455 1847/3450 1867/3452
f 1852/3455 1867/3452 1848/3456
f 1848/3456 1867/3452 1887/3454
f 1847/3450 1852/3455 1845/3457
f 1847/3450 1845/3457 1841/3458
f 1841/3458 1845/3457 1830/3459
f 1845/3457 1852/3455 1834/3460
f 1834/3460 1852/3455 1848/3456
f 1830/3459 1845/3457 1831/3461
f 1831/3461 1845/3457 1834/3460
f 1830/3459 1831/3461 1811/3462
f 1830/3459 1811/3462 1822/3463
f 1831/3461 1834/3460 1806/3464
f 1831/3461 1806/3464 1811/3462
f 1834/3460 1848/3456 1850/3465
f 1850/3465 1848/3456 1887/3454
f 1806/3464 1834/3460 1823/3466
f 1823/3466 1834/3460 1850/3465
f 1806/3464 1823/3466 1782/3467
f 1805/3468 1822/3463 1811/3462
f 1822/3463 1805/3468 1791/3469
f 1791/3469 1805/3468 1790/3470
f 1790/3470 1805/3468 1801/3471
f 1801/3471 1805/3468 1811/3462
f 1790/3470 1801/3471 1786/3472
f 1786/3472 1801/3471 1799/3473
f 1799/3473 1801/3471 1811/3462
f 1786/3472 1799/3473 1762/3474
f 1777/3475 1811/3462 1806/3464
f 1811/3462 1777/3475 1799/3473
f 1799/3473 1777/3475 1762/3474
f 1777/3475 1806/3464 1782/3467
f 1777/3475 1782/3467 1762/3474
f 1762/3474 1782/3467 1763/3476
f 1763/3476 1782/3467 1766/3477
f 1763/3476 1766/3477 1753/3478
f 1766/3477 1782/3467 1808/3479
f 1808/3479 1782/3467 1823/3466
f 1753/3478 1766/3477 1758/3480
f 1753/3478 1758/3480 1759/3481
f 1766/3477 1808/3479 1810/3482
f 1766/3477 1810/3482 1758/3480
f 1808/3479 1823/3466 1843/3483
f 1808/3479 1843/3483 1810/3482
f 1843/3483 1823/3466 1850/3465
f 1759/3481 1758/3480 1773/3484
f 1773/3484 1758/3480 1810/3482
f 1759/3481 1773/3484 1769/3485
f 1759/3481 1769/3485 1787/3415
f 1787/3415 1769/3485 1832/3413
f 1769/3485 1773/3484 1795/3486
f 1769/3485 1795/3486 1832/3413
f 1795/3486 1773/3484 1810/3482
f 1832/3413 1795/3486 1853/3422
f 1853/3422 1795/3486 1818/3487
f 1818/3487 1795/3486 1810/3482
f 1853/3422 1818/3487 1881/3421
f 1881/3421 1818/3487 1833/3488
f 1818/3487 1810/3482 1826/3489
f 1818/3487 1826/3489 1833/3488
f 1826/3489 1810/3482 1843/3483
f 1881/3421 1833/3488 1846/3490
f 1846/3490 1833/3488 1826/3489
f 1826/3489 1843/3483 1844/3491
f 1826/3489 1844/3491 1846/3490
f 1844/3491 1843/3483 1850/3465
f 1846/3490 1844/3491 1855/3492
f 1855/3492 1844/3491 1850/3465
f 1881/3421 1846/3490 1889/3493
f 1889/3493 1846/3490 1855/3492
f 1889/3493 1855/3492 1850/3465
f 1881/3421 1889/3493 1922/3418
f 1889/3493 1850/3465 1887/3454
f 1922/3418 1889/3493 1905/3420
f 1889/3493 1887/3454 1893/3494
f 1889/3493 1893/3494 1905/3420
f 1893/3494 1887/3454 1891/3435
f 1905/3420 1893/3494 1906/3426
f 1906/3426 1893/3494 1891/3435
f 1967/3495 1960/3496 1928/3497
f 1967/3495 1928/3497 1940/3498
f 1940/3498 1928/3497 1839/3499
f 1967/3495 1940/3498 1930/3500
f 1930/3500 1940/3498 1839/3499
f 1839/3499 1928/3497 1665/3501
f 1967/3495 1930/3500 1962/3502
f 1839/3499 1665/3501 1628/3503
f 1628/3503 1665/3501 1622/3504
f 1839/3499 1628/3503 1670/3505
f 1839/3499 1670/3505 1930/3500
f 1670/3505 1628/3503 1625/3506
f 1962/3502 1930/3500 1956/3507
f 1962/3502 1956/3507 1971/3508
f 1670/3505 1625/3506 1657/3509
f 1657/3509 1625/3506 2004/3510
f 1930/3500 1670/3505 1800/3511
f 1800/3511 1670/3505 1657/3509
f 1657/3509 2004/3510 1641/3512
f 1930/3500 1800/3511 1915/3513
f 1930/3500 1915/3513 1956/3507
f 1800/3511 1657/3509 1819/3514
f 1800/3511 1819/3514 1915/3513
f 1657/3509 1641/3512 1655/3515
f 1657/3509 1655/3515 1819/3514
f 1655/3515 1641/3512 1672/3516
f 1655/3515 1672/3516 1819/3514
f 1672/3516 1641/3512 1623/3517
f 1819/3514 1672/3516 1842/3518
f 1842/3518 1672/3516 1623/3517
f 1931/3519 1915/3513 1819/3514
f 1931/3519 1819/3514 1842/3518
f 1842/3518 1623/3517 1695/3520
f 1695/3520 1623/3517 1664/3521
f 1695/3520 1664/3521 1764/3522
f 1695/3520 1764/3522 1842/3518
f 1764/3522 1664/3521 1745/3523
f 1764/3522 1745/3523 1856/3524
f 1764/3522 1856/3524 1924/3525
f 1764/3522 1924/3525 1842/3518
f 1842/3518 1924/3525 1931/3519
f 1931/3519 1924/3525 1961/3526
f 1931/3519 1961/3526 1915/3513
f 1961/3526 1924/3525 1966/3527
f 1915/3513 1961/3526 1956/3507
f 1961/3526 1966/3527 1971/3508
f 1961/3526 1971/3508 1956/3507
f 1656/3528 1754/3529 1616/3530
f 1616/3530 1754/3529 1664/3178
f 1616/3530 1664/3178 2043/3180
f 1616/3530 2043/3180 2076/3247
f 1656/3528 1616/3530 2015/3531
f 2015/3531 1616/3530 2076/3247
f 1656/3528 2015/3531 1640/3532
f 2015/3531 2076/3247 2085/3262
f 2015/3531 2085/3262 1640/3532
f 1640/3532 2085/3262 1627/3533
f 1640/3532 1627/3533 1748/3534
f 1685/3535 1661/3536 1681/3537
f 1701/3538 1685/3535 1697/3539
f 1697/3539 1685/3535 1694/3540
f 1694/3540 1685/3535 1681/3537
f 1694/3540 1681/3537 1714/3541
f 1714/3541 1681/3537 1715/3542
f 1715/3542 1681/3537 1676/3543
f 1715/3542 1676/3543 1680/3544
f 1715/3542 1680/3544 1716/3545
o tripo_part_3
v -0.239183 0.372790 -0.298782
v -0.238858 0.288093 -0.416954
v -0.238005 0.436126 -0.407646
v -0.237701 0.436397 -0.296070
v -0.236587 0.436286 -0.306519
v -0.235842 0.435889 -0.420467
v -0.235657 0.374398 -0.323341
v -0.235399 0.433105 -0.424481
v -0.235094 0.433814 -0.290455
v -0.234664 0.287551 -0.309437
v -0.232527 0.289336 -0.310642
v -0.232468 0.422423 -0.290791
v -0.229624 0.297858 -0.408466
v -0.228758 0.374121 -0.402428
v -0.228749 0.287513 -0.406494
v -0.223918 0.344615 -0.366178
v -0.223159 0.373574 -0.359549
v -0.222585 0.433120 -0.401371
v -0.220856 0.423766 -0.401970
v -0.219958 0.344844 -0.412438
v -0.218760 0.422137 -0.422466
v -0.218205 0.359893 -0.413941
v -0.217530 0.436744 -0.404537
v -0.213490 0.370805 -0.418003
v -0.213349 0.436339 -0.415138
v -0.211661 0.297431 -0.413433
v -0.211497 0.373828 -0.375626
v -0.210936 0.434043 -0.309719
v -0.209470 0.439052 -0.287975
v -0.208066 0.297103 -0.403088
v -0.206162 0.345634 -0.291111
v -0.205777 0.373256 -0.318871
v -0.205697 0.344832 -0.295681
v -0.205224 0.358691 -0.294956
v -0.204976 0.439471 -0.291233
v -0.204812 0.359742 -0.288967
v -0.204392 0.372921 -0.287609
v -0.204060 0.267180 -0.287441
v -0.203282 0.357291 -0.286640
v -0.202935 0.311591 -0.288708
v -0.202798 0.438952 -0.303726
v -0.202550 0.344298 -0.287647
v -0.202409 0.402816 -0.288571
v -0.202409 0.373442 -0.339369
v -0.202275 0.297790 -0.295803
v -0.202199 0.287070 -0.295765
v -0.201920 0.371553 -0.283360
v -0.201802 0.425834 -0.284008
v -0.201054 0.406209 -0.298760
v -0.200753 0.434466 -0.421501
v -0.200677 0.267280 -0.305168
v -0.200528 0.373023 -0.413414
v -0.200417 0.298079 -0.304306
v -0.200387 0.373088 -0.304112
v -0.200074 0.344630 -0.304428
v -0.199979 0.287383 -0.305508
v -0.199902 0.327243 -0.304241
v -0.198586 0.343966 -0.305561
v -0.198170 0.313361 -0.305657
v -0.197850 0.373836 -0.321007
v -0.197846 0.424922 -0.306381
v -0.196351 0.373419 -0.374746
v -0.196172 0.407212 -0.301495
v -0.196099 0.436858 -0.306164
v -0.195821 0.422816 -0.420170
v -0.195733 0.279601 -0.286656
v -0.195626 0.439582 -0.298718
v -0.195584 0.425159 -0.305409
v -0.195039 0.344684 -0.337235
v -0.194440 0.428252 -0.306770
v -0.192822 0.435637 -0.280895
v -0.192002 0.279639 -0.303860
v -0.191235 0.407086 -0.286198
v -0.190141 0.369165 -0.281613
v -0.190083 0.408023 -0.300350
v -0.189736 0.266395 -0.284824
v -0.186852 0.396453 -0.285748
v -0.185979 0.306792 -0.286137
v -0.185777 0.410819 -0.287228
v -0.185273 0.346255 -0.283657
v -0.185105 0.400603 -0.295635
v -0.184808 0.343253 -0.285847
v -0.183514 0.312865 -0.295353
v -0.183232 0.305999 -0.301994
v -0.182942 0.268455 -0.287624
v -0.182717 0.344611 -0.302643
v -0.182542 0.280822 -0.294827
v -0.181969 0.425410 -0.278980
v -0.181474 0.342937 -0.297920
v -0.181168 0.357146 -0.282604
v -0.181157 0.357877 -0.305218
v -0.181023 0.346465 -0.306404
v -0.180901 0.417064 -0.297428
v -0.180745 0.266486 -0.301266
v -0.179536 0.344497 -0.407623
v -0.179101 0.296844 -0.398277
v -0.178639 0.263648 -0.397205
v -0.178544 0.359218 -0.407944
v -0.178365 0.286727 -0.398399
v -0.178235 0.421142 -0.282429
v -0.178075 0.359506 -0.320252
v -0.177922 0.359185 -0.411308
v -0.177777 0.345737 -0.293141
v -0.177708 0.358689 -0.284580
v -0.177586 0.299285 -0.396301
v -0.177525 0.372672 -0.299965
v -0.177472 0.287322 -0.408417
v -0.177174 0.370004 -0.280750
v -0.177167 0.372805 -0.397823
v -0.176823 0.344161 -0.396118
v -0.176739 0.359576 -0.300373
v -0.176732 0.286109 -0.406139
v -0.176350 0.401948 -0.402710
v -0.176350 0.373365 -0.408039
v -0.176205 0.362882 -0.414497
v -0.176183 0.297698 -0.408028
v -0.176022 0.370921 -0.414608
v -0.175954 0.263259 -0.415329
v -0.175671 0.344756 -0.414940
v -0.175511 0.437873 -0.300110
v -0.175473 0.402291 -0.410477
v -0.175282 0.424533 -0.397938
v -0.175206 0.263251 -0.395847
v -0.175015 0.344592 -0.342211
v -0.174962 0.373796 -0.317627
v -0.174748 0.357478 -0.414559
v -0.174512 0.421714 -0.298035
v -0.174458 0.308394 -0.413628
v -0.174260 0.368319 -0.290302
v -0.174046 0.343081 -0.413498
v -0.174031 0.426028 -0.301117
v -0.173901 0.439178 -0.396565
v -0.173734 0.405244 -0.399288
v -0.173711 0.368930 -0.296482
v -0.173001 0.361068 -0.317093
v -0.172986 0.372073 -0.417847
v -0.172566 0.371293 -0.317009
v -0.172421 0.424212 -0.417305
v -0.171971 0.373752 -0.338760
v -0.171819 0.362622 -0.322529
v -0.171490 0.418483 -0.277706
v -0.170728 0.400613 -0.412624
v -0.170689 0.426311 -0.394680
v -0.170628 0.346053 -0.355656
v -0.168851 0.437114 -0.279759
v -0.168507 0.370877 -0.337961
v -0.168248 0.417354 -0.296528
v -0.167866 0.359387 -0.348381
v -0.167683 0.275306 -0.394673
v -0.167546 0.432601 -0.275952
v -0.167180 0.377957 -0.416500
v -0.166852 0.373111 -0.357229
v -0.166310 0.361783 -0.415283
v -0.165356 0.277389 -0.413136
v -0.165234 0.417617 -0.284237
v -0.164738 0.344291 -0.391804
v -0.164265 0.434737 -0.298012
v -0.164113 0.422442 -0.277043
v -0.164075 0.401128 -0.397671
v -0.163472 0.417129 -0.294003
v -0.162946 0.345576 -0.390551
v -0.162930 0.435935 -0.290722
v -0.162640 0.357781 -0.390915
v -0.162358 0.408174 -0.411659
v -0.162305 0.372197 -0.380087
v -0.162083 0.282241 -0.393639
v -0.161969 0.361941 -0.363226
v -0.161809 0.423602 -0.298714
v -0.161572 0.430385 -0.281849
v -0.161320 0.423862 -0.288143
v -0.161252 0.414649 -0.396824
v -0.160825 0.343173 -0.393723
v -0.160596 0.369050 -0.369358
v -0.160100 0.401071 -0.401383
v -0.159856 0.411204 -0.399605
v -0.159299 0.401128 -0.408077
v -0.159047 0.290923 -0.411793
v -0.159039 0.372936 -0.394615
v -0.158772 0.309119 -0.397602
v -0.158726 0.434417 -0.417595
v -0.158421 0.343413 -0.394673
v -0.157750 0.279387 -0.398842
v -0.157498 0.263312 -0.392975
v -0.157452 0.358546 -0.391148
v -0.157079 0.414229 -0.408238
v -0.157056 0.297538 -0.409062
v -0.156987 0.371737 -0.415314
v -0.156400 0.440310 -0.408890
v -0.156392 0.440574 -0.398327
v -0.156392 0.342902 -0.411099
v -0.155721 0.385319 -0.412815
v -0.154736 0.345351 -0.392929
v -0.154691 0.263282 -0.411923
v -0.154515 0.439540 -0.414314
v -0.154263 0.357406 -0.412125
v -0.153889 0.356503 -0.392811
v -0.153775 0.365361 -0.392052
v -0.153157 0.344974 -0.411652
v -0.151295 0.357102 -0.411648
v -0.150906 0.423587 -0.393330
v -0.150487 0.426955 -0.415798
v -0.149258 0.421794 -0.411373
v -0.149190 0.357787 -0.406551
v -0.148770 0.369117 -0.396389
v -0.146992 0.368229 -0.403675
v -0.146260 0.368032 -0.412499
v -0.141179 0.419089 -0.413937
v -0.141171 0.419604 -0.392265
v -0.139935 0.432792 -0.391110
v -0.139760 0.416739 -0.399429
v -0.135892 0.436465 -0.407536
v -0.135335 0.435729 -0.396416
v -0.134503 0.429988 -0.414723
v -0.134305 0.426314 -0.393734
v -0.131917 0.424708 -0.410832
v -0.241146 0.369899 -0.295445
v -0.242090 0.373342 -0.321869
v -0.243240 0.422240 -0.312233
v -0.243783 0.358256 -0.302513
v -0.243993 0.359736 -0.297192
v -0.244294 0.434485 -0.314243
v -0.245720 0.297347 -0.311764
v -0.247503 0.374032 -0.382866
v -0.248684 0.427169 -0.316010
v -0.249473 0.373901 -0.345657
v -0.249959 0.344378 -0.390623
v -0.256617 0.372112 -0.420834
v -0.256718 0.362910 -0.420342
v -0.257163 0.374387 -0.418434
v -0.257420 0.436172 -0.307514
v -0.257493 0.344848 -0.305981
v -0.257909 0.436110 -0.298535
v -0.257928 0.422313 -0.295384
v -0.258038 0.374249 -0.422573
v -0.258073 0.344356 -0.418209
v -0.258178 0.359736 -0.418221
v -0.258324 0.433536 -0.295048
v -0.258586 0.334590 -0.419346
v -0.259080 0.373853 -0.302078
v -0.259114 0.341983 -0.422291
v -0.260548 0.401454 -0.418671
v -0.260751 0.344134 -0.406361
v -0.260785 0.359019 -0.422688
v -0.261096 0.333922 -0.406834
v -0.261176 0.298003 -0.305393
v -0.261397 0.287826 -0.305252
v -0.261538 0.374332 -0.407112
v -0.263083 0.407640 -0.409668
v -0.263606 0.307448 -0.422390
v -0.263766 0.298041 -0.421017
v -0.264445 0.422248 -0.425678
v -0.264737 0.405442 -0.424992
v -0.264794 0.287665 -0.421940
v -0.265298 0.296485 -0.412010
v -0.265391 0.269736 -0.423252
v -0.265698 0.301162 -0.425030
v -0.266261 0.297912 -0.412109
v -0.266528 0.286971 -0.412422
v -0.267192 0.422507 -0.409721
v -0.267199 0.344684 -0.324848
v -0.267651 0.430823 -0.428913
v -0.267691 0.436431 -0.423855
v -0.268264 0.268104 -0.410915
v -0.268418 0.267715 -0.427868
v -0.268887 0.303985 -0.408997
v -0.269295 0.286773 -0.409523
v -0.269332 0.435405 -0.426861
v -0.269513 0.276343 -0.409329
v -0.269728 0.436526 -0.411457
v -0.269894 0.423713 -0.408531
v -0.270873 0.433112 -0.408848
v -0.271298 0.391344 -0.408123
v -0.271807 0.354224 -0.424145
v -0.271832 0.400247 -0.408497
v -0.272305 0.452003 -0.427502
v -0.274117 0.407678 -0.408844
v -0.274476 0.359605 -0.425266
v -0.275540 0.344131 -0.408413
v -0.275754 0.324111 -0.425518
v -0.275784 0.407290 -0.401772
v -0.275838 0.277701 -0.427944
v -0.276501 0.494140 -0.426739
v -0.276551 0.360181 -0.407669
v -0.276753 0.276717 -0.370145
v -0.276891 0.286574 -0.369571
v -0.277291 0.493316 -0.420647
v -0.277478 0.486175 -0.412636
v -0.277619 0.407928 -0.394459
v -0.277722 0.282378 -0.363544
v -0.277779 0.502845 -0.426762
v -0.278344 0.268012 -0.360605
v -0.278535 0.390168 -0.408619
v -0.278813 0.407607 -0.427296
v -0.278889 0.342772 -0.422550
v -0.278939 0.286094 -0.411118
v -0.278970 0.391969 -0.374259
v -0.278981 0.405150 -0.380512
v -0.279122 0.407310 -0.387392
v -0.279126 0.355048 -0.422230
v -0.279137 0.276153 -0.411274
v -0.279523 0.500793 -0.430073
v -0.279610 0.368670 -0.409271
v -0.279652 0.471534 -0.411263
v -0.279778 0.308791 -0.410561
v -0.279820 0.286689 -0.352945
v -0.279900 0.345489 -0.416405
v -0.280213 0.277007 -0.350947
v -0.280232 0.502555 -0.413460
v -0.280522 0.359937 -0.386692
v -0.280560 0.342910 -0.410610
v -0.280709 0.433894 -0.395115
v -0.281209 0.397950 -0.425137
v -0.281346 0.371280 -0.411625
v -0.281430 0.391527 -0.409920
v -0.281434 0.344573 -0.322113
v -0.281453 0.407445 -0.379578
v -0.281705 0.373610 -0.324913
v -0.282025 0.406440 -0.410160
v -0.282555 0.306327 -0.414337
v -0.282727 0.360248 -0.307133
v -0.282845 0.407762 -0.374467
v -0.283147 0.269553 -0.429737
v -0.283177 0.284965 -0.426617
v -0.283288 0.439792 -0.387812
v -0.283292 0.403630 -0.410774
v -0.283391 0.358356 -0.310261
v -0.283425 0.344707 -0.310734
v -0.283498 0.374019 -0.387722
v -0.283528 0.402778 -0.320591
v -0.283669 0.363206 -0.387415
v -0.283673 0.406283 -0.403229
v -0.283883 0.494536 -0.412220
v -0.283948 0.404500 -0.413090
v -0.284295 0.470908 -0.402039
v -0.284352 0.344478 -0.364507
v -0.284489 0.401961 -0.317391
v -0.284539 0.372337 -0.387949
v -0.284631 0.336890 -0.308819
v -0.284665 0.372945 -0.306595
v -0.285123 0.408416 -0.364510
v -0.285451 0.389462 -0.307900
v -0.285554 0.319575 -0.320496
v -0.285649 0.474357 -0.387673
v -0.285779 0.391316 -0.346756
v -0.285836 0.470817 -0.395313
v -0.285889 0.434806 -0.403610
v -0.285931 0.360425 -0.306965
v -0.285996 0.359641 -0.360828
v -0.286172 0.439910 -0.427036
v -0.286195 0.442229 -0.375080
v -0.286320 0.276748 -0.372745
v -0.286427 0.268859 -0.422855
v -0.286549 0.404511 -0.311333
v -0.286660 0.406396 -0.392422
v -0.286664 0.287261 -0.317864
v -0.286691 0.496024 -0.400337
v -0.286820 0.408902 -0.389357
v -0.286847 0.285499 -0.370035
v -0.287228 0.373940 -0.369196
v -0.287251 0.269103 -0.413090
v -0.287286 0.297706 -0.318894
v -0.287385 0.407245 -0.356650
v -0.287526 0.457183 -0.427006
v -0.287526 0.277122 -0.314022
v -0.287556 0.472289 -0.388510
v -0.287797 0.469619 -0.430126
v -0.287923 0.407289 -0.347508
v -0.287991 0.289229 -0.319004
v -0.288171 0.442111 -0.367973
v -0.288304 0.299659 -0.320767
v -0.288358 0.432715 -0.398079
v -0.288422 0.403687 -0.388104
v -0.288510 0.287284 -0.310131
v -0.288522 0.406579 -0.381811
v -0.288613 0.311835 -0.322922
v -0.288811 0.390002 -0.375227
v -0.289010 0.283210 -0.359090
v -0.289017 0.268729 -0.361798
v -0.289082 0.407479 -0.343411
v -0.289506 0.440490 -0.362706
v -0.289540 0.503631 -0.391476
v -0.289639 0.429931 -0.322811
v -0.289727 0.455497 -0.413719
v -0.289788 0.392726 -0.325184
v -0.290025 0.286864 -0.354465
v -0.290032 0.287612 -0.322003
v -0.290208 0.482406 -0.372151
v -0.290391 0.276954 -0.352214
v -0.290471 0.398894 -0.326569
v -0.290486 0.373822 -0.352905
v -0.290574 0.268882 -0.320023
v -0.290616 0.408128 -0.341221
v -0.290623 0.362813 -0.353957
v -0.290643 0.472037 -0.380953
v -0.290662 0.470252 -0.404015
v -0.290757 0.298354 -0.309368
v -0.290894 0.436370 -0.319729
v -0.290940 0.288802 -0.309612
v -0.291055 0.406421 -0.374566
v -0.291158 0.276671 -0.310772
v -0.291241 0.442187 -0.381725
v -0.291333 0.421996 -0.306069
v -0.291478 0.398973 -0.306873
v -0.291539 0.472320 -0.369222
v -0.291974 0.390657 -0.325562
v -0.292146 0.407493 -0.334149
v -0.292252 0.372190 -0.352182
v -0.292474 0.407086 -0.325226
v -0.292821 0.475295 -0.420120
v -0.292977 0.470092 -0.401390
v -0.293065 0.500144 -0.432156
v -0.293156 0.357261 -0.308422
v -0.293191 0.435306 -0.378613
v -0.293313 0.486892 -0.361601
v -0.293332 0.305846 -0.307140
v -0.293568 0.269256 -0.305031
v -0.293610 0.344760 -0.325321
v -0.293614 0.446319 -0.348386
v -0.293679 0.359759 -0.326092
v -0.293752 0.436408 -0.307713
v -0.294099 0.474418 -0.348940
v -0.294743 0.405864 -0.358814
v -0.294938 0.442485 -0.341070
v -0.295251 0.466369 -0.322018
v -0.295304 0.389970 -0.348322
v -0.295357 0.471038 -0.390244
v -0.295502 0.471747 -0.357131
v -0.295537 0.502906 -0.430019
v -0.295892 0.507545 -0.374722
v -0.295987 0.276832 -0.323616
v -0.296178 0.438498 -0.333994
v -0.296284 0.287093 -0.323307
v -0.296349 0.406724 -0.349891
v -0.296460 0.493026 -0.415108
v -0.296529 0.472205 -0.347640
v -0.297047 0.467002 -0.343010
v -0.297097 0.471045 -0.381245
v -0.297169 0.362807 -0.326828
v -0.297524 0.499015 -0.430386
v -0.297608 0.429317 -0.304695
v -0.297745 0.373814 -0.326676
v -0.298013 0.403964 -0.347443
v -0.298257 0.407266 -0.343384
v -0.298272 0.406774 -0.334906
v -0.298394 0.432502 -0.306862
v -0.298959 0.440265 -0.358679
v -0.299027 0.471595 -0.324917
v -0.299058 0.470992 -0.336645
v -0.299222 0.472106 -0.386652
v -0.299229 0.494781 -0.403618
v -0.299500 0.330905 -0.325752
v -0.299596 0.405946 -0.337042
v -0.299634 0.498664 -0.323376
v -0.299882 0.502082 -0.417782
v -0.300347 0.496604 -0.337677
v -0.300359 0.463935 -0.306786
v -0.300721 0.390781 -0.326775
v -0.300980 0.276923 -0.323609
v -0.301072 0.494094 -0.312634
v -0.301122 0.343352 -0.326038
v -0.301595 0.503013 -0.320885
v -0.302365 0.360957 -0.309590
v -0.302506 0.342853 -0.309773
v -0.302560 0.493438 -0.325230
v -0.302708 0.440551 -0.335171
v -0.302785 0.471015 -0.359432
v -0.302789 0.500663 -0.308323
v -0.302987 0.384165 -0.325424
v -0.303067 0.405793 -0.326943
v -0.303311 0.358115 -0.318359
v -0.303403 0.280135 -0.307202
v -0.303944 0.467658 -0.350288
v -0.304089 0.342975 -0.312679
v -0.304433 0.483787 -0.369796
v -0.304532 0.471061 -0.350481
v -0.304608 0.398717 -0.309067
v -0.304822 0.310554 -0.322476
v -0.304883 0.375975 -0.313252
v -0.305585 0.506095 -0.379540
v -0.306103 0.469451 -0.343273
v -0.306279 0.472968 -0.354123
v -0.306584 0.503066 -0.309162
v -0.306813 0.308593 -0.309342
v -0.307202 0.435958 -0.327004
v -0.307248 0.500335 -0.306343
v -0.308072 0.469993 -0.335491
v -0.308644 0.271621 -0.324783
v -0.310452 0.500075 -0.344854
v -0.310582 0.440707 -0.324646
v -0.311307 0.269996 -0.322987
v -0.311864 0.470016 -0.327412
v -0.312848 0.493751 -0.340201
v -0.312970 0.444404 -0.310291
v -0.313428 0.269614 -0.310776
v -0.313519 0.273475 -0.309021
v -0.315343 0.492492 -0.327358
v -0.322049 0.482886 -0.313828
v -0.322636 0.498610 -0.326939
v -0.323033 0.502990 -0.322048
v -0.324315 0.500403 -0.309445
v -0.326329 0.499221 -0.312004
vt 0.841862 0.082390
vt 0.844457 0.077553
vt 0.847229 0.081269
vt 0.838618 0.079146
vt 0.837792 0.085339
vt 0.834371 0.083039
vt 0.834607 0.075725
vt 0.829830 0.079972
vt 0.830892 0.074545
vt 0.831422 0.068411
vt 0.838323 0.061157
vt 0.841744 0.074958
vt 0.845991 0.060803
vt 0.847642 0.043580
vt 0.849058 0.070535
vt 0.851299 0.076964
vt 0.848704 0.060508
vt 0.857315 0.071891
vt 0.859379 0.082331
vt 0.854189 0.048358
vt 0.857020 0.082567
vt 0.851830 0.046470
vt 0.855664 0.036856
vt 0.852420 0.081269
vt 0.855959 0.086931
vt 0.851830 0.086931
vt 0.853776 0.086872
vt 0.852656 0.035500
vt 0.847878 0.038685
vt 0.855487 0.018867
vt 0.859379 0.020106
vt 0.219226 0.012419
vt 0.215333 0.012183
vt 0.217692 0.008644
vt 0.217751 0.003984
vt 0.221054 0.006698
vt 0.215333 0.003218
vt 0.220818 0.001743
vt 0.308989 0.618455
vt 0.305501 0.618122
vt 0.305386 0.615706
vt 0.306651 0.614261
vt 0.311672 0.617096
vt 0.303297 0.614633
vt 0.310650 0.613697
vt 0.299162 0.611837
vt 0.301970 0.605696
vt 0.297191 0.610821
vt 0.294338 0.609883
vt 0.306643 0.603642
vt 0.302470 0.604328
vt 0.308335 0.600240
vt 0.311711 0.603407
vt 0.308380 0.586788
vt 0.305563 0.582310
vt 0.304779 0.596959
vt 0.299791 0.603268
vt 0.302018 0.579500
vt 0.305113 0.560137
vt 0.307939 0.559895
vt 0.298945 0.581872
vt 0.287750 0.603014
vt 0.288154 0.612916
vt 0.282757 0.611683
vt 0.289738 0.589399
vt 0.284182 0.588937
vt 0.282409 0.606794
vt 0.284589 0.578426
vt 0.282409 0.578535
vt 0.284029 0.561742
vt 0.287408 0.559895
vt 0.289943 0.577772
vt 0.291689 0.561331
vt 0.291910 0.552948
vt 0.287445 0.551222
vt 0.296000 0.535804
vt 0.304501 0.543750
vt 0.290594 0.547020
vt 0.290819 0.538873
vt 0.289964 0.527329
vt 0.294548 0.549643
vt 0.296004 0.548842
vt 0.849445 0.189784
vt 0.848442 0.195977
vt 0.846201 0.195918
vt 0.845316 0.191495
vt 0.844431 0.201404
vt 0.847734 0.199516
vt 0.839064 0.213436
vt 0.848206 0.206476
vt 0.835643 0.210900
vt 0.839831 0.216149
vt 0.832281 0.218744
vt 0.824436 0.220926
vt 0.822844 0.219216
vt 0.833873 0.220278
vt 0.843782 0.236438
vt 0.846201 0.235613
vt 0.848029 0.244755
vt 0.849445 0.258792
vt 0.842957 0.258320
vt 0.831337 0.222932
vt 0.823965 0.223286
vt 0.838592 0.239387
vt 0.835584 0.240744
vt 0.830040 0.249355
vt 0.841364 0.259559
vt 0.843134 0.259854
vt 0.833755 0.262036
vt 0.925736 0.873243
vt 0.927683 0.874836
vt 0.916122 0.885334
vt 0.925795 0.888047
vt 0.923613 0.872712
vt 0.913822 0.876428
vt 0.920487 0.869291
vt 0.923849 0.896482
vt 0.910637 0.894712
vt 0.894299 0.884273
vt 0.893651 0.895302
vt 0.886042 0.885924
vt 0.876192 0.897602
vt 0.912702 0.897249
vt 0.896069 0.896718
vt 0.888873 0.911581
vt 0.910932 0.905329
vt 0.925382 0.905683
vt 0.927211 0.913999
vt 0.902439 0.915297
vt 0.876959 0.927683
vt 0.907806 0.924321
vt 0.898959 0.927683
vt 0.777796 0.332859
vt 0.771897 0.336103
vt 0.775200 0.332859
vt 0.775849 0.330559
vt 0.778444 0.318822
vt 0.771190 0.346248
vt 0.785522 0.328554
vt 0.783045 0.346897
vt 0.784578 0.361642
vt 0.776616 0.362468
vt 0.772487 0.356806
vt 0.775672 0.362645
vt 0.780981 0.363647
vt 0.786879 0.355567
vt 0.785817 0.368838
vt 0.789356 0.362645
vt 0.794605 0.350436
vt 0.792010 0.368543
vt 0.796257 0.360993
vt 0.797200 0.355980
vt 0.797672 0.348666
vt 0.798262 0.344184
vt 0.796375 0.330382
vt 0.798085 0.332092
vt 0.805753 0.341411
vt 0.804986 0.333154
vt 0.809704 0.345599
vt 0.795608 0.301776
vt 0.790653 0.313277
vt 0.789415 0.305787
vt 0.788235 0.306790
vt 0.781688 0.305197
vt 0.787763 0.301835
vt 0.779388 0.303192
vt 0.781865 0.303369
vt 0.781511 0.297058
vt 0.780509 0.294816
vt 0.777914 0.298532
vt 0.771190 0.286559
vt 0.016993 0.259176
vt 0.022655 0.273213
vt 0.016993 0.273036
vt 0.024543 0.243782
vt 0.024838 0.260532
vt 0.172906 0.960021
vt 0.171255 0.943093
vt 0.172316 0.940675
vt 0.175855 0.964267
vt 0.178450 0.948401
vt 0.181812 0.965978
vt 0.191249 0.978600
vt 0.176386 0.969576
vt 0.173378 0.968042
vt 0.168482 0.978600
vt 0.172611 0.972820
vt 0.487786 0.523666
vt 0.493094 0.515527
vt 0.487963 0.526556
vt 0.490440 0.515114
vt 0.490971 0.508331
vt 0.496751 0.508567
vt 0.487786 0.500958
vt 0.563888 0.368602
vt 0.559936 0.367481
vt 0.562708 0.361052
vt 0.566365 0.363058
vt 0.567604 0.359814
vt 0.564360 0.346189
vt 0.570022 0.343889
vt 0.559700 0.340527
vt 0.562060 0.332682
vt 0.555984 0.334688
vt 0.553684 0.352559
vt 0.548553 0.368838
vt 0.546842 0.357159
vt 0.550971 0.348076
vt 0.546842 0.341647
vt 0.962560 0.160884
vt 0.973177 0.160766
vt 0.964625 0.172680
vt 0.974180 0.166782
vt 0.969166 0.180053
vt 0.962560 0.186717
vt 0.972469 0.194975
vt 0.979842 0.183886
vt 0.978249 0.168492
vt 0.866791 0.663569
vt 0.862722 0.659263
vt 0.870743 0.658732
vt 0.866025 0.654958
vt 0.874518 0.676309
vt 0.865789 0.651891
vt 0.863960 0.645167
vt 0.869092 0.644223
vt 0.875344 0.649296
vt 0.872748 0.642985
vt 0.877526 0.648824
vt 0.872395 0.654781
vt 0.876641 0.651124
vt 0.885901 0.656550
vt 0.896636 0.652186
vt 0.879590 0.661741
vt 0.887671 0.661328
vt 0.892802 0.665397
vt 0.887022 0.668936
vt 0.884663 0.677606
vt 0.889381 0.676014
vt 0.882775 0.678432
vt 0.877054 0.678550
vt 0.887081 0.679376
vt 0.883955 0.693236
vt 0.879590 0.694652
vt 0.875874 0.703617
vt 0.869386 0.691231
vt 0.873574 0.677724
vt 0.892625 0.680025
vt 0.889027 0.705387
vt 0.890030 0.680791
vt 0.892743 0.680909
vt 0.896636 0.692116
vt 0.891917 0.694593
vt 0.893805 0.703676
vt 0.969946 0.476709
vt 0.959484 0.470123
vt 0.965931 0.472517
vt 0.970798 0.475608
vt 0.969633 0.472812
vt 0.978600 0.464676
vt 0.971426 0.480826
vt 0.974556 0.476316
vt 0.974353 0.477968
vt 0.977740 0.476083
vt 0.974624 0.482797
vt 0.975275 0.479913
vt 0.978600 0.496751
vt 0.518092 0.983161
vt 0.506532 0.986051
vt 0.513020 0.981745
vt 0.508361 0.983692
vt 0.505175 0.970834
vt 0.507417 0.970244
vt 0.513492 0.969536
vt 0.518210 0.980212
vt 0.518800 0.982984
vt 0.517267 0.954142
vt 0.522516 0.969182
vt 0.520334 0.951842
vt 0.521513 0.980448
vt 0.520629 0.984459
vt 0.521808 0.983220
vt 0.526881 0.965879
vt 0.530184 0.982571
vt 0.537733 0.971247
vt 0.534076 0.986051
vt 0.555968 0.998470
vt 0.559448 0.994872
vt 0.574134 0.998470
vt 0.571067 0.993810
vt 0.583748 0.990094
vt 0.556499 0.990330
vt 0.581743 0.992631
vt 0.582686 0.994577
vt 0.586166 0.994754
vt 0.584928 0.991746
vt 0.581625 0.986733
vt 0.581271 0.983607
vt 0.557030 0.985671
vt 0.565346 0.977885
vt 0.581507 0.980716
vt 0.581507 0.978711
vt 0.559625 0.970395
vt 0.569829 0.971633
vt 0.558091 0.968212
vt 0.573190 0.967682
vt 0.582038 0.977237
vt 0.584987 0.974936
vt 0.936314 0.057323
vt 0.937316 0.054433
vt 0.939558 0.053076
vt 0.933424 0.062808
vt 0.937493 0.064578
vt 0.939204 0.051543
vt 0.942625 0.059210
vt 0.955541 0.044583
vt 0.957488 0.054610
vt 0.949171 0.044642
vt 0.952356 0.043285
vt 0.952180 0.031076
vt 0.955129 0.029248
vt 0.940088 0.030428
vt 0.942919 0.047178
vt 0.939558 0.047827
vt 0.933424 0.016862
vt 0.938201 0.050717
vt 0.938201 0.046706
vt 0.423611 0.934180
vt 0.426737 0.936304
vt 0.428448 0.938663
vt 0.426914 0.941317
vt 0.421016 0.932706
vt 0.427327 0.945210
vt 0.407804 0.934770
vt 0.413821 0.930996
vt 0.405799 0.943441
vt 0.417654 0.945505
vt 0.426796 0.946979
vt 0.416298 0.953762
vt 0.404737 0.946095
vt 0.427386 0.949928
vt 0.409633 0.932588
vt 0.407333 0.933532
vt 0.404737 0.921146
vt 0.406743 0.919081
vt 0.408512 0.918315
vt 0.417064 0.927869
vt 0.405858 0.905339
vt 0.056432 0.023776
vt 0.055370 0.021830
vt 0.057611 0.018232
vt 0.054957 0.017052
vt 0.062094 0.003486
vt 0.060855 0.018468
vt 0.058614 0.024838
vt 0.061563 0.020355
vt 0.062094 0.023068
vt 0.580930 0.269143
vt 0.585059 0.270559
vt 0.584410 0.279229
vt 0.586238 0.270028
vt 0.576978 0.276103
vt 0.574442 0.287663
vt 0.591134 0.295567
vt 0.571552 0.294505
vt 0.573263 0.287015
vt 0.571552 0.275336
vt 0.376056 0.834542
vt 0.372105 0.833185
vt 0.383547 0.820092
vt 0.380775 0.829175
vt 0.383075 0.824810
vt 0.385375 0.822923
vt 0.393574 0.826167
vt 0.380657 0.816317
vt 0.385257 0.810596
vt 0.394046 0.820976
vt 0.399885 0.816258
vt 0.395579 0.807470
vt 0.393338 0.806880
vt 0.368566 0.832832
vt 0.377413 0.816376
vt 0.376410 0.815373
vt 0.375407 0.802869
vt 0.379536 0.792901
vt 0.391332 0.793373
vt 0.377413 0.782579
vt 0.378651 0.792193
vt 0.374051 0.773260
vt 0.374759 0.791663
vt 0.373107 0.792075
vt 0.370276 0.774499
vt 0.368566 0.759754
vt 0.506342 0.216064
vt 0.516251 0.220841
vt 0.513007 0.233286
vt 0.519436 0.230632
vt 0.519377 0.222080
vt 0.519613 0.231458
vt 0.509704 0.242251
vt 0.508701 0.243372
vt 0.521087 0.238535
vt 0.506342 0.252101
vt 0.521205 0.230219
vt 0.521854 0.225678
vt 0.523682 0.228981
vt 0.524567 0.227211
vt 0.532766 0.218541
vt 0.529875 0.217184
vt 0.519436 0.219720
vt 0.881504 0.547671
vt 0.884217 0.548733
vt 0.869708 0.554395
vt 0.873188 0.556224
vt 0.880501 0.556872
vt 0.873305 0.559114
vt 0.860860 0.571264
vt 0.860153 0.568787
vt 0.868292 0.551505
vt 0.876432 0.548084
vt 0.871890 0.538470
vt 0.864517 0.528974
vt 0.869177 0.524846
vt 0.871359 0.522250
vt 0.860153 0.509039
vt 0.865697 0.507387
vt 0.945574 0.721531
vt 0.944807 0.703483
vt 0.947756 0.719762
vt 0.946812 0.700121
vt 0.954480 0.702244
vt 0.957488 0.715220
vt 0.955659 0.690153
vt 0.957488 0.695579
vt 0.953831 0.683252
vt 0.948877 0.675349
vt 0.037092 0.958602
vt 0.041398 0.977358
vt 0.035205 0.975824
vt 0.042224 0.972757
vt 0.035205 0.945154
vt 0.283148 0.517971
vt 0.283148 0.533778
vt 0.276306 0.515081
vt 0.281320 0.533896
vt 0.266574 0.514491
vt 0.269524 0.531183
vt 0.271824 0.533778
vt 0.278607 0.536491
vt 0.906220 0.829522
vt 0.905100 0.832235
vt 0.902799 0.831704
vt 0.904628 0.826573
vt 0.898317 0.824744
vt 0.893362 0.832294
vt 0.900381 0.836187
vt 0.906692 0.838605
vt 0.900617 0.838605
vt 0.905807 0.839903
vt 0.907813 0.840256
vt 0.903861 0.859543
vt 0.906692 0.865677
vt 0.899319 0.874525
vt 0.900617 0.876766
vt 0.893716 0.874466
vt 0.893775 0.855297
vt 0.889647 0.872342
vt 0.886756 0.871222
vt 0.899024 0.837779
vt 0.885931 0.850755
vt 0.881035 0.869334
vt 0.892596 0.834417
vt 0.887759 0.832471
vt 0.891829 0.829109
vt 0.892301 0.818315
vt 0.887110 0.826573
vt 0.881035 0.828047
vt 0.881920 0.815543
vt 0.519737 0.800798
vt 0.520150 0.793544
vt 0.534011 0.789828
vt 0.541383 0.797082
vt 0.534954 0.786053
vt 0.538611 0.786525
vt 0.530354 0.784460
vt 0.542445 0.783871
vt 0.531475 0.779270
vt 0.518794 0.778503
vt 0.503930 0.799501
vt 0.515432 0.781040
vt 0.545807 0.794841
vt 0.519088 0.775554
vt 0.515844 0.773431
vt 0.548107 0.782160
vt 0.550879 0.792069
vt 0.557603 0.809704
vt 0.552649 0.782691
vt 0.546220 0.779506
vt 0.536960 0.777265
vt 0.536488 0.775200
vt 0.529233 0.776970
vt 0.530177 0.771013
vt 0.532064 0.770187
vt 0.524456 0.771779
vt 0.512365 0.744530
vt 0.521389 0.755737
vt 0.524043 0.749485
vt 0.508472 0.728900
vt 0.503930 0.728369
vt 0.509828 0.727661
vt 0.514193 0.725538
vt 0.779456 0.706500
vt 0.775105 0.707079
vt 0.773003 0.688722
vt 0.782383 0.705543
vt 0.776771 0.683556
vt 0.773005 0.679165
vt 0.767717 0.689678
vt 0.762965 0.690797
vt 0.770615 0.709254
vt 0.766630 0.710354
vt 0.759416 0.690412
vt 0.761383 0.686411
vt 0.756152 0.687247
vt 0.766179 0.684701
vt 0.768895 0.682392
vt 0.761238 0.678096
vt 0.757948 0.681067
vt 0.754612 0.684571
vt 0.746695 0.669661
vt 0.747766 0.667629
vt 0.755359 0.664493
vt 0.746805 0.664526
vt 0.762606 0.664080
vt 0.759404 0.661031
vt 0.766867 0.676660
vt 0.771985 0.676063
vt 0.763202 0.659522
vt 0.768105 0.659756
vt 0.771597 0.660201
vt 0.759208 0.655431
vt 0.756740 0.655845
vt 0.766600 0.639261
vt 0.774491 0.638655
vt 0.777301 0.632922
vt 0.779139 0.633290
vt 0.780800 0.624046
vt 0.781911 0.626024
vt 0.776560 0.646038
vt 0.782383 0.633270
vt 0.775495 0.653144
vt 0.778759 0.644273
vt 0.116992 0.053109
vt 0.116992 0.038659
vt 0.123421 0.054643
vt 0.124188 0.051281
vt 0.219055 0.394216
vt 0.216165 0.394688
vt 0.217168 0.379766
vt 0.223538 0.373101
vt 0.223243 0.356527
vt 0.215576 0.393744
vt 0.216106 0.397401
vt 0.211624 0.394275
vt 0.210444 0.396929
vt 0.207613 0.377819
vt 0.215458 0.370152
vt 0.207613 0.358178
vt 0.213157 0.357058
vt 0.213334 0.356173
vt 0.220235 0.351808
vt 0.218643 0.336827
vt 0.212980 0.336355
vt 0.218643 0.335058
vt 0.216342 0.333701
vt 0.221238 0.329042
vt 0.221651 0.330221
vt 0.219586 0.328452
vt 0.095104 0.248081
vt 0.077940 0.248376
vt 0.089382 0.244542
vt 0.089736 0.243244
vt 0.080653 0.242006
vt 0.095104 0.226494
vt 0.077586 0.240295
vt 0.075935 0.240767
vt 0.076112 0.235341
vt 0.077409 0.234574
vt 0.076996 0.230858
vt 0.085313 0.238172
vt 0.079238 0.226847
vt 0.088026 0.225137
vt 0.072337 0.228971
vt 0.073399 0.230327
vt 0.069742 0.221185
vt 0.076583 0.213636
vt 0.069742 0.210156
vt 0.074637 0.210392
vt 0.080889 0.203373
vt 0.078530 0.203904
vt 0.085726 0.204670
vt 0.090680 0.211453
vt 0.088439 0.203786
vt 0.093629 0.211335
vt 0.099350 0.211394
vt 0.098819 0.206853
vt 0.193870 0.869845
vt 0.196760 0.859111
vt 0.203189 0.865775
vt 0.201066 0.859641
vt 0.192986 0.894204
vt 0.200830 0.854215
vt 0.221356 0.853448
vt 0.225897 0.880993
vt 0.197055 0.896741
vt 0.191157 0.895089
vt 0.190096 0.896505
vt 0.212803 0.896505
vt 0.198471 0.904762
vt 0.216283 0.907593
vt 0.200063 0.906355
vt 0.237811 0.906885
vt 0.245892 0.897979
vt 0.241232 0.899867
vt 0.239640 0.908006
vt 0.240937 0.910129
vt 0.237222 0.908301
vt 0.239994 0.914022
vt 0.237929 0.914022
vt 0.222240 0.909893
vt 0.204782 0.914022
vt 0.199061 0.910896
vt 0.901593 0.193349
vt 0.909143 0.207328
vt 0.910205 0.213816
vt 0.920231 0.225199
vt 0.908199 0.229387
vt 0.893867 0.203966
vt 0.888146 0.189693
vt 0.884961 0.191403
vt 0.887969 0.216175
vt 0.896639 0.226438
vt 0.901829 0.232749
vt 0.890859 0.227205
vt 0.887969 0.239237
vt 0.884961 0.239119
vt 0.885256 0.248143
vt 0.888676 0.241065
vt 0.893159 0.242245
vt 0.904778 0.232631
vt 0.890328 0.247376
vt 0.885550 0.249617
vt 0.017386 0.125236
vt 0.017268 0.138035
vt 0.015263 0.125236
vt 0.015263 0.141574
vt 0.720289 0.951279
vt 0.700000 0.945852
vt 0.708434 0.934469
vt 0.700530 0.938833
vt 0.720289 0.922732
vt 0.699469 0.920136
vt 0.701356 0.900850
vt 0.318760 0.149854
vt 0.313097 0.150267
vt 0.317934 0.147141
vt 0.313097 0.148852
vt 0.309441 0.127206
vt 0.319408 0.145962
vt 0.313333 0.121131
vt 0.308261 0.105029
vt 0.305017 0.105441
vt 0.314867 0.121779
vt 0.321296 0.133045
vt 0.322888 0.147200
vt 0.315869 0.103554
vt 0.314572 0.095710
vt 0.322888 0.092348
vt 0.308556 0.097066
vt 0.298529 0.094825
vt 0.310974 0.089399
vt 0.307553 0.085978
vt 0.313274 0.085506
vt 0.310738 0.073120
vt 0.317698 0.086273
vt 0.322475 0.082616
vt 0.918990 0.297700
vt 0.914330 0.299293
vt 0.915628 0.278413
vt 0.912384 0.285196
vt 0.909612 0.298821
vt 0.907370 0.285491
vt 0.908078 0.257711
vt 0.911440 0.257121
vt 0.902062 0.257947
vt 0.918990 0.244912
vt 0.890738 0.255882
vt 0.910791 0.250397
vt 0.894984 0.247212
vt 0.906309 0.243201
vt 0.906577 0.141174
vt 0.906165 0.130381
vt 0.907757 0.134627
vt 0.909055 0.145421
vt 0.899795 0.140289
vt 0.908583 0.150847
vt 0.908996 0.151378
vt 0.903274 0.156214
vt 0.900207 0.156037
vt 0.904572 0.157807
vt 0.896315 0.144241
vt 0.891183 0.132268
vt 0.889827 0.143533
vt 0.893897 0.159635
vt 0.881157 0.147780
vt 0.898851 0.159989
vt 0.904218 0.166890
vt 0.906106 0.164826
vt 0.872899 0.152145
vt 0.876084 0.160992
vt 0.884577 0.162584
vt 0.893130 0.161995
vt 0.885816 0.168895
vt 0.895076 0.167421
vt 0.892717 0.174263
vt 0.897317 0.168659
vt 0.897612 0.173732
vt 0.899028 0.186767
vt 0.901977 0.172729
vt 0.906224 0.187474
vt 0.904631 0.172021
vt 0.907108 0.172965
vt 0.909055 0.191249
vt 0.963671 0.857433
vt 0.962963 0.850827
vt 0.966502 0.859026
vt 0.966856 0.851417
vt 0.971398 0.852184
vt 0.971987 0.859379
vt 0.972754 0.852302
vt 0.973403 0.843572
vt 0.975998 0.844044
vt 0.976116 0.836436
vt 0.968095 0.849530
vt 0.965794 0.839149
vt 0.962963 0.822280
vt 0.966856 0.821985
vt 0.968625 0.832779
vt 0.970277 0.821278
vt 0.972931 0.831009
vt 0.975408 0.827235
vt 0.974229 0.820570
vt 0.698686 0.473000
vt 0.696679 0.470572
vt 0.702176 0.459166
vt 0.700682 0.472596
vt 0.698604 0.476778
vt 0.704796 0.460104
vt 0.704675 0.450549
vt 0.699789 0.479345
vt 0.697987 0.478092
vt 0.703881 0.470747
vt 0.710683 0.457243
vt 0.710309 0.446986
vt 0.708017 0.473357
vt 0.703640 0.477656
vt 0.709024 0.480589
vt 0.699651 0.485661
vt 0.710565 0.480905
vt 0.709939 0.486525
vt 0.709212 0.488136
vt 0.699791 0.486542
vt 0.696571 0.501727
vt 0.719881 0.487752
vt 0.706447 0.509740
vt 0.701788 0.516936
vt 0.698848 0.531524
vt 0.707224 0.521993
vt 0.709870 0.507413
vt 0.716409 0.523593
vt 0.717152 0.529710
vt 0.725257 0.521130
vt 0.715985 0.516051
vt 0.720808 0.515459
vt 0.718690 0.489670
vt 0.716861 0.503876
vt 0.717562 0.489403
vt 0.719923 0.482323
vt 0.721843 0.481272
vt 0.720917 0.477225
vt 0.718871 0.475624
vt 0.722866 0.460774
vt 0.713615 0.480180
vt 0.712091 0.475852
vt 0.710941 0.467562
vt 0.715741 0.475525
vt 0.713777 0.460647
vt 0.718736 0.460759
vt 0.719274 0.456321
vt 0.720651 0.454752
vt 0.714037 0.454504
vt 0.713620 0.449618
vt 0.722214 0.448813
vt 0.714344 0.445529
vt 0.713868 0.440644
vt 0.718931 0.444942
vt 0.721350 0.444941
vt 0.725257 0.443074
vt 0.722088 0.441383
vt 0.724059 0.437617
vt 0.716284 0.440524
vt 0.715354 0.436359
vt 0.223538 0.126860
vt 0.215819 0.134123
vt 0.215819 0.122418
vt 0.861883 0.342640
vt 0.862178 0.349423
vt 0.860408 0.349777
vt 0.863652 0.369653
vt 0.869314 0.349777
vt 0.868430 0.370007
vt 0.868489 0.390651
vt 0.863180 0.390474
vt 0.852918 0.360511
vt 0.851384 0.350603
vt 0.853508 0.370479
vt 0.861765 0.389707
vt 0.861411 0.396136
vt 0.853272 0.390002
vt 0.856280 0.398790
vt 0.851384 0.397021
vt 0.852859 0.409820
vt 0.905034 0.626388
vt 0.903972 0.620372
vt 0.907806 0.620254
vt 0.908219 0.631106
vt 0.915120 0.618190
vt 0.915002 0.625798
vt 0.919013 0.618072
vt 0.918718 0.628452
vt 0.923200 0.621139
vt 0.908809 0.649096
vt 0.921549 0.629337
vt 0.927093 0.622672
vt 0.923672 0.632227
vt 0.927683 0.629927
vt 0.927329 0.639069
vt 0.923082 0.648152
vt 0.915651 0.646854
vt 0.909222 0.659064
vt 0.904090 0.657058
vt 0.903972 0.670919
vt 0.912112 0.660302
vt 0.921254 0.657530
vt 0.906980 0.672629
vt 0.913173 0.673750
vt 0.905978 0.674340
vt 0.722793 0.529161
vt 0.730224 0.548035
vt 0.725034 0.549569
vt 0.722793 0.551987
vt 0.725093 0.559065
vt 0.723618 0.574989
vt 0.725211 0.574341
vt 0.882684 0.701625
vt 0.882801 0.703807
vt 0.881976 0.704456
vt 0.884217 0.711003
vt 0.877670 0.727813
vt 0.873718 0.727341
vt 0.877316 0.731646
vt 0.879027 0.731233
vt 0.884217 0.732708
vt 0.978600 0.810255
vt 0.978364 0.815032
vt 0.972643 0.809606
vt 0.973645 0.814030
vt 0.963972 0.790850
vt 0.969517 0.786603
vt 0.960197 0.777697
vt 0.966567 0.806421
vt 0.963029 0.789965
vt 0.969340 0.817156
vt 0.960197 0.816271
vt 0.533054 0.959408
vt 0.530577 0.953038
vt 0.543965 0.949381
vt 0.546797 0.926555
vt 0.552636 0.928679
vt 0.536652 0.960352
vt 0.539365 0.966722
vt 0.542609 0.954159
vt 0.544614 0.950266
vt 0.544142 0.960588
vt 0.552636 0.969907
vt 0.548743 0.964303
s 1
usemtl Material
f 2639/3546 2631/3547 2622/3548
f 2631/3547 2639/3546 2650/3549
f 2650/3549 2639/3546 2636/3550
f 2650/3549 2636/3550 2651/3551
f 2650/3549 2651/3551 2643/3552
f 2643/3552 2651/3551 2649/3553
f 2643/3552 2649/3553 2638/3554
f 2643/3552 2638/3554 2601/3555
f 2643/3552 2601/3555 2548/3556
f 2650/3549 2643/3552 2626/3557
f 2626/3557 2643/3552 2548/3556
f 2650/3549 2626/3557 2631/3547
f 2626/3557 2548/3556 2516/3558
f 2516/3558 2548/3556 2486/3559
f 2631/3547 2626/3557 2552/3560
f 2631/3547 2552/3560 2569/3561
f 2631/3547 2569/3561 2622/3548
f 2552/3560 2626/3557 2510/3562
f 2510/3562 2626/3557 2516/3558
f 2569/3561 2552/3560 2529/3563
f 2569/3561 2529/3563 2554/3564
f 2552/3560 2510/3562 2490/3565
f 2569/3561 2554/3564 2560/3566
f 2510/3562 2516/3558 2485/3567
f 2510/3562 2485/3567 2490/3565
f 2485/3567 2516/3558 2486/3559
f 2490/3565 2485/3567 2713/3568
f 2569/3561 2560/3566 2581/3569
f 2569/3561 2581/3569 2622/3548
f 2581/3569 2560/3566 2574/3570
f 2622/3548 2581/3569 2628/3571
f 2581/3569 2574/3570 2608/3572
f 2581/3569 2608/3572 2628/3571
f 2485/3567 2486/3559 2711/3573
f 2485/3567 2711/3573 2713/3568
f 2711/3573 2486/3559 2702/3574
f 2711/3573 2702/3574 2878/3575
f 2711/3573 2878/3575 2713/3568
f 2713/3568 2878/3575 2901/3576
f 2639/3577 2622/3578 2636/3579
f 2636/3579 2622/3578 2641/3580
f 2636/3579 2641/3580 2651/3581
f 2641/3580 2622/3578 2628/3582
f 2651/3581 2641/3580 2649/3583
f 2649/3583 2641/3580 2628/3582
f 2649/3584 2628/3585 2608/3586
f 2649/3584 2608/3586 2612/3587
f 2649/3584 2612/3587 2638/3588
f 2612/3587 2608/3586 2574/3589
f 2638/3588 2612/3587 2601/3590
f 2612/3587 2574/3589 2556/3591
f 2612/3587 2556/3591 2549/3592
f 2549/3592 2556/3591 2544/3593
f 2549/3592 2544/3593 2530/3594
f 2612/3587 2549/3592 2545/3595
f 2612/3587 2545/3595 2601/3590
f 2545/3595 2549/3592 2551/3596
f 2601/3590 2545/3595 2522/3597
f 2601/3590 2522/3597 2548/3598
f 2548/3598 2522/3597 2486/3599
f 2486/3599 2522/3597 2702/3600
f 2522/3597 2545/3595 2509/3601
f 2509/3601 2545/3595 2551/3596
f 2522/3597 2509/3601 2702/3600
f 2542/3602 2551/3596 2549/3592
f 2551/3596 2542/3602 2509/3601
f 2509/3601 2542/3602 2702/3600
f 2542/3602 2549/3592 2530/3594
f 2702/3600 2542/3602 2705/3603
f 2702/3600 2705/3603 2863/3604
f 2702/3600 2863/3604 2878/3605
f 2705/3603 2542/3602 2699/3606
f 2705/3603 2699/3606 2863/3604
f 2542/3602 2530/3594 2529/3607
f 2529/3607 2530/3594 2524/3608
f 2529/3607 2524/3608 2554/3609
f 2542/3602 2529/3607 2493/3610
f 2542/3602 2493/3610 2699/3606
f 2493/3610 2529/3607 2490/3611
f 2490/3611 2529/3607 2552/3612
f 2493/3610 2490/3611 2718/3613
f 2718/3613 2490/3611 2713/3614
f 2718/3613 2713/3614 2901/3615
f 2718/3613 2901/3615 2921/3616
f 2493/3610 2718/3613 2714/3617
f 2714/3617 2718/3613 2921/3616
f 2493/3610 2714/3617 2699/3606
f 2714/3617 2921/3616 2883/3618
f 2714/3617 2883/3618 2699/3606
f 2699/3606 2883/3618 2863/3604
f 2863/3604 2883/3618 2834/3619
f 2834/3619 2883/3618 2884/3620
f 2798/3621 2865/3622 2863/3604
f 2834/3619 2884/3620 2822/3623
f 2822/3623 2884/3620 2820/3624
f 2720/3625 2798/3621 2820/3624
f 2834/3619 2822/3623 2817/3626
f 2822/3623 2820/3624 2810/3627
f 2822/3623 2810/3627 2817/3626
f 2810/3627 2820/3624 2798/3621
f 2817/3626 2810/3627 2834/3619
f 2810/3627 2798/3621 2863/3604
f 2810/3627 2863/3604 2834/3619
f 2574/3628 2560/3629 2562/3630
f 2574/3628 2562/3630 2556/3631
f 2562/3630 2560/3629 2558/3632
f 2558/3632 2560/3629 2554/3633
f 2558/3632 2554/3633 2528/3634
f 2528/3634 2554/3633 2524/3635
f 2558/3632 2528/3634 2555/3636
f 2528/3634 2524/3635 2518/3637
f 2555/3636 2528/3634 2520/3638
f 2520/3638 2528/3634 2518/3637
f 2512/3639 2523/3640 2520/3638
f 2520/3638 2518/3637 2517/3641
f 2520/3638 2517/3641 2512/3639
f 2517/3641 2518/3637 2697/3642
f 2697/3642 2518/3637 2482/3643
f 2697/3642 2482/3643 2720/3644
f 2697/3642 2720/3644 2820/3645
f 2697/3642 2820/3645 2801/3646
f 2512/3639 2517/3641 2515/3647
f 2512/3639 2515/3647 2514/3648
f 2517/3641 2697/3642 2701/3649
f 2517/3641 2701/3649 2515/3647
f 2701/3649 2697/3642 2801/3646
f 2514/3648 2515/3647 2700/3650
f 2700/3650 2515/3647 2701/3649
f 2700/3650 2701/3649 2801/3646
f 2514/3648 2700/3650 2712/3651
f 2700/3650 2801/3646 2807/3652
f 2700/3650 2807/3652 2712/3651
f 2807/3652 2801/3646 2828/3653
f 2712/3651 2807/3652 2808/3654
f 2544/3655 2556/3656 2535/3657
f 2535/3657 2556/3656 2587/3658
f 2544/3655 2535/3657 2530/3659
f 2530/3659 2535/3657 2518/3660
f 2530/3659 2518/3660 2524/3661
f 2535/3657 2587/3658 2606/3662
f 2518/3660 2535/3657 2513/3663
f 2513/3663 2535/3657 2606/3662
f 2518/3660 2513/3663 2482/3664
f 2482/3664 2513/3663 2698/3665
f 2482/3664 2698/3665 2720/3666
f 2720/3666 2698/3665 2798/3667
f 2698/3665 2513/3663 2541/3668
f 2541/3668 2513/3663 2606/3662
f 2798/3667 2698/3665 2488/3669
f 2488/3669 2698/3665 2541/3668
f 2798/3667 2488/3669 2706/3670
f 2541/3668 2606/3662 2525/3671
f 2541/3668 2525/3671 2488/3669
f 2488/3669 2525/3671 2706/3670
f 2525/3671 2606/3662 2620/3672
f 2525/3671 2620/3672 2633/3673
f 2706/3670 2525/3671 2498/3674
f 2498/3674 2525/3671 2633/3673
f 2706/3670 2498/3674 2840/3675
f 2498/3674 2633/3673 2508/3676
f 2840/3675 2498/3674 2704/3677
f 2704/3677 2498/3674 2508/3676
f 2926/3678 2883/3679 2921/3680
f 2926/3678 2921/3680 2901/3681
f 2926/3678 2901/3681 2937/3682
f 2883/3679 2926/3678 2884/3683
f 2926/3678 2937/3682 2974/3684
f 2884/3683 2926/3678 2957/3685
f 2957/3685 2926/3678 2974/3684
f 2884/3683 2957/3685 2943/3686
f 2884/3683 2943/3686 2828/3687
f 2884/3683 2828/3687 2820/3688
f 2820/3688 2828/3687 2801/3689
f 2828/3687 2943/3686 2893/3690
f 2943/3686 2957/3685 2959/3691
f 2959/3691 2957/3685 2974/3684
f 2943/3686 2959/3691 2954/3692
f 2954/3692 2959/3691 2951/3693
f 2951/3693 2959/3691 2949/3694
f 2949/3694 2959/3691 2974/3684
f 2951/3693 2949/3694 2941/3695
f 2941/3695 2949/3694 2919/3696
f 2919/3696 2949/3694 2922/3697
f 2922/3697 2949/3694 2938/3698
f 2938/3698 2949/3694 2950/3699
f 2950/3699 2949/3694 2970/3700
f 2970/3700 2949/3694 2974/3684
f 2950/3699 2970/3700 2965/3701
f 2950/3699 2965/3701 2889/3702
f 2889/3702 2965/3701 2863/3703
f 2889/3702 2863/3703 2865/3704
f 2965/3701 2970/3700 2979/3705
f 2970/3700 2974/3684 2978/3706
f 2970/3700 2978/3706 2979/3705
f 2979/3705 2978/3706 2982/3707
f 2978/3706 2974/3684 2981/3708
f 2978/3706 2981/3708 2982/3707
f 2981/3708 2974/3684 2966/3709
f 2966/3709 2974/3684 2937/3682
f 2982/3707 2981/3708 2980/3710
f 2982/3707 2980/3710 2979/3705
f 2966/3709 2937/3682 2948/3711
f 2981/3708 2966/3709 2963/3712
f 2981/3708 2963/3712 2980/3710
f 2963/3712 2966/3709 2948/3711
f 2979/3705 2980/3710 2942/3713
f 2942/3713 2980/3710 2963/3712
f 2942/3713 2963/3712 2948/3711
f 2979/3705 2942/3713 2934/3714
f 2934/3714 2942/3713 2948/3711
f 2934/3714 2948/3711 2940/3715
f 2934/3714 2940/3715 2905/3716
f 2905/3716 2940/3715 2948/3711
f 2905/3717 2901/3718 2878/3719
f 2901/3718 2905/3717 2948/3720
f 2901/3718 2948/3720 2937/3721
f 2905/3722 2878/3723 2863/3724
f 2905/3722 2863/3724 2928/3725
f 2928/3725 2863/3724 2965/3726
f 2928/3725 2965/3726 2972/3727
f 2972/3727 2965/3726 2979/3728
f 2928/3725 2972/3727 2967/3729
f 2928/3725 2967/3729 2929/3730
f 2967/3729 2972/3727 2962/3731
f 2967/3729 2962/3731 2961/3732
f 2928/3733 2934/3734 2905/3735
f 2934/3734 2928/3733 2945/3736
f 2934/3734 2945/3736 2977/3737
f 2934/3734 2977/3737 2979/3738
f 2979/3738 2977/3737 2972/3739
f 2977/3740 2945/3741 2936/3742
f 2977/3740 2936/3742 2973/3743
f 2973/3743 2936/3742 2969/3744
f 2969/3744 2936/3742 2910/3745
f 2969/3744 2910/3745 2960/3746
f 2960/3746 2910/3745 2862/3747
f 2862/3747 2910/3745 2936/3742
f 2960/3746 2862/3747 2931/3748
f 2931/3748 2862/3747 2837/3749
f 2895/3750 2936/3742 2945/3741
f 2936/3742 2895/3750 2862/3747
f 2895/3750 2945/3741 2928/3751
f 2895/3750 2928/3751 2902/3752
f 2862/3747 2895/3750 2868/3753
f 2868/3753 2895/3750 2902/3752
f 2862/3747 2868/3753 2837/3749
f 2868/3753 2902/3752 2824/3754
f 2868/3753 2824/3754 2837/3749
f 2972/3755 2977/3756 2962/3757
f 2962/3757 2977/3756 2973/3758
f 2962/3757 2973/3758 2955/3759
f 2962/3757 2955/3759 2930/3760
f 2930/3760 2955/3759 2931/3761
f 2931/3761 2955/3759 2960/3762
f 2960/3762 2955/3759 2973/3758
f 2960/3762 2973/3758 2969/3763
f 2931/3764 2837/3765 2915/3766
f 2915/3766 2837/3765 2813/3767
f 2931/3764 2915/3766 2930/3768
f 2915/3766 2813/3767 2789/3769
f 2767/3770 2771/3771 2789/3769
f 2789/3769 2771/3771 2909/3772
f 2909/3772 2771/3771 2782/3773
f 2909/3772 2782/3773 2892/3774
f 2789/3769 2909/3772 2935/3775
f 2789/3769 2935/3775 2915/3766
f 2909/3772 2892/3774 2920/3776
f 2909/3772 2920/3776 2935/3775
f 2920/3776 2892/3774 2847/3777
f 2847/3777 2892/3774 2756/3778
f 2915/3766 2935/3775 2890/3779
f 2890/3779 2935/3775 2920/3776
f 2915/3766 2890/3779 2930/3768
f 2920/3776 2847/3777 2844/3780
f 2920/3776 2844/3780 2890/3779
f 2844/3780 2847/3777 2830/3781
f 2844/3780 2830/3781 2864/3782
f 2844/3780 2864/3782 2890/3779
f 2890/3779 2864/3782 2930/3768
f 2930/3768 2864/3782 2876/3783
f 2876/3783 2864/3782 2784/3784
f 2930/3768 2876/3783 2891/3785
f 2930/3768 2891/3785 2907/3786
f 2876/3783 2784/3784 2815/3787
f 2891/3785 2876/3783 2827/3788
f 2827/3788 2876/3783 2815/3787
f 2891/3785 2827/3788 2852/3789
f 2891/3785 2852/3789 2907/3786
f 2907/3786 2852/3789 2838/3790
f 2907/3786 2838/3790 2805/3791
f 2907/3786 2805/3791 2846/3792
f 2824/3793 2815/3787 2784/3784
f 2827/3788 2815/3787 2761/3794
f 2815/3787 2824/3793 2826/3795
f 2826/3795 2824/3793 2846/3796
f 2826/3795 2846/3796 2805/3797
f 2815/3787 2826/3795 2792/3798
f 2815/3787 2792/3798 2761/3794
f 2792/3798 2826/3795 2805/3797
f 2761/3794 2792/3798 2769/3799
f 2769/3799 2792/3798 2805/3797
f 2902/3800 2928/3801 2929/3802
f 2902/3800 2929/3802 2916/3803
f 2916/3803 2929/3802 2917/3804
f 2916/3803 2917/3804 2899/3805
f 2902/3800 2916/3803 2908/3806
f 2916/3803 2899/3805 2953/3807
f 2908/3806 2916/3803 2956/3808
f 2956/3808 2916/3803 2953/3807
f 2956/3808 2953/3807 2961/3809
f 2908/3806 2956/3808 2947/3810
f 2956/3808 2961/3809 2962/3811
f 2956/3808 2962/3811 2947/3810
f 2947/3810 2962/3811 2930/3812
f 2824/3813 2902/3814 2885/3815
f 2885/3815 2902/3814 2908/3816
f 2885/3815 2908/3816 2861/3817
f 2885/3815 2861/3817 2850/3818
f 2885/3815 2850/3818 2831/3819
f 2824/3813 2885/3815 2875/3820
f 2875/3820 2885/3815 2831/3819
f 2824/3813 2875/3820 2846/3821
f 2875/3820 2831/3819 2797/3822
f 2875/3820 2797/3822 2882/3823
f 2882/3823 2797/3822 2855/3824
f 2846/3821 2875/3820 2918/3825
f 2918/3825 2875/3820 2882/3823
f 2846/3821 2918/3825 2907/3826
f 2907/3826 2918/3825 2930/3827
f 2918/3825 2882/3823 2894/3828
f 2930/3827 2918/3825 2947/3829
f 2947/3829 2918/3825 2894/3828
f 2947/3829 2894/3828 2927/3830
f 2947/3829 2927/3830 2908/3831
f 2929/3832 2967/3833 2912/3834
f 2912/3834 2967/3833 2946/3835
f 2946/3835 2967/3833 2933/3836
f 2933/3836 2967/3833 2961/3837
f 2912/3834 2946/3835 2925/3838
f 2925/3838 2946/3835 2933/3836
f 2912/3834 2925/3838 2887/3839
f 2887/3839 2925/3838 2889/3840
f 2889/3840 2925/3838 2950/3841
f 2950/3841 2925/3838 2933/3836
f 2933/3836 2961/3837 2924/3842
f 2924/3842 2961/3837 2914/3843
f 2914/3843 2961/3837 2953/3844
f 2914/3843 2953/3844 2899/3845
f 2914/3843 2899/3845 2848/3846
f 2848/3846 2899/3845 2860/3847
f 2860/3847 2899/3845 2917/3848
f 2860/3847 2917/3848 2904/3849
f 2904/3849 2917/3848 2929/3850
f 2904/3849 2929/3850 2912/3851
f 2860/3847 2904/3849 2873/3852
f 2873/3852 2904/3849 2912/3851
f 2860/3847 2873/3852 2887/3853
f 2887/3853 2873/3852 2912/3851
f 2933/3854 2924/3855 2923/3856
f 2933/3854 2923/3856 2950/3857
f 2950/3857 2923/3856 2938/3858
f 2923/3856 2924/3855 2914/3859
f 2938/3858 2923/3856 2906/3860
f 2906/3860 2923/3856 2853/3861
f 2906/3860 2853/3861 2857/3862
f 2853/3861 2923/3856 2880/3863
f 2853/3861 2880/3863 2855/3864
f 2855/3864 2880/3863 2894/3865
f 2855/3864 2894/3865 2882/3866
f 2894/3865 2880/3863 2927/3867
f 2880/3863 2923/3856 2903/3868
f 2880/3863 2903/3868 2927/3867
f 2903/3868 2923/3856 2914/3859
f 2927/3867 2903/3868 2843/3869
f 2843/3869 2903/3868 2914/3859
f 2927/3867 2843/3869 2908/3870
f 2843/3869 2914/3859 2848/3871
f 2843/3869 2848/3871 2821/3872
f 2860/3873 2887/3874 2889/3875
f 2860/3873 2889/3875 2870/3876
f 2860/3873 2870/3876 2848/3877
f 2870/3876 2889/3875 2865/3878
f 2848/3877 2870/3876 2778/3879
f 2778/3879 2870/3876 2865/3878
f 2848/3877 2778/3879 2821/3880
f 2778/3879 2865/3878 2777/3881
f 2777/3881 2865/3878 2825/3882
f 2825/3882 2865/3878 2886/3883
f 2777/3881 2825/3882 2906/3884
f 2906/3884 2825/3882 2886/3883
f 2777/3881 2906/3884 2857/3885
f 2906/3884 2886/3883 2938/3886
f 2802/3887 2821/3880 2778/3879
f 2802/3887 2778/3879 2797/3888
f 2802/3887 2797/3888 2831/3889
f 2802/3887 2831/3889 2821/3880
f 2821/3880 2831/3889 2850/3890
f 2821/3880 2850/3890 2861/3891
f 2821/3880 2861/3891 2843/3892
f 2843/3892 2861/3891 2908/3893
f 2797/3894 2778/3895 2779/3896
f 2779/3896 2778/3895 2769/3897
f 2779/3896 2769/3897 2805/3898
f 2779/3896 2805/3898 2838/3899
f 2797/3894 2779/3896 2855/3900
f 2779/3896 2838/3899 2835/3901
f 2779/3896 2835/3901 2855/3900
f 2855/3900 2835/3901 2853/3902
f 2938/3903 2886/3904 2798/3905
f 2798/3905 2886/3904 2865/3906
f 2938/3903 2798/3905 2922/3907
f 2922/3907 2798/3905 2871/3908
f 2871/3908 2798/3905 2706/3909
f 2871/3908 2706/3909 2840/3910
f 2871/3908 2840/3910 2888/3911
f 2871/3908 2888/3911 2922/3907
f 2922/3907 2888/3911 2919/3912
f 2778/3913 2777/3914 2755/3915
f 2769/3916 2778/3913 2761/3917
f 2761/3917 2778/3913 2755/3915
f 2761/3917 2755/3915 2757/3918
f 2757/3918 2755/3915 2751/3919
f 2755/3915 2777/3914 2753/3920
f 2751/3919 2755/3915 2728/3921
f 2728/3921 2755/3915 2753/3920
f 2751/3919 2728/3921 2729/3922
f 2729/3922 2728/3921 2722/3923
f 2722/3923 2728/3921 2715/3924
f 2715/3924 2728/3921 2710/3925
f 2753/3920 2777/3914 2857/3926
f 2753/3920 2857/3926 2773/3927
f 2773/3927 2857/3926 2795/3928
f 2773/3927 2795/3928 2753/3920
f 2753/3920 2795/3928 2783/3929
f 2753/3920 2783/3929 2728/3921
f 2728/3921 2783/3929 2809/3930
f 2728/3921 2809/3930 2704/3931
f 2704/3931 2809/3930 2840/3932
f 2840/3932 2809/3930 2818/3933
f 2818/3933 2809/3930 2783/3929
f 2840/3932 2818/3933 2888/3934
f 2818/3933 2783/3929 2811/3935
f 2818/3933 2811/3935 2888/3934
f 2811/3935 2783/3929 2790/3936
f 2811/3935 2790/3936 2874/3937
f 2811/3935 2874/3937 2888/3934
f 2888/3934 2874/3937 2919/3938
f 2857/3939 2853/3940 2795/3941
f 2795/3941 2853/3940 2806/3942
f 2806/3942 2853/3940 2835/3943
f 2795/3941 2806/3942 2814/3944
f 2795/3941 2814/3944 2794/3945
f 2795/3941 2794/3945 2783/3946
f 2794/3945 2814/3944 2793/3947
f 2794/3945 2793/3947 2780/3948
f 2814/3944 2806/3942 2799/3949
f 2799/3949 2806/3942 2812/3950
f 2812/3950 2806/3942 2835/3943
f 2799/3949 2812/3950 2757/3951
f 2757/3951 2812/3950 2761/3952
f 2761/3952 2812/3950 2827/3953
f 2827/3953 2812/3950 2852/3954
f 2852/3954 2812/3950 2835/3943
f 2852/3954 2835/3943 2838/3955
f 2783/3956 2794/3957 2791/3958
f 2791/3958 2794/3957 2787/3959
f 2787/3959 2794/3957 2780/3960
f 2787/3959 2780/3960 2775/3961
f 2787/3959 2775/3961 2791/3958
f 2791/3958 2775/3961 2800/3962
f 2791/3958 2800/3962 2785/3963
f 2791/3958 2785/3963 2759/3964
f 2791/3958 2759/3964 2783/3956
f 2783/3956 2759/3964 2764/3965
f 2783/3956 2764/3965 2790/3966
f 2790/3966 2764/3965 2759/3964
f 2790/3966 2759/3964 2816/3967
f 2790/3966 2816/3967 2829/3968
f 2790/3966 2829/3968 2874/3969
f 2829/3968 2816/3967 2898/3970
f 2829/3968 2898/3970 2900/3971
f 2780/3972 2793/3973 2758/3974
f 2758/3974 2793/3973 2774/3975
f 2758/3974 2774/3975 2733/3976
f 2758/3974 2733/3976 2715/3977
f 2733/3976 2774/3975 2748/3978
f 2733/3976 2748/3978 2732/3979
f 2748/3978 2774/3975 2756/3980
f 2756/3980 2774/3975 2847/3981
f 2830/3982 2793/3983 2814/3984
f 2793/3983 2830/3982 2774/3985
f 2774/3985 2830/3982 2847/3986
f 2830/3987 2814/3988 2864/3989
f 2864/3989 2814/3988 2799/3990
f 2864/3989 2799/3990 2784/3991
f 2784/3991 2799/3990 2752/3992
f 2752/3992 2799/3990 2751/3993
f 2751/3993 2799/3990 2757/3994
f 2780/3995 2758/3996 2754/3997
f 2780/3995 2754/3997 2775/3998
f 2775/3998 2754/3997 2760/3999
f 2760/3999 2754/3997 2721/4000
f 2754/3997 2758/3996 2724/4001
f 2754/3997 2724/4001 2721/4000
f 2724/4001 2758/3996 2715/4002
f 2724/4001 2715/4002 2709/4003
f 2709/4003 2715/4002 2708/4004
f 2708/4004 2715/4002 2710/4005
f 2708/4004 2710/4005 2505/4006
f 2708/4004 2505/4006 2709/4003
f 2505/4006 2710/4005 2533/4007
f 2505/4006 2533/4007 2598/4008
f 2598/4008 2533/4007 2595/4009
f 2505/4006 2598/4008 2596/4010
f 2505/4006 2596/4010 2709/4003
f 2709/4003 2596/4010 2503/4011
f 2503/4011 2596/4010 2583/4012
f 2503/4011 2583/4012 2579/4013
f 2709/4003 2503/4011 2717/4014
f 2709/4003 2717/4014 2724/4001
f 2503/4011 2579/4013 2501/4015
f 2503/4011 2501/4015 2717/4014
f 2501/4015 2579/4013 2576/4016
f 2724/4001 2717/4014 2716/4017
f 2716/4017 2717/4014 2501/4015
f 2724/4001 2716/4017 2721/4000
f 2716/4017 2501/4015 2723/4018
f 2721/4000 2716/4017 2719/4019
f 2719/4019 2716/4017 2723/4018
f 2721/4000 2719/4019 2730/4020
f 2730/4020 2719/4019 2725/4021
f 2725/4021 2719/4019 2723/4018
f 2725/4021 2723/4018 2759/4022
f 2725/4021 2759/4022 2746/4023
f 2775/4024 2760/4025 2804/4026
f 2775/4024 2804/4026 2800/4027
f 2804/4026 2760/4025 2803/4028
f 2800/4027 2804/4026 2833/4029
f 2833/4029 2804/4026 2803/4028
f 2803/4028 2760/4025 2762/4030
f 2800/4027 2833/4029 2841/4031
f 2833/4029 2803/4028 2745/4032
f 2745/4032 2803/4028 2762/4030
f 2833/4029 2745/4032 2841/4031
f 2762/4030 2760/4025 2737/4033
f 2762/4030 2737/4033 2745/4032
f 2737/4033 2760/4025 2721/4034
f 2737/4033 2721/4034 2730/4035
f 2800/4027 2841/4031 2785/4036
f 2737/4033 2730/4035 2731/4037
f 2731/4037 2730/4035 2738/4038
f 2785/4036 2841/4031 2776/4039
f 2785/4036 2776/4039 2746/4040
f 2785/4036 2746/4040 2759/4041
f 2746/4040 2776/4039 2747/4042
f 2776/4039 2841/4031 2781/4043
f 2781/4043 2841/4031 2744/4044
f 2744/4044 2841/4031 2745/4032
f 2781/4043 2744/4044 2749/4045
f 2744/4044 2745/4032 2736/4046
f 2736/4046 2745/4032 2737/4033
f 2749/4045 2744/4044 2739/4047
f 2739/4047 2744/4044 2736/4046
f 2749/4045 2739/4047 2747/4048
f 2736/4046 2737/4033 2734/4049
f 2736/4046 2734/4049 2739/4047
f 2734/4049 2737/4033 2731/4037
f 2734/4049 2731/4037 2507/4050
f 2739/4047 2734/4049 2483/4051
f 2483/4051 2734/4049 2507/4050
f 2739/4047 2483/4051 2496/4052
f 2483/4051 2507/4050 2588/4053
f 2588/4053 2507/4050 2597/4054
f 2496/4052 2483/4051 2593/4055
f 2588/4053 2597/4054 2593/4055
f 2588/4053 2593/4055 2483/4051
f 2496/4052 2593/4055 2580/4056
f 2781/4057 2749/4058 2832/4059
f 2781/4057 2832/4059 2776/4060
f 2776/4060 2832/4059 2839/4061
f 2839/4061 2832/4059 2858/4062
f 2832/4059 2749/4058 2765/4063
f 2765/4063 2749/4058 2766/4064
f 2766/4064 2749/4058 2747/4065
f 2766/4064 2747/4065 2776/4066
f 2766/4064 2776/4066 2839/4067
f 2766/4064 2839/4067 2770/4068
f 2766/4064 2770/4068 2765/4063
f 2770/4068 2839/4067 2858/4069
f 2832/4059 2765/4063 2772/4070
f 2772/4070 2765/4063 2770/4068
f 2832/4059 2772/4070 2859/4071
f 2832/4059 2859/4071 2858/4062
f 2772/4070 2770/4068 2788/4072
f 2772/4070 2788/4072 2859/4071
f 2770/4068 2858/4069 2786/4073
f 2770/4068 2786/4073 2788/4072
f 2786/4073 2858/4069 2866/4074
f 2786/4073 2866/4074 2867/4075
f 2786/4073 2867/4075 2836/4076
f 2786/4073 2836/4076 2788/4072
f 2788/4072 2836/4076 2845/4077
f 2845/4077 2836/4076 2854/4078
f 2788/4072 2845/4077 2911/4079
f 2911/4079 2845/4077 2872/4080
f 2869/4081 2859/4071 2788/4072
f 2859/4071 2869/4081 2858/4062
f 2869/4081 2788/4072 2911/4079
f 2858/4062 2869/4081 2866/4082
f 2866/4082 2869/4081 2911/4079
f 2911/4079 2872/4080 2939/4083
f 2866/4082 2911/4079 2913/4084
f 2913/4084 2911/4079 2939/4083
f 2866/4082 2913/4084 2867/4085
f 2939/4083 2872/4080 2968/4086
f 2939/4083 2968/4086 2913/4084
f 2968/4086 2872/4080 2971/4087
f 2968/4086 2971/4087 2958/4088
f 2913/4084 2968/4086 2932/4089
f 2932/4089 2968/4086 2958/4088
f 2913/4084 2932/4089 2867/4085
f 2932/4089 2958/4088 2941/4090
f 2932/4089 2941/4090 2898/4091
f 2898/4091 2941/4090 2919/4092
f 2898/4091 2919/4092 2900/4093
f 2932/4089 2898/4091 2856/4094
f 2932/4089 2856/4094 2867/4085
f 2856/4094 2898/4091 2796/4095
f 2867/4085 2856/4094 2851/4096
f 2856/4094 2796/4095 2823/4097
f 2856/4094 2823/4097 2851/4096
f 2730/4098 2725/4099 2738/4100
f 2738/4100 2725/4099 2746/4101
f 2731/4102 2738/4103 2494/4104
f 2731/4102 2494/4104 2507/4105
f 2507/4105 2494/4104 2597/4106
f 2494/4104 2738/4103 2735/4107
f 2735/4107 2738/4103 2746/4108
f 2735/4107 2746/4108 2739/4109
f 2739/4109 2746/4108 2747/4110
f 2735/4107 2739/4109 2496/4111
f 2494/4104 2735/4107 2511/4112
f 2511/4112 2735/4107 2496/4111
f 2494/4104 2511/4112 2597/4106
f 2511/4112 2496/4111 2580/4113
f 2511/4112 2580/4113 2577/4114
f 2511/4112 2577/4114 2597/4106
f 2597/4106 2577/4114 2586/4115
f 2597/4106 2586/4115 2609/4116
f 2609/4116 2586/4115 2611/4117
f 2611/4117 2586/4115 2591/4118
f 2611/4117 2591/4118 2600/4119
f 2600/4119 2591/4118 2576/4120
f 2600/4119 2576/4120 2583/4121
f 2600/4119 2583/4121 2607/4122
f 2583/4121 2576/4120 2579/4123
f 2971/4124 2872/4125 2975/4126
f 2971/4124 2975/4126 2976/4127
f 2975/4126 2872/4125 2897/4128
f 2975/4126 2897/4128 2976/4127
f 2971/4124 2976/4127 2958/4129
f 2897/4128 2872/4125 2881/4130
f 2881/4130 2872/4125 2845/4131
f 2881/4130 2845/4131 2854/4132
f 2881/4130 2854/4132 2879/4133
f 2881/4130 2879/4133 2897/4128
f 2879/4133 2854/4132 2877/4134
f 2952/4135 2976/4127 2897/4128
f 2897/4128 2879/4133 2896/4136
f 2897/4128 2896/4136 2952/4135
f 2896/4136 2879/4133 2877/4134
f 2976/4127 2952/4135 2964/4137
f 2964/4137 2952/4135 2896/4136
f 2976/4127 2964/4137 2958/4129
f 2851/4138 2877/4134 2842/4139
f 2877/4134 2851/4138 2823/4140
f 2877/4134 2823/4140 2819/4141
f 2877/4134 2819/4141 2896/4136
f 2819/4141 2823/4140 2796/4142
f 2819/4141 2796/4142 2808/4143
f 2819/4141 2808/4143 2828/4144
f 2828/4144 2808/4143 2807/4145
f 2819/4141 2828/4144 2893/4146
f 2819/4141 2893/4146 2896/4136
f 2896/4136 2893/4146 2964/4137
f 2964/4137 2893/4146 2944/4147
f 2944/4147 2893/4146 2943/4148
f 2944/4147 2943/4148 2954/4149
f 2944/4147 2954/4149 2964/4137
f 2964/4137 2954/4149 2958/4129
f 2958/4129 2954/4149 2941/4150
f 2941/4150 2954/4149 2951/4151
f 2712/4152 2808/4153 2741/4154
f 2741/4154 2808/4153 2796/4155
f 2712/4152 2741/4154 2514/4156
f 2898/4157 2816/4158 2796/4155
f 2796/4155 2816/4158 2741/4154
f 2741/4154 2816/4158 2497/4159
f 2514/4156 2741/4154 2536/4160
f 2514/4156 2536/4160 2512/4161
f 2512/4161 2536/4160 2523/4162
f 2536/4160 2741/4154 2550/4163
f 2550/4163 2741/4154 2497/4159
f 2536/4160 2550/4163 2567/4164
f 2567/4164 2550/4163 2605/4165
f 2567/4164 2605/4165 2573/4166
f 2550/4163 2497/4159 2637/4167
f 2550/4163 2637/4167 2605/4165
f 2576/4168 2591/4169 2497/4159
f 2497/4159 2591/4169 2637/4167
f 2637/4167 2591/4169 2653/4170
f 2637/4167 2653/4170 2673/4171
f 2637/4167 2673/4171 2642/4172
f 2637/4167 2642/4172 2605/4165
f 2642/4172 2673/4171 2665/4173
f 2642/4172 2665/4173 2644/4174
f 2605/4165 2642/4172 2625/4175
f 2625/4175 2642/4172 2644/4174
f 2605/4165 2625/4175 2573/4166
f 2625/4175 2644/4174 2582/4176
f 2625/4175 2582/4176 2573/4166
f 2573/4166 2582/4176 2572/4177
f 2704/4178 2508/4179 2543/4180
f 2543/4180 2508/4179 2633/4181
f 2543/4180 2633/4181 2646/4182
f 2704/4178 2543/4180 2495/4183
f 2495/4183 2543/4180 2646/4182
f 2704/4178 2495/4183 2728/4184
f 2728/4184 2495/4183 2710/4185
f 2710/4185 2495/4183 2533/4186
f 2495/4183 2646/4182 2590/4187
f 2495/4183 2590/4187 2533/4186
f 2590/4187 2646/4182 2659/4188
f 2533/4186 2590/4187 2595/4189
f 2595/4189 2590/4187 2594/4190
f 2595/4189 2594/4190 2602/4191
f 2602/4191 2594/4190 2603/4192
f 2603/4192 2594/4190 2614/4193
f 2614/4193 2594/4190 2590/4187
f 2614/4193 2590/4187 2659/4188
f 2614/4193 2659/4188 2640/4194
f 2640/4194 2659/4188 2678/4195
f 2614/4193 2640/4194 2652/4196
f 2614/4193 2652/4196 2624/4197
f 2919/4198 2874/4199 2900/4200
f 2900/4200 2874/4199 2829/4201
f 2816/4202 2759/4203 2707/4204
f 2707/4204 2759/4203 2723/4205
f 2816/4202 2707/4204 2497/4206
f 2707/4204 2723/4205 2501/4207
f 2707/4204 2501/4207 2497/4206
f 2497/4206 2501/4207 2576/4208
f 2867/4209 2851/4210 2849/4211
f 2849/4211 2851/4210 2842/4212
f 2849/4211 2842/4212 2703/4213
f 2867/4209 2849/4211 2836/4214
f 2849/4211 2703/4213 2492/4215
f 2849/4211 2492/4215 2836/4214
f 2492/4215 2703/4213 2537/4216
f 2537/4216 2703/4213 2534/4217
f 2836/4214 2492/4215 2491/4218
f 2491/4218 2492/4215 2537/4216
f 2836/4214 2491/4218 2727/4219
f 2836/4214 2727/4219 2854/4220
f 2727/4219 2491/4218 2527/4221
f 2527/4221 2491/4218 2537/4216
f 2527/4221 2537/4216 2532/4222
f 2527/4221 2532/4222 2519/4223
f 2532/4222 2537/4216 2553/4224
f 2553/4224 2537/4216 2565/4225
f 2532/4222 2553/4224 2575/4226
f 2575/4226 2553/4224 2565/4225
f 2532/4222 2575/4226 2519/4223
f 2575/4226 2565/4225 2568/4227
f 2575/4226 2568/4227 2566/4228
f 2566/4228 2568/4227 2559/4229
f 2519/4223 2575/4226 2557/4230
f 2557/4230 2575/4226 2566/4228
f 2557/4230 2566/4228 2559/4229
f 2519/4223 2557/4230 2547/4231
f 2547/4231 2557/4230 2559/4229
f 2842/4232 2877/4233 2703/4234
f 2703/4234 2877/4233 2726/4235
f 2726/4235 2877/4233 2854/4236
f 2726/4235 2854/4236 2727/4237
f 2703/4234 2726/4235 2526/4238
f 2526/4238 2726/4235 2727/4237
f 2703/4234 2526/4238 2534/4239
f 2526/4238 2727/4237 2527/4240
f 2534/4239 2526/4238 2538/4241
f 2526/4238 2527/4240 2519/4242
f 2538/4241 2526/4238 2521/4243
f 2521/4243 2526/4238 2519/4242
f 2521/4243 2519/4242 2547/4244
f 2521/4243 2547/4244 2559/4245
f 2540/4246 2537/4247 2534/4248
f 2540/4246 2534/4248 2538/4249
f 2537/4247 2540/4246 2565/4250
f 2540/4246 2538/4249 2539/4251
f 2539/4251 2538/4249 2536/4252
f 2539/4251 2536/4252 2567/4253
f 2539/4251 2567/4253 2540/4246
f 2540/4246 2567/4253 2565/4250
f 2565/4250 2567/4253 2570/4254
f 2570/4254 2567/4253 2573/4255
f 2565/4250 2570/4254 2564/4256
f 2565/4250 2564/4256 2568/4257
f 2568/4257 2564/4256 2559/4258
f 2559/4258 2564/4256 2570/4254
f 2559/4258 2570/4254 2563/4259
f 2559/4258 2563/4259 2521/4260
f 2570/4254 2573/4255 2584/4261
f 2570/4254 2584/4261 2563/4259
f 2584/4261 2573/4255 2592/4262
f 2592/4262 2573/4255 2572/4263
f 2538/4264 2521/4260 2536/4265
f 2536/4265 2521/4260 2523/4266
f 2523/4266 2521/4260 2563/4259
f 2523/4266 2563/4259 2561/4267
f 2561/4267 2563/4259 2584/4261
f 2523/4266 2561/4267 2520/4268
f 2561/4267 2584/4261 2571/4269
f 2561/4267 2571/4269 2520/4268
f 2571/4269 2584/4261 2592/4262
f 2520/4268 2571/4269 2555/4270
f 2571/4269 2592/4262 2585/4271
f 2555/4270 2571/4269 2589/4272
f 2589/4272 2571/4269 2585/4271
f 2555/4270 2589/4272 2558/4273
f 2589/4272 2585/4271 2610/4274
f 2589/4272 2610/4274 2558/4273
f 2610/4274 2585/4271 2592/4262
f 2558/4273 2610/4274 2562/4275
f 2610/4274 2592/4262 2615/4276
f 2610/4274 2615/4276 2562/4275
f 2615/4276 2592/4262 2587/4277
f 2615/4276 2587/4277 2562/4275
f 2562/4275 2587/4277 2556/4278
f 2572/4279 2582/4280 2592/4281
f 2592/4281 2582/4280 2616/4282
f 2592/4281 2616/4282 2618/4283
f 2592/4281 2618/4283 2587/4284
f 2587/4284 2618/4283 2606/4285
f 2606/4285 2618/4283 2627/4286
f 2606/4285 2627/4286 2620/4287
f 2620/4287 2627/4286 2633/4288
f 2618/4283 2616/4282 2621/4289
f 2618/4283 2621/4289 2627/4286
f 2629/4290 2616/4282 2582/4280
f 2616/4282 2629/4290 2621/4289
f 2629/4290 2582/4280 2644/4291
f 2629/4290 2644/4291 2665/4292
f 2621/4289 2629/4290 2648/4293
f 2648/4293 2629/4290 2665/4292
f 2621/4289 2648/4293 2627/4286
f 2648/4293 2665/4292 2678/4294
f 2654/4295 2633/4288 2627/4286
f 2654/4295 2627/4286 2648/4293
f 2654/4295 2648/4293 2678/4294
f 2633/4288 2654/4295 2646/4296
f 2654/4295 2678/4294 2659/4297
f 2654/4295 2659/4297 2646/4296
f 2598/4298 2595/4299 2602/4300
f 2598/4298 2602/4300 2617/4301
f 2598/4298 2617/4301 2596/4302
f 2617/4301 2602/4300 2623/4303
f 2623/4303 2602/4300 2619/4304
f 2596/4302 2617/4301 2607/4305
f 2596/4302 2607/4305 2583/4306
f 2617/4301 2623/4303 2632/4307
f 2623/4303 2619/4304 2645/4308
f 2645/4308 2619/4304 2682/4309
f 2632/4307 2623/4303 2668/4310
f 2668/4310 2623/4303 2645/4308
f 2617/4301 2632/4307 2634/4311
f 2617/4301 2634/4311 2607/4305
f 2634/4311 2632/4307 2668/4310
f 2607/4305 2634/4311 2676/4312
f 2676/4312 2634/4311 2668/4310
f 2607/4305 2676/4312 2600/4313
f 2676/4312 2668/4310 2680/4314
f 2600/4313 2676/4312 2679/4315
f 2679/4315 2676/4312 2680/4314
f 2600/4313 2679/4315 2671/4316
f 2600/4313 2671/4316 2611/4317
f 2611/4317 2671/4316 2609/4318
f 2671/4316 2679/4315 2673/4319
f 2673/4319 2679/4315 2680/4314
f 2609/4318 2671/4316 2658/4320
f 2609/4318 2658/4320 2635/4321
f 2609/4318 2635/4321 2599/4322
f 2635/4321 2658/4320 2674/4323
f 2635/4321 2674/4323 2599/4322
f 2674/4323 2658/4320 2667/4324
f 2667/4324 2658/4320 2671/4316
f 2599/4322 2674/4323 2664/4325
f 2599/4322 2664/4325 2604/4326
f 2604/4326 2664/4325 2630/4327
f 2664/4325 2674/4323 2663/4328
f 2663/4328 2674/4323 2667/4324
f 2630/4327 2664/4325 2647/4329
f 2647/4329 2664/4325 2663/4328
f 2630/4327 2647/4329 2653/4330
f 2647/4329 2663/4328 2660/4331
f 2660/4331 2663/4328 2667/4324
f 2647/4329 2660/4331 2653/4330
f 2660/4331 2667/4324 2662/4332
f 2660/4331 2662/4332 2653/4330
f 2662/4332 2667/4324 2671/4316
f 2653/4330 2662/4332 2673/4319
f 2673/4319 2662/4332 2671/4316
f 2677/4333 2665/4334 2673/4319
f 2665/4334 2677/4333 2678/4335
f 2677/4333 2673/4319 2680/4314
f 2678/4335 2677/4333 2685/4336
f 2678/4335 2685/4336 2640/4337
f 2677/4333 2680/4314 2684/4338
f 2677/4333 2684/4338 2685/4336
f 2684/4338 2680/4314 2687/4339
f 2687/4339 2680/4314 2668/4310
f 2687/4339 2668/4310 2672/4340
f 2672/4340 2668/4310 2645/4308
f 2684/4338 2687/4339 2686/4341
f 2684/4338 2686/4341 2685/4336
f 2687/4339 2672/4340 2657/4342
f 2657/4342 2672/4340 2645/4308
f 2687/4339 2657/4342 2686/4341
f 2685/4336 2686/4341 2655/4343
f 2655/4343 2686/4341 2657/4342
f 2685/4336 2655/4343 2640/4337
f 2640/4337 2655/4343 2656/4344
f 2640/4337 2656/4344 2652/4345
f 2655/4343 2657/4342 2666/4346
f 2655/4343 2666/4346 2656/4344
f 2666/4346 2657/4342 2645/4308
f 2656/4344 2666/4346 2652/4345
f 2666/4346 2645/4308 2683/4347
f 2666/4346 2683/4347 2652/4345
f 2683/4347 2645/4308 2682/4309
f 2652/4345 2683/4347 2681/4348
f 2683/4347 2682/4309 2688/4349
f 2688/4349 2682/4309 2694/4350
f 2681/4348 2683/4347 2691/4351
f 2691/4351 2683/4347 2688/4349
f 2681/4348 2691/4351 2689/4352
f 2681/4348 2689/4352 2690/4353
f 2690/4353 2689/4352 2695/4354
f 2695/4354 2689/4352 2691/4351
f 2690/4353 2695/4354 2693/4355
f 2691/4351 2688/4349 2696/4356
f 2691/4351 2696/4356 2695/4354
f 2696/4356 2688/4349 2694/4350
f 2695/4354 2696/4356 2693/4355
f 2696/4356 2694/4350 2692/4357
f 2696/4356 2692/4357 2693/4355
f 2619/4358 2602/4359 2603/4360
f 2614/4361 2624/4362 2603/4363
f 2603/4363 2624/4362 2500/4364
f 2500/4364 2624/4362 2613/4365
f 2500/4364 2613/4365 2499/4366
f 2500/4364 2499/4366 2752/4367
f 2500/4364 2752/4367 2751/4368
f 2603/4363 2500/4364 2546/4369
f 2603/4363 2546/4369 2619/4370
f 2546/4369 2500/4364 2502/4371
f 2500/4364 2751/4368 2740/4372
f 2500/4364 2740/4372 2502/4371
f 2740/4372 2751/4368 2729/4373
f 2502/4371 2740/4372 2732/4374
f 2740/4372 2729/4373 2722/4375
f 2740/4372 2722/4375 2732/4374
f 2732/4374 2722/4375 2733/4376
f 2733/4376 2722/4375 2715/4377
f 2624/4378 2652/4379 2681/4380
f 2624/4378 2681/4380 2613/4381
f 2613/4381 2681/4380 2690/4382
f 2613/4381 2690/4382 2670/4383
f 2670/4383 2690/4382 2693/4384
f 2613/4381 2670/4383 2669/4385
f 2669/4385 2670/4383 2693/4384
f 2669/4385 2693/4384 2692/4386
f 2613/4381 2669/4385 2506/4387
f 2669/4385 2692/4386 2675/4388
f 2669/4385 2675/4388 2506/4387
f 2675/4388 2692/4386 2694/4389
f 2675/4388 2694/4389 2661/4390
f 2661/4390 2694/4389 2682/4391
f 2661/4390 2682/4391 2619/4392
f 2661/4390 2619/4392 2546/4393
f 2675/4388 2661/4390 2531/4394
f 2675/4388 2531/4394 2506/4387
f 2531/4394 2661/4390 2546/4393
f 2506/4387 2531/4394 2487/4395
f 2506/4387 2487/4395 2484/4396
f 2484/4396 2487/4395 2743/4397
f 2487/4395 2531/4394 2489/4398
f 2489/4398 2531/4394 2546/4393
f 2487/4395 2489/4398 2743/4397
f 2489/4398 2546/4393 2502/4399
f 2743/4397 2489/4398 2742/4400
f 2742/4400 2489/4398 2502/4399
f 2742/4400 2502/4399 2732/4401
f 2742/4400 2732/4401 2748/4402
f 2613/4403 2506/4404 2504/4405
f 2613/4403 2504/4405 2499/4406
f 2504/4405 2506/4404 2484/4407
f 2504/4405 2484/4407 2499/4406
f 2499/4406 2484/4407 2752/4408
f 2752/4408 2484/4407 2750/4409
f 2742/4410 2748/4411 2743/4412
f 2743/4412 2748/4411 2756/4413
f 2743/4412 2756/4413 2763/4414
f 2743/4412 2763/4414 2767/4415
f 2767/4415 2763/4414 2771/4416
f 2771/4416 2763/4414 2782/4417
f 2782/4417 2763/4414 2756/4413
f 2782/4417 2756/4413 2892/4418
f 2767/4419 2789/4420 2768/4421
f 2768/4421 2789/4420 2813/4422
f 2767/4419 2768/4421 2750/4423
f 2767/4419 2750/4423 2743/4424
f 2743/4424 2750/4423 2484/4425
f 2750/4423 2768/4421 2784/4426
f 2784/4426 2768/4421 2813/4422
f 2750/4423 2784/4426 2752/4427
f 2784/4426 2813/4422 2837/4428
f 2784/4426 2837/4428 2824/4429
f 2604/4430 2630/4431 2586/4432
f 2586/4432 2630/4431 2653/4433
f 2586/4432 2653/4433 2591/4434
f 2604/4430 2586/4432 2578/4435
f 2604/4430 2578/4435 2599/4436
f 2578/4435 2586/4432 2580/4437
f 2580/4437 2586/4432 2577/4438
f 2578/4435 2580/4437 2593/4439
f 2578/4435 2593/4439 2599/4436
f 2599/4436 2593/4439 2609/4440
f 2609/4440 2593/4439 2597/4441
o tripo_part_4
v -0.241336 0.294734 -0.147188
v -0.238481 0.294406 -0.139978
v -0.236379 0.359663 -0.152669
v -0.235588 0.351602 -0.057024
v -0.232863 0.303684 -0.059022
v -0.232573 0.300853 -0.147253
v -0.230035 0.369534 -0.068552
v -0.227674 0.345313 -0.056337
v -0.227565 0.367634 -0.048681
v -0.226350 0.358267 -0.049257
v -0.224239 0.370025 -0.088999
v -0.223975 0.369056 -0.107092
v -0.222673 0.302913 -0.064985
v -0.221402 0.368632 -0.125570
v -0.219625 0.369217 -0.084722
v -0.219350 0.358191 -0.148202
v -0.219302 0.302997 -0.145128
v -0.218749 0.301837 -0.137804
v -0.218316 0.360217 -0.153886
v -0.218120 0.366407 -0.155015
v -0.216775 0.368835 -0.066442
v -0.215810 0.368647 -0.085939
v -0.212779 0.293834 -0.056112
v -0.211852 0.302387 -0.055849
v -0.211490 0.368622 -0.152139
v -0.210315 0.369515 -0.127119
v -0.208686 0.345329 -0.147371
v -0.207839 0.293231 -0.136953
v -0.205447 0.368633 -0.137449
v -0.205146 0.368200 -0.104239
v -0.205138 0.293621 -0.144849
v -0.200725 0.357940 -0.151273
v -0.198157 0.367989 -0.123548
v -0.195010 0.350048 -0.051965
v -0.194678 0.356662 -0.051309
v -0.193935 0.344915 -0.052892
v -0.192554 0.267871 -0.048536
v -0.192542 0.344795 -0.066549
v -0.192008 0.279193 -0.048624
v -0.192001 0.368356 -0.045759
v -0.191474 0.343347 -0.047227
v -0.191463 0.293209 -0.063039
v -0.191413 0.292667 -0.054304
v -0.191402 0.267650 -0.065698
v -0.191367 0.303272 -0.054059
v -0.191302 0.341466 -0.052152
v -0.191196 0.315826 -0.050516
v -0.191169 0.355927 -0.046773
v -0.191108 0.303379 -0.063047
v -0.190620 0.283801 -0.065565
v -0.190082 0.299098 -0.048772
v -0.190051 0.342208 -0.065305
v -0.189792 0.304164 -0.065465
v -0.189361 0.366666 -0.043066
v -0.188850 0.341335 -0.048955
v -0.188701 0.357492 -0.043466
v -0.187457 0.369059 -0.081258
v -0.185920 0.280467 -0.048219
v -0.185340 0.368315 -0.060853
v -0.184985 0.279247 -0.065053
v -0.183643 0.356812 -0.146844
v -0.183383 0.292819 -0.134998
v -0.183231 0.345468 -0.146383
v -0.182746 0.344305 -0.130968
v -0.182712 0.344217 -0.145109
v -0.182063 0.301952 -0.134807
v -0.181998 0.276271 -0.132833
v -0.181949 0.275852 -0.047666
v -0.181468 0.342359 -0.132572
v -0.181415 0.294918 -0.132865
v -0.181144 0.276065 -0.150350
v -0.181003 0.292087 -0.144041
v -0.180957 0.291492 -0.138582
v -0.180736 0.302371 -0.143915
v -0.180637 0.288768 -0.149549
v -0.180629 0.326698 -0.132635
v -0.180431 0.341491 -0.149511
v -0.179843 0.314266 -0.149518
v -0.179317 0.277294 -0.064489
v -0.178828 0.344470 -0.151250
v -0.178516 0.328319 -0.047948
v -0.178401 0.344379 -0.045839
v -0.177631 0.355359 -0.151273
v -0.177425 0.292293 -0.047624
v -0.177341 0.358962 -0.152460
v -0.177081 0.355096 -0.045385
v -0.177020 0.367345 -0.152051
v -0.176227 0.311069 -0.064321
v -0.175632 0.366743 -0.041078
v -0.175182 0.288127 -0.132404
v -0.175059 0.303737 -0.049844
v -0.174976 0.356500 -0.154195
v -0.174953 0.332176 -0.051279
v -0.174846 0.341510 -0.063570
v -0.174770 0.283786 -0.064195
v -0.174693 0.356483 -0.042272
v -0.174388 0.280925 -0.055582
v -0.174304 0.267276 -0.047037
v -0.174052 0.294574 -0.062204
v -0.174022 0.366765 -0.155393
v -0.173709 0.343709 -0.048158
v -0.173099 0.344556 -0.065412
v -0.172847 0.266826 -0.063856
v -0.172244 0.355107 -0.048967
v -0.171901 0.356159 -0.065446
v -0.171840 0.286525 -0.149263
v -0.171771 0.341054 -0.148946
v -0.171573 0.345151 -0.061090
v -0.171359 0.368334 -0.061178
v -0.170711 0.367718 -0.138872
v -0.170329 0.357062 -0.088001
v -0.169566 0.286029 -0.132093
v -0.168948 0.344348 -0.106590
v -0.168651 0.356515 -0.048421
v -0.168300 0.367046 -0.048288
v -0.168163 0.358088 -0.061235
v -0.168155 0.369075 -0.082012
v -0.168094 0.366378 -0.061037
v -0.167690 0.332248 -0.131660
v -0.167667 0.302890 -0.131673
v -0.167308 0.357712 -0.082054
v -0.166713 0.344215 -0.128650
v -0.166179 0.356001 -0.127351
v -0.165546 0.366962 -0.081449
v -0.165515 0.298969 -0.148687
v -0.165393 0.359940 -0.081806
v -0.165332 0.368382 -0.098819
v -0.164920 0.345188 -0.150308
v -0.164859 0.342542 -0.131334
v -0.164058 0.328636 -0.134943
v -0.163882 0.316940 -0.139974
v -0.163806 0.286296 -0.135700
v -0.163707 0.275844 -0.132520
v -0.163539 0.308151 -0.145662
v -0.163493 0.284580 -0.143064
v -0.163455 0.341443 -0.148057
v -0.162669 0.368046 -0.120651
v -0.162639 0.275783 -0.149217
v -0.161891 0.367916 -0.123113
v -0.161830 0.344936 -0.133321
v -0.161601 0.355189 -0.149457
v -0.161502 0.355631 -0.131238
v -0.160945 0.344757 -0.145921
v -0.160739 0.356047 -0.121791
v -0.160472 0.366713 -0.154062
v -0.159930 0.356144 -0.153238
v -0.159480 0.358302 -0.119660
v -0.159259 0.364545 -0.121976
v -0.157710 0.356219 -0.138746
v -0.156734 0.367092 -0.138689
v -0.155719 0.356760 -0.134712
v -0.155711 0.356038 -0.147451
v -0.154658 0.364631 -0.148054
v -0.243633 0.345270 -0.120170
v -0.244061 0.358346 -0.055681
v -0.245796 0.345584 -0.148252
v -0.249262 0.302333 -0.058694
v -0.249430 0.370293 -0.056161
v -0.250589 0.360836 -0.054384
v -0.253183 0.367765 -0.053987
v -0.254383 0.372179 -0.092161
v -0.254861 0.345788 -0.149503
v -0.255081 0.360095 -0.149702
v -0.255640 0.372417 -0.089276
v -0.256308 0.331287 -0.149129
v -0.256519 0.371600 -0.129106
v -0.256672 0.345134 -0.136678
v -0.257006 0.372245 -0.111746
v -0.257388 0.334777 -0.136911
v -0.258064 0.371234 -0.150430
v -0.258412 0.371487 -0.136663
v -0.258861 0.359819 -0.151945
v -0.259056 0.398351 -0.150163
v -0.259452 0.303653 -0.148328
v -0.259530 0.303516 -0.140592
v -0.259610 0.348501 -0.151659
v -0.259713 0.294353 -0.149030
v -0.259988 0.400360 -0.146150
v -0.260202 0.397090 -0.139135
v -0.260518 0.294231 -0.140604
v -0.261083 0.288135 -0.152906
v -0.261115 0.306716 -0.139543
v -0.261495 0.272937 -0.154752
v -0.261596 0.311824 -0.152448
v -0.261611 0.281146 -0.146337
v -0.262132 0.288585 -0.139215
v -0.262820 0.303752 -0.138238
v -0.262839 0.295291 -0.138235
v -0.263122 0.272251 -0.139497
v -0.263509 0.421539 -0.143163
v -0.263623 0.391759 -0.137590
v -0.264337 0.294086 -0.137968
v -0.264365 0.392932 -0.136846
v -0.264575 0.407176 -0.137918
v -0.264913 0.345682 -0.072393
v -0.265273 0.434299 -0.153654
v -0.265567 0.399230 -0.134897
v -0.265609 0.302188 -0.112073
v -0.265619 0.347949 -0.152196
v -0.265758 0.404460 -0.137525
v -0.266137 0.346061 -0.060888
v -0.266381 0.358655 -0.060762
v -0.266496 0.370903 -0.071634
v -0.267198 0.336727 -0.059515
v -0.267533 0.294948 -0.094809
v -0.267575 0.445499 -0.150075
v -0.268136 0.303417 -0.098036
v -0.268155 0.370990 -0.058519
v -0.268165 0.404960 -0.121253
v -0.268293 0.396863 -0.070619
v -0.268361 0.372582 -0.073398
v -0.268434 0.388526 -0.072370
v -0.268451 0.457881 -0.151983
v -0.268468 0.359656 -0.058347
v -0.268558 0.293781 -0.101040
v -0.268573 0.294559 -0.068826
v -0.268619 0.279186 -0.154909
v -0.268695 0.392833 -0.099469
v -0.268707 0.391384 -0.108382
v -0.269323 0.407199 -0.129219
v -0.269412 0.313560 -0.070112
v -0.269422 0.407791 -0.123519
v -0.269511 0.324096 -0.072912
v -0.269527 0.345634 -0.137441
v -0.269578 0.396011 -0.060602
v -0.269618 0.360967 -0.152612
v -0.269645 0.363589 -0.155454
v -0.269805 0.445217 -0.139299
v -0.269897 0.360540 -0.137704
v -0.269962 0.360671 -0.129022
v -0.269996 0.302219 -0.069368
v -0.270009 0.368995 -0.156152
v -0.270034 0.371949 -0.131549
v -0.270084 0.452701 -0.141366
v -0.270181 0.304042 -0.068326
v -0.270282 0.347322 -0.152700
v -0.270459 0.470165 -0.152833
v -0.270547 0.293613 -0.072000
v -0.270637 0.466594 -0.147455
v -0.270669 0.315029 -0.059865
v -0.270972 0.303768 -0.061147
v -0.271121 0.407066 -0.107054
v -0.271161 0.345775 -0.114240
v -0.271169 0.276798 -0.072114
v -0.271220 0.303775 -0.122245
v -0.271264 0.294307 -0.139158
v -0.271463 0.303684 -0.138845
v -0.271520 0.344411 -0.138307
v -0.271609 0.407176 -0.117883
v -0.271655 0.405616 -0.091187
v -0.271655 0.294460 -0.060819
v -0.271894 0.303447 -0.072832
v -0.271938 0.391727 -0.073507
v -0.271947 0.407573 -0.101075
v -0.271964 0.280742 -0.066202
v -0.272102 0.271999 -0.070566
v -0.272174 0.369725 -0.129642
v -0.272206 0.474491 -0.142389
v -0.272325 0.373032 -0.114062
v -0.272336 0.390514 -0.136720
v -0.272432 0.272273 -0.059083
v -0.272470 0.371874 -0.137857
v -0.272500 0.361364 -0.096220
v -0.272607 0.465900 -0.155134
v -0.272613 0.434864 -0.128572
v -0.272653 0.357073 -0.058782
v -0.272676 0.407295 -0.110389
v -0.272886 0.301586 -0.154085
v -0.272927 0.279575 -0.140405
v -0.273330 0.427085 -0.129861
v -0.273339 0.317954 -0.151033
v -0.273400 0.407566 -0.073301
v -0.273484 0.306133 -0.058206
v -0.273503 0.347278 -0.148519
v -0.273572 0.303050 -0.110651
v -0.273816 0.355041 -0.152372
v -0.274060 0.431690 -0.070753
v -0.274093 0.359159 -0.145078
v -0.274112 0.320556 -0.141683
v -0.274123 0.372075 -0.153093
v -0.274261 0.363589 -0.095273
v -0.274322 0.373629 -0.095791
v -0.274347 0.408325 -0.085096
v -0.274373 0.346879 -0.139909
v -0.274608 0.371648 -0.110218
v -0.274690 0.407398 -0.091729
v -0.274709 0.273914 -0.056909
v -0.274747 0.372945 -0.092660
v -0.274886 0.363423 -0.139318
v -0.275062 0.444927 -0.120321
v -0.275203 0.391748 -0.138814
v -0.275203 0.448680 -0.124525
v -0.275211 0.431053 -0.059316
v -0.275352 0.471668 -0.140066
v -0.275359 0.345903 -0.073862
v -0.275386 0.502193 -0.156255
v -0.275447 0.406475 -0.130203
v -0.275504 0.407398 -0.099069
v -0.275508 0.413452 -0.057859
v -0.275539 0.407699 -0.080686
v -0.275890 0.408927 -0.154714
v -0.275912 0.288799 -0.153100
v -0.276092 0.294063 -0.091427
v -0.276210 0.361705 -0.074462
v -0.276225 0.498332 -0.142847
v -0.276279 0.275417 -0.156126
v -0.276313 0.371674 -0.093367
v -0.276599 0.289607 -0.140691
v -0.276839 0.435108 -0.072843
v -0.276946 0.406650 -0.118638
v -0.276958 0.439662 -0.099992
v -0.277023 0.507427 -0.154085
v -0.277133 0.508159 -0.144903
v -0.277175 0.281497 -0.072843
v -0.277179 0.404609 -0.153242
v -0.277190 0.405380 -0.139299
v -0.277263 0.444637 -0.118693
v -0.277419 0.395956 -0.140985
v -0.277457 0.365397 -0.057504
v -0.277515 0.390998 -0.118608
v -0.277549 0.287044 -0.058038
v -0.277621 0.446422 -0.110659
v -0.277671 0.471126 -0.129203
v -0.277793 0.280933 -0.144601
v -0.277801 0.390312 -0.096047
v -0.277816 0.406169 -0.126390
v -0.278041 0.303066 -0.073398
v -0.278171 0.472606 -0.119321
v -0.278213 0.293857 -0.073507
v -0.278377 0.437808 -0.091595
v -0.278426 0.454303 -0.155752
v -0.278468 0.403835 -0.126560
v -0.278468 0.273448 -0.152444
v -0.278670 0.272952 -0.141267
v -0.278751 0.493984 -0.140893
v -0.278934 0.471187 -0.130895
v -0.279201 0.413593 -0.139947
v -0.279369 0.442501 -0.086219
v -0.279449 0.372626 -0.074020
v -0.279506 0.406066 -0.111029
v -0.279754 0.438243 -0.080530
v -0.280162 0.493709 -0.128911
v -0.280193 0.442569 -0.130750
v -0.280204 0.456264 -0.072210
v -0.280627 0.485019 -0.111924
v -0.280635 0.405868 -0.101438
v -0.280643 0.391456 -0.094360
v -0.280692 0.472080 -0.111412
v -0.280753 0.474246 -0.097214
v -0.280803 0.406551 -0.092321
v -0.280818 0.425960 -0.120944
v -0.280826 0.453083 -0.153848
v -0.281150 0.436672 -0.129348
v -0.281161 0.453174 -0.057485
v -0.281253 0.471279 -0.102392
v -0.281291 0.451816 -0.140848
v -0.281375 0.505535 -0.141283
v -0.281406 0.281726 -0.073106
v -0.281451 0.473430 -0.070837
v -0.282008 0.428928 -0.111119
v -0.282031 0.403949 -0.097051
v -0.282088 0.468486 -0.059164
v -0.282115 0.502178 -0.125289
v -0.282127 0.279613 -0.058153
v -0.282153 0.347169 -0.059839
v -0.282432 0.484409 -0.097603
v -0.282615 0.406585 -0.087738
v -0.282664 0.471408 -0.091382
v -0.282779 0.471652 -0.099950
v -0.282832 0.390123 -0.074464
v -0.282867 0.406337 -0.081659
v -0.282924 0.371268 -0.059633
v -0.282951 0.317356 -0.073410
v -0.283099 0.347907 -0.070638
v -0.283214 0.328895 -0.072023
v -0.283240 0.469943 -0.072843
v -0.283324 0.360088 -0.073438
v -0.283424 0.470241 -0.082677
v -0.283736 0.359370 -0.067220
v -0.283820 0.346103 -0.062250
v -0.284434 0.406238 -0.074396
v -0.284606 0.314804 -0.059808
v -0.284663 0.433177 -0.081218
v -0.284724 0.361518 -0.061910
v -0.284896 0.404327 -0.075500
v -0.284949 0.502513 -0.100326
v -0.285033 0.469013 -0.080450
v -0.285136 0.440685 -0.100868
v -0.285274 0.292468 -0.059057
v -0.285522 0.462001 -0.125753
v -0.285533 0.468746 -0.155569
v -0.285613 0.502361 -0.071817
v -0.285789 0.468776 -0.119915
v -0.285873 0.496944 -0.084440
v -0.286052 0.436740 -0.092609
v -0.286159 0.470386 -0.131582
v -0.286193 0.400966 -0.073041
v -0.286212 0.273906 -0.073850
v -0.286227 0.430641 -0.083131
v -0.286449 0.469928 -0.141607
v -0.286586 0.491435 -0.072797
v -0.286971 0.398281 -0.061605
v -0.286979 0.280673 -0.072916
v -0.287013 0.500469 -0.057912
v -0.287379 0.470554 -0.121496
v -0.287727 0.281146 -0.066064
v -0.287978 0.273090 -0.058176
v -0.288470 0.504528 -0.059419
v -0.288493 0.272884 -0.070623
v -0.288863 0.470920 -0.111534
v -0.289142 0.499935 -0.056428
v -0.289249 0.437053 -0.058763
v -0.289546 0.274715 -0.060297
v -0.290069 0.470737 -0.101027
v -0.290694 0.492740 -0.145219
v -0.290752 0.505443 -0.157022
v -0.290771 0.470142 -0.092948
v -0.290851 0.443340 -0.073673
v -0.291240 0.492443 -0.130056
v -0.291515 0.472736 -0.103499
v -0.291770 0.436641 -0.066911
v -0.292014 0.468753 -0.081771
v -0.292381 0.438854 -0.061231
v -0.292888 0.501186 -0.125808
v -0.293838 0.507793 -0.143209
v -0.294452 0.469165 -0.074468
v -0.295852 0.500759 -0.101557
v -0.296477 0.491695 -0.083845
v -0.296985 0.497951 -0.086605
v -0.298076 0.471813 -0.073011
v -0.299518 0.489917 -0.073848
v -0.301982 0.491092 -0.059152
v -0.302905 0.492267 -0.066400
v -0.304126 0.503002 -0.072977
v -0.305179 0.503353 -0.062044
vt 0.816284 0.300803
vt 0.812804 0.296792
vt 0.821002 0.295082
vt 0.818643 0.301157
vt 0.817405 0.290894
vt 0.833329 0.278921
vt 0.826193 0.273023
vt 0.816815 0.288594
vt 0.826134 0.260519
vt 0.810976 0.272374
vt 0.806080 0.286707
vt 0.806965 0.296792
vt 0.801008 0.291838
vt 0.795051 0.279511
vt 0.801775 0.265237
vt 0.789742 0.287178
vt 0.799297 0.266712
vt 0.798354 0.263291
vt 0.826665 0.294079
vt 0.843887 0.273377
vt 0.823598 0.295377
vt 0.829909 0.296674
vt 0.844477 0.280278
vt 0.843828 0.287178
vt 0.830734 0.299741
vt 0.828139 0.300744
vt 0.830793 0.302455
vt 0.823185 0.304460
vt 0.828434 0.303044
vt 0.822005 0.306642
vt 0.817640 0.303457
vt 0.835748 0.313484
vt 0.818112 0.310889
vt 0.819115 0.312835
vt 0.817699 0.313189
vt 0.825426 0.313248
vt 0.832386 0.335307
vt 0.831206 0.324337
vt 0.827785 0.312658
vt 0.835984 0.329468
vt 0.839051 0.322803
vt 0.842413 0.333715
vt 0.844477 0.333597
vt 0.839935 0.319028
vt 0.842472 0.324337
vt 0.846974 0.744609
vt 0.850690 0.746142
vt 0.847741 0.750566
vt 0.851928 0.748030
vt 0.849097 0.750861
vt 0.844261 0.749445
vt 0.845676 0.759413
vt 0.844261 0.758351
vt 0.841842 0.756995
vt 0.840663 0.756464
vt 0.835944 0.768555
vt 0.833349 0.767729
vt 0.842727 0.769440
vt 0.845735 0.771445
vt 0.840427 0.769912
vt 0.839070 0.791499
vt 0.842904 0.794861
vt 0.831049 0.790142
vt 0.836947 0.789847
vt 0.842373 0.798989
vt 0.846856 0.800346
vt 0.839188 0.798930
vt 0.831226 0.777402
vt 0.809698 0.776577
vt 0.799789 0.768968
vt 0.826979 0.789847
vt 0.808105 0.790319
vt 0.827451 0.791204
vt 0.801971 0.793327
vt 0.808754 0.802115
vt 0.833939 0.800287
vt 0.826566 0.800759
vt 0.826861 0.808957
vt 0.833703 0.808132
vt 0.827569 0.811906
vt 0.836180 0.815209
vt 0.836180 0.805536
vt 0.839483 0.809134
vt 0.842432 0.809193
vt 0.836829 0.817156
vt 0.839660 0.805890
vt 0.840545 0.802174
vt 0.845499 0.808721
vt 0.846384 0.802823
vt 0.846915 0.810609
vt 0.848212 0.801762
vt 0.851928 0.809016
vt 0.084749 0.956246
vt 0.078084 0.950584
vt 0.082803 0.949227
vt 0.076551 0.948637
vt 0.086342 0.936723
vt 0.086931 0.915962
vt 0.080267 0.915136
vt 0.079264 0.926578
vt 0.071066 0.912482
vt 0.064342 0.946573
vt 0.066347 0.949050
vt 0.064047 0.953828
vt 0.062631 0.953002
vt 0.045763 0.956246
vt 0.038980 0.918026
vt 0.071066 0.905876
vt 0.072422 0.911597
vt 0.071714 0.903399
vt 0.938847 0.851525
vt 0.922509 0.855654
vt 0.937431 0.840968
vt 0.951351 0.839316
vt 0.924160 0.842501
vt 0.921801 0.849166
vt 0.923511 0.821504
vt 0.915018 0.851348
vt 0.919914 0.820501
vt 0.934010 0.821150
vt 0.945806 0.823155
vt 0.956010 0.843740
vt 0.933420 0.811477
vt 0.922096 0.813128
vt 0.923099 0.811064
vt 0.947989 0.822447
vt 0.956246 0.841439
vt 0.956246 0.812539
vt 0.946278 0.809766
vt 0.955833 0.805402
vt 0.944332 0.810297
vt 0.935485 0.809766
vt 0.922037 0.805579
vt 0.943506 0.803809
vt 0.945629 0.808528
vt 0.727773 0.912715
vt 0.733966 0.904280
vt 0.734910 0.916902
vt 0.752840 0.925808
vt 0.752014 0.927460
vt 0.738921 0.931235
vt 0.752132 0.934184
vt 0.740808 0.935658
vt 0.728953 0.939079
vt 0.727773 0.945390
vt 0.757146 0.939374
vt 0.762513 0.937841
vt 0.755317 0.944269
vt 0.739510 0.940318
vt 0.735913 0.943503
vt 0.751778 0.943621
vt 0.754138 0.952527
vt 0.750717 0.945390
vt 0.733317 0.949696
vt 0.730486 0.955004
vt 0.956560 0.306803
vt 0.946003 0.329098
vt 0.945590 0.307687
vt 0.944115 0.302084
vt 0.951842 0.288872
vt 0.945177 0.289403
vt 0.944115 0.284213
vt 0.947006 0.283151
vt 0.951193 0.283328
vt 0.951901 0.282326
vt 0.953670 0.282974
vt 0.954791 0.293827
vt 0.959804 0.305918
vt 0.957740 0.282267
vt 0.963697 0.289816
vt 0.536028 0.339963
vt 0.548910 0.384982
vt 0.529143 0.370763
vt 0.523176 0.368219
vt 0.519463 0.339847
vt 0.520848 0.324624
vt 0.509286 0.331564
vt 0.530637 0.325574
vt 0.507089 0.328246
vt 0.520290 0.323121
vt 0.502208 0.327863
vt 0.530699 0.319138
vt 0.529217 0.296378
vt 0.534460 0.294202
vt 0.535949 0.298867
vt 0.536976 0.298020
vt 0.531796 0.283922
vt 0.538680 0.294059
vt 0.540027 0.294900
vt 0.531697 0.276114
vt 0.526014 0.292114
vt 0.530057 0.264064
vt 0.538862 0.251644
vt 0.535134 0.248436
vt 0.535208 0.236249
vt 0.542161 0.252559
vt 0.538960 0.269554
vt 0.544372 0.250522
vt 0.539061 0.278153
vt 0.548638 0.268580
vt 0.548910 0.271744
vt 0.977620 0.128448
vt 0.967180 0.127858
vt 0.967534 0.125970
vt 0.984757 0.129155
vt 0.987293 0.114469
vt 0.978977 0.108512
vt 0.986349 0.108630
vt 0.980451 0.107686
vt 0.970896 0.112287
vt 0.971663 0.098013
vt 0.969775 0.105268
vt 0.967180 0.096480
vt 0.392673 0.687574
vt 0.390254 0.693060
vt 0.390018 0.684153
vt 0.393675 0.673596
vt 0.386244 0.689285
vt 0.384533 0.681676
vt 0.392024 0.670175
vt 0.378576 0.676663
vt 0.378163 0.693001
vt 0.376512 0.683800
vt 0.367665 0.681440
vt 0.382410 0.704384
vt 0.371616 0.686631
vt 0.373327 0.693885
vt 0.367665 0.705151
vt 0.374919 0.698899
vt 0.374683 0.703912
vt 0.371321 0.705387
vt 0.769558 0.952527
vt 0.772566 0.949283
vt 0.781295 0.948988
vt 0.788550 0.940141
vt 0.794802 0.936012
vt 0.782416 0.952409
vt 0.769735 0.955712
vt 0.790673 0.977358
vt 0.768791 0.971047
vt 0.764427 0.956066
vt 0.762008 0.977358
vt 0.759885 0.956243
vt 0.186413 0.476088
vt 0.191249 0.471016
vt 0.182697 0.487059
vt 0.178450 0.487825
vt 0.174675 0.461225
vt 0.174675 0.489300
vt 0.592320 0.051812
vt 0.584652 0.054643
vt 0.590846 0.033232
vt 0.593618 0.033409
vt 0.589548 0.032879
vt 0.584652 0.032053
vt 0.127320 0.584308
vt 0.125728 0.581713
vt 0.130505 0.581713
vt 0.135460 0.574223
vt 0.134103 0.572807
vt 0.129680 0.572689
vt 0.132629 0.567617
vt 0.127143 0.562898
vt 0.136521 0.564609
vt 0.137524 0.561660
vt 0.138291 0.578292
vt 0.149025 0.566791
vt 0.144071 0.563016
vt 0.144366 0.567145
vt 0.147315 0.569976
vt 0.141653 0.572453
vt 0.141889 0.575579
vt 0.141063 0.584898
vt 0.137465 0.584957
vt 0.136757 0.588024
vt 0.145310 0.595692
vt 0.147551 0.597343
vt 0.149025 0.590442
vt 0.146902 0.582834
vt 0.144484 0.576582
vt 0.146312 0.575520
vt 0.669689 0.749951
vt 0.673577 0.753474
vt 0.667427 0.760799
vt 0.657705 0.738487
vt 0.660064 0.759555
vt 0.667936 0.772034
vt 0.652421 0.744385
vt 0.645680 0.730610
vt 0.643899 0.734809
vt 0.633568 0.728985
vt 0.631265 0.735164
vt 0.658086 0.759693
vt 0.645979 0.750867
vt 0.649976 0.755524
vt 0.628053 0.737178
vt 0.654303 0.764901
vt 0.623804 0.736215
vt 0.633553 0.750192
vt 0.663178 0.768751
vt 0.658936 0.770294
vt 0.654832 0.774078
vt 0.674100 0.786892
vt 0.688000 0.804127
vt 0.686900 0.806531
vt 0.683447 0.807412
vt 0.665628 0.793934
vt 0.682881 0.812188
vt 0.660603 0.789597
vt 0.653219 0.781495
vt 0.646713 0.775659
vt 0.642972 0.768496
vt 0.639570 0.786258
vt 0.638223 0.785682
vt 0.626231 0.788752
vt 0.623804 0.797305
vt 0.427206 0.237510
vt 0.426203 0.259510
vt 0.426203 0.237805
vt 0.421721 0.237805
vt 0.421721 0.265762
vt 0.432947 0.970667
vt 0.431826 0.971021
vt 0.432357 0.968308
vt 0.434657 0.969310
vt 0.427756 0.972967
vt 0.424571 0.965830
vt 0.425810 0.958163
vt 0.423569 0.972141
vt 0.428287 0.978216
vt 0.420384 0.964002
vt 0.413365 0.961820
vt 0.423864 0.989423
vt 0.413955 0.989777
vt 0.418968 0.967954
vt 0.414722 0.972731
vt 0.412244 0.964769
vt 0.412244 0.980517
vt 0.912125 0.479152
vt 0.913717 0.477146
vt 0.920087 0.477972
vt 0.910296 0.456326
vt 0.919085 0.493366
vt 0.910886 0.496079
vt 0.924039 0.482455
vt 0.917787 0.502685
vt 0.910296 0.502095
vt 0.920913 0.504101
vt 0.919439 0.510235
vt 0.924806 0.503983
vt 0.927755 0.503334
vt 0.932650 0.479801
vt 0.929406 0.507581
vt 0.928935 0.510412
vt 0.931185 0.626031
vt 0.936789 0.625205
vt 0.932188 0.646025
vt 0.938204 0.636117
vt 0.944987 0.635350
vt 0.938145 0.651570
vt 0.943689 0.651806
vt 0.949706 0.640599
vt 0.949116 0.628744
vt 0.944338 0.664133
vt 0.954365 0.643961
vt 0.958730 0.641720
vt 0.954188 0.663071
vt 0.950885 0.660889
vt 0.944928 0.667200
vt 0.953952 0.666492
vt 0.940504 0.664840
vt 0.944043 0.673098
vt 0.938558 0.672390
vt 0.936848 0.665666
vt 0.938145 0.663956
vt 0.932778 0.665017
vt 0.931185 0.668733
vt 0.004423 0.372783
vt 0.008829 0.348585
vt 0.008491 0.363014
vt 0.010674 0.347658
vt 0.011152 0.337053
vt 0.014951 0.349469
vt 0.015117 0.365559
vt 0.018090 0.349673
vt 0.018566 0.375047
vt 0.017977 0.346429
vt 0.014035 0.340555
vt 0.021167 0.345288
vt 0.022354 0.333073
vt 0.017906 0.313194
vt 0.019696 0.311106
vt 0.022354 0.283695
vt 0.009079 0.317433
vt 0.007265 0.320259
vt 0.007588 0.311053
vt 0.010400 0.306273
vt 0.012435 0.283004
vt 0.006667 0.287289
vt 0.001725 0.307663
vt 0.011223 0.271532
vt 0.004179 0.271046
vt 0.010076 0.265573
vt 0.009196 0.248588
vt 0.009325 0.259614
vt 0.925638 0.172270
vt 0.924576 0.165428
vt 0.930593 0.169321
vt 0.935134 0.166667
vt 0.930416 0.165016
vt 0.933660 0.171680
vt 0.930475 0.171209
vt 0.925284 0.183477
vt 0.931300 0.196983
vt 0.926228 0.194860
vt 0.922748 0.205064
vt 0.925579 0.218571
vt 0.935134 0.218158
vt 0.920802 0.195155
vt 0.918147 0.213321
vt 0.909359 0.198045
vt 0.957950 0.900912
vt 0.949457 0.900263
vt 0.950636 0.897786
vt 0.950164 0.884574
vt 0.954529 0.877142
vt 0.959306 0.894719
vt 0.962550 0.905571
vt 0.968213 0.877260
vt 0.976116 0.907813
vt 0.976116 0.865995
vt 0.293227 0.942559
vt 0.296943 0.935245
vt 0.298418 0.944446
vt 0.302546 0.941792
vt 0.302016 0.941379
vt 0.298772 0.944977
vt 0.297002 0.945685
vt 0.291871 0.950345
vt 0.303018 0.953470
vt 0.296825 0.956007
vt 0.299008 0.958602
vt 0.295351 0.958248
vt 0.291989 0.955299
vt 0.281372 0.977358
vt 0.280841 0.964205
vt 0.289099 0.950698
vt 0.288391 0.946806
vt 0.280841 0.934302
vt 0.287506 0.947572
vt 0.640645 0.222977
vt 0.642179 0.226398
vt 0.638522 0.225396
vt 0.639524 0.231058
vt 0.637755 0.226221
vt 0.643004 0.228876
vt 0.637047 0.243090
vt 0.644774 0.236189
vt 0.648195 0.233358
vt 0.641884 0.248339
vt 0.643181 0.251996
vt 0.654034 0.239020
vt 0.667187 0.239374
vt 0.668130 0.263262
vt 0.650495 0.254768
vt 0.646248 0.255476
vt 0.651321 0.274881
vt 0.657691 0.289508
vt 0.660286 0.291101
vt 0.661112 0.299299
vt 0.666656 0.293932
vt 0.668130 0.301776
vt 0.651616 0.294463
vt 0.647369 0.288741
vt 0.646720 0.281605
vt 0.644656 0.267213
vt 0.639171 0.280661
vt 0.641648 0.258838
vt 0.641117 0.257363
vt 0.636221 0.258189
vt 0.108885 0.468532
vt 0.114253 0.470183
vt 0.105995 0.478205
vt 0.113781 0.482334
vt 0.106762 0.480859
vt 0.099566 0.486816
vt 0.107824 0.467293
vt 0.102280 0.480859
vt 0.099566 0.460746
vt 0.937916 0.789834
vt 0.933433 0.781341
vt 0.938860 0.787003
vt 0.938860 0.758397
vt 0.935734 0.755448
vt 0.931074 0.737164
vt 0.925648 0.753089
vt 0.923584 0.782403
vt 0.890269 0.635258
vt 0.881304 0.638325
vt 0.859481 0.638325
vt 0.885846 0.629065
vt 0.863728 0.629183
vt 0.860189 0.629714
vt 0.858419 0.624995
vt 0.866087 0.620926
vt 0.883309 0.626824
vt 0.886140 0.624524
vt 0.890210 0.628770
vt 0.896580 0.630009
vt 0.882602 0.619687
vt 0.893218 0.623049
vt 0.897878 0.623816
vt 0.883250 0.616679
vt 0.867502 0.617977
vt 0.868092 0.611312
vt 0.874049 0.600754
vt 0.884666 0.603526
vt 0.860130 0.594738
vt 0.864317 0.584652
vt 0.873282 0.592438
vt 0.867384 0.577928
vt 0.877647 0.576159
vt 0.879653 0.591435
vt 0.884607 0.598749
vt 0.882425 0.592969
vt 0.882425 0.591612
vt 0.892274 0.590727
vt 0.941435 0.340753
vt 0.953762 0.360276
vt 0.937306 0.353021
vt 0.948041 0.365171
vt 0.927693 0.387466
vt 0.930229 0.362163
vt 0.934534 0.344587
vt 0.932706 0.336683
vt 0.928282 0.349541
vt 0.929108 0.340399
vt 0.930229 0.343761
vt 0.927693 0.346769
vt 0.930471 0.943214
vt 0.924042 0.922512
vt 0.930943 0.937847
vt 0.932536 0.932421
vt 0.932830 0.925579
vt 0.939023 0.948169
vt 0.939318 0.943568
vt 0.943034 0.941150
vt 0.935249 0.952651
vt 0.921742 0.952828
vt 0.935190 0.957488
vt 0.947753 0.956013
vt 0.946986 0.944630
vt 0.956246 0.946812
vt 0.943211 0.933836
vt 0.952176 0.938968
vt 0.948755 0.940206
vt 0.953533 0.934662
vt 0.935190 0.922512
vt 0.932477 0.918560
vt 0.943801 0.920743
vt 0.955420 0.921332
vt 0.956246 0.928233
vt 0.948284 0.909772
vt 0.940321 0.913665
vt 0.932241 0.916791
vt 0.939967 0.912485
vt 0.506686 0.667409
vt 0.503619 0.674487
vt 0.499019 0.672187
vt 0.503088 0.677377
vt 0.498311 0.666584
vt 0.495126 0.675372
vt 0.498488 0.681152
vt 0.493769 0.661511
vt 0.492295 0.684396
vt 0.489287 0.679913
vt 0.483389 0.667055
vt 0.484922 0.682980
vt 0.483389 0.685517
vt 0.008932 0.409302
vt 0.008284 0.414787
vt 0.003093 0.407650
vt 0.009935 0.402991
vt 0.003093 0.396798
vt 0.806487 0.005095
vt 0.816867 0.002559
vt 0.816631 0.026977
vt 0.806487 0.041840
vt 0.816867 0.048741
vt 0.820052 0.017186
vt 0.826717 0.016478
vt 0.819167 0.036060
vt 0.826658 0.049862
vt 0.827720 0.035411
vt 0.831849 0.022612
vt 0.820170 0.056822
vt 0.829725 0.037122
vt 0.838690 0.023143
vt 0.835092 0.043905
vt 0.841993 0.021551
vt 0.826127 0.059417
vt 0.826009 0.075755
vt 0.827543 0.057588
vt 0.827779 0.069621
vt 0.975087 0.702447
vt 0.976385 0.700206
vt 0.988535 0.727396
vt 0.988535 0.702388
vt 0.983226 0.729874
vt 0.970781 0.703332
vt 0.973495 0.722678
vt 0.977800 0.731466
vt 0.967714 0.707933
vt 0.969720 0.723268
vt 0.964706 0.721970
vt 0.961698 0.713359
vt 0.971149 0.437537
vt 0.970028 0.447682
vt 0.965958 0.441725
vt 0.964307 0.436181
vt 0.967846 0.430106
vt 0.955106 0.444733
vt 0.948795 0.437655
vt 0.955401 0.430342
vt 0.952982 0.447033
vt 0.948795 0.466202
vt 0.955165 0.447210
vt 0.950741 0.475639
vt 0.163702 0.960555
vt 0.167654 0.967102
vt 0.158806 0.964389
vt 0.162876 0.973236
vt 0.155562 0.946517
vt 0.157568 0.968222
vt 0.152318 0.976362
vt 0.149900 0.970759
vt 0.138222 0.979842
vt 0.132678 0.975890
vt 0.139814 0.956603
vt 0.143943 0.951531
vt 0.140168 0.954480
vt 0.139107 0.951590
vt 0.138694 0.945456
vt 0.137868 0.949407
vt 0.136040 0.941799
vt 0.132678 0.936608
vt 0.922738 0.053473
vt 0.921794 0.050465
vt 0.923918 0.051644
vt 0.924685 0.058368
vt 0.931408 0.052352
vt 0.926041 0.049344
vt 0.918079 0.044095
vt 0.924744 0.042384
vt 0.928754 0.038433
vt 0.915778 0.039022
vt 0.924036 0.025575
vt 0.925569 0.019677
vt 0.914658 0.020974
vt 0.908701 0.035425
vt 0.911414 0.018969
vt 0.916191 0.006937
vt 0.925274 0.005049
vt 0.931408 0.005462
vt 0.925687 0.002749
vt 0.002412 0.465268
vt 0.012379 0.476711
vt 0.002824 0.475472
vt 0.002412 0.489745
vt 0.013795 0.478362
vt 0.013146 0.474528
vt 0.015034 0.483847
vt 0.012556 0.492695
vt 0.006363 0.500598
vt 0.012085 0.501719
vt 0.014090 0.493107
vt 0.016331 0.488330
vt 0.019162 0.487563
vt 0.019870 0.484201
vt 0.575894 0.925114
vt 0.577722 0.928004
vt 0.575304 0.933489
vt 0.574655 0.925703
vt 0.564157 0.914084
vt 0.560146 0.912197
vt 0.572060 0.929773
vt 0.554661 0.921044
vt 0.565277 0.933312
vt 0.559025 0.927709
vt 0.562564 0.933371
vt 0.559556 0.929655
vt 0.554661 0.958379
vt 0.567165 0.937559
vt 0.557197 0.959972
vt 0.565454 0.954073
vt 0.571765 0.937559
vt 0.569524 0.950594
vt 0.575481 0.941510
vt 0.576189 0.959382
vt 0.578135 0.956728
vt 0.577309 0.937618
vt 0.574655 0.934315
vt 0.579138 0.942572
vt 0.582441 0.952599
vt 0.582205 0.940980
vt 0.379687 0.748036
vt 0.388180 0.744202
vt 0.388062 0.753816
vt 0.380041 0.755763
vt 0.383816 0.760009
vt 0.389950 0.760894
vt 0.379687 0.774932
vt 0.703293 0.605977
vt 0.707480 0.607924
vt 0.702467 0.611109
vt 0.709604 0.612642
vt 0.716563 0.612878
vt 0.716563 0.630042
vt 0.704708 0.612996
vt 0.709663 0.633109
vt 0.707539 0.631870
vt 0.703411 0.629688
vt 0.708837 0.647382
vt 0.712199 0.647323
vt 0.715207 0.648149
vt 0.716563 0.650744
vt 0.703647 0.646851
vt 0.699341 0.627328
vt 0.697100 0.610283
vt 0.699990 0.646674
vt 0.696156 0.649446
vt 0.695389 0.647795
vt 0.695507 0.630101
vt 0.691202 0.609870
vt 0.690199 0.630278
vt 0.691732 0.648562
vt 0.956259 0.606705
vt 0.958677 0.598388
vt 0.960800 0.603992
vt 0.961331 0.607943
vt 0.961036 0.602576
vt 0.972420 0.594496
vt 0.972420 0.596973
vt 0.978436 0.599922
vt 0.983567 0.602399
vt 0.974838 0.609949
vt 0.977610 0.613134
vt 0.964339 0.612190
vt 0.978967 0.620329
vt 0.959326 0.613370
vt 0.961036 0.615965
vt 0.952189 0.617793
vt 0.982034 0.626640
vt 0.966050 0.628941
vt 0.965283 0.631477
vt 0.983567 0.635841
vt 0.327020 0.952567
vt 0.329438 0.953044
vt 0.328898 0.957290
vt 0.325361 0.956044
vt 0.330499 0.953341
vt 0.318248 0.972602
vt 0.331847 0.957296
vt 0.335503 0.957717
vt 0.325620 0.972972
vt 0.323402 0.989777
vt 0.318920 0.989708
vt 0.324759 0.989426
vt 0.336928 0.980840
vt 0.338038 0.958253
vt 0.341785 0.970942
vt 0.351064 0.989777
vt 0.341105 0.958259
vt 0.351451 0.974206
vt 0.345945 0.956382
vt 0.413608 0.672908
vt 0.414787 0.676741
vt 0.411425 0.677508
vt 0.406825 0.672023
vt 0.401045 0.690484
vt 0.401045 0.669546
vt 0.163102 0.585989
vt 0.157853 0.586166
vt 0.163928 0.583984
vt 0.157853 0.566231
s 1
usemtl Material
f 3078/4442 3071/4443 3038/4444
f 3078/4442 3038/4444 3068/4445
f 3038/4444 3071/4443 3036/4446
f 3038/4444 3036/4446 2992/4447
f 2992/4447 3036/4446 2991/4448
f 2991/4448 3036/4446 3022/4449
f 3022/4449 3036/4446 3071/4443
f 2991/4448 3022/4449 3140/4450
f 3140/4450 3022/4449 3003/4451
f 3022/4449 3071/4443 3041/4452
f 3022/4449 3041/4452 3003/4451
f 3041/4452 3071/4443 3097/4453
f 3041/4452 3097/4453 3091/4454
f 3003/4451 3041/4452 3039/4455
f 3039/4455 3041/4452 3091/4454
f 3003/4451 3039/4455 2997/4456
f 3039/4455 3091/4454 3099/4457
f 2997/4456 3039/4455 3004/4458
f 3004/4458 3039/4455 3099/4457
f 3004/4458 3099/4457 2993/4459
f 3017/4460 3038/4444 2992/4447
f 3017/4460 2992/4447 3137/4461
f 3038/4444 3017/4460 3030/4462
f 3038/4444 3030/4462 3068/4445
f 3017/4460 3137/4461 3016/4463
f 3016/4463 3137/4461 2986/4464
f 3016/4463 2986/4464 2990/4465
f 3016/4463 2990/4465 3018/4466
f 3017/4460 3016/4463 3023/4467
f 3023/4467 3016/4463 3018/4466
f 3017/4460 3023/4467 3030/4462
f 3030/4462 3023/4467 3068/4445
f 3023/4467 3018/4466 3028/4468
f 3068/4445 3023/4467 3064/4469
f 3023/4467 3028/4468 3037/4470
f 3023/4467 3037/4470 3064/4469
f 3068/4445 3064/4469 3083/4471
f 3083/4471 3064/4469 3037/4470
f 3068/4445 3083/4471 3086/4472
f 3037/4470 3028/4468 3029/4473
f 3086/4472 3083/4471 3090/4474
f 3090/4474 3083/4471 3076/4475
f 3090/4474 3076/4475 3084/4476
f 3076/4475 3083/4471 3075/4477
f 3076/4475 3075/4477 3079/4478
f 3079/4478 3075/4477 3073/4479
f 3075/4477 3083/4471 3063/4480
f 3075/4477 3063/4480 3073/4479
f 3063/4480 3083/4471 3037/4470
f 3073/4479 3063/4480 3066/4481
f 3066/4481 3063/4480 3037/4470
f 3066/4481 3037/4470 3033/4482
f 3033/4482 3037/4470 3029/4473
f 3066/4481 3033/4482 3040/4483
f 3040/4483 3033/4482 3021/4484
f 3021/4484 3033/4482 3029/4473
f 3021/4484 3029/4473 3027/4485
f 3021/4484 3027/4485 3025/4486
f 3071/4487 3078/4488 3096/4489
f 3096/4489 3078/4488 3068/4490
f 3096/4489 3068/4490 3086/4491
f 3071/4487 3096/4489 3097/4492
f 3096/4489 3086/4491 3087/4493
f 3097/4492 3096/4489 3098/4494
f 3098/4494 3096/4489 3087/4493
f 3097/4492 3098/4494 3100/4495
f 3097/4492 3100/4495 3091/4496
f 3091/4496 3100/4495 3106/4497
f 3106/4497 3100/4495 3098/4494
f 3091/4496 3106/4497 3099/4498
f 3098/4494 3087/4493 3103/4499
f 3103/4499 3087/4493 3093/4500
f 3106/4497 3098/4494 3108/4501
f 3108/4501 3098/4494 3103/4499
f 3103/4499 3093/4500 3126/4502
f 3103/4499 3126/4502 3108/4501
f 3126/4502 3093/4500 3105/4503
f 3106/4497 3108/4501 3130/4504
f 3108/4501 3126/4502 3129/4505
f 3108/4501 3129/4505 3130/4504
f 3130/4504 3129/4505 3126/4502
f 3126/4502 3105/4503 3124/4506
f 3124/4506 3105/4503 3104/4507
f 3130/4504 3126/4502 3133/4508
f 3133/4508 3126/4502 3124/4506
f 3106/4497 3130/4504 3109/4509
f 3106/4497 3109/4509 3099/4498
f 3099/4498 3109/4509 3012/4510
f 3099/4498 3012/4510 2993/4511
f 3012/4510 3109/4509 3119/4512
f 3119/4512 3109/4509 3130/4504
f 3012/4510 3119/4512 3015/4513
f 3015/4513 3119/4512 3121/4514
f 3121/4514 3119/4512 3130/4504
f 3015/4513 3121/4514 3008/4515
f 3008/4515 3121/4514 3011/4516
f 3121/4514 3130/4504 3132/4517
f 3132/4517 3130/4504 3133/4508
f 3011/4516 3121/4514 3092/4518
f 3092/4518 3121/4514 3132/4517
f 3011/4516 3092/4518 3069/4519
f 3069/4519 3092/4518 3127/4520
f 3127/4520 3092/4518 3132/4517
f 3069/4519 3127/4520 3082/4521
f 3082/4521 3127/4520 3074/4522
f 3127/4520 3132/4517 3135/4523
f 3074/4522 3127/4520 3128/4524
f 3128/4524 3127/4520 3135/4523
f 3074/4522 3128/4524 3123/4525
f 3074/4522 3123/4525 3065/4526
f 3128/4524 3135/4523 3134/4527
f 3134/4527 3135/4523 3132/4517
f 3128/4524 3134/4527 3123/4525
f 3134/4527 3132/4517 3131/4528
f 3134/4527 3131/4528 3123/4525
f 3131/4528 3132/4517 3133/4508
f 3131/4528 3133/4508 3124/4506
f 3131/4528 3124/4506 3123/4525
f 3123/4525 3124/4506 3125/4529
f 3125/4529 3124/4506 3122/4530
f 3122/4530 3124/4506 3104/4507
f 3125/4529 3122/4530 3118/4531
f 3122/4530 3104/4507 3111/4532
f 3122/4530 3111/4532 3118/4531
f 3118/4531 3111/4532 3112/4533
f 3086/4534 3090/4535 3087/4536
f 3087/4536 3090/4535 3084/4537
f 3087/4536 3084/4537 3093/4538
f 3105/4539 3093/4538 3104/4540
f 3104/4540 3093/4538 3095/4541
f 3095/4541 3093/4538 3084/4537
f 3104/4540 3095/4541 3046/4542
f 3095/4541 3084/4537 3020/4543
f 3095/4541 3020/4543 3046/4542
f 3020/4543 3084/4537 3034/4544
f 3020/4543 3034/4544 3028/4545
f 3020/4543 3028/4545 3018/4546
f 3020/4543 3018/4546 2990/4547
f 3020/4543 2990/4547 3136/4548
f 3020/4543 3136/4548 3046/4542
f 3046/4542 3136/4548 3047/4549
f 3046/4542 3047/4549 3051/4550
f 3051/4550 3047/4549 3059/4551
f 3012/4552 3015/4553 2994/4554
f 3012/4552 2994/4554 2993/4555
f 2994/4554 3015/4553 2996/4556
f 2996/4556 3015/4553 3008/4557
f 2996/4556 3008/4557 3148/4558
f 2996/4556 3148/4558 2994/4554
f 3148/4558 3008/4557 3011/4559
f 3148/4558 3011/4559 3153/4560
s 0
f 2994/4554 3148/4558 3150/4561
s 1
f 3143/4562 2993/4555 2994/4554
s 0
f 3143/4562 2994/4554 3150/4561
s 1
f 2993/4555 3143/4562 3004/4563
f 3150/4561 3148/4558 3241/4564
f 3150/4561 3241/4564 3143/4562
f 3241/4564 3148/4558 3215/4565
f 3241/4564 3215/4565 3239/4566
f 3004/4563 3143/4562 3146/4567
f 3004/4563 3146/4567 2997/4568
f 2997/4568 3146/4567 3193/4569
f 3193/4569 3146/4567 3270/4570
f 3270/4570 3146/4567 3143/4562
f 3193/4569 3270/4570 3321/4571
f 3264/4572 3143/4562 3241/4564
f 3143/4562 3264/4572 3270/4570
f 3267/4573 3241/4564 3239/4566
f 3241/4564 3267/4573 3264/4572
f 3267/4573 3239/4566 3212/4574
f 3267/4573 3212/4574 3263/4575
f 3264/4572 3267/4573 3289/4576
f 3264/4572 3289/4576 3270/4570
f 3289/4576 3267/4573 3263/4575
f 3270/4570 3289/4576 3321/4571
f 3321/4571 3289/4576 3263/4575
f 3003/4577 2997/4578 2989/4579
f 2989/4579 2997/4578 3193/4580
f 2989/4579 3193/4580 3185/4581
f 3003/4577 2989/4579 3140/4582
f 3140/4582 2989/4579 3185/4581
f 3140/4582 3185/4581 3190/4583
f 3140/4582 3190/4583 3142/4584
f 3140/4582 3142/4584 2991/4585
f 2991/4585 3142/4584 2992/4586
f 3142/4584 3190/4583 3301/4587
f 3301/4587 3190/4583 3354/4588
f 3301/4587 3354/4588 3248/4589
f 2992/4586 3142/4584 3141/4590
f 3141/4590 3142/4584 3301/4587
f 2992/4586 3141/4590 3137/4591
f 3301/4587 3248/4589 3196/4592
f 3301/4587 3196/4592 3141/4590
f 3141/4590 3196/4592 3137/4591
f 3196/4592 3248/4589 3183/4593
f 3137/4591 3196/4592 3184/4594
f 3184/4594 3196/4592 3183/4593
f 3137/4591 3184/4594 2986/4595
f 2986/4595 3184/4594 3183/4593
f 2986/4595 3183/4593 2990/4596
f 3177/4597 2990/4598 3183/4599
f 3177/4597 3183/4599 3186/4600
f 3177/4597 3186/4600 3203/4601
f 3203/4601 3186/4600 3222/4602
f 3222/4602 3186/4600 3255/4603
f 3222/4602 3255/4603 3223/4604
f 3222/4602 3223/4604 3203/4601
f 3203/4601 3223/4604 3217/4605
f 3203/4601 3217/4605 3213/4606
f 3203/4601 3213/4606 3234/4607
f 3177/4597 3203/4601 3205/4608
f 3205/4608 3203/4601 3234/4607
f 3177/4597 3205/4608 3277/4609
f 3205/4608 3234/4607 3309/4610
f 3277/4609 3205/4608 3355/4611
f 3355/4611 3205/4608 3309/4610
f 3136/4612 2990/4613 3177/4614
f 3136/4612 3177/4614 3277/4615
f 3136/4612 3277/4615 3225/4616
f 3136/4612 3225/4616 3206/4617
f 3206/4617 3225/4616 3212/4618
f 3136/4612 3206/4617 3149/4619
f 3206/4617 3212/4618 3211/4620
f 3149/4619 3206/4617 3230/4621
f 3230/4621 3206/4617 3211/4620
f 3230/4621 3211/4620 3271/4622
f 3149/4619 3230/4621 3151/4623
f 3151/4623 3230/4621 3229/4624
f 3151/4623 3229/4624 3169/4625
f 3151/4623 3169/4625 3164/4626
f 3164/4626 3169/4625 3157/4627
f 3169/4625 3229/4624 3227/4628
f 3157/4627 3169/4625 3170/4629
f 3157/4627 3170/4629 3162/4630
f 3227/4628 3229/4624 3257/4631
f 3257/4631 3229/4624 3228/4632
f 3257/4631 3228/4632 3285/4633
f 3257/4631 3285/4633 3309/4634
f 3309/4634 3285/4633 3311/4635
f 3309/4634 3311/4635 3380/4636
f 3257/4631 3309/4634 3234/4637
f 3227/4628 3257/4631 3189/4638
f 3189/4638 3257/4631 3234/4637
f 3227/4628 3189/4638 3169/4625
f 3189/4638 3234/4637 3213/4639
f 3169/4625 3189/4638 3180/4640
f 3180/4640 3189/4638 3213/4639
f 3169/4625 3180/4640 3170/4629
f 3180/4640 3213/4639 3187/4641
f 3180/4640 3187/4641 3170/4629
f 3170/4629 3187/4641 3197/4642
f 3034/4643 3084/4644 3076/4645
f 3028/4646 3034/4643 3029/4647
f 3029/4647 3034/4643 3035/4648
f 3035/4648 3034/4643 3076/4645
f 3029/4647 3035/4648 3027/4649
f 3027/4649 3035/4648 3031/4650
f 3035/4648 3076/4645 3070/4651
f 3035/4648 3070/4651 3077/4652
f 3070/4651 3076/4645 3081/4653
f 3070/4651 3081/4653 3077/4652
f 3081/4653 3076/4645 3079/4654
f 3081/4653 3079/4654 3077/4652
f 3040/4655 3021/4656 3050/4657
f 3040/4655 3050/4657 3066/4658
f 3050/4657 3021/4656 3019/4659
f 3066/4658 3050/4657 3080/4660
f 3080/4660 3050/4657 3019/4659
f 3066/4658 3080/4660 3073/4661
f 3073/4661 3080/4660 3079/4662
f 3019/4659 3021/4656 3026/4663
f 3019/4659 3026/4663 3080/4660
f 3079/4662 3080/4660 3085/4664
f 3085/4664 3080/4660 3026/4663
f 3079/4662 3085/4664 3077/4665
f 3026/4663 3021/4656 3025/4666
f 3077/4665 3085/4664 3061/4667
f 3061/4667 3085/4664 3026/4663
f 3077/4665 3061/4667 3042/4668
f 3042/4668 3061/4667 3026/4663
f 3077/4665 3042/4668 3035/4669
f 3026/4663 3025/4666 3032/4670
f 3026/4663 3032/4670 3042/4668
f 3042/4668 3032/4670 3035/4669
f 3032/4670 3025/4666 3024/4671
f 3035/4669 3032/4670 3031/4672
f 3031/4672 3032/4670 3024/4671
f 3025/4673 3027/4674 3006/4675
f 3006/4675 3027/4674 2987/4676
f 3006/4675 2987/4676 3139/4677
f 3006/4675 3139/4677 3005/4678
f 3006/4675 3005/4678 3025/4673
f 3025/4673 3005/4678 3024/4679
f 3024/4679 3005/4678 3198/4680
f 3024/4679 3198/4680 2995/4681
f 3024/4679 2995/4681 3031/4682
f 3031/4682 2995/4681 2987/4683
f 3031/4682 2987/4683 3027/4684
f 3139/4685 2987/4686 3223/4687
f 3139/4685 3223/4687 3233/4688
f 3139/4685 3233/4688 3005/4689
f 3005/4689 3233/4688 3198/4690
f 2987/4691 2995/4692 3217/4693
f 2987/4691 3217/4693 3223/4694
f 3217/4693 2995/4692 3213/4695
f 3213/4695 2995/4692 3198/4696
f 3223/4697 3255/4698 3233/4699
f 3233/4699 3255/4698 3243/4700
f 3243/4700 3255/4698 3269/4701
f 3269/4701 3255/4698 3303/4702
f 3269/4701 3303/4702 3346/4703
f 3346/4703 3303/4702 3371/4704
f 3269/4701 3346/4703 3389/4705
f 3389/4705 3346/4703 3371/4704
f 3269/4701 3389/4705 3243/4700
f 3389/4705 3371/4704 3395/4706
f 3237/4707 3233/4699 3243/4700
f 3385/4708 3395/4706 3388/4709
f 3395/4706 3385/4708 3391/4710
f 3395/4706 3391/4710 3389/4705
f 3391/4710 3385/4708 3380/4711
f 3238/4712 3243/4700 3389/4705
f 3238/4712 3389/4705 3391/4710
f 3243/4700 3238/4712 3237/4707
f 3238/4712 3391/4710 3380/4711
f 3237/4707 3238/4712 3226/4713
f 3226/4713 3238/4712 3380/4711
f 3220/4714 3233/4699 3237/4707
f 3220/4714 3237/4707 3226/4713
f 3233/4699 3220/4714 3198/4715
f 3198/4715 3220/4714 3213/4716
f 3213/4716 3220/4714 3187/4717
f 3187/4717 3220/4714 3197/4718
f 3197/4718 3220/4714 3285/4719
f 3285/4719 3220/4714 3311/4720
f 3220/4714 3226/4713 3296/4721
f 3220/4714 3296/4721 3311/4720
f 3296/4721 3226/4713 3380/4711
f 3340/4722 3380/4711 3311/4720
f 3380/4711 3340/4722 3296/4721
f 3296/4721 3340/4722 3311/4720
f 3186/4723 3183/4724 3248/4725
f 3186/4723 3248/4725 3255/4726
f 3255/4726 3248/4725 3347/4727
f 3347/4727 3248/4725 3354/4728
f 3255/4726 3347/4727 3364/4729
f 3255/4726 3364/4729 3303/4730
f 3303/4730 3364/4729 3371/4731
f 3371/4731 3364/4729 3395/4732
f 3395/4732 3364/4729 3388/4733
f 3364/4729 3347/4727 3362/4734
f 3388/4733 3364/4729 3355/4735
f 3364/4729 3362/4734 3357/4736
f 3364/4729 3357/4736 3355/4735
f 3388/4733 3355/4735 3385/4737
f 3357/4736 3362/4734 3356/4738
f 3356/4738 3362/4734 3347/4727
f 3357/4736 3356/4738 3355/4735
f 3385/4737 3355/4735 3380/4739
f 3380/4739 3355/4735 3309/4740
f 3356/4738 3347/4727 3366/4741
f 3366/4741 3347/4727 3354/4728
f 3356/4738 3366/4741 3361/4742
f 3356/4738 3361/4742 3359/4743
f 3359/4743 3361/4742 3366/4741
f 3356/4738 3359/4743 3355/4735
f 3366/4741 3354/4728 3384/4744
f 3366/4741 3384/4744 3359/4743
f 3384/4744 3354/4728 3394/4745
f 3384/4744 3394/4745 3405/4746
f 3384/4744 3405/4746 3403/4747
f 3384/4744 3403/4747 3379/4748
f 3384/4744 3379/4748 3359/4743
f 3379/4748 3403/4747 3400/4749
f 3359/4743 3379/4748 3352/4750
f 3359/4743 3352/4750 3321/4751
f 3359/4743 3321/4751 3355/4735
f 3355/4735 3321/4751 3286/4752
f 3355/4735 3286/4752 3277/4753
f 3286/4752 3321/4751 3263/4754
f 3277/4753 3286/4752 3245/4755
f 3245/4755 3286/4752 3263/4754
f 3277/4753 3245/4755 3225/4756
f 3245/4755 3263/4754 3212/4757
f 3245/4755 3212/4757 3225/4756
f 3170/4758 3197/4759 3174/4760
f 3174/4760 3197/4759 3228/4761
f 3228/4761 3197/4759 3285/4762
f 3170/4763 3174/4764 3168/4765
f 3170/4763 3168/4765 3162/4766
f 3168/4765 3174/4764 3228/4767
f 3168/4765 3228/4767 3251/4768
f 3168/4765 3251/4768 3171/4769
f 3251/4768 3228/4767 3290/4770
f 3290/4770 3228/4767 3229/4771
f 3171/4769 3251/4768 3316/4772
f 3316/4772 3251/4768 3290/4770
f 3171/4769 3316/4772 3315/4773
f 3290/4770 3229/4771 3261/4774
f 3290/4770 3261/4774 3253/4775
f 3315/4773 3316/4772 3306/4776
f 3306/4776 3316/4772 3290/4770
f 3315/4773 3306/4776 3284/4777
f 3284/4777 3306/4776 3290/4770
f 3284/4777 3290/4770 3253/4775
f 3315/4773 3284/4777 3288/4778
f 3284/4777 3253/4775 3250/4779
f 3284/4777 3250/4779 3288/4778
f 3164/4780 3157/4781 3156/4782
f 3156/4782 3157/4781 3000/4783
f 3164/4780 3156/4782 3147/4784
f 3164/4780 3147/4784 3151/4785
f 3147/4784 3156/4782 3166/4786
f 3151/4785 3147/4784 3144/4787
f 3151/4785 3144/4787 3149/4788
f 3144/4787 3147/4784 3166/4786
f 3144/4787 3166/4786 3158/4789
f 3144/4787 3158/4789 3154/4790
f 3154/4790 3158/4789 3181/4791
f 3181/4791 3158/4789 3166/4786
f 3181/4791 3166/4786 3218/4792
f 3218/4792 3166/4786 3250/4793
f 3181/4791 3218/4792 3258/4794
f 3181/4791 3258/4794 3208/4795
f 3157/4796 3162/4797 3000/4798
f 3000/4798 3162/4797 2984/4799
f 2984/4799 3162/4797 2983/4800
f 3000/4798 2984/4799 3010/4801
f 2984/4799 2983/4800 3013/4802
f 2984/4799 3013/4802 3010/4801
f 3013/4802 2983/4800 2988/4803
f 2988/4803 2983/4800 3156/4804
f 3010/4801 3013/4802 3054/4805
f 2988/4803 3156/4804 2999/4806
f 2999/4806 3156/4804 3000/4807
f 2999/4806 3000/4807 3048/4808
f 2999/4806 3048/4808 3056/4809
f 2999/4806 3056/4809 2988/4803
f 2988/4803 3056/4809 3013/4802
f 3013/4802 3056/4809 3054/4805
f 3054/4805 3056/4809 3057/4810
f 3057/4810 3056/4809 3060/4811
f 3054/4805 3057/4810 3055/4812
f 3054/4805 3055/4812 3010/4801
f 3055/4812 3057/4810 3053/4813
f 3055/4812 3053/4813 3049/4814
f 3055/4812 3049/4814 3052/4815
f 3010/4801 3055/4812 3044/4816
f 3044/4816 3055/4812 3052/4815
f 3010/4801 3044/4816 3000/4798
f 3000/4798 3044/4816 3048/4817
f 3048/4817 3044/4816 3052/4815
f 3048/4817 3052/4815 3056/4818
f 3229/4819 3230/4820 3261/4821
f 3261/4821 3230/4820 3266/4822
f 3266/4822 3230/4820 3271/4823
f 3261/4821 3266/4822 3256/4824
f 3261/4821 3256/4824 3253/4825
f 3253/4825 3256/4824 3218/4826
f 3253/4825 3218/4826 3250/4827
f 3218/4826 3256/4824 3258/4828
f 3256/4824 3266/4822 3260/4829
f 3256/4824 3260/4829 3258/4828
f 3260/4829 3266/4822 3271/4823
f 3258/4828 3260/4829 3208/4830
f 3260/4829 3271/4823 3262/4831
f 3262/4831 3271/4823 3297/4832
f 3262/4831 3297/4832 3283/4833
f 3283/4833 3297/4832 3334/4834
f 3297/4832 3271/4823 3300/4835
f 3300/4835 3271/4823 3273/4836
f 3300/4835 3273/4836 3298/4837
f 3297/4832 3300/4835 3319/4838
f 3297/4832 3319/4838 3334/4834
f 3319/4838 3300/4835 3298/4837
f 3334/4834 3319/4838 3338/4839
f 3319/4838 3298/4837 3210/4840
f 3319/4838 3210/4840 3338/4839
f 3210/4840 3298/4837 3176/4841
f 3338/4839 3210/4840 3382/4842
f 3382/4842 3210/4840 3276/4843
f 3382/4842 3276/4843 3378/4844
f 3382/4842 3378/4844 3402/4845
f 3402/4845 3378/4844 3387/4846
f 3154/4847 3181/4848 3208/4849
f 3262/4850 3208/4849 3260/4851
f 3208/4849 3262/4850 3214/4852
f 3154/4847 3208/4849 3209/4853
f 3209/4853 3208/4849 3214/4852
f 3154/4847 3209/4853 2985/4854
f 3209/4853 3214/4852 3002/4855
f 2985/4854 3209/4853 3001/4856
f 3001/4856 3209/4853 3002/4855
f 2985/4854 3001/4856 3014/4857
f 3001/4856 3002/4855 3067/4858
f 3001/4856 3067/4858 3014/4857
f 3067/4858 3002/4855 3069/4859
f 2985/4854 3014/4857 2998/4860
f 2998/4860 3014/4857 3043/4861
f 2998/4860 3043/4861 3009/4862
f 3144/4863 3154/4864 3145/4865
f 3145/4865 3154/4864 2985/4866
f 3145/4865 2985/4866 2998/4867
f 3145/4865 2998/4867 3144/4863
f 3144/4863 2998/4867 3138/4868
f 3144/4863 3138/4868 3149/4869
f 3138/4868 2998/4867 3009/4870
f 3149/4869 3138/4868 3136/4871
f 3138/4868 3009/4870 3047/4872
f 3138/4868 3047/4872 3136/4871
f 3043/4873 3014/4874 3067/4875
f 3082/4876 3067/4875 3069/4877
f 3067/4875 3082/4876 3074/4878
f 3067/4875 3074/4878 3065/4879
f 3067/4875 3065/4879 3043/4873
f 3043/4873 3065/4879 3062/4880
f 3062/4880 3065/4879 3123/4881
f 3062/4880 3123/4881 3110/4882
f 3110/4882 3123/4881 3125/4883
f 3110/4882 3125/4883 3118/4884
f 3110/4882 3118/4884 3089/4885
f 3110/4882 3089/4885 3062/4880
f 3089/4885 3118/4884 3107/4886
f 3089/4885 3107/4886 3060/4887
f 3089/4885 3060/4887 3059/4888
f 3089/4885 3059/4888 3062/4880
f 3062/4880 3059/4888 3043/4873
f 3043/4873 3059/4888 3045/4889
f 3043/4873 3045/4889 3009/4890
f 3045/4889 3059/4888 3047/4891
f 3045/4889 3047/4891 3009/4890
f 3212/4892 3239/4893 3211/4894
f 3211/4894 3239/4893 3244/4895
f 3211/4894 3244/4895 3271/4896
f 3244/4895 3239/4893 3215/4897
f 3271/4896 3244/4895 3273/4898
f 3244/4895 3215/4897 3153/4899
f 3244/4895 3153/4899 3273/4898
f 3153/4899 3215/4897 3148/4900
f 3273/4898 3153/4899 3173/4901
f 3173/4901 3153/4899 3161/4902
f 3161/4902 3153/4899 3152/4903
f 3262/4904 3283/4905 3152/4903
f 3161/4902 3152/4903 3155/4906
f 3161/4902 3155/4906 3160/4907
f 3155/4906 3152/4903 3178/4908
f 3178/4908 3152/4903 3283/4905
f 3155/4906 3178/4908 3160/4907
f 3178/4908 3283/4905 3313/4909
f 3313/4909 3283/4905 3334/4910
f 3313/4909 3334/4910 3373/4911
f 3373/4911 3334/4910 3338/4912
f 3373/4911 3338/4912 3382/4913
f 3178/4908 3313/4909 3246/4914
f 3178/4908 3246/4914 3195/4915
f 3178/4908 3195/4915 3188/4916
f 3172/4917 3160/4907 3178/4908
f 3172/4917 3178/4908 3188/4916
f 3160/4907 3172/4917 3161/4902
f 3172/4917 3188/4916 3210/4918
f 3172/4917 3210/4918 3176/4919
f 3172/4917 3176/4919 3161/4902
f 3161/4902 3176/4919 3182/4920
f 3182/4920 3176/4919 3202/4921
f 3193/4922 3321/4923 3194/4924
f 3194/4924 3321/4923 3352/4925
f 3194/4924 3352/4925 3235/4926
f 3194/4924 3235/4926 3254/4927
f 3193/4922 3194/4924 3185/4928
f 3194/4924 3254/4927 3192/4929
f 3194/4924 3192/4929 3185/4928
f 3185/4928 3192/4929 3190/4930
f 3262/4931 3152/4932 3214/4933
f 3214/4933 3152/4932 3002/4934
f 3002/4934 3152/4932 3007/4935
f 3002/4934 3007/4935 3069/4936
f 3069/4936 3007/4935 3011/4937
f 3011/4937 3007/4935 3152/4932
f 3011/4937 3152/4932 3153/4938
f 3313/4939 3373/4940 3398/4941
f 3313/4939 3398/4941 3246/4942
f 3246/4942 3398/4941 3278/4943
f 3278/4943 3398/4941 3294/4944
f 3278/4943 3294/4944 3295/4945
f 3278/4943 3295/4945 3287/4946
f 3246/4942 3278/4943 3219/4947
f 3219/4947 3278/4943 3287/4946
f 3246/4942 3219/4947 3221/4948
f 3246/4942 3221/4948 3195/4949
f 3195/4949 3221/4948 3188/4950
f 3221/4948 3219/4947 3240/4951
f 3240/4951 3219/4947 3287/4946
f 3221/4948 3240/4951 3188/4950
f 3188/4950 3240/4951 3216/4952
f 3188/4950 3216/4952 3210/4953
f 3210/4953 3216/4952 3276/4954
f 3276/4954 3216/4952 3240/4951
f 3276/4954 3240/4951 3287/4946
f 3276/4954 3287/4946 3317/4955
f 3276/4954 3317/4955 3324/4956
f 3276/4954 3324/4956 3327/4957
f 3276/4954 3327/4957 3310/4958
f 3368/4959 3376/4960 3324/4956
f 3324/4956 3376/4960 3348/4961
f 3324/4956 3348/4961 3327/4957
f 3348/4961 3376/4960 3383/4962
f 3348/4961 3383/4962 3358/4963
f 3348/4961 3358/4963 3331/4964
f 3348/4961 3331/4964 3327/4957
f 3327/4957 3331/4964 3310/4958
f 3310/4958 3331/4964 3330/4965
f 3330/4965 3331/4964 3337/4966
f 3337/4966 3331/4964 3351/4967
f 3330/4965 3337/4966 3304/4968
f 3398/4969 3373/4970 3397/4971
f 3397/4971 3373/4970 3382/4972
f 3397/4971 3382/4972 3402/4973
f 3397/4971 3402/4973 3401/4974
f 3398/4969 3397/4971 3407/4975
f 3398/4969 3407/4975 3294/4976
f 3407/4975 3397/4971 3317/4977
f 3294/4976 3407/4975 3295/4978
f 3407/4975 3317/4977 3339/4979
f 3407/4975 3339/4979 3295/4978
f 3339/4979 3317/4977 3287/4980
f 3339/4979 3287/4980 3295/4978
f 3107/4981 3118/4982 3116/4983
f 3116/4983 3118/4982 3113/4984
f 3113/4984 3118/4982 3112/4985
f 3107/4981 3116/4983 3120/4986
f 3116/4983 3113/4984 3117/4987
f 3116/4983 3117/4987 3120/4986
f 3113/4984 3112/4985 3114/4988
f 3113/4984 3114/4988 3117/4987
f 3107/4981 3120/4986 3088/4989
f 3107/4981 3088/4989 3060/4990
f 3060/4990 3088/4989 3057/4991
f 3057/4991 3088/4989 3053/4992
f 3053/4992 3088/4989 3120/4986
f 3115/4993 3120/4986 3117/4987
f 3120/4986 3115/4993 3053/4992
f 3115/4993 3117/4987 3114/4988
f 3053/4992 3115/4993 3049/4994
f 3115/4993 3114/4988 3102/4995
f 3102/4995 3114/4988 3112/4985
f 3049/4994 3115/4993 3072/4996
f 3072/4996 3115/4993 3094/4997
f 3094/4997 3115/4993 3102/4995
f 3094/4997 3102/4995 3072/4996
f 3049/4994 3072/4996 3052/4998
f 3052/4998 3072/4996 3102/4995
f 3102/4995 3112/4985 3101/4999
f 3101/4999 3112/4985 3111/5000
f 3102/4995 3101/4999 3058/5001
f 3102/4995 3058/5001 3052/4998
f 3058/5001 3101/4999 3111/5000
f 3052/4998 3058/5001 3060/5002
f 3052/4998 3060/5002 3056/5003
f 3060/5002 3058/5001 3059/5004
f 3059/5004 3058/5001 3051/5005
f 3051/5005 3058/5001 3111/5000
f 3051/5005 3111/5000 3104/5006
f 3051/5005 3104/5006 3046/5007
f 2983/5008 3162/5009 3159/5010
f 3159/5010 3162/5009 3168/5011
f 2983/5008 3159/5010 3156/5012
f 3159/5010 3168/5011 3163/5013
f 3159/5010 3163/5013 3156/5012
f 3163/5013 3168/5011 3167/5014
f 3156/5012 3163/5013 3166/5015
f 3163/5013 3167/5014 3165/5016
f 3166/5015 3163/5013 3199/5017
f 3199/5017 3163/5013 3165/5016
f 3166/5015 3199/5017 3250/5018
f 3250/5018 3199/5017 3288/5019
f 3288/5019 3199/5017 3165/5016
f 3288/5019 3165/5016 3315/5020
f 3167/5021 3168/5022 3171/5023
f 3167/5021 3171/5023 3165/5024
f 3165/5024 3171/5023 3315/5025
f 3354/5026 3190/5027 3281/5028
f 3354/5026 3281/5028 3394/5029
f 3394/5029 3281/5028 3336/5030
f 3281/5028 3190/5027 3207/5031
f 3207/5031 3190/5027 3192/5032
f 3336/5030 3281/5028 3275/5033
f 3275/5033 3281/5028 3207/5031
f 3336/5030 3275/5033 3326/5034
f 3207/5031 3192/5032 3259/5035
f 3207/5031 3259/5035 3275/5033
f 3275/5033 3259/5035 3326/5034
f 3259/5035 3192/5032 3254/5036
f 3336/5030 3326/5034 3344/5037
f 3259/5035 3254/5036 3291/5038
f 3259/5035 3291/5038 3326/5034
f 3291/5038 3254/5036 3363/5039
f 3291/5038 3363/5039 3400/5040
f 3291/5038 3400/5040 3326/5034
f 3400/5040 3363/5039 3379/5041
f 3344/5037 3326/5034 3341/5042
f 3344/5037 3341/5042 3374/5043
f 3341/5042 3326/5034 3358/5044
f 3374/5043 3341/5042 3383/5045
f 3383/5045 3341/5042 3358/5044
f 3405/5046 3394/5047 3414/5048
f 3414/5048 3394/5047 3336/5049
f 3405/5046 3414/5048 3415/5050
f 3405/5046 3415/5050 3403/5051
f 3403/5051 3415/5050 3412/5052
f 3412/5052 3415/5050 3413/5053
f 3403/5051 3412/5052 3400/5054
f 3412/5052 3413/5053 3408/5055
f 3412/5052 3408/5055 3400/5054
f 3400/5054 3408/5055 3358/5056
f 3400/5054 3358/5056 3326/5057
f 3415/5058 3414/5059 3417/5060
f 3415/5058 3417/5060 3416/5061
f 3415/5058 3416/5061 3413/5062
f 3417/5060 3414/5059 3390/5063
f 3417/5060 3390/5063 3416/5061
f 3413/5062 3416/5061 3374/5064
f 3374/5064 3416/5061 3390/5063
f 3413/5062 3374/5064 3383/5065
f 3374/5064 3390/5063 3386/5066
f 3374/5064 3386/5066 3344/5067
f 3390/5063 3414/5059 3393/5068
f 3390/5063 3393/5068 3386/5066
f 3386/5066 3393/5068 3344/5067
f 3393/5068 3414/5059 3336/5069
f 3393/5068 3336/5069 3344/5067
f 3413/5070 3383/5071 3410/5072
f 3410/5072 3383/5071 3376/5073
f 3413/5070 3410/5072 3408/5074
f 3410/5072 3376/5073 3411/5075
f 3411/5075 3376/5073 3368/5076
f 3410/5072 3411/5075 3409/5077
f 3409/5077 3411/5075 3368/5076
f 3410/5072 3409/5077 3408/5074
f 3409/5077 3368/5076 3406/5078
f 3409/5077 3406/5078 3401/5079
f 3409/5077 3401/5079 3402/5080
f 3409/5077 3402/5080 3408/5074
f 3408/5074 3402/5080 3399/5081
f 3399/5081 3402/5080 3396/5082
f 3399/5081 3396/5082 3351/5083
f 3399/5081 3351/5083 3350/5084
f 3350/5084 3351/5083 3331/5085
f 3350/5084 3331/5085 3360/5086
f 3360/5086 3331/5085 3358/5087
f 3379/5088 3363/5089 3367/5090
f 3379/5088 3367/5090 3352/5091
f 3352/5091 3367/5090 3343/5092
f 3343/5092 3367/5090 3353/5093
f 3353/5093 3367/5090 3363/5089
f 3353/5093 3363/5089 3254/5094
f 3353/5093 3254/5094 3282/5095
f 3282/5095 3254/5094 3232/5096
f 3232/5096 3254/5094 3235/5097
f 3232/5096 3235/5097 3200/5098
f 3200/5098 3235/5097 3201/5099
f 3201/5099 3235/5097 3307/5100
f 3307/5100 3235/5097 3352/5101
f 3307/5100 3352/5101 3329/5102
f 3307/5100 3329/5102 3302/5103
f 3201/5099 3307/5100 3242/5104
f 3242/5104 3307/5100 3302/5103
f 3201/5099 3242/5104 3173/5105
f 3242/5104 3302/5103 3273/5106
f 3242/5104 3273/5106 3173/5105
f 3352/5107 3343/5108 3329/5109
f 3329/5109 3343/5108 3302/5110
f 3328/5111 3343/5108 3332/5112
f 3343/5108 3328/5111 3322/5113
f 3302/5110 3343/5108 3314/5114
f 3314/5114 3343/5108 3322/5113
f 3302/5110 3314/5114 3273/5115
f 3273/5115 3314/5114 3298/5116
f 3298/5116 3314/5114 3308/5117
f 3308/5117 3314/5114 3322/5113
f 3308/5117 3322/5113 3292/5118
f 3292/5118 3322/5113 3231/5119
f 3231/5119 3322/5113 3249/5120
f 3173/5121 3161/5122 3182/5123
f 3173/5121 3182/5123 3175/5124
f 3173/5121 3175/5124 3201/5125
f 3201/5125 3175/5124 3200/5126
f 3200/5126 3175/5124 3179/5127
f 3179/5127 3175/5124 3182/5123
f 3200/5126 3179/5127 3232/5128
f 3232/5128 3179/5127 3191/5129
f 3191/5129 3179/5127 3182/5123
f 3232/5128 3191/5129 3224/5130
f 3224/5130 3191/5129 3231/5131
f 3224/5130 3231/5131 3249/5132
f 3231/5131 3191/5129 3272/5133
f 3191/5129 3182/5123 3204/5134
f 3191/5129 3204/5134 3272/5133
f 3272/5133 3204/5134 3274/5135
f 3274/5135 3204/5134 3247/5136
f 3204/5134 3182/5123 3202/5137
f 3204/5134 3202/5137 3247/5136
f 3247/5136 3202/5137 3252/5138
f 3252/5138 3202/5137 3279/5139
f 3252/5138 3279/5139 3325/5140
f 3325/5140 3279/5139 3335/5141
f 3279/5139 3202/5137 3298/5142
f 3298/5142 3202/5137 3176/5143
f 3279/5139 3298/5142 3308/5144
f 3279/5139 3308/5144 3335/5141
f 3335/5141 3308/5144 3333/5145
f 3333/5145 3308/5144 3292/5146
f 3317/5147 3397/5148 3401/5149
f 3317/5147 3401/5149 3324/5150
f 3324/5150 3401/5149 3345/5151
f 3345/5151 3401/5149 3406/5152
f 3324/5150 3345/5151 3368/5153
f 3368/5153 3345/5151 3406/5152
f 3358/5154 3408/5155 3360/5156
f 3360/5156 3408/5155 3404/5157
f 3404/5157 3408/5155 3399/5158
f 3404/5157 3399/5158 3377/5159
f 3360/5156 3404/5157 3369/5160
f 3404/5157 3377/5159 3381/5161
f 3369/5160 3404/5157 3365/5162
f 3365/5162 3404/5157 3381/5161
f 3369/5160 3365/5162 3323/5163
f 3369/5160 3323/5163 3360/5156
f 3365/5162 3381/5161 3353/5164
f 3381/5161 3377/5159 3349/5165
f 3381/5161 3349/5165 3353/5164
f 3349/5165 3377/5159 3332/5166
f 3349/5165 3332/5166 3343/5167
f 3349/5165 3343/5167 3353/5164
f 3365/5162 3353/5164 3282/5168
f 3365/5162 3282/5168 3323/5163
f 3320/5169 3360/5156 3323/5163
f 3360/5156 3320/5169 3350/5170
f 3323/5163 3282/5168 3265/5171
f 3323/5163 3265/5171 3320/5169
f 3265/5171 3282/5168 3232/5172
f 3265/5171 3232/5172 3268/5173
f 3320/5169 3265/5171 3312/5174
f 3320/5169 3312/5174 3350/5170
f 3312/5174 3265/5171 3268/5173
f 3350/5170 3312/5174 3399/5175
f 3399/5175 3312/5174 3377/5176
f 3377/5176 3312/5174 3268/5173
f 3377/5176 3268/5173 3332/5177
f 3276/5178 3310/5179 3318/5180
f 3276/5178 3318/5180 3378/5181
f 3318/5180 3310/5179 3305/5182
f 3305/5182 3310/5179 3272/5183
f 3305/5182 3272/5183 3274/5184
f 3305/5182 3274/5184 3247/5185
f 3305/5182 3247/5185 3318/5180
f 3318/5180 3247/5185 3252/5186
f 3318/5180 3252/5186 3325/5187
f 3318/5180 3325/5187 3378/5181
f 3378/5181 3325/5187 3335/5188
f 3378/5181 3335/5188 3372/5189
f 3372/5189 3335/5188 3333/5190
f 3378/5181 3372/5189 3387/5191
f 3387/5191 3372/5189 3333/5190
f 3387/5191 3333/5190 3375/5192
f 3387/5191 3375/5192 3310/5193
f 3375/5192 3333/5190 3292/5194
f 3310/5193 3375/5192 3299/5195
f 3299/5195 3375/5192 3292/5194
f 3310/5193 3299/5195 3272/5196
f 3299/5195 3292/5194 3231/5197
f 3299/5195 3231/5197 3272/5196
f 3332/5198 3268/5199 3280/5200
f 3332/5198 3280/5200 3328/5201
f 3280/5200 3268/5199 3232/5202
f 3328/5201 3280/5200 3370/5203
f 3280/5200 3232/5202 3236/5204
f 3236/5204 3232/5202 3224/5205
f 3280/5200 3236/5204 3293/5206
f 3293/5206 3236/5204 3224/5205
f 3280/5200 3293/5206 3370/5203
f 3370/5203 3293/5206 3351/5207
f 3370/5203 3351/5207 3396/5208
f 3351/5207 3293/5206 3337/5209
f 3337/5209 3293/5206 3224/5205
f 3337/5209 3224/5205 3304/5210
f 3304/5210 3224/5205 3249/5211
f 3304/5210 3249/5211 3342/5212
f 3304/5210 3342/5212 3392/5213
f 3342/5212 3249/5211 3322/5214
f 3392/5213 3342/5212 3370/5215
f 3370/5215 3342/5212 3322/5214
f 3370/5215 3322/5214 3328/5216
f 3387/5217 3310/5218 3330/5219
f 3387/5217 3330/5219 3392/5220
f 3392/5220 3330/5219 3304/5221
f 3387/5217 3392/5220 3402/5222
f 3402/5223 3392/5224 3396/5225
f 3396/5225 3392/5224 3370/5226
o tripo_part_5
v -0.042842 0.424329 0.135803
v -0.041256 0.422799 0.070143
v -0.036565 0.388616 -0.021294
v -0.036323 0.346069 0.124351
v -0.034187 0.347276 -0.019364
v -0.032810 0.422361 0.031982
v -0.032180 0.349080 0.127922
v -0.030654 0.426908 0.032659
v -0.029889 0.349571 -0.017205
v -0.027596 0.348579 0.136802
v -0.027271 0.403005 -0.021279
v -0.026693 0.422674 0.060701
v -0.026447 0.347560 -0.006409
v -0.026032 0.337778 -0.017868
v -0.024731 0.422300 0.042202
v -0.024319 0.388433 0.019729
v -0.022226 0.336984 0.137481
v -0.020962 0.421533 -0.032151
v -0.020435 0.403554 -0.031929
v -0.020224 0.421354 -0.022408
v -0.018700 0.420022 -0.031678
v -0.017126 0.403249 -0.032082
v -0.016779 0.423204 0.088632
v -0.015120 0.389537 0.090812
v -0.012573 0.405816 0.143051
v -0.011154 0.390924 0.142830
v -0.010513 0.406454 0.153267
v -0.009167 0.423284 0.152870
v -0.007748 0.349521 0.126564
v -0.007435 0.281827 0.146721
v -0.007389 0.365944 0.144447
v -0.007370 0.406679 0.152435
v -0.007221 0.391607 0.146553
v -0.007218 0.319803 0.145347
v -0.007164 0.350086 0.138855
v -0.007160 0.333887 0.138359
v -0.007122 0.390439 0.141968
v -0.007084 0.405813 0.147827
v -0.006542 0.334024 0.126442
v -0.006458 0.349851 0.124244
v -0.006252 0.424428 0.141990
v -0.006058 0.421899 0.009979
v -0.005921 0.389465 0.122383
v -0.005699 0.281354 0.121071
v -0.005371 0.350084 0.146736
v -0.005356 0.424360 0.153785
v -0.005165 0.424196 0.127990
v -0.004059 0.294904 0.147285
v -0.003750 0.424631 0.027496
v -0.003582 0.356174 0.122093
v -0.003559 0.295507 0.121811
v -0.003182 0.422048 0.029344
v 0.000046 0.348752 -0.006638
v 0.001148 0.346967 0.121574
v 0.001358 0.348325 0.118053
v 0.002174 0.422967 0.075018
v 0.002647 0.362832 0.121956
v 0.002914 0.424566 0.003994
v 0.003616 0.360480 0.109165
v 0.004337 0.304601 0.147461
v 0.006725 0.381584 0.147423
v 0.006828 0.422307 0.044109
v 0.007812 0.421834 0.003647
v 0.008560 0.392291 0.148056
v 0.009914 0.421785 0.024574
v 0.010956 0.347215 -0.015724
v 0.011204 0.349378 0.062415
v 0.011955 0.422574 0.001751
v 0.012802 0.362179 0.122047
v 0.013039 0.347652 0.122787
v 0.013672 0.421216 -0.029076
v 0.013965 0.403512 -0.029625
v 0.014038 0.403034 -0.018257
v 0.014458 0.390056 -0.017777
v 0.015114 0.358952 0.036825
v 0.015335 0.423833 0.121818
v 0.015354 0.294477 0.148460
v 0.015694 0.339342 0.148155
v 0.016899 0.389839 0.122581
v 0.017315 0.347814 0.020397
v 0.017322 0.268728 0.002632
v 0.017387 0.387700 -0.016388
v 0.017494 0.421804 -0.031121
v 0.017624 0.348094 -0.004074
v 0.017795 0.390764 0.118965
v 0.017887 0.359929 0.090255
v 0.018082 0.281377 0.148849
v 0.018230 0.405065 0.116695
v 0.018268 0.287206 0.002002
v 0.018288 0.360742 0.002075
v 0.018295 0.295141 0.144714
v 0.018318 0.314420 0.002121
v 0.018375 0.331087 0.145584
v 0.018593 0.392267 0.147697
v 0.018597 0.334112 -0.004082
v 0.018665 0.387889 0.002277
v 0.018677 0.293760 0.122986
v 0.018925 0.294950 0.131042
v 0.019131 0.406003 0.149009
v 0.019291 0.388439 0.139114
v 0.019382 0.350192 -0.013626
v 0.019413 0.343524 0.124962
v 0.019459 0.358623 0.003025
v 0.019558 0.345672 0.002273
v 0.019558 0.333394 -0.015785
v 0.019626 0.386780 0.131897
v 0.019672 0.371789 0.123329
v 0.019680 0.281270 0.123993
v 0.019718 0.285314 -0.019753
v 0.019733 0.359538 0.076538
v 0.020107 0.348964 0.075763
v 0.020161 0.386375 -0.022270
v 0.020351 0.351888 -0.022362
v 0.020389 0.268552 -0.023140
v 0.020412 0.402490 -0.025299
v 0.021435 0.337106 -0.022301
v 0.021648 0.405588 0.121948
v 0.022777 0.388439 -0.024712
v 0.023579 0.285947 -0.022415
v 0.023807 0.422529 0.046752
v 0.024196 0.389385 0.070621
v 0.024196 0.406740 0.155960
v 0.024242 0.424028 0.155861
v 0.025440 0.345619 -0.021912
v 0.026340 0.359829 0.036596
v 0.026424 0.406717 0.141044
v 0.026646 0.424283 0.140671
v 0.026684 0.424352 0.125129
v 0.027859 0.404085 0.050486
v 0.029438 0.406392 0.124077
v 0.029438 0.420030 0.124275
v 0.029919 0.424051 0.121719
v 0.030392 0.388334 0.031128
v 0.031322 0.346464 0.007580
v 0.032535 0.361191 0.003822
v 0.032612 0.346233 0.003559
v 0.033832 0.403251 0.008465
v 0.034138 0.388013 0.006775
v 0.035122 0.405240 0.090442
v 0.035267 0.296476 -0.021256
v 0.036259 0.422231 0.084728
v 0.036434 0.414384 0.082670
v 0.038372 0.422620 0.049278
v 0.039432 0.338388 0.003902
v 0.040867 0.421281 0.048118
v 0.041195 0.285909 0.004535
v 0.042614 0.404214 0.047744
v 0.042698 0.385502 0.003647
v 0.042774 0.422819 0.046180
v 0.043583 0.402379 -0.023293
v 0.043674 0.268407 0.004524
v 0.043728 0.344238 0.003555
v 0.043796 0.320146 0.003238
v 0.043964 0.285398 0.002990
v 0.044155 0.341192 -0.001114
v 0.044247 0.387962 -0.022629
v 0.044308 0.343814 -0.020706
v 0.044399 0.402881 0.007389
v 0.044430 0.290838 -0.004036
v 0.045154 0.385125 -0.020684
v 0.045208 0.384936 -0.014954
v 0.045231 0.285604 -0.008873
v 0.045269 0.389095 0.005169
v 0.045467 0.268369 -0.008530
v 0.045620 0.289510 -0.014870
v 0.045925 0.268423 -0.020561
v 0.046253 0.285207 -0.020241
v 0.046543 0.422201 0.021759
v 0.047993 0.388881 -0.016915
v 0.048160 0.420995 0.008228
v 0.048550 0.402551 -0.017403
v 0.049953 0.404729 0.007316
v 0.050106 0.422311 0.006382
v 0.053638 0.403539 -0.027428
v 0.054088 0.422174 -0.027031
v -0.043742 0.423673 0.149933
v -0.045011 0.406209 0.150245
v -0.047191 0.422502 0.150978
v -0.048230 0.422307 0.027876
v -0.048337 0.338186 -0.007866
v -0.048727 0.406206 0.150589
v -0.048753 0.336942 0.134460
v -0.052975 0.419889 -0.035149
v -0.053535 0.338422 0.124176
v -0.055225 0.403270 -0.033867
v -0.055466 0.421537 -0.032967
v -0.056250 0.405660 0.139198
v -0.056643 0.419778 -0.035187
v -0.056809 0.405057 -0.035073
v -0.059351 0.349010 -0.020836
v -0.059576 0.338804 0.134956
v -0.059839 0.422883 0.066106
v -0.063158 0.424127 0.130966
v -0.064350 0.422410 0.039469
v -0.065159 0.424241 0.138565
v -0.070597 0.390293 0.113491
v -0.071417 0.338563 -0.020867
v -0.072912 0.350828 -0.010391
v -0.076084 0.423391 0.098198
v -0.076649 0.349681 0.132827
v -0.076706 0.350519 0.121780
v -0.076771 0.422021 0.022087
v -0.078167 0.423532 0.147499
v -0.083313 0.389614 0.073990
v -0.084107 0.424116 0.129173
v -0.085499 0.352840 -0.020584
v -0.086002 0.421468 -0.034416
v -0.087162 0.388816 0.017170
v -0.088379 0.419610 -0.037133
v -0.089653 0.403959 -0.037483
v -0.090649 0.421411 -0.038162
v -0.091087 0.403142 -0.026352
v -0.092686 0.421850 -0.005997
v -0.094231 0.424249 0.135681
v -0.094334 0.388803 -0.025551
v -0.094937 0.422578 -0.004410
v -0.095635 0.338430 -0.011200
v -0.095753 0.280149 -0.029892
v -0.095825 0.402542 -0.030800
v -0.095966 0.366696 -0.029976
v -0.096142 0.302404 -0.027436
v -0.096420 0.345371 -0.022980
v -0.097172 0.354700 -0.011193
v -0.097286 0.337907 -0.010300
v -0.097664 0.388013 -0.006180
v -0.097733 0.298719 -0.005883
v -0.097805 0.351106 0.120174
v -0.098259 0.422349 0.031923
v -0.098389 0.280240 -0.004814
v -0.098519 0.294172 -0.030396
v -0.098744 0.333284 -0.005821
v -0.104050 0.338487 0.130661
v -0.104157 0.295583 -0.030480
v -0.105591 0.423540 0.067231
v -0.106266 0.379307 -0.031204
v -0.107708 0.389730 -0.031060
v -0.108936 0.303747 -0.031021
v -0.110424 0.296033 -0.006066
v -0.111027 0.406637 0.145614
v -0.111141 0.353116 0.130851
v -0.113033 0.405832 0.134926
v -0.113613 0.423925 0.109592
v -0.114216 0.423692 0.144394
v -0.114742 0.424302 0.133987
v -0.114918 0.390996 0.134430
v -0.116375 0.421625 -0.007317
v -0.117039 0.281705 0.116424
v -0.117062 0.407014 0.144630
v -0.117237 0.389398 0.115337
v -0.117275 0.338121 0.119159
v -0.117497 0.354591 0.118751
v -0.118168 0.280111 -0.031418
v -0.118374 0.337484 0.130821
v -0.118412 0.390613 0.113228
v -0.118427 0.424646 0.143478
v -0.118504 0.390859 0.134704
v -0.118549 0.281934 0.135780
v -0.118672 0.337709 0.114567
v -0.118702 0.422147 0.145408
v -0.118817 0.322175 0.136238
v -0.119160 0.403589 -0.001213
v -0.119389 0.292249 -0.031494
v -0.119427 0.389739 0.006187
v -0.119602 0.280424 -0.006287
v -0.119648 0.281660 0.113315
v -0.119923 0.392764 0.139412
v -0.120045 0.332582 -0.031197
v -0.120205 0.350160 0.137893
v -0.120289 0.294935 0.137809
v -0.120297 0.391324 -0.032280
v -0.120426 0.405614 0.140960
v -0.120594 0.389663 -0.007485
v -0.120892 0.334615 -0.007225
v -0.120976 0.283307 -0.023720
v -0.121197 0.390325 -0.021103
v -0.121494 0.402290 -0.032593
v -0.121533 0.391773 -0.029526
v -0.121700 0.382267 -0.014534
v -0.121784 0.403127 -0.040528
v -0.121945 0.281980 -0.010018
v -0.121990 0.422872 0.030508
v -0.122067 0.283834 0.139229
v -0.123730 0.421274 -0.040573
v -0.123799 0.393251 -0.007332
v -0.123989 0.404081 -0.039376
v -0.124088 0.403058 -0.005936
v -0.124233 0.423429 0.069748
v -0.125782 0.422124 -0.010636
v -0.126827 0.390405 0.065841
v -0.127598 0.404508 -0.007370
v -0.127636 0.404809 0.064896
v -0.127911 0.297483 0.137535
v -0.127964 0.420045 -0.009369
v -0.128384 0.390544 0.137069
v -0.128925 0.421937 -0.005684
v -0.129116 0.381542 0.137268
v -0.130398 0.294347 0.112720
v -0.132786 0.390731 0.111355
v -0.133137 0.393613 0.108478
v -0.133175 0.405260 0.106033
v -0.135639 0.405340 0.049992
v -0.137943 0.299589 0.136940
v -0.138302 0.283079 0.112018
v -0.138531 0.423307 0.065401
v -0.138920 0.407327 0.067665
v -0.139050 0.422849 0.068289
v -0.139729 0.393466 0.108238
v -0.140820 0.390064 0.112648
v -0.141087 0.405492 0.139045
v -0.143170 0.341751 0.114315
v -0.143177 0.319341 0.118374
v -0.143269 0.328611 0.135696
v -0.143276 0.390499 0.136047
v -0.143520 0.297353 0.123146
v -0.143574 0.331731 0.129928
v -0.143803 0.392097 0.138199
v -0.143986 0.282331 0.115059
v -0.144016 0.405874 0.106262
v -0.144077 0.294485 0.136383
v -0.144192 0.282041 0.137001
v -0.144390 0.423913 0.107586
v -0.145039 0.392841 0.113209
v -0.145046 0.405069 0.112022
v -0.146420 0.407033 0.107681
v -0.146519 0.405370 0.133285
v -0.146694 0.422544 0.107540
v -0.149128 0.406705 0.142067
v -0.150013 0.424058 0.141639
v -0.150173 0.407297 0.138496
vt 0.896655 0.591255
vt 0.903792 0.590842
vt 0.903320 0.601046
vt 0.895948 0.602049
vt 0.896773 0.586124
vt 0.903143 0.602461
vt 0.904087 0.585593
vt 0.895889 0.603169
vt 0.903261 0.614258
vt 0.894650 0.614730
vt 0.901728 0.580049
vt 0.895712 0.580343
vt 0.895417 0.568842
vt 0.898897 0.566365
vt 0.902671 0.578810
vt 0.894650 0.554333
vt 0.902141 0.566188
vt 0.901433 0.554097
vt 0.955869 0.488048
vt 0.965188 0.483565
vt 0.956282 0.492531
vt 0.954866 0.488284
vt 0.967311 0.488874
vt 0.943070 0.490407
vt 0.968019 0.495067
vt 0.969907 0.495126
vt 0.965306 0.498665
vt 0.957285 0.498193
vt 0.963006 0.516890
vt 0.943719 0.496305
vt 0.935285 0.495775
vt 0.941301 0.519249
vt 0.933987 0.520783
vt 0.953392 0.514472
vt 0.969907 0.529040
vt 0.945134 0.521195
vt 0.942303 0.526386
vt 0.614031 0.314270
vt 0.622820 0.319343
vt 0.619870 0.321466
vt 0.624471 0.319402
vt 0.622761 0.323294
vt 0.639747 0.329252
vt 0.638803 0.323117
vt 0.619045 0.328780
vt 0.612380 0.316394
vt 0.610728 0.313798
vt 0.605361 0.311557
vt 0.606659 0.310024
vt 0.597635 0.304656
vt 0.604948 0.315686
vt 0.606777 0.317101
vt 0.591029 0.320935
vt 0.609254 0.318871
vt 0.593742 0.321348
vt 0.612085 0.321643
vt 0.608192 0.322410
vt 0.583007 0.324828
vt 0.600761 0.326361
vt 0.616214 0.327069
vt 0.607072 0.327423
vt 0.590262 0.326420
vt 0.616214 0.328662
vt 0.612970 0.334265
vt 0.600171 0.331552
vt 0.601940 0.327895
vt 0.596927 0.327069
vt 0.635029 0.351310
vt 0.655495 0.345707
vt 0.655141 0.352726
vt 0.657088 0.347890
vt 0.656144 0.353139
vt 0.659388 0.341697
vt 0.660096 0.349541
vt 0.662160 0.362576
vt 0.663399 0.354260
vt 0.663517 0.352077
vt 0.668058 0.354260
vt 0.668412 0.353552
vt 0.672954 0.361809
vt 0.663458 0.344823
vt 0.669769 0.349718
vt 0.672659 0.353080
vt 0.675431 0.362635
vt 0.672777 0.350426
vt 0.677259 0.360806
vt 0.663517 0.341638
vt 0.673720 0.351369
vt 0.677967 0.346356
vt 0.679265 0.361514
vt 0.685163 0.359037
vt 0.679501 0.362576
vt 0.680739 0.365112
vt 0.685517 0.360512
vt 0.669120 0.336565
vt 0.670005 0.335386
vt 0.668176 0.334383
vt 0.661511 0.337863
vt 0.672541 0.331434
vt 0.680149 0.324710
vt 0.640455 0.323766
vt 0.645704 0.318281
vt 0.644938 0.316983
vt 0.657029 0.324769
vt 0.655790 0.318517
vt 0.666112 0.325713
vt 0.657618 0.315509
vt 0.665581 0.320699
vt 0.670299 0.310260
vt 0.678498 0.297873
vt 0.685517 0.308726
vt 0.715322 0.193254
vt 0.705885 0.190836
vt 0.713021 0.191426
vt 0.707890 0.210949
vt 0.714850 0.204933
vt 0.708244 0.212246
vt 0.700989 0.211126
vt 0.693322 0.202043
vt 0.693322 0.213603
vt 0.081574 0.761445
vt 0.070780 0.762447
vt 0.058571 0.762506
vt 0.058630 0.760973
vt 0.047365 0.763509
vt 0.059220 0.748115
vt 0.057038 0.740447
vt 0.046716 0.740801
vt 0.080276 0.749943
vt 0.079686 0.736791
vt 0.056802 0.739091
vt 0.055504 0.719863
vt 0.044298 0.719981
vt 0.077799 0.734549
vt 0.078035 0.715439
vt 0.081574 0.717150
vt 0.083107 0.739504
vt 0.088652 0.750356
vt 0.089772 0.740565
vt 0.089890 0.752244
vt 0.083343 0.772474
vt 0.101392 0.757788
vt 0.105638 0.782383
vt 0.104812 0.752244
vt 0.105874 0.755016
vt 0.113011 0.750946
vt 0.099445 0.724758
vt 0.100153 0.716265
vt 0.098737 0.716619
vt 0.098030 0.706415
vt 0.099681 0.706179
vt 0.113011 0.705648
vt 0.083992 0.706297
vt 0.099563 0.698689
vt 0.108351 0.690667
vt 0.085938 0.700753
vt 0.082400 0.702817
vt 0.085408 0.694147
vt 0.081928 0.695799
vt 0.082164 0.694560
vt 0.446352 0.738108
vt 0.446352 0.704017
vt 0.463102 0.713572
vt 0.454019 0.746011
vt 0.465815 0.742413
vt 0.480856 0.718290
vt 0.452604 0.777743
vt 0.447354 0.757631
vt 0.481976 0.734569
vt 0.474368 0.770842
vt 0.477435 0.752853
vt 0.483451 0.735513
vt 0.493890 0.757631
vt 0.493301 0.738521
vt 0.483333 0.774853
vt 0.476255 0.789834
vt 0.489408 0.778451
vt 0.490411 0.777212
vt 0.507928 0.753089
vt 0.502443 0.782757
vt 0.094143 0.790745
vt 0.089425 0.779185
vt 0.094674 0.789212
vt 0.102342 0.787383
vt 0.098449 0.775351
vt 0.095618 0.791276
vt 0.097741 0.803072
vt 0.101693 0.788563
vt 0.106235 0.800536
vt 0.098980 0.803662
vt 0.089956 0.816343
vt 0.099806 0.804606
vt 0.114905 0.811801
vt 0.099806 0.823008
vt 0.107532 0.814514
vt 0.114256 0.813217
vt 0.115495 0.815163
vt 0.109597 0.827785
vt 0.110835 0.828021
vt 0.112192 0.829732
vt 0.101162 0.824187
vt 0.100513 0.825780
vt 0.111012 0.844477
vt 0.096621 0.824246
vt 0.092315 0.837635
vt 0.089425 0.816697
vt 0.860146 0.223440
vt 0.852538 0.230989
vt 0.851240 0.229161
vt 0.855369 0.203563
vt 0.848409 0.211879
vt 0.861503 0.218780
vt 0.860146 0.205863
vt 0.870645 0.216303
vt 0.859379 0.199965
vt 0.856725 0.185987
vt 0.869052 0.204153
vt 0.871176 0.202973
vt 0.873063 0.217188
vt 0.868286 0.200437
vt 0.871353 0.199670
vt 0.859202 0.185456
vt 0.848409 0.164694
vt 0.867814 0.188759
vt 0.871176 0.188346
vt 0.872591 0.183686
vt 0.863331 0.181327
vt 0.881733 0.178555
vt 0.967423 0.001589
vt 0.966774 0.021938
vt 0.960109 0.002887
vt 0.958989 0.024710
vt 0.967423 0.043466
vt 0.721531 0.973196
vt 0.704073 0.987293
vt 0.707022 0.974140
vt 0.689799 0.986762
vt 0.716990 0.966119
vt 0.689799 0.949427
vt 0.713274 0.958097
vt 0.815543 0.913678
vt 0.832530 0.913088
vt 0.835597 0.928187
vt 0.820085 0.924000
vt 0.837425 0.929544
vt 0.835479 0.932729
vt 0.836777 0.934203
vt 0.821795 0.941399
vt 0.842321 0.937388
vt 0.841672 0.932375
vt 0.854412 0.938509
vt 0.852937 0.940219
vt 0.847275 0.940102
vt 0.845860 0.943581
vt 0.834181 0.943169
vt 0.815543 0.962455
vt 0.847865 0.945410
vt 0.849988 0.946648
vt 0.119220 0.683118
vt 0.094861 0.688898
vt 0.103708 0.649676
vt 0.065429 0.669906
vt 0.065429 0.692968
vt 0.038357 0.685359
vt 0.068614 0.636228
vt 0.101821 0.626732
vt 0.078110 0.620067
vt 0.042250 0.659761
vt 0.032459 0.681702
vt 0.029097 0.682882
vt 0.052159 0.628265
vt 0.031633 0.678989
vt 0.034995 0.654158
vt 0.045671 0.621660
vt 0.040893 0.617531
vt 0.029510 0.646078
vt 0.028625 0.680405
vt 0.026561 0.674330
vt 0.025971 0.683177
vt 0.018952 0.692968
vt 0.022373 0.679638
vt 0.020840 0.672973
vt 0.025145 0.654512
vt 0.017006 0.650029
vt 0.016416 0.652507
vt 0.011815 0.673091
vt 0.663494 0.918105
vt 0.659955 0.915156
vt 0.674169 0.905365
vt 0.667976 0.897226
vt 0.677236 0.909966
vt 0.687381 0.916571
vt 0.673520 0.893864
vt 0.659955 0.875521
vt 0.670041 0.881419
vt 0.689327 0.911617
vt 0.693751 0.918990
vt 0.680185 0.905070
vt 0.678475 0.894041
vt 0.693692 0.899172
vt 0.699177 0.895928
vt 0.688915 0.872512
vt 0.677649 0.871274
vt 0.672990 0.857649
vt 0.693456 0.865317
vt 0.696464 0.862427
vt 0.692630 0.865140
vt 0.749275 0.959467
vt 0.752578 0.980641
vt 0.720020 0.959467
vt 0.730283 0.974743
vt 0.752460 0.983767
vt 0.726272 0.980759
vt 0.748331 0.992260
vt 0.724149 0.986303
vt 0.720551 0.989960
vt 0.884571 0.524607
vt 0.877965 0.525078
vt 0.873011 0.510156
vt 0.884158 0.518060
vt 0.888758 0.525314
vt 0.873541 0.502784
vt 0.894303 0.523309
vt 0.880737 0.483792
vt 0.875960 0.483615
vt 0.873541 0.468221
vt 0.877670 0.467100
vt 0.878791 0.467572
vt 0.883509 0.463325
vt 0.893064 0.521009
vt 0.900142 0.522424
vt 0.889938 0.494585
vt 0.885397 0.474473
vt 0.890174 0.467513
vt 0.889761 0.465271
vt 0.898667 0.463148
vt 0.906512 0.479191
vt 0.898962 0.498124
vt 0.905273 0.498124
vt 0.906571 0.503786
vt 0.906571 0.521245
vt 0.947553 0.241507
vt 0.941773 0.245695
vt 0.945430 0.230950
vt 0.935285 0.232306
vt 0.940357 0.253481
vt 0.945901 0.256135
vt 0.944899 0.271057
vt 0.929151 0.282912
vt 0.934046 0.256548
vt 0.931746 0.253186
vt 0.928443 0.254483
vt 0.923548 0.230655
vt 0.929799 0.265218
vt 0.927499 0.283148
vt 0.923548 0.279609
vt 0.883516 0.962485
vt 0.876792 0.964254
vt 0.873784 0.960597
vt 0.881157 0.973632
vt 0.880449 0.958002
vt 0.877913 0.954345
vt 0.874256 0.950866
vt 0.878266 0.950630
vt 0.886052 0.951868
vt 0.895902 0.946147
vt 0.909055 0.947504
vt 0.909055 0.928217
vt 0.907934 0.960244
vt 0.885757 0.968029
vt 0.894191 0.971863
vt 0.886347 0.935707
vt 0.886111 0.931225
vt 0.879800 0.931048
vt 0.106100 0.945665
vt 0.093301 0.927263
vt 0.129103 0.947258
vt 0.099258 0.917885
vt 0.123264 0.927145
vt 0.131639 0.947553
vt 0.095896 0.912872
vt 0.126626 0.919891
vt 0.103623 0.911279
vt 0.102561 0.903907
vt 0.125564 0.915762
vt 0.104154 0.902609
vt 0.128041 0.911633
vt 0.110347 0.894057
vt 0.126626 0.900899
vt 0.131639 0.907092
vt 0.962642 0.726774
vt 0.962996 0.731138
vt 0.957098 0.726833
vt 0.957806 0.723412
vt 0.955859 0.721524
vt 0.956803 0.737862
vt 0.964647 0.732259
vt 0.966181 0.747417
vt 0.955859 0.756677
vt 0.965237 0.761632
vt 0.962937 0.763755
vt 0.654001 0.422953
vt 0.639551 0.424722
vt 0.644033 0.419827
vt 0.641084 0.402663
vt 0.655712 0.416465
vt 0.647926 0.414047
vt 0.655712 0.401484
vt 0.622603 0.579246
vt 0.612341 0.600656
vt 0.612341 0.578479
vt 0.625906 0.601069
vt 0.625435 0.582549
vt 0.533903 0.378474
vt 0.538975 0.390920
vt 0.527179 0.385316
vt 0.521811 0.399885
vt 0.521811 0.373697
vt 0.009660 0.055305
vt 0.013376 0.051766
vt 0.017032 0.059610
vt 0.017386 0.050822
vt 0.010309 0.059610
vt 0.944813 0.886809
vt 0.941746 0.905329
vt 0.929891 0.897072
vt 0.934079 0.879731
vt 0.944224 0.883978
vt 0.929891 0.857436
vt 0.945875 0.882916
vt 0.954191 0.856375
vt 0.959972 0.863924
vt 0.024621 0.612898
vt 0.030755 0.613370
vt 0.020552 0.620270
vt 0.023383 0.611128
vt 0.022793 0.626463
vt 0.032289 0.623338
vt 0.020611 0.635841
vt 0.030991 0.632657
vt 0.016364 0.633187
vt 0.015361 0.627289
vt 0.011350 0.622099
vt 0.011350 0.631536
vt 0.044248 0.012419
vt 0.042952 0.002655
vt 0.049417 0.003403
vt 0.049675 0.002655
vt 0.200358 0.491829
vt 0.200476 0.492360
vt 0.194106 0.491004
vt 0.201184 0.506811
vt 0.192337 0.506457
vt 0.190509 0.483867
vt 0.190509 0.509170
vt 0.576146 0.337679
vt 0.578918 0.342752
vt 0.579921 0.354548
vt 0.585819 0.340687
vt 0.588650 0.348001
vt 0.588237 0.355433
vt 0.576146 0.362628
vt 0.959133 0.371960
vt 0.959133 0.357392
vt 0.962318 0.373612
vt 0.966092 0.385585
vt 0.971106 0.384641
vt 0.977358 0.371783
vt 0.972993 0.389950
vt 0.972639 0.354797
vt 0.960961 0.348781
vt 0.972345 0.350432
vt 0.291032 0.108833
vt 0.291032 0.103879
vt 0.297992 0.107241
vt 0.297048 0.100163
vt 0.298051 0.116737
vt 0.289263 0.116737
vt 0.341369 0.178830
vt 0.341369 0.171694
vt 0.342902 0.176176
vt 0.349508 0.170868
vt 0.342018 0.162080
vt 0.351396 0.161844
vt 0.352693 0.169452
vt 0.352104 0.162788
vt 0.960457 0.112070
vt 0.964939 0.134188
vt 0.959631 0.112896
vt 0.956800 0.147459
vt 0.957626 0.151883
vt 0.949840 0.113958
vt 0.952553 0.151529
vt 0.947599 0.131770
vt 0.956092 0.153829
vt 0.959926 0.155480
vt 0.955030 0.157722
vt 0.957684 0.158960
vt 0.949250 0.152885
vt 0.947422 0.156424
vt 0.947009 0.152531
vt 0.939164 0.156601
vt 0.942172 0.152178
vt 0.940462 0.148580
vt 0.942762 0.122156
vt 0.941288 0.118617
vt 0.939164 0.117438
vt 0.946360 0.117732
vt 0.947009 0.112660
vt 0.572099 0.857161
vt 0.566319 0.891783
vt 0.563075 0.886887
vt 0.562662 0.902989
vt 0.559890 0.896089
vt 0.574872 0.912780
vt 0.574989 0.910126
vt 0.560893 0.904995
vt 0.559772 0.901751
vt 0.548684 0.911778
vt 0.535295 0.912780
vt 0.535413 0.906705
vt 0.311505 0.530200
vt 0.310738 0.529846
vt 0.309735 0.517814
vt 0.322416 0.518699
vt 0.322888 0.532441
vt 0.309735 0.543942
vt 0.937618 0.982047
vt 0.930127 0.986117
vt 0.928063 0.958808
vt 0.924583 0.960401
vt 0.912846 0.988535
vt 0.915264 0.956154
vt 0.912846 0.965886
vt 0.290599 0.846181
vt 0.282165 0.875553
vt 0.268481 0.870658
vt 0.265002 0.874079
vt 0.261876 0.863757
vt 0.269130 0.839516
vt 0.284878 0.880862
vt 0.256862 0.860926
vt 0.259575 0.847360
vt 0.255624 0.866765
vt 0.263763 0.882926
vt 0.277388 0.886701
vt 0.248015 0.886701
vt 0.255977 0.877559
vt 0.253323 0.866293
vt 0.245007 0.870599
vt 0.244712 0.882218
vt 0.239463 0.873076
vt 0.239994 0.840872
vt 0.246363 0.868358
vt 0.246540 0.841403
vt 0.250079 0.840577
vt 0.249902 0.831376
vt 0.238991 0.820760
vt 0.027321 0.539014
vt 0.024844 0.553878
vt 0.027321 0.517073
vt 0.021128 0.536891
vt 0.593428 0.976473
vt 0.586527 0.963969
vt 0.588709 0.953706
vt 0.597733 0.977358
vt 0.586527 0.935776
vt 0.605873 0.972168
vt 0.611004 0.954414
vt 0.080797 0.958277
vt 0.086931 0.988535
vt 0.074133 0.983816
vt 0.072068 0.982165
vt 0.074368 0.964294
vt 0.064401 0.981752
vt 0.079028 0.956744
vt 0.064401 0.961050
vt 0.068765 0.954857
vt 0.935744 0.683803
vt 0.942585 0.679202
vt 0.935567 0.694714
vt 0.942585 0.695540
vt 0.926660 0.705390
vt 0.924242 0.674543
vt 0.936392 0.714591
vt 0.939636 0.718307
vt 0.933148 0.713411
vt 0.934505 0.727508
vt 0.939872 0.728569
vt 0.934092 0.728510
vt 0.926778 0.728510
vt 0.918285 0.708870
vt 0.919170 0.726505
vt 0.917990 0.683803
vt 0.917695 0.677020
vt 0.915159 0.705272
vt 0.908907 0.697250
vt 0.909320 0.718897
vt 0.917400 0.720725
vt 0.913272 0.728982
s 1
usemtl Material
f 3539/5227 3540/5228 3463/5229
f 3539/5227 3463/5229 3449/5230
f 3540/5228 3539/5227 3543/5231
f 3449/5230 3463/5229 3445/5232
f 3540/5228 3543/5231 3544/5233
f 3449/5230 3445/5232 3444/5234
f 3444/5234 3445/5232 3593/5235
f 3444/5234 3593/5235 3594/5236
f 3544/5233 3543/5231 3548/5237
f 3548/5237 3543/5231 3547/5238
f 3548/5237 3547/5238 3556/5239
f 3548/5237 3556/5239 3559/5240
f 3548/5237 3559/5240 3549/5241
f 3559/5240 3556/5239 3564/5242
f 3549/5241 3559/5240 3558/5243
f 3559/5240 3564/5242 3562/5244
f 3559/5240 3562/5244 3558/5243
f 3463/5245 3540/5246 3458/5247
f 3463/5245 3458/5247 3445/5248
f 3458/5247 3540/5246 3544/5249
f 3445/5248 3458/5247 3593/5250
f 3458/5247 3544/5249 3545/5251
f 3545/5251 3544/5249 3548/5252
f 3545/5251 3548/5252 3493/5253
f 3545/5251 3493/5253 3464/5254
f 3545/5251 3464/5254 3458/5247
s 0
f 3464/5254 3493/5253 3473/5255
s 1
f 3593/5250 3458/5247 3418/5256
f 3418/5256 3458/5247 3464/5254
f 3593/5250 3418/5256 3610/5257
f 3610/5257 3418/5256 3419/5258
s 0
f 3610/5257 3419/5258 3609/5259
s 1
f 3418/5256 3464/5254 3440/5260
s 0
f 3440/5260 3464/5254 3473/5255
s 1
f 3418/5256 3440/5260 3419/5258
f 3440/5260 3473/5255 3469/5261
s 0
f 3419/5258 3440/5260 3429/5262
s 1
f 3429/5262 3440/5260 3432/5263
f 3539/5264 3449/5265 3455/5266
f 3455/5266 3449/5265 3444/5267
f 3455/5266 3444/5267 3442/5268
f 3442/5268 3444/5267 3604/5269
f 3604/5269 3444/5267 3594/5270
f 3455/5266 3442/5268 3443/5271
f 3443/5271 3442/5268 3604/5269
f 3539/5264 3455/5266 3516/5272
f 3539/5264 3516/5272 3543/5273
f 3543/5273 3516/5272 3534/5274
f 3543/5273 3534/5274 3547/5275
f 3547/5275 3534/5274 3556/5276
f 3534/5274 3516/5272 3523/5277
f 3523/5277 3516/5272 3517/5278
f 3523/5277 3517/5278 3510/5279
f 3510/5279 3517/5278 3511/5280
f 3511/5280 3517/5278 3516/5272
f 3510/5279 3511/5280 3495/5281
f 3511/5280 3516/5272 3481/5282
f 3481/5282 3516/5272 3455/5266
f 3495/5281 3511/5280 3478/5283
f 3478/5283 3511/5280 3481/5282
f 3495/5281 3478/5283 3477/5284
f 3477/5284 3478/5283 3462/5285
f 3478/5283 3481/5282 3450/5286
f 3450/5286 3481/5282 3455/5266
f 3478/5283 3450/5286 3462/5285
f 3450/5286 3455/5266 3443/5271
f 3462/5285 3450/5286 3448/5287
f 3462/5285 3448/5287 3451/5288
f 3450/5286 3443/5271 3454/5289
f 3450/5286 3454/5289 3448/5287
f 3454/5289 3443/5271 3460/5290
f 3454/5289 3460/5290 3448/5287
f 3448/5287 3460/5290 3457/5291
f 3448/5287 3457/5291 3452/5292
f 3448/5287 3452/5292 3453/5293
f 3460/5290 3443/5271 3613/5294
f 3613/5294 3443/5271 3662/5295
f 3613/5294 3662/5295 3671/5296
f 3662/5295 3443/5271 3604/5269
f 3671/5296 3662/5295 3673/5297
f 3671/5296 3673/5297 3666/5298
f 3662/5295 3604/5269 3658/5299
f 3673/5297 3662/5295 3683/5300
f 3683/5300 3662/5295 3658/5299
f 3673/5297 3683/5300 3685/5301
f 3685/5301 3683/5300 3713/5302
f 3713/5302 3683/5300 3711/5303
f 3713/5302 3711/5303 3730/5304
f 3730/5304 3711/5303 3733/5305
f 3733/5305 3711/5303 3683/5300
f 3730/5304 3733/5305 3725/5306
f 3733/5305 3683/5300 3688/5307
f 3688/5307 3683/5300 3658/5299
f 3733/5305 3688/5307 3726/5308
f 3733/5305 3726/5308 3742/5309
f 3733/5305 3742/5309 3739/5310
f 3726/5308 3688/5307 3744/5311
f 3726/5308 3744/5311 3742/5309
f 3739/5310 3742/5309 3740/5312
f 3744/5311 3688/5307 3665/5313
f 3665/5313 3688/5307 3658/5299
f 3742/5309 3744/5311 3746/5314
f 3742/5309 3746/5314 3740/5312
f 3746/5314 3744/5311 3745/5315
f 3740/5312 3746/5314 3741/5316
f 3746/5314 3745/5315 3743/5317
f 3746/5314 3743/5317 3741/5316
f 3740/5312 3741/5316 3735/5318
f 3735/5318 3741/5316 3743/5317
f 3740/5312 3735/5318 3717/5319
f 3735/5318 3743/5317 3738/5320
f 3676/5321 3745/5315 3744/5311
f 3676/5321 3744/5311 3665/5313
f 3745/5315 3676/5321 3672/5322
f 3676/5321 3665/5313 3660/5323
f 3676/5321 3660/5323 3672/5322
f 3660/5323 3665/5313 3656/5324
f 3656/5324 3665/5313 3658/5299
f 3672/5322 3660/5323 3661/5325
f 3672/5322 3661/5325 3659/5326
f 3656/5324 3658/5299 3598/5327
f 3598/5327 3658/5299 3604/5269
f 3598/5327 3604/5269 3594/5270
f 3598/5327 3594/5270 3595/5328
f 3598/5327 3595/5328 3656/5324
f 3595/5328 3594/5270 3593/5329
f 3656/5324 3595/5328 3620/5330
f 3620/5330 3595/5328 3593/5329
f 3656/5324 3620/5330 3660/5323
f 3620/5330 3593/5329 3612/5331
f 3660/5323 3620/5330 3631/5332
f 3631/5332 3620/5330 3612/5331
f 3660/5323 3631/5332 3661/5325
f 3612/5331 3593/5329 3610/5333
f 3612/5331 3610/5333 3631/5332
f 3661/5325 3631/5332 3622/5334
f 3622/5334 3631/5332 3610/5333
f 3661/5325 3622/5334 3616/5335
f 3616/5335 3622/5334 3610/5333
s 0
f 3661/5325 3616/5335 3659/5326
s 1
f 3616/5335 3610/5333 3609/5336
s 0
f 3659/5326 3616/5335 3651/5337
s 1
f 3549/5338 3493/5339 3548/5340
f 3493/5339 3549/5338 3560/5341
f 3560/5341 3549/5338 3558/5342
f 3560/5341 3558/5342 3562/5343
f 3560/5341 3562/5343 3537/5344
f 3560/5341 3537/5344 3493/5339
f 3493/5339 3537/5344 3473/5345
f 3473/5345 3537/5344 3479/5346
f 3479/5347 3537/5348 3562/5349
f 3479/5347 3562/5349 3566/5350
f 3566/5350 3562/5349 3564/5351
f 3479/5347 3566/5350 3585/5352
f 3585/5352 3566/5350 3564/5351
f 3585/5352 3564/5351 3587/5353
f 3587/5353 3564/5351 3589/5354
f 3479/5347 3585/5352 3482/5355
f 3585/5352 3587/5353 3480/5356
f 3585/5352 3480/5356 3482/5355
f 3587/5353 3589/5354 3590/5357
f 3587/5353 3590/5357 3480/5356
f 3590/5357 3589/5354 3592/5358
f 3592/5358 3589/5354 3591/5359
f 3590/5357 3592/5358 3485/5360
f 3590/5357 3485/5360 3480/5356
f 3485/5360 3592/5358 3500/5361
f 3485/5360 3500/5361 3488/5362
f 3485/5360 3488/5362 3480/5356
f 3475/5363 3482/5355 3480/5356
f 3482/5355 3475/5363 3466/5364
f 3475/5363 3480/5356 3459/5365
f 3475/5363 3459/5365 3466/5364
f 3459/5365 3480/5356 3488/5362
f 3482/5355 3466/5364 3469/5366
f 3482/5355 3469/5366 3479/5347
f 3469/5366 3466/5364 3459/5365
f 3479/5347 3469/5366 3473/5367
f 3469/5366 3459/5365 3432/5368
f 3469/5366 3432/5368 3440/5369
f 3432/5368 3459/5365 3423/5370
f 3432/5368 3423/5370 3425/5371
f 3425/5371 3423/5370 3596/5372
f 3423/5370 3459/5365 3437/5373
f 3423/5370 3437/5373 3596/5372
f 3437/5373 3459/5365 3488/5362
f 3596/5372 3437/5373 3435/5374
f 3437/5373 3488/5362 3438/5375
f 3437/5373 3438/5375 3435/5374
f 3438/5375 3488/5362 3439/5376
f 3435/5374 3438/5375 3436/5377
f 3436/5377 3438/5375 3439/5376
f 3435/5374 3436/5377 3600/5378
f 3439/5376 3488/5362 3489/5379
f 3436/5377 3439/5376 3428/5380
f 3436/5377 3428/5380 3602/5381
f 3439/5376 3489/5379 3490/5382
f 3439/5376 3490/5382 3428/5380
f 3490/5382 3489/5379 3532/5383
f 3428/5380 3490/5382 3491/5384
f 3491/5384 3490/5382 3532/5383
f 3491/5384 3532/5383 3535/5385
f 3491/5384 3535/5385 3529/5386
f 3596/5387 3435/5388 3603/5389
f 3596/5387 3603/5389 3611/5390
f 3611/5390 3603/5389 3619/5391
f 3619/5391 3603/5389 3624/5392
s 0
f 3616/5393 3609/5394 3611/5390
f 3616/5393 3611/5390 3619/5391
s 1
f 3619/5391 3624/5392 3630/5395
f 3616/5393 3619/5391 3651/5396
f 3619/5391 3630/5395 3645/5397
f 3619/5391 3645/5397 3651/5396
f 3645/5397 3630/5395 3633/5398
f 3645/5397 3633/5398 3651/5396
f 3651/5396 3633/5398 3698/5399
f 3698/5399 3633/5398 3663/5400
s 0
f 3651/5396 3698/5399 3704/5401
f 3651/5396 3704/5401 3659/5402
s 1
f 3659/5402 3704/5401 3723/5403
f 3723/5403 3704/5401 3721/5404
f 3721/5404 3704/5401 3698/5399
f 3721/5404 3698/5399 3712/5405
f 3721/5404 3712/5405 3718/5406
f 3603/5407 3435/5408 3600/5409
f 3603/5407 3600/5409 3602/5410
f 3602/5410 3600/5409 3436/5411
f 3603/5407 3602/5410 3605/5412
f 3603/5407 3605/5412 3624/5413
f 3605/5412 3602/5410 3606/5414
f 3606/5414 3602/5410 3627/5415
f 3606/5414 3627/5415 3605/5412
f 3624/5413 3605/5412 3626/5416
f 3626/5416 3605/5412 3627/5415
f 3624/5413 3626/5416 3630/5417
f 3626/5416 3627/5415 3628/5418
f 3626/5416 3628/5418 3630/5417
f 3628/5418 3627/5415 3696/5419
f 3630/5417 3628/5418 3705/5420
f 3628/5418 3696/5419 3700/5421
f 3628/5418 3700/5421 3705/5420
f 3700/5421 3696/5419 3702/5422
f 3702/5422 3696/5419 3693/5423
f 3702/5422 3693/5423 3707/5424
f 3702/5422 3707/5424 3700/5421
f 3707/5424 3693/5423 3703/5425
f 3707/5424 3703/5425 3678/5426
f 3700/5421 3707/5424 3710/5427
f 3700/5421 3710/5427 3705/5420
f 3710/5427 3707/5424 3712/5428
f 3712/5428 3707/5424 3718/5429
f 3705/5420 3710/5427 3663/5430
f 3663/5430 3710/5427 3712/5428
f 3705/5420 3663/5430 3630/5417
f 3663/5430 3712/5428 3698/5431
f 3630/5417 3663/5430 3633/5432
f 3489/5433 3488/5434 3500/5435
f 3489/5433 3500/5435 3591/5436
f 3591/5436 3500/5435 3592/5437
f 3489/5433 3591/5436 3532/5438
f 3532/5438 3591/5436 3567/5439
f 3532/5438 3567/5439 3535/5440
f 3567/5439 3591/5436 3588/5441
f 3588/5441 3591/5436 3589/5442
f 3535/5440 3567/5439 3573/5443
f 3573/5443 3567/5439 3588/5441
f 3535/5440 3573/5443 3577/5444
f 3535/5440 3577/5444 3529/5445
f 3577/5444 3573/5443 3586/5446
f 3586/5446 3573/5443 3588/5441
f 3577/5444 3586/5446 3578/5447
f 3588/5441 3589/5442 3575/5448
f 3575/5448 3589/5442 3564/5449
f 3586/5446 3588/5441 3580/5450
f 3586/5446 3580/5450 3578/5447
f 3580/5450 3588/5441 3575/5448
f 3578/5447 3580/5450 3565/5451
f 3580/5450 3575/5448 3555/5452
f 3580/5450 3555/5452 3565/5451
f 3555/5452 3575/5448 3554/5453
f 3565/5451 3555/5452 3513/5454
f 3575/5455 3564/5456 3554/5457
f 3554/5457 3564/5456 3546/5458
f 3546/5458 3564/5456 3556/5459
f 3554/5460 3546/5461 3550/5462
f 3550/5462 3546/5461 3538/5463
f 3554/5460 3550/5462 3555/5464
f 3550/5462 3538/5463 3433/5465
f 3555/5464 3550/5462 3513/5466
f 3513/5466 3550/5462 3433/5465
f 3546/5467 3556/5468 3505/5469
f 3546/5467 3505/5469 3538/5470
f 3505/5469 3556/5468 3534/5471
f 3538/5470 3505/5469 3502/5472
f 3502/5472 3505/5469 3534/5471
f 3538/5470 3502/5472 3496/5473
f 3496/5473 3502/5472 3534/5471
f 3538/5470 3496/5473 3441/5474
f 3496/5473 3534/5471 3524/5475
f 3524/5475 3534/5471 3523/5476
f 3524/5475 3523/5476 3519/5477
f 3524/5475 3519/5477 3487/5478
f 3524/5475 3487/5478 3486/5479
f 3524/5475 3486/5479 3474/5480
f 3441/5474 3496/5473 3460/5481
f 3460/5481 3496/5473 3524/5475
f 3460/5481 3524/5475 3474/5480
f 3441/5474 3460/5481 3613/5482
f 3460/5481 3474/5480 3467/5483
f 3460/5481 3467/5483 3457/5484
f 3538/5485 3441/5486 3433/5487
f 3433/5487 3441/5486 3621/5488
f 3621/5488 3441/5486 3613/5489
f 3621/5488 3613/5489 3671/5490
s 0
f 3433/5487 3621/5488 3625/5491
s 1
f 3433/5487 3625/5491 3420/5492
f 3420/5492 3625/5491 3632/5493
f 3625/5491 3621/5488 3706/5494
f 3621/5488 3671/5490 3715/5495
f 3621/5488 3715/5495 3706/5494
f 3715/5495 3671/5490 3725/5496
f 3625/5491 3706/5494 3680/5497
f 3706/5494 3715/5495 3716/5498
f 3680/5497 3706/5494 3708/5499
f 3680/5497 3708/5499 3678/5500
f 3678/5500 3708/5499 3707/5501
f 3707/5501 3708/5499 3718/5502
f 3716/5498 3715/5495 3724/5503
f 3724/5503 3715/5495 3725/5496
f 3706/5494 3716/5498 3717/5504
f 3717/5504 3716/5498 3724/5503
f 3706/5494 3717/5504 3708/5499
f 3724/5503 3725/5496 3739/5505
f 3724/5503 3739/5505 3717/5504
f 3739/5505 3725/5496 3733/5506
f 3717/5504 3739/5505 3740/5507
f 3708/5499 3717/5504 3735/5508
f 3708/5499 3735/5508 3718/5502
f 3718/5502 3735/5508 3722/5509
f 3718/5502 3722/5509 3721/5510
f 3721/5510 3722/5509 3723/5511
f 3723/5511 3722/5509 3735/5508
f 3723/5511 3735/5508 3738/5512
f 3510/5513 3495/5514 3494/5515
f 3494/5515 3495/5514 3477/5516
f 3510/5513 3494/5515 3508/5517
f 3510/5513 3508/5517 3515/5518
f 3494/5515 3477/5516 3465/5519
f 3465/5519 3477/5516 3462/5520
f 3465/5519 3462/5520 3451/5521
f 3515/5518 3508/5517 3525/5522
f 3515/5518 3525/5522 3514/5523
f 3508/5517 3494/5515 3504/5524
f 3508/5517 3504/5524 3525/5522
f 3494/5515 3465/5519 3447/5525
f 3494/5515 3447/5525 3504/5524
f 3447/5525 3465/5519 3451/5521
f 3525/5522 3504/5524 3461/5526
f 3525/5522 3461/5526 3514/5523
f 3461/5526 3504/5524 3447/5525
f 3514/5523 3461/5526 3468/5527
f 3461/5526 3447/5525 3456/5528
f 3456/5528 3447/5525 3451/5521
f 3461/5526 3456/5528 3468/5527
f 3456/5528 3451/5521 3453/5529
f 3453/5529 3451/5521 3448/5530
f 3468/5527 3456/5528 3457/5531
f 3468/5527 3457/5531 3467/5532
f 3457/5531 3456/5528 3446/5533
f 3510/5534 3515/5535 3523/5536
f 3523/5536 3515/5535 3519/5537
f 3519/5537 3515/5535 3514/5538
f 3519/5537 3514/5538 3487/5539
f 3487/5539 3514/5538 3468/5540
f 3487/5539 3468/5540 3471/5541
f 3471/5541 3468/5540 3467/5542
f 3474/5543 3486/5544 3503/5545
f 3474/5543 3503/5545 3476/5546
f 3474/5543 3476/5546 3467/5547
f 3476/5546 3503/5545 3527/5548
f 3467/5547 3476/5546 3471/5549
f 3476/5546 3527/5548 3492/5550
f 3492/5550 3527/5548 3542/5551
f 3492/5550 3542/5551 3552/5552
f 3492/5550 3552/5552 3507/5553
f 3492/5550 3507/5553 3520/5554
f 3520/5554 3507/5553 3521/5555
f 3471/5549 3476/5546 3472/5556
f 3471/5549 3472/5556 3487/5557
f 3476/5546 3492/5550 3484/5558
f 3476/5546 3484/5558 3472/5556
f 3492/5550 3520/5554 3497/5559
f 3497/5559 3520/5554 3521/5555
f 3492/5550 3497/5559 3484/5558
f 3497/5559 3521/5555 3551/5560
f 3497/5559 3551/5560 3484/5558
f 3551/5560 3521/5555 3553/5561
f 3551/5560 3553/5561 3552/5562
f 3551/5560 3552/5562 3542/5563
f 3484/5558 3551/5560 3528/5564
f 3528/5564 3551/5560 3542/5563
f 3484/5558 3528/5564 3472/5556
f 3472/5556 3528/5564 3487/5557
f 3528/5564 3542/5563 3527/5565
f 3528/5564 3527/5565 3503/5566
f 3528/5564 3503/5566 3487/5557
f 3487/5557 3503/5566 3486/5567
f 3507/5568 3552/5569 3513/5570
f 3513/5570 3552/5569 3565/5571
f 3565/5571 3552/5569 3553/5572
f 3521/5573 3509/5574 3553/5572
f 3553/5572 3509/5574 3563/5575
f 3565/5571 3553/5572 3561/5576
f 3561/5576 3553/5572 3563/5575
f 3565/5571 3561/5576 3569/5577
f 3565/5571 3569/5577 3572/5578
f 3572/5578 3569/5577 3561/5576
f 3565/5571 3572/5578 3578/5579
f 3561/5576 3563/5575 3570/5580
f 3561/5576 3570/5580 3572/5578
f 3570/5580 3563/5575 3571/5581
f 3572/5578 3570/5580 3576/5582
f 3576/5582 3570/5580 3571/5581
f 3512/5583 3521/5584 3507/5585
f 3521/5584 3512/5583 3509/5586
f 3512/5583 3507/5585 3501/5587
f 3501/5587 3507/5585 3518/5588
f 3518/5588 3507/5585 3530/5589
f 3518/5588 3530/5589 3483/5590
f 3501/5587 3518/5588 3470/5591
f 3470/5591 3518/5588 3483/5590
f 3512/5583 3501/5587 3430/5592
f 3430/5592 3501/5587 3470/5591
f 3512/5583 3430/5592 3597/5593
f 3597/5593 3430/5592 3615/5594
f 3615/5594 3430/5592 3470/5591
f 3512/5583 3597/5593 3431/5595
f 3512/5583 3431/5595 3522/5596
f 3522/5596 3431/5595 3483/5597
f 3615/5594 3470/5591 3426/5598
f 3426/5598 3470/5591 3483/5590
f 3426/5598 3483/5590 3422/5599
f 3422/5599 3483/5590 3431/5600
f 3572/5601 3576/5602 3578/5603
f 3578/5603 3576/5602 3582/5604
f 3578/5603 3582/5604 3574/5605
f 3578/5603 3574/5605 3577/5606
f 3574/5605 3582/5604 3584/5607
f 3574/5605 3584/5607 3541/5608
f 3541/5608 3584/5607 3557/5609
f 3557/5609 3584/5607 3536/5610
f 3557/5609 3536/5610 3541/5608
f 3541/5608 3536/5610 3533/5611
f 3533/5611 3536/5610 3526/5612
f 3533/5611 3526/5612 3522/5613
f 3522/5613 3526/5612 3506/5614
f 3522/5613 3506/5614 3509/5615
f 3522/5613 3509/5615 3512/5616
f 3576/5617 3571/5618 3579/5619
f 3576/5617 3579/5619 3582/5620
f 3582/5620 3579/5619 3584/5621
f 3579/5619 3571/5618 3568/5622
f 3568/5622 3571/5618 3563/5623
f 3568/5622 3563/5623 3498/5624
f 3568/5622 3498/5624 3531/5625
f 3531/5625 3498/5624 3526/5626
f 3531/5625 3526/5626 3536/5627
f 3579/5628 3568/5629 3581/5630
f 3581/5630 3568/5629 3531/5631
f 3579/5628 3581/5630 3584/5632
f 3581/5630 3531/5631 3583/5633
f 3581/5630 3583/5633 3584/5632
f 3583/5633 3531/5631 3536/5634
f 3583/5633 3536/5634 3584/5632
f 3541/5635 3577/5636 3574/5637
f 3577/5636 3541/5635 3529/5638
f 3529/5638 3541/5635 3530/5639
f 3498/5640 3563/5641 3506/5642
f 3506/5642 3563/5641 3509/5643
f 3498/5640 3506/5642 3526/5644
f 3541/5645 3533/5646 3483/5647
f 3483/5647 3533/5646 3522/5648
f 3541/5645 3483/5647 3530/5649
f 3529/5650 3530/5651 3507/5652
f 3529/5650 3507/5652 3513/5653
f 3529/5650 3513/5653 3499/5654
f 3499/5654 3513/5653 3433/5655
f 3529/5650 3499/5654 3491/5656
f 3499/5654 3433/5655 3420/5657
f 3499/5654 3420/5657 3491/5656
f 3491/5656 3420/5657 3428/5658
f 3422/5659 3431/5660 3607/5661
f 3422/5659 3607/5661 3426/5662
f 3607/5661 3431/5660 3614/5663
f 3614/5663 3431/5660 3597/5664
f 3614/5663 3597/5664 3634/5665
f 3634/5665 3597/5664 3615/5666
f 3614/5663 3634/5665 3639/5667
f 3614/5663 3639/5667 3607/5661
f 3426/5662 3607/5661 3623/5668
f 3623/5668 3607/5661 3639/5667
f 3426/5662 3623/5668 3615/5669
f 3623/5668 3639/5667 3640/5670
f 3623/5668 3640/5670 3615/5669
f 3615/5671 3640/5672 3634/5673
f 3634/5673 3640/5672 3641/5674
f 3634/5675 3641/5676 3639/5677
f 3639/5677 3641/5676 3643/5678
f 3639/5677 3643/5678 3638/5679
f 3639/5677 3638/5679 3637/5680
f 3637/5680 3638/5679 3647/5681
f 3641/5682 3640/5683 3642/5684
f 3642/5684 3640/5683 3639/5685
f 3642/5684 3639/5685 3637/5686
f 3642/5684 3637/5686 3632/5687
f 3642/5684 3632/5687 3625/5688
f 3641/5689 3642/5690 3648/5691
f 3641/5689 3648/5691 3643/5692
f 3643/5692 3648/5691 3655/5693
f 3655/5693 3648/5691 3642/5690
f 3655/5693 3642/5690 3690/5694
f 3655/5693 3690/5694 3681/5695
f 3690/5694 3642/5690 3689/5696
f 3689/5696 3642/5690 3625/5697
f 3689/5696 3625/5697 3680/5698
f 3643/5699 3655/5700 3646/5701
f 3646/5701 3655/5700 3681/5702
f 3643/5699 3646/5701 3635/5703
f 3643/5699 3635/5703 3638/5704
f 3638/5705 3635/5706 3647/5707
f 3647/5707 3635/5706 3669/5708
f 3669/5708 3635/5706 3646/5709
f 3669/5708 3646/5709 3681/5710
f 3669/5708 3681/5710 3691/5711
f 3691/5711 3681/5710 3697/5712
f 3681/5713 3690/5714 3697/5715
f 3697/5715 3690/5714 3695/5716
f 3695/5716 3690/5714 3689/5717
f 3697/5715 3695/5716 3691/5718
f 3695/5716 3689/5717 3692/5719
f 3691/5718 3695/5716 3684/5720
f 3684/5720 3695/5716 3692/5719
f 3692/5719 3689/5717 3701/5721
f 3701/5721 3689/5717 3680/5722
f 3701/5721 3680/5722 3703/5723
f 3703/5723 3680/5722 3678/5724
f 3701/5721 3703/5723 3694/5725
f 3701/5721 3694/5725 3692/5719
f 3694/5725 3703/5723 3693/5726
f 3692/5719 3694/5725 3687/5727
f 3687/5727 3694/5725 3693/5726
f 3692/5719 3687/5727 3684/5720
f 3687/5727 3693/5726 3636/5728
f 3687/5727 3636/5728 3653/5729
f 3653/5729 3636/5728 3652/5730
f 3653/5729 3652/5730 3687/5727
f 3687/5727 3652/5730 3684/5720
f 3684/5720 3652/5730 3654/5731
f 3654/5731 3652/5730 3650/5732
f 3650/5732 3652/5730 3647/5733
f 3684/5720 3654/5731 3679/5734
f 3679/5734 3654/5731 3650/5732
f 3679/5734 3650/5732 3647/5733
f 3684/5720 3679/5734 3691/5718
f 3679/5734 3647/5733 3669/5735
f 3679/5734 3669/5735 3691/5718
f 3647/5736 3652/5737 3637/5738
f 3637/5738 3652/5737 3636/5739
f 3637/5738 3636/5739 3632/5740
f 3696/5741 3636/5739 3693/5742
f 3636/5739 3696/5741 3627/5743
f 3636/5739 3627/5743 3629/5744
f 3636/5739 3629/5744 3632/5740
f 3629/5744 3627/5743 3602/5745
f 3629/5744 3602/5745 3428/5746
f 3629/5744 3428/5746 3632/5740
f 3632/5740 3428/5746 3420/5747
f 3738/5748 3743/5749 3745/5750
f 3738/5748 3745/5750 3672/5751
f 3738/5748 3672/5751 3659/5752
f 3738/5748 3659/5752 3723/5753
f 3713/5754 3730/5755 3729/5756
f 3729/5756 3730/5755 3732/5757
f 3732/5757 3730/5755 3725/5758
f 3732/5757 3725/5758 3728/5759
f 3728/5759 3725/5758 3727/5760
f 3713/5761 3729/5762 3719/5763
f 3719/5763 3729/5762 3736/5764
f 3713/5761 3719/5763 3709/5765
f 3709/5765 3719/5763 3736/5764
f 3713/5761 3709/5765 3685/5766
f 3736/5764 3729/5762 3732/5767
f 3685/5766 3709/5765 3686/5768
f 3685/5766 3686/5768 3677/5769
f 3709/5765 3736/5764 3699/5770
f 3709/5765 3699/5770 3686/5768
f 3736/5764 3732/5767 3731/5771
f 3731/5771 3732/5767 3728/5772
f 3731/5771 3728/5772 3734/5773
f 3736/5764 3731/5771 3737/5774
f 3737/5774 3731/5771 3734/5773
f 3736/5764 3737/5774 3699/5770
f 3686/5768 3699/5770 3674/5775
f 3674/5775 3699/5770 3737/5774
f 3686/5768 3674/5775 3677/5769
f 3737/5774 3734/5773 3682/5776
f 3682/5776 3734/5773 3720/5777
f 3682/5776 3720/5777 3714/5778
f 3682/5776 3714/5778 3675/5779
f 3737/5774 3682/5776 3664/5780
f 3737/5774 3664/5780 3674/5775
f 3664/5780 3682/5776 3675/5779
f 3674/5775 3664/5780 3677/5769
f 3677/5769 3664/5780 3675/5779
f 3677/5769 3675/5779 3667/5781
f 3677/5769 3667/5781 3670/5782
f 3677/5769 3670/5782 3657/5783
f 3657/5783 3670/5782 3617/5784
f 3685/5785 3677/5786 3673/5787
f 3673/5787 3677/5786 3657/5788
f 3734/5789 3728/5790 3727/5791
f 3734/5789 3727/5791 3720/5792
f 3720/5792 3727/5791 3725/5793
f 3720/5792 3725/5793 3714/5794
f 3714/5794 3725/5793 3675/5795
f 3675/5796 3725/5797 3671/5798
f 3675/5796 3671/5798 3666/5799
f 3675/5796 3666/5799 3668/5800
f 3668/5800 3666/5799 3673/5801
f 3675/5796 3668/5800 3667/5802
f 3668/5800 3673/5801 3657/5803
f 3667/5802 3668/5800 3644/5804
f 3644/5804 3668/5800 3657/5803
f 3644/5805 3657/5806 3618/5807
f 3618/5807 3657/5806 3617/5808
f 3644/5805 3618/5807 3601/5809
f 3644/5805 3601/5809 3667/5810
f 3618/5807 3617/5808 3424/5811
f 3424/5811 3617/5808 3427/5812
f 3618/5807 3424/5811 3421/5813
f 3618/5807 3421/5813 3601/5809
f 3424/5811 3427/5812 3446/5814
f 3424/5811 3446/5814 3421/5813
f 3446/5814 3427/5812 3452/5815
f 3446/5814 3452/5815 3457/5816
f 3421/5813 3446/5814 3456/5817
f 3421/5813 3456/5817 3601/5809
f 3601/5809 3456/5817 3599/5818
f 3599/5818 3456/5817 3453/5819
f 3649/5820 3667/5810 3601/5809
f 3649/5820 3601/5809 3599/5818
f 3667/5810 3649/5820 3670/5821
f 3670/5821 3649/5820 3608/5822
f 3608/5822 3649/5820 3599/5818
f 3670/5821 3608/5822 3617/5823
f 3617/5823 3608/5822 3427/5824
f 3608/5822 3599/5818 3434/5825
f 3608/5822 3434/5825 3427/5824
f 3434/5825 3599/5818 3453/5819
f 3427/5824 3434/5825 3452/5826
f 3452/5826 3434/5825 3453/5819
o tripo_part_6
v 0.193380 0.103645 0.345882
v 0.194617 0.123943 0.349672
v 0.195016 0.059625 0.342183
v 0.199932 0.123893 0.380667
v 0.201520 0.062576 0.324165
v 0.205048 0.062363 0.341934
v 0.208997 0.047610 0.324229
v 0.209880 0.121413 0.284243
v 0.210197 0.124004 0.288084
v 0.210487 0.058259 0.323599
v 0.212081 0.103070 0.352779
v 0.215041 0.103887 0.286047
v 0.215831 0.121917 0.285849
v 0.219066 0.123828 0.348183
v 0.219649 0.113670 0.385141
v 0.219718 0.103454 0.317863
v 0.222022 0.105376 0.385675
v 0.223544 0.062212 0.328575
v 0.228355 0.047162 0.348158
v 0.229190 0.113734 0.287992
v 0.233062 0.120052 0.354828
v 0.233153 0.124110 0.345884
v 0.233832 0.103156 0.385519
v 0.234214 0.123431 0.316415
v 0.235194 0.060817 0.349743
v 0.236262 0.062285 0.347559
v 0.238372 0.123920 0.371263
v 0.244540 0.121062 0.390173
v 0.244765 0.124027 0.336390
v 0.249896 0.103236 0.358561
v 0.255813 0.123580 0.362715
v 0.258346 0.123981 0.354212
v 0.262298 0.047483 0.333644
v 0.264106 0.103099 0.328692
v 0.267806 0.124015 0.391302
v 0.268005 0.062035 0.334338
v 0.274451 0.123817 0.324219
v 0.277732 0.113712 0.396131
v 0.278579 0.117915 0.397154
v 0.278793 0.103416 0.396856
v 0.281699 0.001243 0.403196
v 0.281974 0.034908 0.392050
v 0.283218 0.103105 0.390032
v 0.284553 0.075534 0.383570
v 0.284675 0.030353 0.399130
v 0.285552 0.103505 0.329596
v 0.286239 0.103219 0.364130
v 0.286414 0.102344 0.371145
v 0.286582 0.122009 0.300358
v 0.286658 0.018661 0.371218
v 0.286758 0.113506 0.298368
v 0.287681 0.000976 0.377733
v 0.288444 0.123553 0.304050
v 0.288680 0.054231 0.359436
v 0.289397 0.103271 0.299452
v 0.290015 0.025027 0.356279
v 0.290794 0.102023 0.350935
v 0.291625 0.119056 0.298693
v 0.291907 0.103374 0.304483
v 0.293128 0.062263 0.338920
v 0.293349 0.046554 0.338741
v 0.293952 0.030051 0.401777
v 0.294456 0.103118 0.333153
v 0.295386 0.018882 0.331824
v 0.297835 0.075739 0.318805
v 0.297973 0.102943 0.393248
v 0.298156 0.000579 0.321424
v 0.298164 0.001075 0.408201
v 0.299476 0.103198 0.311535
v 0.299613 0.034190 0.310640
v 0.300407 0.120120 0.401136
v 0.300574 0.035140 0.396391
v 0.301314 0.103318 0.400923
v 0.302474 0.000892 0.302957
v 0.302520 0.075488 0.388044
v 0.303062 0.000838 0.387812
v 0.303176 0.000953 0.328465
v 0.303313 0.062057 0.384077
v 0.304404 0.102721 0.383154
v 0.304855 0.029357 0.304277
v 0.305457 0.017360 0.376650
v 0.307708 0.064722 0.361013
v 0.308051 0.024478 0.363985
v 0.308837 0.120250 0.367460
v 0.309470 0.075342 0.356298
v 0.309707 0.042182 0.355070
v 0.310050 0.104053 0.368113
v 0.310081 0.065068 0.351349
v 0.310683 0.123676 0.394560
v 0.310828 0.103202 0.395010
v 0.310844 0.054130 0.346357
v 0.311309 0.103049 0.348438
v 0.311492 0.024509 0.349037
v 0.312163 0.053872 0.358015
v 0.312293 0.035705 0.342586
v 0.312514 0.104160 0.359831
v 0.313613 0.124152 0.360144
v 0.314002 0.123882 0.379099
v 0.314094 0.018531 0.336114
v 0.315047 0.000724 0.330994
v 0.315086 0.073909 0.322402
v 0.315223 0.123122 0.373346
v 0.315620 0.103715 0.371271
v 0.316169 0.103151 0.315677
v 0.317069 0.049722 0.323834
v 0.317588 0.103492 0.359074
v 0.317863 0.121623 0.358265
v 0.317939 0.030044 0.307838
v 0.318366 0.034053 0.314322
v 0.319511 0.123893 0.330529
v 0.320136 0.104430 0.304213
v 0.321662 0.000800 0.304590
v 0.322623 0.121936 0.331926
v 0.322639 0.103679 0.330817
v 0.325202 0.123897 0.306419
v 0.326804 0.107673 0.310974
v 0.186279 0.103229 0.295778
v 0.184061 0.103263 0.314754
v 0.181899 0.062535 0.318575
v 0.172338 0.104179 0.375162
v 0.171428 0.103223 0.345613
v 0.171195 0.062659 0.335645
v 0.170695 0.120532 0.343175
v 0.169891 0.123695 0.307739
v 0.169805 0.047160 0.336398
v 0.165418 0.048074 0.336626
v 0.165153 0.124053 0.280291
v 0.158073 0.047376 0.313962
v 0.157672 0.118812 0.274446
v 0.156383 0.124038 0.365614
v 0.155299 0.104209 0.275263
v 0.154422 0.061532 0.334578
v 0.152381 0.124080 0.334353
v 0.150195 0.124038 0.354311
v 0.149215 0.124084 0.273848
v 0.146945 0.122657 0.340121
v 0.146846 0.115588 0.371344
v 0.143031 0.103391 0.306124
v 0.140807 0.103387 0.368944
v 0.137530 0.103465 0.335423
v 0.134215 0.060008 0.309463
v 0.132777 0.124027 0.315659
v 0.132491 0.124133 0.330949
v 0.129562 0.123119 0.269911
v 0.128715 0.063017 0.310503
v 0.125480 0.047391 0.308521
v 0.123328 0.048001 0.328312
v 0.119315 0.124065 0.362402
v 0.118949 0.062263 0.327033
v 0.105453 0.104110 0.363100
v 0.104354 0.103852 0.264318
v 0.103919 0.000304 0.261480
v 0.101043 0.034007 0.271292
v 0.100700 0.123603 0.263609
v 0.100478 0.113937 0.263670
v 0.099670 0.103280 0.272932
v 0.099654 0.029952 0.264265
v 0.099486 0.104697 0.263395
v 0.099090 0.124019 0.277189
v 0.099082 0.103322 0.280340
v 0.098830 0.059978 0.281481
v 0.098571 0.088953 0.277967
v 0.097938 0.003318 0.287012
v 0.097434 0.025829 0.288347
v 0.097343 0.080795 0.286436
v 0.096725 0.123927 0.292589
v 0.096671 0.103564 0.296846
v 0.096450 0.035957 0.292059
v 0.095878 0.031013 0.297499
v 0.095527 0.072889 0.279066
v 0.095130 0.097089 0.274099
v 0.094566 0.047616 0.302103
v 0.094398 0.063011 0.302269
v 0.094039 0.024303 0.303730
v 0.093375 0.018943 0.291849
v 0.092261 0.119033 0.361486
v 0.091811 0.103103 0.313229
v 0.090881 0.024257 0.319282
v 0.090377 0.047296 0.322736
v 0.090209 0.084183 0.276785
v 0.089896 0.063032 0.322487
v 0.089309 0.055322 0.326539
v 0.089172 0.103317 0.330446
v 0.088714 0.000190 0.258024
v 0.088309 0.018523 0.331300
v 0.087264 0.075593 0.337137
v 0.087081 0.000732 0.336783
v 0.086906 0.023906 0.260801
v 0.086806 0.000114 0.285002
v 0.085799 0.079265 0.342655
v 0.085441 0.056991 0.345558
v 0.084968 0.071540 0.342765
v 0.084815 0.034423 0.267763
v 0.084746 0.103227 0.270048
v 0.084624 0.103322 0.348520
v 0.084510 0.059318 0.273607
v 0.084380 0.034549 0.350838
v 0.084243 0.092314 0.272348
v 0.082366 0.000053 0.266561
v 0.082038 0.000838 0.362783
v 0.080169 0.038787 0.275133
v 0.079925 0.092362 0.273188
v 0.079581 0.076798 0.276049
v 0.078673 0.103215 0.278406
v 0.077972 0.029342 0.356987
v 0.077842 0.018180 0.287207
v 0.075301 0.124068 0.262091
v 0.075179 0.024326 0.298876
v 0.074584 0.052837 0.299526
v 0.074111 0.114768 0.258291
v 0.074096 0.103561 0.259275
v 0.072654 0.062796 0.309849
v 0.072082 0.024360 0.314041
v 0.071586 0.048375 0.314003
v 0.070502 0.053334 0.307611
v 0.069801 0.018584 0.326854
v 0.069358 0.103107 0.345076
v 0.069213 0.122695 0.289072
v 0.068755 0.000831 0.333064
v 0.068458 0.103696 0.289400
v 0.067763 0.049310 0.342301
v 0.067756 0.029975 0.354130
v 0.067664 0.000594 0.359531
v 0.067405 0.075873 0.337007
v 0.066581 0.103297 0.339930
v 0.065635 0.033946 0.346762
v 0.064826 0.124038 0.320828
v 0.064002 0.003448 0.354174
v 0.062995 0.124034 0.326982
v 0.061820 0.122474 0.322572
v 0.061546 0.104139 0.322401
v 0.059013 0.124088 0.352245
v 0.057838 0.104106 0.353472
v 0.056266 0.122066 0.354074
vt 0.613048 0.835987
vt 0.624668 0.825547
vt 0.623311 0.841944
vt 0.625906 0.851912
vt 0.622839 0.856040
vt 0.611456 0.850968
vt 0.612990 0.863885
vt 0.607799 0.845837
vt 0.596829 0.840882
vt 0.601606 0.854330
vt 0.621365 0.878453
vt 0.611692 0.883526
vt 0.607917 0.869960
vt 0.599070 0.880636
vt 0.597713 0.860936
vt 0.587274 0.861644
vt 0.577542 0.855863
vt 0.594116 0.869606
vt 0.585858 0.868014
vt 0.586684 0.876271
vt 0.577542 0.889719
vt 0.591874 0.885944
vt 0.593467 0.890426
vt 0.586802 0.884705
vt 0.716299 0.329058
vt 0.717817 0.341246
vt 0.713393 0.342314
vt 0.720394 0.345049
vt 0.723918 0.328812
vt 0.709206 0.346813
vt 0.712364 0.366020
vt 0.725257 0.364079
vt 0.720343 0.374391
vt 0.716270 0.378511
vt 0.710673 0.382477
vt 0.694030 0.343882
vt 0.692018 0.368477
vt 0.699015 0.386358
vt 0.679784 0.373177
vt 0.691733 0.390617
vt 0.707724 0.385145
vt 0.716562 0.399832
vt 0.699639 0.402354
vt 0.725257 0.424722
vt 0.693888 0.396468
vt 0.702954 0.420396
vt 0.684198 0.401684
vt 0.683471 0.397500
vt 0.443989 0.950636
vt 0.430719 0.953762
vt 0.433727 0.928400
vt 0.446585 0.935950
vt 0.453131 0.932470
vt 0.458204 0.919494
vt 0.461979 0.922207
vt 0.440568 0.911119
vt 0.436912 0.924095
vt 0.431426 0.925923
vt 0.429657 0.929403
vt 0.429657 0.900266
vt 0.147914 0.938460
vt 0.147089 0.943827
vt 0.144434 0.934626
vt 0.151748 0.933211
vt 0.143196 0.928492
vt 0.156408 0.937752
vt 0.144434 0.896701
vt 0.158826 0.922594
vt 0.169325 0.929141
vt 0.180767 0.936278
vt 0.156762 0.914337
vt 0.177346 0.922830
vt 0.155995 0.909854
vt 0.160006 0.906610
vt 0.155759 0.896111
vt 0.160772 0.889270
vt 0.165609 0.906669
vt 0.168853 0.893693
vt 0.178938 0.903661
vt 0.182654 0.911682
vt 0.187314 0.904192
vt 0.191855 0.928079
vt 0.187491 0.934331
vt 0.191619 0.937280
vt 0.184719 0.943827
vt 0.197459 0.942825
vt 0.179673 0.294335
vt 0.184627 0.312855
vt 0.181324 0.306780
vt 0.185040 0.320404
vt 0.182622 0.317927
vt 0.175839 0.291209
vt 0.177785 0.281949
vt 0.178257 0.273396
vt 0.171710 0.281064
vt 0.173126 0.268678
vt 0.153426 0.272394
vt 0.179790 0.266142
vt 0.165753 0.263252
vt 0.166756 0.241783
vt 0.176311 0.263959
vt 0.170471 0.257825
vt 0.173362 0.248270
vt 0.183270 0.254346
vt 0.185040 0.257118
vt 0.751811 0.388360
vt 0.761720 0.391309
vt 0.751516 0.398741
vt 0.737479 0.389068
vt 0.761956 0.399154
vt 0.767205 0.395320
vt 0.739248 0.397915
vt 0.768680 0.412542
vt 0.766380 0.415904
vt 0.774932 0.412837
vt 0.760069 0.423218
vt 0.737597 0.399861
vt 0.752932 0.402221
vt 0.734825 0.392312
vt 0.727452 0.394081
vt 0.727806 0.400451
vt 0.745205 0.433953
vt 0.756294 0.460730
vt 0.759774 0.437550
vt 0.743259 0.480607
vt 0.734471 0.422982
vt 0.731875 0.433245
vt 0.737892 0.436135
vt 0.730814 0.469636
vt 0.734176 0.441443
vt 0.727747 0.460199
vt 0.727511 0.471229
vt 0.727452 0.477304
vt 0.981084 0.020676
vt 0.974832 0.030998
vt 0.972118 0.030408
vt 0.970644 0.034773
vt 0.970644 0.003336
vt 0.118268 0.138689
vt 0.120085 0.140528
vt 0.119011 0.147420
vt 0.115445 0.145168
vt 0.112813 0.144489
vt 0.118269 0.170659
vt 0.122946 0.180322
vt 0.110934 0.178044
vt 0.102396 0.164085
vt 0.099281 0.192945
vt 0.112312 0.216539
vt 0.120598 0.197434
vt 0.122946 0.208161
vt 0.118631 0.218791
vt 0.118078 0.255827
vt 0.750684 0.171320
vt 0.742368 0.163299
vt 0.745317 0.155336
vt 0.738888 0.139234
vt 0.748856 0.144071
vt 0.740244 0.116173
vt 0.753515 0.170494
vt 0.760180 0.171379
vt 0.750507 0.121481
vt 0.754990 0.144189
vt 0.758470 0.148494
vt 0.763070 0.171025
vt 0.772271 0.151149
vt 0.772448 0.169610
vt 0.770915 0.134044
vt 0.772448 0.125610
vt 0.766550 0.115406
vt 0.762598 0.082671
vt 0.123205 0.848615
vt 0.131639 0.830626
vt 0.128336 0.852449
vt 0.113060 0.851269
vt 0.119666 0.863184
vt 0.118309 0.889961
vt 0.131639 0.892910
vt 0.115596 0.874508
vt 0.116422 0.890787
vt 0.106867 0.869613
vt 0.099435 0.844310
vt 0.102502 0.856814
vt 0.102207 0.880347
vt 0.204097 0.445877
vt 0.204215 0.448000
vt 0.194070 0.459265
vt 0.192360 0.460209
vt 0.209877 0.506686
vt 0.187523 0.447646
vt 0.168473 0.455196
vt 0.166703 0.447646
vt 0.194424 0.439448
vt 0.200558 0.438150
vt 0.209877 0.416386
vt 0.196666 0.436734
vt 0.200381 0.428359
vt 0.112716 0.803190
vt 0.123568 0.776531
vt 0.122448 0.809678
vt 0.143799 0.775587
vt 0.126222 0.809973
vt 0.126281 0.822123
vt 0.128936 0.816402
vt 0.146217 0.791453
vt 0.149874 0.799828
vt 0.164088 0.774761
vt 0.180072 0.754944
vt 0.170694 0.787324
vt 0.173407 0.749222
vt 0.167981 0.742793
vt 0.153295 0.758954
vt 0.146217 0.744563
vt 0.133241 0.766091
vt 0.110710 0.781957
vt 0.120914 0.754767
vt 0.158662 0.800418
vt 0.174056 0.789860
vt 0.156008 0.801893
vt 0.159665 0.802895
vt 0.130705 0.820354
vt 0.177713 0.802306
vt 0.153590 0.822123
vt 0.016670 0.511860
vt 0.001766 0.548910
vt 0.006516 0.534329
vt 0.028486 0.479697
vt 0.033321 0.485404
vt 0.001766 0.417316
vt 0.033284 0.471774
vt 0.049873 0.475003
vt 0.054877 0.476910
vt 0.070787 0.479778
vt 0.479080 0.920140
vt 0.472002 0.930166
vt 0.465750 0.928869
vt 0.470645 0.915303
vt 0.481793 0.917544
vt 0.480672 0.914006
vt 0.483916 0.906515
vt 0.474420 0.901738
vt 0.456903 0.909228
vt 0.476131 0.893834
vt 0.490581 0.895368
vt 0.493648 0.912177
vt 0.492763 0.916483
vt 0.498367 0.912118
vt 0.505444 0.929990
vt 0.499959 0.892536
vt 0.505444 0.882333
vt 0.495535 0.880327
vt 0.485096 0.891239
vt 0.494533 0.873309
vt 0.016479 0.973514
vt 0.002618 0.973632
vt 0.003385 0.971096
vt 0.023615 0.962013
vt 0.017835 0.943080
vt 0.027449 0.955230
vt 0.027921 0.959300
vt 0.031047 0.960951
vt 0.009460 0.941075
vt 0.002618 0.941900
vt 0.005331 0.937949
vt 0.010875 0.938951
vt 0.016302 0.937359
vt 0.007631 0.931697
vt 0.015299 0.932994
vt 0.009932 0.929101
vt 0.010757 0.934174
vt 0.885613 0.291900
vt 0.899120 0.297503
vt 0.897468 0.298801
vt 0.897645 0.336549
vt 0.893634 0.328822
vt 0.881071 0.323337
vt 0.890803 0.336195
vt 0.859425 0.336549
vt 0.876825 0.302989
vt 0.853763 0.310951
vt 0.851404 0.319680
vt 0.849693 0.313546
vt 0.867624 0.297090
vt 0.856889 0.301632
vt 0.857420 0.284999
vt 0.871398 0.288125
vt 0.862020 0.289895
vt 0.839549 0.307766
vt 0.870278 0.283879
vt 0.854530 0.283112
vt 0.853704 0.276388
vt 0.856181 0.279278
vt 0.858541 0.281991
vt 0.871575 0.279986
vt 0.867565 0.276919
vt 0.882723 0.277745
vt 0.878063 0.274972
vt 0.896289 0.270490
vt 0.359968 0.007989
vt 0.364863 0.008401
vt 0.360380 0.013002
vt 0.355367 0.006927
vt 0.365748 0.014005
vt 0.357313 0.017779
vt 0.368933 0.003270
vt 0.382498 0.009699
vt 0.377957 0.028455
vt 0.355367 0.032289
vt 0.368579 0.025683
vt 0.364214 0.031699
vt 0.659526 0.968193
vt 0.663241 0.951973
vt 0.662534 0.965362
vt 0.668609 0.955925
vt 0.673268 0.966364
vt 0.669847 0.944364
vt 0.656223 0.946488
vt 0.673917 0.961646
vt 0.677574 0.968665
vt 0.679756 0.964713
vt 0.680995 0.954686
vt 0.684711 0.959287
vt 0.686952 0.943716
vt 0.675509 0.948906
vt 0.674625 0.931801
vt 0.692968 0.941120
vt 0.662121 0.939882
vt 0.656223 0.927319
vt 0.660292 0.929973
vt 0.670319 0.926670
vt 0.670968 0.921362
vt 0.675038 0.922777
vt 0.979075 0.960263
vt 0.979842 0.981084
vt 0.972882 0.977781
vt 0.968399 0.965100
vt 0.957488 0.979491
vt 0.979842 0.945813
vt 0.960142 0.970998
vt 0.951177 0.972885
vt 0.966099 0.961030
vt 0.957134 0.956370
vt 0.949702 0.966338
vt 0.968399 0.955427
vt 0.962088 0.954483
vt 0.967868 0.940740
vt 0.973295 0.945813
vt 0.718654 0.873341
vt 0.720895 0.861958
vt 0.724906 0.869685
vt 0.734107 0.862548
vt 0.727678 0.874521
vt 0.723903 0.881068
vt 0.741421 0.882012
vt 0.728681 0.887497
vt 0.748852 0.893572
vt 0.730686 0.891979
vt 0.725909 0.892038
vt 0.726204 0.901888
vt 0.718654 0.905368
vt 0.723196 0.920231
vt 0.762683 0.264343
vt 0.760383 0.251603
vt 0.772061 0.264520
vt 0.774715 0.249893
vt 0.777959 0.248241
vt 0.778726 0.264520
vt 0.774656 0.227067
vt 0.783268 0.251780
vt 0.782442 0.237094
vt 0.791525 0.230370
vt 0.762919 0.227598
vt 0.759970 0.234086
vt 0.763450 0.216804
vt 0.765927 0.213855
vt 0.766163 0.200879
vt 0.774892 0.218161
vt 0.777841 0.214209
vt 0.784152 0.214386
vt 0.774833 0.209196
vt 0.774951 0.189378
vt 0.767461 0.200643
vt 0.759970 0.179469
vt 0.771471 0.179764
vt 0.784565 0.192091
vt 0.785450 0.178997
vt 0.799252 0.180177
vt 0.797069 0.206954
vt 0.804737 0.204949
vt 0.803203 0.223882
vt 0.792823 0.232375
vt 0.803439 0.238804
vt 0.794710 0.250306
vt 0.803085 0.253314
vt 0.793884 0.263753
s 1
usemtl Material
f 3814/5827 3808/5828 3787/5829
f 3791/5830 3788/5831 3787/5829
f 3787/5829 3788/5831 3798/5832
f 3787/5829 3798/5832 3814/5827
f 3798/5832 3788/5831 3796/5833
f 3814/5827 3798/5832 3822/5834
f 3814/5827 3822/5834 3818/5835
f 3818/5835 3822/5834 3827/5836
f 3827/5836 3822/5834 3798/5832
f 3827/5836 3798/5832 3796/5833
f 3800/5837 3807/5838 3796/5833
f 3796/5833 3807/5838 3802/5839
f 3802/5839 3807/5838 3810/5840
f 3827/5836 3796/5833 3829/5841
f 3829/5841 3796/5833 3802/5839
f 3827/5836 3829/5841 3832/5842
f 3827/5836 3832/5842 3828/5843
f 3829/5841 3802/5839 3839/5844
f 3829/5841 3839/5844 3832/5842
f 3839/5844 3802/5839 3810/5840
f 3832/5842 3839/5844 3841/5845
f 3841/5845 3839/5844 3845/5846
f 3845/5846 3839/5844 3810/5840
f 3841/5845 3845/5846 3858/5847
f 3845/5846 3810/5840 3823/5848
f 3823/5848 3810/5840 3813/5849
f 3858/5847 3845/5846 3846/5850
f 3858/5847 3846/5850 3813/5849
f 3846/5850 3845/5846 3823/5848
f 3846/5850 3823/5848 3813/5849
f 3787/5851 3808/5852 3791/5853
f 3791/5853 3808/5852 3818/5854
f 3818/5854 3808/5852 3814/5855
f 3791/5853 3818/5854 3788/5856
f 3788/5856 3818/5854 3790/5857
f 3790/5857 3818/5854 3821/5858
f 3790/5857 3821/5858 3812/5859
f 3790/5857 3812/5859 3789/5860
f 3790/5857 3789/5860 3794/5861
f 3790/5857 3794/5861 3788/5856
f 3788/5856 3794/5861 3796/5862
f 3796/5862 3794/5861 3800/5863
f 3800/5863 3794/5861 3803/5864
f 3800/5863 3803/5864 3806/5865
f 3806/5865 3803/5864 3809/5866
f 3803/5864 3794/5861 3793/5867
f 3803/5864 3793/5867 3809/5866
f 3793/5867 3794/5861 3776/5868
f 3793/5867 3776/5868 3780/5869
f 3793/5867 3780/5869 3809/5866
f 3780/5869 3776/5868 3747/5870
f 3809/5866 3780/5869 3792/5871
f 3792/5871 3780/5869 3762/5872
f 3809/5866 3792/5871 3805/5873
f 3809/5866 3805/5873 3815/5874
f 3818/5875 3827/5876 3828/5877
f 3818/5875 3828/5877 3824/5878
f 3818/5875 3824/5878 3821/5879
f 3821/5879 3824/5878 3825/5880
f 3821/5879 3825/5880 3812/5881
f 3825/5880 3824/5878 3838/5882
f 3824/5878 3828/5877 3831/5883
f 3824/5878 3831/5883 3838/5882
f 3831/5883 3828/5877 3834/5884
f 3831/5883 3834/5884 3838/5882
f 3834/5884 3828/5877 3840/5885
f 3838/5882 3834/5884 3850/5886
f 3840/5887 3828/5888 3832/5889
f 3840/5887 3832/5889 3837/5890
f 3837/5890 3832/5889 3841/5891
f 3840/5887 3837/5890 3834/5892
f 3837/5890 3841/5891 3858/5893
f 3834/5892 3837/5890 3851/5894
f 3851/5894 3837/5890 3858/5893
f 3834/5892 3851/5894 3847/5895
f 3834/5892 3847/5895 3850/5896
f 3847/5895 3851/5894 3855/5897
f 3855/5897 3851/5894 3858/5893
f 3850/5896 3847/5895 3811/5898
f 3811/5898 3847/5895 3855/5897
f 3855/5897 3858/5893 3854/5899
f 3855/5897 3854/5899 3826/5900
f 3826/5900 3854/5899 3858/5893
f 3826/5900 3858/5893 3820/5901
f 3820/5901 3858/5893 3813/5902
f 3855/5897 3826/5900 3816/5903
f 3816/5903 3826/5900 3820/5901
f 3816/5903 3820/5901 3813/5902
f 3855/5897 3816/5903 3811/5898
f 3816/5903 3813/5902 3810/5904
f 3816/5903 3810/5904 3807/5905
f 3816/5903 3807/5905 3806/5906
f 3816/5903 3806/5906 3811/5898
f 3806/5906 3807/5905 3782/5907
f 3811/5898 3806/5906 3809/5908
f 3811/5898 3809/5908 3815/5909
f 3811/5898 3815/5909 3850/5896
f 3850/5896 3815/5909 3805/5910
f 3850/5896 3805/5910 3857/5911
f 3857/5911 3805/5910 3804/5912
f 3838/5913 3850/5914 3860/5915
f 3860/5915 3850/5914 3857/5916
f 3860/5915 3857/5916 3862/5917
f 3838/5913 3860/5915 3852/5918
f 3838/5913 3852/5918 3833/5919
f 3838/5913 3833/5919 3825/5920
f 3825/5920 3833/5919 3849/5921
f 3825/5920 3849/5921 3836/5922
f 3836/5922 3849/5921 3844/5923
f 3825/5920 3836/5922 3812/5924
f 3836/5922 3844/5923 3835/5925
f 3835/5925 3844/5923 3781/5926
f 3812/5924 3836/5922 3819/5927
f 3835/5925 3781/5926 3817/5928
f 3835/5925 3817/5928 3836/5922
f 3836/5922 3817/5928 3819/5927
f 3817/5928 3781/5926 3785/5929
f 3817/5928 3785/5929 3786/5930
f 3817/5928 3786/5930 3819/5927
f 3819/5927 3786/5930 3812/5924
f 3812/5924 3786/5930 3789/5931
f 3860/5932 3862/5933 3859/5934
f 3860/5932 3859/5934 3852/5935
f 3859/5934 3862/5933 3861/5936
f 3861/5936 3862/5933 3857/5937
f 3852/5935 3859/5934 3853/5938
f 3861/5936 3857/5937 3804/5939
f 3861/5936 3804/5939 3799/5940
f 3799/5940 3804/5939 3805/5941
f 3861/5936 3799/5940 3783/5942
f 3853/5938 3859/5934 3843/5943
f 3853/5938 3843/5943 3852/5935
f 3856/5944 3859/5934 3861/5936
f 3856/5944 3861/5936 3783/5942
f 3859/5934 3856/5944 3843/5943
f 3852/5935 3843/5943 3842/5945
f 3852/5935 3842/5945 3833/5946
f 3833/5946 3842/5945 3843/5943
f 3833/5946 3843/5943 3830/5947
f 3856/5944 3783/5942 3775/5948
f 3856/5944 3775/5948 3843/5943
f 3870/5949 3783/5942 3770/5950
f 3783/5942 3870/5949 3775/5948
f 3775/5948 3870/5949 3888/5951
f 3830/5947 3843/5943 3778/5952
f 3778/5952 3843/5943 3775/5948
f 3830/5947 3778/5952 3767/5953
f 3778/5952 3775/5948 3768/5954
f 3778/5952 3768/5954 3767/5953
f 3775/5948 3888/5951 3879/5955
f 3768/5954 3775/5948 3760/5956
f 3768/5954 3760/5956 3767/5953
f 3760/5956 3775/5948 3879/5955
f 3767/5953 3760/5956 3869/5957
f 3869/5957 3760/5956 3879/5955
f 3869/5957 3879/5955 3882/5958
f 3882/5958 3879/5955 3889/5959
f 3783/5960 3799/5961 3795/5962
f 3795/5962 3799/5961 3797/5963
f 3783/5960 3795/5962 3770/5964
f 3849/5965 3833/5966 3830/5967
f 3849/5965 3830/5967 3848/5968
f 3849/5965 3848/5968 3844/5969
f 3848/5968 3830/5967 3777/5970
f 3848/5968 3777/5970 3844/5969
f 3777/5970 3830/5967 3767/5971
f 3844/5969 3777/5970 3773/5972
f 3844/5969 3773/5972 3781/5973
f 3781/5973 3773/5972 3750/5974
f 3750/5974 3773/5972 3880/5975
f 3773/5972 3777/5970 3748/5976
f 3748/5976 3777/5970 3767/5971
f 3773/5972 3748/5976 3880/5975
f 3748/5976 3767/5971 3869/5977
f 3748/5976 3869/5977 3882/5978
f 3748/5976 3882/5978 3880/5975
f 3880/5975 3882/5978 3975/5979
f 3785/5980 3781/5981 3774/5982
f 3774/5982 3781/5981 3750/5983
f 3774/5982 3750/5983 3761/5984
f 3774/5982 3761/5984 3785/5980
f 3761/5984 3750/5983 3883/5985
f 3785/5980 3761/5984 3784/5986
f 3785/5980 3784/5986 3786/5987
f 3786/5987 3784/5986 3761/5984
f 3761/5984 3883/5985 3866/5988
f 3786/5987 3761/5984 3763/5989
f 3763/5989 3761/5984 3866/5988
f 3786/5987 3763/5989 3769/5990
f 3769/5990 3763/5989 3866/5988
f 3786/5987 3769/5990 3789/5991
f 3789/5991 3769/5990 3776/5992
f 3789/5991 3776/5992 3794/5993
f 3776/5992 3769/5990 3757/5994
f 3757/5994 3769/5990 3866/5988
f 3776/5992 3757/5994 3747/5995
f 3747/5995 3757/5994 3867/5996
f 3867/5996 3757/5994 3866/5988
f 3867/5996 3866/5988 3929/5997
f 3876/5998 3750/5999 3880/6000
f 3750/5999 3876/5998 3883/6001
f 3876/5998 3880/6000 3894/6002
f 3876/5998 3894/6002 3883/6001
f 3894/6002 3880/6000 3978/6003
f 3978/6003 3880/6000 3975/6004
f 3894/6002 3978/6003 3922/6005
f 3894/6002 3922/6005 3883/6001
f 3922/6005 3978/6003 3980/6006
f 3922/6005 3980/6006 3896/6007
f 3922/6005 3896/6007 3883/6001
f 3883/6001 3896/6007 3866/6008
f 3866/6008 3896/6007 3885/6009
f 3866/6008 3885/6009 3941/6010
f 3941/6010 3885/6009 3896/6007
f 3980/6011 3978/6012 3975/6013
f 3980/6011 3975/6013 3976/6014
f 3976/6014 3975/6013 3882/6015
f 3980/6011 3976/6014 3977/6016
f 3977/6016 3976/6014 3964/6017
f 3977/6016 3964/6017 3966/6018
f 3977/6016 3966/6018 3971/6019
f 3980/6011 3977/6016 3979/6020
f 3979/6020 3977/6016 3971/6019
f 3980/6011 3979/6020 3896/6021
f 3979/6020 3971/6019 3963/6022
f 3896/6021 3979/6020 3941/6023
f 3941/6023 3979/6020 3963/6022
f 3792/6024 3762/6025 3805/6026
f 3805/6026 3762/6025 3863/6027
f 3805/6026 3863/6027 3801/6028
f 3805/6026 3801/6028 3799/6029
f 3799/6029 3801/6028 3797/6030
f 3797/6030 3801/6028 3758/6031
f 3758/6031 3801/6028 3863/6027
f 3797/6030 3758/6031 3766/6032
f 3758/6031 3863/6027 3877/6033
f 3758/6031 3877/6033 3766/6032
f 3877/6033 3863/6027 3906/6034
f 3766/6032 3877/6033 3875/6035
f 3906/6034 3863/6027 3913/6036
f 3906/6034 3913/6036 3923/6037
f 3913/6036 3863/6027 3884/6038
f 3913/6036 3884/6038 3923/6037
f 3884/6038 3863/6027 3762/6025
f 3923/6037 3884/6038 3886/6039
f 3884/6038 3762/6025 3864/6040
f 3884/6038 3864/6040 3886/6039
f 3864/6040 3762/6025 3780/6041
f 3886/6039 3864/6040 3747/6042
f 3747/6042 3864/6040 3780/6041
f 3754/6043 3766/6032 3875/6035
f 3754/6043 3875/6035 3873/6044
f 3766/6032 3754/6043 3759/6045
f 3766/6032 3759/6045 3797/6030
f 3754/6043 3873/6044 3755/6046
f 3754/6043 3755/6046 3759/6045
f 3797/6030 3759/6045 3795/6047
f 3795/6047 3759/6045 3755/6046
f 3755/6046 3873/6044 3870/6048
f 3755/6046 3870/6048 3795/6047
f 3795/6047 3870/6048 3770/6049
f 3886/6050 3747/6051 3867/6052
f 3886/6050 3867/6052 3929/6053
f 3886/6050 3929/6053 3923/6054
f 3866/6055 3941/6056 3929/6053
f 3929/6053 3941/6056 3936/6057
f 3929/6053 3936/6057 3923/6054
f 3923/6054 3936/6057 3932/6058
f 3923/6054 3932/6058 3927/6059
f 3936/6060 3941/6061 3963/6062
f 3936/6060 3963/6062 3970/6063
f 3936/6060 3970/6063 3932/6064
f 3932/6064 3970/6063 3938/6065
f 3932/6064 3938/6065 3937/6066
f 3937/6066 3938/6065 3970/6063
f 3937/6066 3970/6063 3967/6067
f 3967/6067 3970/6063 3958/6068
f 3967/6067 3958/6068 3972/6069
f 3967/6067 3972/6069 3937/6066
f 3937/6066 3972/6069 3943/6070
f 3932/6064 3937/6066 3928/6071
f 3928/6071 3937/6066 3943/6070
f 3932/6064 3928/6071 3927/6072
f 3927/6072 3928/6071 3925/6073
f 3927/6072 3925/6073 3895/6074
f 3928/6071 3943/6070 3931/6075
f 3931/6075 3943/6070 3933/6076
f 3933/6076 3943/6070 3946/6077
f 3946/6077 3943/6070 3951/6078
f 3933/6076 3946/6077 3969/6079
f 3969/6079 3946/6077 3951/6078
f 3970/6080 3963/6081 3971/6082
f 3970/6080 3971/6082 3958/6083
f 3958/6083 3971/6082 3949/6084
f 3958/6083 3949/6084 3955/6085
f 3958/6083 3955/6085 3961/6086
f 3958/6083 3961/6086 3960/6087
f 3960/6087 3961/6086 3955/6085
f 3949/6084 3971/6082 3948/6088
f 3948/6088 3971/6082 3950/6089
f 3948/6088 3950/6089 3940/6090
f 3949/6084 3948/6088 3944/6091
f 3944/6091 3948/6088 3940/6090
f 3949/6084 3944/6091 3926/6092
f 3944/6091 3940/6090 3902/6093
f 3926/6092 3944/6091 3908/6094
f 3906/6095 3908/6094 3902/6093
f 3944/6091 3902/6093 3917/6096
f 3917/6096 3902/6093 3908/6094
f 3917/6096 3908/6094 3944/6091
f 3964/6097 3976/6098 3973/6099
f 3973/6099 3976/6098 3882/6100
f 3973/6099 3882/6100 3889/6101
f 3973/6099 3889/6101 3888/6102
f 3888/6102 3889/6101 3879/6103
f 3973/6099 3888/6102 3964/6097
f 3964/6097 3888/6102 3870/6104
f 3964/6097 3870/6104 3912/6105
f 3912/6105 3870/6104 3881/6106
f 3881/6106 3870/6104 3873/6107
f 3881/6106 3873/6107 3875/6108
f 3912/6105 3881/6106 3905/6109
f 3881/6106 3875/6108 3890/6110
f 3881/6106 3890/6110 3905/6109
f 3890/6110 3875/6108 3901/6111
f 3912/6105 3905/6109 3953/6112
f 3912/6105 3953/6112 3964/6097
f 3905/6109 3890/6110 3900/6113
f 3905/6109 3900/6113 3953/6112
f 3900/6113 3890/6110 3901/6111
f 3901/6111 3875/6108 3877/6114
f 3953/6112 3900/6113 3956/6115
f 3956/6115 3900/6113 3901/6111
f 3953/6112 3956/6115 3964/6097
f 3901/6111 3877/6114 3897/6116
f 3897/6116 3877/6114 3906/6117
f 3897/6116 3906/6117 3902/6118
f 3901/6111 3897/6116 3904/6119
f 3904/6119 3897/6116 3902/6118
f 3901/6111 3904/6119 3956/6115
f 3964/6097 3956/6115 3957/6120
f 3957/6120 3956/6115 3904/6119
f 3957/6120 3904/6119 3902/6118
f 3957/6120 3902/6118 3940/6121
f 3964/6097 3957/6120 3966/6122
f 3957/6120 3940/6121 3950/6123
f 3957/6120 3950/6123 3966/6122
f 3966/6122 3950/6123 3971/6124
f 3926/6125 3908/6126 3916/6127
f 3926/6125 3916/6127 3949/6128
f 3916/6127 3908/6126 3911/6129
f 3916/6127 3911/6129 3907/6130
f 3911/6129 3908/6126 3906/6131
f 3911/6129 3906/6131 3923/6132
f 3911/6129 3923/6132 3927/6133
f 3907/6130 3911/6129 3914/6134
f 3911/6129 3927/6133 3919/6135
f 3911/6129 3919/6135 3914/6134
f 3914/6134 3919/6135 3918/6136
f 3928/6137 3931/6138 3925/6139
f 3925/6139 3931/6138 3924/6140
f 3925/6139 3924/6140 3915/6141
f 3924/6140 3931/6138 3962/6142
f 3962/6142 3931/6138 3933/6143
f 3915/6141 3924/6140 3920/6144
f 3915/6141 3920/6144 3910/6145
f 3910/6145 3920/6144 3921/6146
f 3921/6146 3920/6144 3954/6147
f 3954/6147 3920/6144 3924/6140
f 3921/6146 3954/6147 3952/6148
f 3952/6148 3954/6147 3960/6149
f 3954/6147 3924/6140 3959/6150
f 3954/6147 3959/6150 3960/6149
f 3959/6150 3924/6140 3962/6142
f 3960/6149 3959/6150 3972/6151
f 3972/6151 3959/6150 3962/6142
f 3960/6149 3972/6151 3958/6152
f 3965/6153 3962/6142 3933/6143
f 3962/6142 3965/6153 3972/6151
f 3965/6153 3933/6143 3969/6154
f 3972/6151 3965/6153 3974/6155
f 3974/6155 3965/6153 3969/6154
f 3974/6155 3969/6154 3968/6156
f 3974/6155 3968/6156 3972/6151
f 3968/6156 3969/6154 3951/6157
f 3968/6156 3951/6157 3972/6151
f 3972/6151 3951/6157 3943/6158
f 3952/6159 3960/6160 3955/6161
f 3952/6159 3955/6161 3947/6162
f 3947/6162 3955/6161 3949/6163
f 3952/6159 3947/6162 3945/6164
f 3947/6162 3949/6163 3942/6165
f 3942/6165 3949/6163 3916/6166
f 3947/6162 3942/6165 3939/6167
f 3939/6167 3942/6165 3916/6166
f 3939/6167 3916/6166 3899/6168
f 3899/6168 3916/6166 3907/6169
f 3947/6162 3939/6167 3934/6170
f 3947/6162 3934/6170 3945/6164
f 3939/6167 3899/6168 3903/6171
f 3939/6167 3903/6171 3934/6170
f 3903/6171 3899/6168 3898/6172
f 3945/6164 3934/6170 3930/6173
f 3945/6164 3930/6173 3898/6172
f 3930/6173 3934/6170 3903/6171
f 3930/6173 3903/6171 3898/6172
f 3952/6174 3945/6175 3935/6176
f 3935/6176 3945/6175 3898/6177
f 3952/6174 3935/6176 3909/6178
f 3909/6178 3935/6176 3898/6177
f 3952/6174 3909/6178 3921/6179
f 3909/6178 3898/6177 3899/6180
f 3921/6179 3909/6178 3910/6181
f 3910/6181 3909/6178 3899/6180
f 3910/6181 3899/6180 3907/6182
f 3910/6181 3907/6182 3914/6183
f 3910/6181 3914/6183 3915/6184
f 3915/6184 3914/6183 3918/6185
f 3915/6184 3918/6185 3925/6186
f 3925/6186 3918/6185 3892/6187
f 3927/6188 3895/6189 3919/6190
f 3919/6190 3895/6189 3891/6191
f 3919/6190 3891/6191 3887/6192
f 3919/6190 3887/6192 3918/6193
f 3891/6191 3895/6189 3865/6194
f 3891/6191 3865/6194 3887/6192
f 3918/6193 3887/6192 3892/6195
f 3892/6195 3887/6192 3874/6196
f 3874/6196 3887/6192 3865/6194
f 3892/6195 3874/6196 3871/6197
f 3865/6194 3895/6189 3868/6198
f 3868/6198 3895/6189 3878/6199
f 3868/6198 3878/6199 3749/6200
f 3868/6198 3749/6200 3752/6201
f 3752/6201 3749/6200 3771/6202
f 3865/6194 3868/6198 3751/6203
f 3751/6203 3868/6198 3752/6201
f 3756/6204 3874/6196 3865/6194
f 3756/6204 3865/6194 3751/6203
f 3874/6196 3756/6204 3753/6205
f 3874/6196 3753/6205 3871/6197
f 3756/6204 3751/6203 3764/6206
f 3764/6206 3751/6203 3752/6201
f 3756/6204 3764/6206 3782/6207
f 3756/6204 3782/6207 3753/6205
f 3764/6206 3752/6201 3772/6208
f 3772/6208 3752/6201 3771/6202
f 3764/6206 3772/6208 3782/6207
f 3772/6208 3771/6202 3800/6209
f 3772/6208 3800/6209 3806/6210
f 3772/6208 3806/6210 3782/6207
f 3753/6205 3782/6207 3779/6211
f 3779/6211 3782/6207 3807/6212
f 3779/6211 3807/6212 3800/6213
f 3779/6211 3800/6213 3753/6205
f 3753/6205 3800/6213 3765/6214
f 3765/6214 3800/6213 3771/6215
f 3753/6205 3765/6214 3871/6197
f 3765/6214 3771/6215 3749/6216
f 3765/6214 3749/6216 3871/6197
f 3871/6197 3749/6216 3872/6217
f 3872/6217 3749/6216 3878/6218
f 3871/6197 3872/6217 3893/6219
f 3893/6219 3872/6217 3878/6218
f 3871/6197 3893/6219 3892/6195
f 3893/6219 3878/6218 3895/6220
f 3892/6195 3893/6219 3925/6221
f 3925/6221 3893/6219 3895/6220
o tripo_part_7
v 0.141790 0.032007 0.136137
v 0.143937 0.119659 0.101406
v 0.144815 0.105003 0.158268
v 0.145195 0.041435 0.145698
v 0.145927 0.101872 0.068489
v 0.149929 0.101700 0.109221
v 0.150264 0.119473 0.109984
v 0.150656 0.101551 0.134945
v 0.150924 0.101566 0.131124
v 0.151274 0.114796 0.064804
v 0.152090 0.101521 0.090683
v 0.153226 0.105942 0.065578
v 0.153683 0.032293 0.080150
v 0.153686 0.119076 0.156349
v 0.155582 0.068110 0.138672
v 0.157955 0.044676 0.143249
v 0.158387 0.043095 0.146080
v 0.158918 0.091953 0.145073
v 0.159837 0.032045 0.145389
v 0.159952 0.000099 0.150310
v 0.161121 0.063815 0.081753
v 0.161451 0.043756 0.135731
v 0.161676 0.010578 0.147556
v 0.161699 0.012093 0.150890
v 0.161758 0.033550 0.135107
v 0.161771 0.101780 0.122940
v 0.162092 0.091576 0.081436
v 0.162423 0.036503 0.090994
v 0.162742 0.101711 0.104331
v 0.162818 0.045053 0.082271
v 0.162912 0.119240 0.070575
v 0.163062 0.044573 0.090204
v 0.163125 0.101421 0.147777
v 0.163425 0.031830 0.136183
v 0.163734 0.031824 0.089767
v 0.164039 0.037228 0.080051
v 0.166854 0.085665 0.126513
v 0.167011 0.013504 0.157921
v 0.167068 0.005852 0.078148
v 0.167138 0.091459 0.082540
v 0.167850 0.101582 0.078655
v 0.168268 0.103844 0.073894
v 0.168615 0.000286 0.073585
v 0.169000 0.031816 0.119805
v 0.169303 0.091778 0.138403
v 0.169521 0.043617 0.074569
v 0.169828 0.068985 0.098429
v 0.170064 0.105419 0.148353
v 0.171079 0.014530 0.158260
v 0.171707 0.000214 0.163376
v 0.172122 0.090733 0.132343
v 0.172187 0.044737 0.132713
v 0.172691 0.031977 0.135271
v 0.172984 0.036898 0.122248
v 0.173045 0.044725 0.095157
v 0.173309 0.034313 0.112109
v 0.173469 0.032070 0.093097
v 0.174022 0.091850 0.094272
v 0.174899 0.101372 0.138693
v 0.175411 0.011875 0.136995
v 0.175525 0.036625 0.136467
v 0.175765 0.000233 0.067959
v 0.175933 0.116970 0.142814
v 0.176471 0.013893 0.154079
v 0.176483 0.119572 0.081695
v 0.177661 0.000099 0.137787
v 0.177829 0.036339 0.092685
v 0.178020 0.101158 0.091377
v 0.179000 0.000317 0.091345
v 0.179103 0.036655 0.079174
v 0.180286 0.105194 0.085304
v 0.181037 0.000282 0.068931
v 0.181461 0.015194 0.149677
v 0.182521 0.012878 0.145305
v 0.182857 0.103096 0.128254
v 0.183406 0.120018 0.115393
v 0.185020 0.102158 0.112286
v 0.185798 0.000210 0.150871
v 0.185855 0.116035 0.114276
v 0.187484 0.112232 0.100034
v 0.188938 0.000111 0.078789
v 0.189128 0.000954 0.083698
v 0.139744 0.119049 0.116781
v 0.134151 0.118835 0.109035
v 0.133687 0.032270 0.079826
v 0.130150 0.101673 0.091387
v 0.129032 0.101978 0.157440
v 0.128518 0.101498 0.134163
v 0.127026 0.118534 0.067920
v 0.125528 0.076477 0.087860
v 0.124984 0.104851 0.066875
v 0.122651 0.119301 0.155891
v 0.122470 0.058171 0.080349
v 0.121724 0.044792 0.081863
v 0.121179 0.066579 0.139351
v 0.121116 0.093452 0.079807
v 0.120801 0.036789 0.079277
v 0.119682 0.000183 0.075073
v 0.119613 0.067765 0.143104
v 0.119262 0.011593 0.076965
v 0.118799 0.091810 0.143541
v 0.118774 0.058516 0.075660
v 0.118373 0.044626 0.144441
v 0.117690 0.101364 0.120773
v 0.116950 0.101574 0.102659
v 0.116687 0.101383 0.076629
v 0.116340 0.044172 0.089458
v 0.116021 0.039278 0.133955
v 0.116014 0.032791 0.088955
v 0.115997 0.032127 0.144619
v 0.115312 0.032253 0.134556
v 0.115213 0.044539 0.134693
v 0.114238 0.000347 0.150226
v 0.114011 0.091465 0.143316
v 0.113389 0.010853 0.146747
v 0.112478 0.013439 0.150059
v 0.111680 0.001171 0.065403
v 0.111512 0.074340 0.125761
v 0.111509 0.035759 0.071014
v 0.111415 0.102448 0.149074
v 0.110910 0.067362 0.096113
v 0.109042 0.119568 0.147674
v 0.109020 0.101696 0.093982
v 0.108756 0.115856 0.076507
v 0.108283 0.055157 0.078373
v 0.107734 0.044609 0.092830
v 0.107341 0.044916 0.130678
v 0.106704 0.014729 0.155063
v 0.106700 0.092072 0.128967
v 0.106307 0.000328 0.065368
v 0.105953 0.091482 0.133657
v 0.105777 0.039532 0.150772
v 0.105777 0.031704 0.133341
v 0.105491 0.032505 0.112643
v 0.105369 0.041708 0.103587
v 0.105209 0.071424 0.087530
v 0.104762 0.100918 0.086374
v 0.104690 0.016571 0.088974
v 0.104663 0.043045 0.131122
v 0.103648 0.033886 0.132484
v 0.102432 0.011391 0.133995
v 0.101974 0.101368 0.133947
v 0.101322 0.000107 0.134306
v 0.101047 0.059417 0.138719
v 0.100330 0.106350 0.085674
v 0.099346 0.000217 0.157013
v 0.099250 0.119564 0.091661
v 0.098876 0.102001 0.096956
v 0.096965 0.116421 0.133524
v 0.095249 0.106110 0.131328
v 0.095020 0.119507 0.106887
v 0.094665 0.000347 0.075840
v 0.093997 0.101864 0.111745
v 0.093948 0.012886 0.140161
v 0.092655 0.118671 0.115649
v 0.092281 0.106068 0.110706
v 0.090518 0.000000 0.146267
vt 0.068096 0.529125
vt 0.081576 0.526934
vt 0.082117 0.531504
vt 0.070434 0.536491
vt 0.138842 0.507551
vt 0.106895 0.528506
vt 0.079534 0.520844
vt 0.063007 0.513129
vt 0.150432 0.513116
vt 0.134477 0.498122
vt 0.077816 0.514427
vt 0.074617 0.509925
vt 0.131320 0.493438
vt 0.090831 0.496286
vt 0.140496 0.491465
vt 0.129151 0.488544
vt 0.095583 0.491938
vt 0.146251 0.501833
vt 0.140034 0.477470
vt 0.136870 0.463724
vt 0.146429 0.495420
vt 0.171130 0.513397
vt 0.166597 0.522049
vt 0.183243 0.522704
vt 0.161860 0.506019
vt 0.182267 0.508282
vt 0.192560 0.514559
vt 0.203902 0.521923
vt 0.202201 0.527885
vt 0.217886 0.529043
vt 0.216179 0.534295
vt 0.222296 0.532546
vt 0.214842 0.536491
vt 0.161468 0.496638
vt 0.150010 0.462334
vt 0.150342 0.482620
vt 0.146480 0.461949
vt 0.142182 0.451328
vt 0.766130 0.355043
vt 0.769964 0.371321
vt 0.757519 0.352271
vt 0.748967 0.359643
vt 0.757401 0.336699
vt 0.746431 0.340061
vt 0.749616 0.320303
vt 0.745959 0.319595
vt 0.754216 0.316705
vt 0.755042 0.308565
vt 0.734929 0.322957
vt 0.753214 0.306678
vt 0.739648 0.318297
vt 0.769964 0.280372
vt 0.738409 0.317059
vt 0.719594 0.314700
vt 0.693348 0.313107
vt 0.693171 0.309037
vt 0.817876 0.906174
vt 0.817463 0.891134
vt 0.825131 0.900807
vt 0.839994 0.910008
vt 0.828965 0.900984
vt 0.831029 0.896560
vt 0.848370 0.903048
vt 0.853560 0.912190
vt 0.859517 0.935134
vt 0.866831 0.931182
vt 0.851732 0.899981
vt 0.866831 0.879397
vt 0.770711 0.715558
vt 0.783473 0.714519
vt 0.794030 0.715022
vt 0.786953 0.711354
vt 0.807950 0.722547
vt 0.808937 0.713160
vt 0.808391 0.707179
vt 0.810924 0.715198
vt 0.827091 0.684911
vt 0.814240 0.743751
vt 0.827091 0.762513
vt 0.205985 0.756634
vt 0.209877 0.738291
vt 0.206162 0.781347
vt 0.203389 0.781760
vt 0.209877 0.797685
vt 0.190885 0.768372
vt 0.193422 0.742066
vt 0.194660 0.779755
vt 0.187877 0.789664
vt 0.193245 0.814672
vt 0.169711 0.773739
vt 0.559322 0.253818
vt 0.545995 0.236510
vt 0.561697 0.242345
vt 0.564179 0.252540
vt 0.574562 0.217463
vt 0.581199 0.213000
vt 0.551828 0.285548
vt 0.569646 0.251443
vt 0.557502 0.291184
vt 0.561575 0.290393
vt 0.566308 0.291615
vt 0.553048 0.298111
vt 0.572049 0.328756
vt 0.581199 0.330339
vt 0.564209 0.327881
vt 0.556730 0.321938
vt 0.548457 0.299069
vt 0.548586 0.317774
vt 0.540172 0.304276
vt 0.537499 0.306123
vt 0.363379 0.899529
vt 0.374172 0.900945
vt 0.365089 0.915572
vt 0.354649 0.912269
vt 0.354354 0.887733
vt 0.357893 0.926189
vt 0.370928 0.916870
vt 0.361373 0.927368
vt 0.365148 0.934269
vt 0.354354 0.942585
vt 0.367802 0.930553
vt 0.376354 0.923122
vt 0.386204 0.912977
vt 0.394580 0.908258
vt 0.390392 0.930671
vt 0.401127 0.913861
vt 0.868377 0.152751
vt 0.845021 0.149979
vt 0.857348 0.126386
vt 0.845021 0.097132
vt 0.856699 0.093475
vt 0.863954 0.130220
vt 0.862538 0.119250
vt 0.868731 0.122140
vt 0.894152 0.107335
vt 0.888549 0.092590
vt 0.863423 0.088992
vt 0.874157 0.086161
vt 0.917453 0.304836
vt 0.932336 0.293397
vt 0.932535 0.300533
vt 0.941343 0.281180
vt 0.917985 0.312463
vt 0.902377 0.313746
vt 0.922485 0.311777
vt 0.930887 0.309597
vt 0.941343 0.334065
vt 0.933762 0.308347
vt 0.554262 0.233473
vt 0.543292 0.232058
vt 0.549280 0.210951
vt 0.540275 0.217351
vt 0.501274 0.181801
vt 0.486981 0.182884
vt 0.526204 0.195194
vt 0.512659 0.181934
vt 0.534353 0.191717
vt 0.537390 0.205356
vt 0.544651 0.196748
vt 0.554161 0.218911
vt 0.556958 0.233165
vt 0.564841 0.215259
vt 0.553107 0.206215
vt 0.558597 0.210505
vt 0.580108 0.193296
vt 0.571524 0.191423
vt 0.551114 0.191057
vt 0.593617 0.181801
vt 0.942339 0.165176
vt 0.956023 0.174554
vt 0.937326 0.181101
vt 0.951128 0.185820
vt 0.938860 0.188533
vt 0.961213 0.193133
vt 0.937326 0.200683
vt 0.946468 0.212361
vt 0.766779 0.557161
vt 0.763535 0.568780
vt 0.757106 0.556807
vt 0.762179 0.545600
vt 0.769139 0.547724
vt 0.769964 0.528673
vt 0.758817 0.540292
vt 0.753508 0.556394
vt 0.744425 0.544657
vt 0.763771 0.520357
vt 0.733927 0.538464
vt 0.746608 0.523011
vt 0.757578 0.515579
vt 0.733927 0.517938
vt 0.746667 0.505493
vt 0.734104 0.497413
vt 0.748613 0.482609
vt 0.750500 0.493166
vt 0.754216 0.492812
vt 0.749911 0.477595
vt 0.811087 0.507420
vt 0.809082 0.505828
vt 0.821114 0.480879
vt 0.823296 0.495683
vt 0.811559 0.516621
vt 0.833087 0.484771
vt 0.831672 0.489136
vt 0.841993 0.498396
vt 0.835092 0.512198
vt 0.838218 0.489962
vt 0.822411 0.452273
vt 0.824771 0.454101
vt 0.831023 0.451093
vt 0.809200 0.473211
vt 0.789913 0.501994
vt 0.810615 0.451329
vt 0.801237 0.440476
vt 0.806958 0.450326
vt 0.789913 0.463479
vt 0.431099 0.339347
vt 0.433930 0.331031
vt 0.447554 0.338816
vt 0.434697 0.343417
vt 0.436525 0.364532
vt 0.431099 0.368838
vt 0.449560 0.362350
vt 0.445254 0.367599
vt 0.909379 0.819584
vt 0.905427 0.820881
vt 0.914274 0.787734
vt 0.916221 0.819525
vt 0.920231 0.782308
vt 0.920231 0.775525
vt 0.905427 0.764554
vt 0.688639 0.741666
vt 0.711583 0.771865
vt 0.709754 0.776052
vt 0.751336 0.781361
vt 0.708752 0.779060
vt 0.745851 0.789913
vt 0.708811 0.789559
vt 0.704623 0.786020
vt 0.697073 0.815393
vt 0.688639 0.819639
vt 0.556502 0.778018
vt 0.574432 0.807922
vt 0.567827 0.811460
vt 0.559864 0.797010
vt 0.582336 0.815117
vt 0.577322 0.828329
vt 0.566883 0.826737
vt 0.565585 0.812640
vt 0.556502 0.828742
vt 0.565231 0.808511
vt 0.564995 0.833225
vt 0.560395 0.841010
vt 0.578502 0.849444
vt 0.577558 0.835761
vt 0.587408 0.834050
vt 0.580979 0.828565
vt 0.586995 0.807686
vt 0.510081 0.896918
vt 0.526700 0.918642
vt 0.516113 0.910187
vt 0.517662 0.919936
vt 0.531750 0.933731
vt 0.548910 0.920813
vt 0.518616 0.939430
vt 0.518690 0.948201
vt 0.510081 0.950037
vt 0.510993 0.913893
vt 0.460556 0.840430
vt 0.467988 0.836065
vt 0.451650 0.864258
vt 0.479548 0.842023
vt 0.469463 0.861722
vt 0.459849 0.886258
vt 0.481849 0.854114
vt 0.465511 0.888264
vt 0.479077 0.882484
vt 0.462975 0.897878
vt 0.481849 0.885315
vt 0.930281 0.070318
vt 0.954935 0.072913
vt 0.973632 0.088661
vt 0.942903 0.088485
vt 0.961187 0.094619
vt 0.942844 0.090962
vt 0.953638 0.102581
vt 0.940780 0.102758
vt 0.953638 0.104881
vt 0.930281 0.116737
vt 0.348142 0.947392
vt 0.341949 0.949398
vt 0.348968 0.929167
vt 0.334930 0.945977
vt 0.314818 0.953762
vt 0.338646 0.917489
vt 0.308212 0.939017
vt 0.348968 0.909113
vt 0.334635 0.906223
vt 0.338882 0.905221
vt 0.194572 0.963697
vt 0.201708 0.946711
vt 0.214271 0.937981
vt 0.218459 0.919815
vt 0.221054 0.919756
vt 0.218990 0.949778
vt 0.221054 0.959863
s 1
usemtl Material
f 4030/6222 4029/6223 4018/6224
f 4030/6222 4018/6224 4000/6225
f 4018/6224 4029/6223 3998/6226
f 4018/6224 3998/6226 3997/6227
f 4029/6223 4030/6222 4044/6228
f 4044/6228 4030/6222 4058/6229
f 3997/6227 3998/6226 3988/6230
f 4029/6223 4044/6228 4025/6231
f 4029/6223 4025/6231 3998/6226
f 4044/6228 4058/6229 4053/6232
f 4044/6228 4053/6232 4025/6231
f 4053/6232 4058/6229 4054/6233
f 4053/6232 4054/6233 4031/6234
f 4053/6232 4031/6234 4025/6231
f 4031/6234 4054/6233 4041/6235
f 3998/6226 4025/6231 4039/6236
f 4039/6236 4025/6231 4031/6234
f 4031/6234 4041/6235 4017/6237
f 4017/6237 4041/6235 4032/6238
f 4031/6234 4017/6237 4039/6236
f 3998/6226 4039/6236 4013/6239
f 3998/6226 4013/6239 3988/6230
f 4039/6236 4017/6237 4055/6240
f 4055/6240 4017/6237 4057/6241
f 4013/6239 4039/6236 4028/6242
f 4028/6242 4039/6236 4055/6240
f 3988/6230 4013/6239 4067/6243
f 3988/6230 4067/6243 4068/6244
f 4068/6244 4067/6243 4100/6245
f 4067/6243 4013/6239 3983/6246
f 3983/6246 4013/6239 4028/6242
f 4100/6245 4067/6243 4072/6247
f 4072/6247 4067/6243 3983/6246
f 4100/6245 4072/6247 4102/6248
f 4100/6245 4102/6248 4129/6249
f 4100/6245 4129/6249 4130/6250
f 4130/6250 4129/6249 4135/6251
f 4130/6250 4135/6251 4136/6252
f 4136/6252 4135/6251 4131/6253
f 4130/6250 4136/6252 4133/6254
f 4072/6247 3983/6246 3994/6255
f 3994/6255 3983/6246 4028/6242
f 4072/6247 3994/6255 4056/6256
f 3994/6255 4028/6242 4043/6257
f 3994/6255 4043/6257 4056/6256
f 4043/6257 4028/6242 4055/6240
f 4056/6256 4043/6257 4059/6258
f 4059/6258 4043/6257 4055/6240
f 4056/6256 4059/6258 4060/6259
f 4059/6258 4055/6240 4057/6241
f 4059/6258 4057/6241 4060/6259
f 4058/6260 4030/6261 4046/6262
f 4046/6262 4030/6261 4000/6263
f 4058/6260 4046/6262 4054/6264
f 4046/6262 4000/6263 4040/6265
f 4046/6262 4040/6265 4054/6264
f 4054/6264 4040/6265 4041/6266
f 4041/6266 4040/6265 4033/6267
f 4041/6266 4033/6267 4032/6268
f 4032/6268 4033/6267 4034/6269
f 4033/6267 4040/6265 3999/6270
f 4034/6269 4033/6267 4024/6271
f 4024/6271 4033/6267 4014/6272
f 4014/6272 4033/6267 3999/6270
f 4024/6271 4014/6272 4015/6273
f 4015/6273 4014/6272 4005/6274
f 4014/6272 3999/6270 3981/6275
f 4014/6272 3981/6275 4005/6274
f 3981/6275 3999/6270 4090/6276
f 4005/6274 3981/6275 4091/6277
f 4091/6277 3981/6275 4090/6276
f 4040/6278 4000/6279 4003/6280
f 4040/6278 4003/6280 3999/6281
f 4003/6280 4000/6279 4004/6282
f 4003/6280 4004/6282 3999/6281
f 4004/6282 4000/6279 4018/6283
f 4004/6282 4018/6283 3997/6284
f 4004/6282 3997/6284 3999/6281
f 3999/6281 3997/6284 3984/6285
f 3999/6281 3984/6285 4090/6286
f 4090/6286 3984/6285 4083/6287
f 4083/6287 3984/6285 3996/6288
f 3996/6288 3984/6285 3997/6284
f 3996/6288 3997/6284 3995/6289
f 4032/6290 4034/6291 4036/6292
f 4036/6292 4034/6291 4024/6293
f 4032/6290 4036/6292 4035/6294
f 4036/6292 4024/6293 4037/6295
f 4036/6292 4037/6295 4035/6294
f 4037/6295 4024/6293 4015/6296
f 4035/6294 4037/6295 4047/6297
f 4047/6297 4037/6295 4049/6298
f 4035/6294 4047/6297 4027/6299
f 4027/6299 4047/6297 4038/6300
f 3995/6301 3997/6302 3988/6303
f 3995/6301 3988/6303 3989/6304
f 3989/6304 3988/6303 4068/6305
f 3995/6301 3989/6304 4017/6306
f 3995/6301 4017/6306 4032/6307
f 4017/6306 3989/6304 4006/6308
f 3989/6304 4068/6305 3986/6309
f 3989/6304 3986/6309 4006/6308
f 4006/6308 3986/6309 4017/6306
f 3986/6309 4068/6305 4085/6310
f 4017/6306 3986/6309 4057/6311
f 3996/6312 3995/6313 4032/6314
f 3996/6312 4032/6314 4002/6315
f 4002/6315 4032/6314 4035/6316
f 4002/6315 4035/6316 4012/6317
f 3996/6312 4002/6315 4083/6318
f 4002/6315 4012/6317 4005/6319
f 4083/6318 4002/6315 4092/6320
f 4002/6315 4005/6319 4088/6321
f 4002/6315 4088/6321 4092/6320
f 4088/6321 4005/6319 4091/6322
f 4083/6318 4092/6320 4107/6323
f 4088/6321 4091/6322 4087/6324
f 4088/6321 4087/6324 4092/6320
f 4087/6324 4091/6322 4089/6325
f 4092/6320 4087/6324 4106/6326
f 4092/6320 4106/6326 4107/6323
f 4107/6323 4106/6326 4115/6327
f 4107/6323 4115/6327 4119/6328
f 4119/6328 4115/6327 4114/6329
f 4119/6328 4114/6329 4120/6330
f 4120/6330 4114/6329 4113/6331
f 4060/6332 4057/6333 4051/6334
f 4060/6332 4051/6334 4045/6335
f 4060/6332 4045/6335 4056/6336
f 4045/6335 4051/6334 4022/6337
f 4022/6337 4051/6334 4048/6338
f 4048/6338 4051/6334 4057/6333
f 4022/6337 4048/6338 4021/6339
f 4007/6340 3991/6341 4021/6339
f 4007/6340 4021/6339 4020/6342
f 4020/6342 4021/6339 4048/6338
f 4020/6342 4048/6338 4038/6343
f 4048/6338 4057/6333 4009/6344
f 4048/6338 4009/6344 4038/6343
f 4009/6344 4057/6333 3986/6345
f 4038/6343 4009/6344 4027/6346
f 4009/6344 3986/6345 3991/6347
f 4009/6344 3991/6347 4027/6346
f 4056/6348 4045/6349 3982/6350
f 3982/6350 4045/6349 4127/6351
f 3982/6350 4127/6351 4131/6352
f 4056/6348 3982/6350 3987/6353
f 3982/6350 4131/6352 4064/6354
f 3982/6350 4064/6354 3987/6353
f 4056/6348 3987/6353 4063/6355
f 4063/6355 3987/6353 4064/6354
f 4056/6348 4063/6355 4072/6356
f 4072/6356 4063/6355 4102/6357
f 4102/6357 4063/6355 4064/6354
f 4102/6357 4064/6354 4131/6352
f 4102/6357 4131/6352 4135/6358
f 4102/6357 4135/6358 4129/6359
f 4100/6360 4130/6361 4122/6362
f 4122/6362 4130/6361 4133/6363
f 4081/6364 4068/6365 4100/6360
f 4081/6364 4100/6360 4094/6366
f 4094/6366 4100/6360 4122/6362
f 4094/6366 4122/6362 4111/6367
f 4094/6366 4111/6367 4124/6368
f 4111/6367 4122/6362 4109/6369
f 4111/6367 4109/6369 4124/6368
f 4136/6370 4131/6371 4125/6372
f 4125/6372 4131/6371 4127/6373
f 4011/6374 4127/6373 4045/6375
f 4127/6373 4011/6374 4069/6376
f 4069/6376 4011/6374 3990/6377
f 4069/6376 3990/6377 4071/6378
f 4127/6373 4069/6376 4104/6379
f 4104/6379 4069/6376 4071/6378
f 4127/6373 4104/6379 4125/6372
f 4125/6372 4104/6379 4071/6378
f 4125/6372 4071/6378 4086/6380
f 4128/6381 4136/6370 4125/6372
f 4136/6370 4128/6381 4133/6382
f 4133/6382 4128/6381 4085/6383
f 4128/6381 4125/6372 4117/6384
f 4117/6384 4125/6372 4086/6380
f 4085/6383 4128/6381 4103/6385
f 4103/6385 4128/6381 4117/6384
f 4085/6383 4103/6385 4101/6386
f 4117/6384 4086/6380 4116/6387
f 4117/6384 4116/6387 4103/6385
f 4103/6385 4116/6387 4101/6386
f 4116/6387 4086/6380 4076/6388
f 4101/6386 4116/6387 4106/6389
f 4133/6390 4085/6391 4122/6392
f 4122/6392 4085/6391 4084/6393
f 4122/6392 4084/6393 4109/6394
f 4084/6393 4085/6391 4068/6395
f 4109/6394 4084/6393 4098/6396
f 4084/6393 4068/6395 4075/6397
f 4084/6393 4075/6397 4098/6396
f 4011/6398 4045/6399 4022/6400
f 4011/6398 4022/6400 3992/6401
f 4011/6398 3992/6401 3990/6402
f 3990/6402 3992/6401 4071/6403
f 3992/6401 4022/6400 3985/6404
f 3992/6401 3985/6404 4071/6403
f 3985/6404 4022/6400 4021/6405
f 3985/6404 4021/6405 3991/6406
f 4071/6403 3985/6404 4086/6407
f 3985/6404 3991/6406 3986/6408
f 4086/6407 3985/6404 4066/6409
f 4066/6409 3985/6404 3986/6408
f 4086/6407 4066/6409 4076/6410
f 4066/6409 3986/6408 4085/6411
f 4066/6409 4085/6411 4070/6412
f 4070/6412 4085/6411 4101/6413
f 4070/6412 4101/6413 4074/6414
f 4066/6409 4070/6412 4073/6415
f 4066/6409 4073/6415 4076/6410
f 4073/6415 4070/6412 4074/6414
f 4076/6410 4073/6415 4082/6416
f 4073/6415 4074/6414 4077/6417
f 4073/6415 4077/6417 4082/6416
f 4007/6418 4020/6419 4026/6420
f 4007/6418 4026/6420 4001/6421
f 4007/6418 4001/6421 3991/6422
f 4001/6421 4026/6420 4016/6423
f 4001/6421 4016/6423 4010/6424
f 4001/6421 4010/6424 3991/6422
f 3991/6422 4010/6424 4035/6425
f 3991/6422 4035/6425 4027/6426
f 4035/6425 4010/6424 4012/6427
f 4052/6428 4026/6420 4020/6419
f 4026/6420 4052/6428 4042/6429
f 4026/6420 4042/6429 4023/6430
f 4023/6430 4042/6429 4052/6428
f 4052/6428 4020/6419 4050/6431
f 4050/6431 4020/6419 4038/6432
f 4052/6428 4050/6431 4061/6433
f 4061/6433 4050/6431 4038/6432
f 4052/6428 4061/6433 4049/6434
f 4061/6433 4038/6432 4062/6435
f 4061/6433 4062/6435 4049/6434
f 4062/6435 4038/6432 4047/6436
f 4062/6435 4047/6436 4049/6434
f 4023/6437 4052/6438 4049/6439
f 4023/6437 4049/6439 4019/6440
f 4019/6440 4049/6439 4016/6441
f 4019/6440 4016/6441 4023/6437
f 4023/6437 4016/6441 4026/6442
f 4016/6441 4049/6439 4037/6443
f 4016/6441 4037/6443 4015/6444
f 4010/6445 4016/6446 4074/6447
f 4010/6445 4074/6447 4012/6448
f 4012/6448 4074/6447 4087/6449
f 4087/6449 4074/6447 4106/6450
f 4106/6450 4074/6447 4101/6451
f 4005/6452 4012/6453 4008/6454
f 4008/6454 4012/6453 4087/6455
f 4005/6452 4008/6454 4015/6456
f 4008/6454 4087/6455 4089/6457
f 4008/6454 4089/6457 4015/6456
f 4015/6456 4089/6457 3993/6458
f 4015/6456 3993/6458 4016/6459
f 4016/6459 3993/6458 4077/6460
f 4016/6459 4077/6460 4074/6461
f 4089/6462 4091/6463 4113/6464
f 4089/6462 4113/6464 4114/6465
f 4113/6464 4091/6463 4090/6466
f 4113/6464 4090/6466 4095/6467
f 4113/6464 4095/6467 4121/6468
f 4113/6464 4121/6468 4120/6469
f 4120/6469 4121/6468 4134/6470
f 4120/6469 4134/6470 4119/6471
f 4134/6470 4121/6468 4123/6472
f 4123/6472 4121/6468 4095/6467
f 4134/6470 4123/6472 4137/6473
f 4137/6473 4123/6472 4126/6474
f 4126/6474 4123/6472 4093/6475
f 4093/6475 4123/6472 4095/6467
f 4126/6474 4093/6475 4108/6476
f 4093/6475 4095/6467 4096/6477
f 4093/6475 4096/6477 4108/6476
f 4096/6477 4095/6467 4090/6466
f 4108/6476 4096/6477 4083/6478
f 4083/6478 4096/6477 4090/6466
f 3993/6479 4089/6480 4065/6481
f 3993/6479 4065/6481 4077/6482
f 4077/6482 4065/6481 4089/6480
f 4077/6482 4089/6480 4118/6483
f 4118/6483 4089/6480 4114/6484
f 4077/6482 4118/6483 4080/6485
f 4080/6485 4118/6483 4078/6486
f 4080/6485 4078/6486 4097/6487
f 4080/6485 4097/6487 4077/6482
f 4077/6482 4097/6487 4082/6488
f 4134/6489 4137/6490 4124/6491
f 4124/6491 4137/6490 4126/6492
f 4124/6491 4126/6492 4112/6493
f 4124/6491 4112/6493 4094/6494
f 4112/6493 4126/6492 4108/6495
f 4094/6494 4112/6493 4081/6496
f 4081/6496 4112/6493 4108/6495
f 4081/6496 4108/6495 4079/6497
f 4081/6496 4079/6497 4068/6498
f 4068/6498 4079/6497 4075/6499
f 4134/6500 4124/6501 4109/6502
f 4134/6500 4109/6502 4119/6503
f 4119/6503 4109/6502 4098/6504
f 4119/6503 4098/6504 4107/6505
f 4107/6505 4098/6504 4075/6506
f 4107/6505 4075/6506 4083/6507
f 4083/6507 4075/6506 4079/6508
f 4083/6507 4079/6508 4108/6509
f 4114/6510 4115/6511 4118/6512
f 4118/6512 4115/6511 4106/6513
f 4118/6512 4106/6513 4116/6514
f 4118/6512 4116/6514 4132/6515
f 4132/6515 4116/6514 4105/6516
f 4118/6512 4132/6515 4078/6517
f 4132/6515 4105/6516 4110/6518
f 4132/6515 4110/6518 4078/6517
f 4078/6517 4110/6518 4097/6519
f 4076/6520 4082/6521 4099/6522
f 4099/6522 4082/6521 4097/6523
f 4099/6522 4097/6523 4110/6524
f 4099/6522 4110/6524 4105/6525
f 4099/6522 4105/6525 4076/6520
f 4076/6520 4105/6525 4116/6526
o tripo_part_8
v 0.190626 0.443697 0.345919
v 0.190859 0.447688 0.345148
v 0.192280 0.406639 0.336462
v 0.192621 0.448172 0.371411
v 0.192722 0.410734 0.349900
v 0.194062 0.436660 0.346107
v 0.194189 0.436333 0.372391
v 0.195147 0.408375 0.386860
v 0.196116 0.416067 0.364865
v 0.196194 0.444709 0.348534
v 0.196780 0.442969 0.349860
v 0.197481 0.445231 0.359311
v 0.197970 0.406798 0.351195
v 0.198541 0.439714 0.347728
v 0.198909 0.444433 0.352823
v 0.198909 0.444433 0.352823
v 0.198909 0.444433 0.352823
v 0.198909 0.444433 0.352823
v 0.198909 0.444433 0.352823
v 0.198996 0.439728 0.369776
v 0.199254 0.447783 0.355536
v 0.199254 0.447783 0.355536
v 0.199254 0.447783 0.355536
v 0.199270 0.444351 0.365712
v 0.199300 0.445066 0.352421
v 0.199300 0.445066 0.352421
v 0.199300 0.445066 0.352421
v 0.199445 0.444044 0.355306
v 0.199529 0.444187 0.354781
v 0.199595 0.435753 0.352340
v 0.199835 0.443072 0.361699
v 0.200014 0.444520 0.355341
v 0.200084 0.407101 0.361838
v 0.200200 0.414662 0.362965
v 0.200210 0.444832 0.357477
v 0.200291 0.444880 0.354788
v 0.200388 0.434606 0.364665
v 0.201552 0.439711 0.357987
v 0.208711 0.407181 0.370578
v 0.218623 0.406046 0.344208
v 0.218644 0.401896 0.344538
v 0.188948 0.410595 0.370698
v 0.188723 0.446132 0.348474
v 0.187831 0.444359 0.374054
v 0.187615 0.407536 0.343769
v 0.187236 0.446464 0.370599
v 0.186942 0.440467 0.342509
v 0.186881 0.408066 0.375028
v 0.184903 0.439961 0.376615
v 0.182901 0.435546 0.343679
v 0.181928 0.436678 0.374456
v 0.180951 0.410845 0.347655
v 0.179807 0.444010 0.346901
v 0.178889 0.448677 0.347751
v 0.178333 0.407866 0.345261
v 0.178043 0.448244 0.371363
v 0.177423 0.407728 0.338201
v 0.176400 0.445653 0.353633
v 0.176248 0.446854 0.364549
v 0.175878 0.412054 0.367474
v 0.175383 0.440760 0.345796
v 0.173875 0.408571 0.370291
v 0.172984 0.411635 0.355357
v 0.172793 0.408465 0.349418
v 0.172736 0.444628 0.353645
v 0.172584 0.448946 0.362139
v 0.172322 0.407707 0.334003
v 0.172095 0.440823 0.368206
v 0.171925 0.444387 0.364118
v 0.171803 0.437010 0.351899
v 0.170913 0.436448 0.363847
v 0.169223 0.440680 0.356202
v 0.168685 0.408713 0.359730
v 0.166312 0.409050 0.378260
v 0.164201 0.408499 0.357899
vt 0.161405 0.182209
vt 0.165902 0.192294
vt 0.161405 0.194683
vt 0.168895 0.196217
vt 0.166521 0.185865
vt 0.953504 0.419612
vt 0.955004 0.425815
vt 0.938004 0.425301
vt 0.937616 0.430671
vt 0.935803 0.426485
vt 0.933861 0.432174
vt 0.932683 0.426726
vt 0.936322 0.420211
vt 0.934173 0.418663
vt 0.931025 0.421900
vt 0.938576 0.418007
vt 0.952416 0.413792
vt 0.936139 0.414979
vt 0.937779 0.412488
vt 0.931877 0.417562
vt 0.930193 0.418772
vt 0.929654 0.413479
vt 0.933743 0.413941
vt 0.931100 0.410522
vt 0.928872 0.407118
vt 0.929897 0.405208
vt 0.932856 0.409251
vt 0.931323 0.404199
vt 0.935185 0.410026
vt 0.933849 0.405144
vt 0.936739 0.405943
vt 0.949910 0.404968
vt 0.931982 0.400252
vt 0.934213 0.401192
vt 0.948732 0.400376
vt 0.930171 0.400787
vt 0.929758 0.401628
vt 0.928565 0.400002
vt 0.927288 0.398497
vt 0.928535 0.398705
vt 0.928408 0.398458
vt 0.929740 0.396450
vt 0.928360 0.398342
vt 0.927931 0.397899
vt 0.933239 0.397803
vt 0.941983 0.389605
vt 0.929998 0.392855
vt 0.945946 0.389423
vt 0.946826 0.394349
vt 0.947342 0.382071
vt 0.953416 0.387451
vt 0.955004 0.386436
vt 0.951894 0.397950
vt 0.952701 0.403750
vt 0.954843 0.404693
vt 0.950759 0.408568
vt 0.953919 0.413297
vt 0.164442 0.298940
vt 0.158736 0.302361
vt 0.156922 0.300061
vt 0.161287 0.297348
vt 0.167657 0.295239
vt 0.163263 0.294679
vt 0.168895 0.293396
vt 0.155551 0.295077
vt 0.155875 0.281909
vt 0.147411 0.277073
vt 0.149491 0.294148
vt 0.152808 0.297245
vt 0.148694 0.295048
vt 0.147942 0.296065
vt 0.152204 0.299132
vt 0.155123 0.300459
vt 0.152263 0.299530
vt 0.154032 0.302273
vt 0.157718 0.305502
vt 0.153044 0.300282
vt 0.151791 0.299619
vt 0.151924 0.301476
vt 0.152543 0.302774
vt 0.151747 0.300238
vt 0.150950 0.300769
vt 0.149535 0.302936
vt 0.147411 0.305015
vt 0.151142 0.301078
vt 0.151629 0.300710
vt 0.151791 0.300828
vt 0.151791 0.300577
vt 0.004968 0.005143
vt 0.003611 0.009935
vt 0.003611 0.003698
vt 0.009935 0.007378
vt 0.009552 0.007451
vt 0.009552 0.002408
vt 0.014519 0.002992
vt 0.014903 0.003110
vt 0.014519 0.004968
vt 0.002189 0.024587
vt 0.002484 0.023437
vt 0.002484 0.024838
vt 0.982325 0.412753
vt 0.964801 0.425964
vt 0.975263 0.412040
vt 0.958931 0.414203
vt 0.976604 0.400573
vt 0.979319 0.398044
vt 0.958931 0.391791
vt 0.971866 0.408573
vt 0.960554 0.404040
vt 0.972131 0.403902
s 1
usemtl Material
f 4145/6527 4199/6528 4211/6529
f 4211/6529 4199/6528 4210/6530
f 4199/6528 4145/6527 4185/6531
f 4199/6532 4185/6533 4188/6534
f 4188/6534 4185/6533 4144/6535
f 4188/6534 4144/6535 4186/6536
f 4186/6536 4144/6535 4157/6537
f 4186/6536 4157/6537 4181/6538
f 4188/6534 4186/6536 4205/6539
f 4188/6534 4205/6539 4199/6532
f 4186/6536 4181/6538 4206/6540
f 4186/6536 4206/6540 4205/6539
f 4206/6540 4181/6538 4193/6541
f 4199/6532 4205/6539 4208/6542
f 4199/6532 4208/6542 4210/6543
f 4205/6539 4206/6540 4209/6544
f 4205/6539 4209/6544 4208/6542
f 4210/6543 4208/6542 4207/6545
f 4207/6545 4208/6542 4209/6544
f 4206/6540 4193/6541 4203/6546
f 4203/6546 4193/6541 4196/6547
f 4203/6546 4196/6547 4195/6548
f 4206/6540 4203/6546 4202/6549
f 4206/6540 4202/6549 4209/6544
f 4203/6546 4195/6548 4191/6550
f 4203/6546 4191/6550 4202/6549
f 4191/6550 4195/6548 4180/6551
f 4191/6550 4180/6551 4139/6552
f 4191/6550 4139/6552 4190/6553
f 4191/6550 4190/6553 4202/6549
f 4190/6553 4139/6552 4138/6554
f 4198/6555 4209/6544 4202/6549
f 4198/6555 4202/6549 4190/6553
f 4209/6544 4198/6555 4207/6545
f 4190/6553 4138/6554 4184/6556
f 4190/6553 4184/6556 4198/6555
f 4207/6545 4198/6555 4187/6557
f 4187/6557 4198/6555 4184/6556
f 4207/6545 4187/6557 4192/6558
f 4184/6556 4138/6554 4151/6559
f 4187/6557 4184/6556 4143/6560
f 4143/6560 4184/6556 4151/6559
f 4187/6557 4143/6560 4182/6561
f 4187/6557 4182/6561 4192/6558
f 4151/6559 4138/6554 4148/6562
f 4148/6562 4138/6554 4147/6563
f 4148/6562 4147/6563 4153/6564
f 4148/6562 4153/6564 4158/6565
f 4148/6562 4158/6565 4166/6566
f 4166/6566 4158/6565 4165/6567
f 4148/6562 4166/6566 4175/6568
f 4148/6562 4175/6568 4151/6559
f 4175/6568 4166/6566 4169/6569
f 4175/6568 4169/6569 4165/6570
f 4151/6559 4175/6568 4167/6571
f 4151/6559 4167/6571 4143/6560
f 4171/6572 4175/6568 4174/6573
f 4175/6568 4171/6572 4170/6574
f 4175/6568 4170/6574 4167/6571
f 4167/6571 4170/6574 4150/6575
f 4167/6571 4150/6575 4143/6560
f 4150/6575 4170/6574 4176/6576
f 4143/6560 4150/6575 4182/6561
f 4150/6575 4176/6576 4177/6577
f 4177/6577 4176/6576 4178/6578
f 4182/6561 4150/6575 4140/6579
f 4177/6577 4178/6578 4140/6579
f 4177/6577 4140/6579 4150/6575
f 4182/6561 4140/6579 4192/6558
f 4192/6558 4140/6579 4194/6580
s 0
f 4194/6580 4140/6579 4204/6581
s 1
f 4194/6580 4204/6581 4192/6558
f 4192/6558 4204/6581 4201/6582
f 4192/6558 4201/6582 4207/6545
f 4201/6582 4204/6581 4212/6583
f 4207/6545 4201/6582 4210/6543
f 4210/6543 4201/6582 4212/6583
f 4181/6584 4157/6585 4161/6586
f 4181/6584 4161/6586 4141/6587
f 4181/6584 4141/6587 4193/6588
f 4193/6588 4141/6587 4183/6589
f 4193/6588 4183/6589 4196/6590
f 4183/6589 4141/6587 4149/6591
f 4183/6589 4149/6591 4146/6592
f 4146/6592 4149/6591 4142/6593
f 4142/6593 4149/6591 4180/6594
f 4149/6591 4141/6587 4158/6595
f 4149/6591 4158/6595 4180/6594
f 4158/6595 4141/6587 4161/6586
f 4180/6594 4158/6595 4139/6596
f 4139/6596 4158/6595 4138/6597
f 4158/6595 4161/6586 4173/6598
f 4173/6598 4161/6586 4168/6599
f 4168/6599 4161/6586 4157/6585
f 4173/6598 4168/6599 4169/6600
f 4168/6599 4157/6585 4175/6601
f 4175/6601 4157/6585 4174/6602
f 4169/6600 4168/6599 4172/6603
f 4172/6603 4168/6599 4175/6601
f 4169/6600 4172/6603 4165/6604
f 4172/6603 4175/6601 4158/6605
f 4158/6605 4175/6601 4165/6606
f 4172/6603 4158/6605 4173/6607
f 4172/6603 4173/6607 4165/6604
f 4165/6604 4173/6607 4162/6608
f 4162/6608 4173/6607 4147/6609
f 4162/6608 4147/6609 4138/6610
f 4147/6609 4173/6607 4153/6611
f 4153/6611 4173/6607 4166/6612
f 4153/6611 4166/6612 4165/6613
f 4166/6612 4173/6607 4169/6614
f 4152/6615 4138/6616 4159/6617
f 4155/6618 4163/6619 4138/6620
f 4154/6621 4162/6622 4160/6623
f 4156/6624 4165/6625 4164/6626
f 4142/6627 4180/6628 4189/6629
f 4189/6629 4180/6628 4195/6630
f 4142/6627 4189/6629 4179/6631
f 4142/6627 4179/6631 4146/6632
f 4146/6632 4179/6631 4183/6633
f 4189/6629 4195/6630 4200/6634
f 4189/6629 4200/6634 4179/6631
f 4200/6634 4195/6630 4196/6635
f 4183/6633 4179/6631 4197/6636
f 4183/6633 4197/6636 4196/6635
f 4197/6636 4179/6631 4200/6634
f 4197/6636 4200/6634 4196/6635
o tripo_part_9
v 0.096172 0.410203 0.240658
v 0.096584 0.447372 0.263495
v 0.096643 0.417209 0.229918
v 0.096840 0.447328 0.240975
v 0.097098 0.435784 0.230487
v 0.097351 0.439302 0.227952
v 0.097504 0.427583 0.226220
v 0.098093 0.440336 0.236791
v 0.098376 0.408199 0.237488
v 0.098630 0.434948 0.237041
v 0.098659 0.421331 0.230972
v 0.099056 0.408586 0.264733
v 0.099206 0.415443 0.237470
v 0.099982 0.448593 0.267089
v 0.100240 0.409233 0.268094
v 0.100638 0.404796 0.267684
v 0.101299 0.447805 0.237278
v 0.103668 0.439705 0.267689
v 0.105169 0.446600 0.243374
v 0.105428 0.408947 0.239553
v 0.105461 0.403272 0.242635
v 0.106076 0.440877 0.238747
v 0.107593 0.408044 0.246821
v 0.108196 0.408071 0.257749
v 0.109476 0.447969 0.256083
v 0.110849 0.403772 0.256948
v 0.111182 0.448192 0.246702
v 0.111352 0.408617 0.246585
v 0.112155 0.443471 0.258572
v 0.112317 0.409666 0.259366
v 0.113664 0.439636 0.248601
v 0.095553 0.427391 0.222728
v 0.092863 0.404136 0.240387
v 0.092821 0.442628 0.267518
v 0.090305 0.413712 0.238316
v 0.090303 0.417929 0.238795
v 0.090012 0.409801 0.261785
v 0.089437 0.406238 0.266095
v 0.088639 0.436561 0.240108
v 0.088592 0.447040 0.246212
v 0.087407 0.417899 0.231476
v 0.087351 0.446708 0.255934
v 0.086874 0.427190 0.228001
v 0.086839 0.426981 0.224210
v 0.086343 0.419709 0.238635
v 0.086311 0.437073 0.230197
v 0.085715 0.422498 0.242968
v 0.085369 0.408845 0.249577
v 0.085139 0.448419 0.244797
v 0.085019 0.449127 0.257094
v 0.084461 0.446058 0.259390
v 0.083876 0.441707 0.244633
v 0.083318 0.408783 0.259473
v 0.083318 0.405328 0.249679
v 0.083018 0.440967 0.257673
v 0.082014 0.409044 0.249656
v 0.078092 0.423696 0.237847
vt 0.750425 0.192139
vt 0.738069 0.193038
vt 0.750986 0.187406
vt 0.752386 0.192272
vt 0.750145 0.198686
vt 0.752578 0.198700
vt 0.735149 0.197359
vt 0.736373 0.188674
vt 0.733291 0.190856
vt 0.732834 0.197196
vt 0.737154 0.183056
vt 0.750838 0.183188
vt 0.750750 0.178868
vt 0.735473 0.178057
vt 0.735090 0.183911
vt 0.733601 0.183321
vt 0.732834 0.178706
vt 0.280877 0.747610
vt 0.278253 0.745649
vt 0.281600 0.740636
vt 0.278607 0.737539
vt 0.281290 0.735667
vt 0.296478 0.742376
vt 0.299058 0.747610
vt 0.296139 0.734870
vt 0.300577 0.741521
vt 0.301300 0.746490
vt 0.285537 0.732098
vt 0.301241 0.735180
vt 0.295475 0.730388
vt 0.285787 0.729724
vt 0.298586 0.731627
vt 0.294015 0.726569
vt 0.305472 0.732320
vt 0.305502 0.730624
vt 0.303939 0.729267
vt 0.302627 0.727409
vt 0.296611 0.726525
vt 0.296124 0.724151
vt 0.298601 0.722175
vt 0.298675 0.724254
vt 0.298277 0.727218
vt 0.300651 0.723133
vt 0.299869 0.718533
vt 0.303806 0.721732
vt 0.304529 0.722219
vt 0.605381 0.166361
vt 0.606472 0.163308
vt 0.608743 0.168160
vt 0.611677 0.167275
vt 0.607504 0.171050
vt 0.612149 0.173896
vt 0.618770 0.166287
vt 0.623208 0.164105
vt 0.625906 0.159475
vt 0.619787 0.168941
vt 0.617738 0.177434
vt 0.625906 0.184910
vt 0.621616 0.186282
vt 0.616971 0.178835
vt 0.614744 0.178039
vt 0.611250 0.176638
vt 0.607814 0.176034
vt 0.604393 0.173483
vt 0.603582 0.179573
vt 0.605661 0.179632
vt 0.608684 0.180900
vt 0.611515 0.180973
vt 0.603066 0.185014
vt 0.609377 0.181784
vt 0.474397 0.611004
vt 0.469841 0.609898
vt 0.471212 0.608925
vt 0.464592 0.606772
vt 0.469915 0.592499
vt 0.464238 0.593118
vt 0.465712 0.585347
vt 0.458576 0.592440
vt 0.458413 0.609161
vt 0.460183 0.611004
vt 0.455966 0.609898
vt 0.661085 0.111079
vt 0.661351 0.106346
vt 0.662560 0.111404
vt 0.677851 0.107865
vt 0.680549 0.103780
vt 0.678205 0.113394
vt 0.662545 0.115916
vt 0.661115 0.116225
vt 0.676553 0.119410
vt 0.680549 0.123672
vt 0.662501 0.124188
vt 0.662058 0.120369
vt 0.660790 0.122433
s 1
usemtl Material
f 4227/6637 4230/6638 4250/6639
f 4227/6637 4250/6639 4228/6640
f 4227/6637 4228/6640 4242/6641
f 4227/6637 4242/6641 4230/6638
f 4242/6641 4228/6640 4238/6642
f 4230/6638 4242/6641 4241/6643
f 4250/6639 4230/6638 4246/6644
f 4246/6644 4230/6638 4241/6643
f 4246/6644 4241/6643 4226/6645
f 4226/6645 4241/6643 4237/6646
f 4250/6639 4246/6644 4267/6647
f 4250/6639 4267/6647 4265/6648
f 4265/6648 4267/6647 4268/6649
f 4268/6649 4267/6647 4264/6650
f 4267/6647 4246/6644 4263/6651
f 4263/6651 4246/6644 4226/6645
f 4267/6647 4263/6651 4264/6650
f 4263/6651 4226/6645 4262/6652
f 4264/6650 4263/6651 4261/6653
f 4261/6653 4263/6651 4262/6652
f 4242/6654 4238/6655 4240/6656
f 4240/6656 4238/6655 4233/6657
f 4240/6656 4233/6657 4232/6658
f 4242/6654 4240/6656 4243/6659
f 4242/6654 4243/6659 4241/6660
f 4240/6656 4232/6658 4234/6661
f 4240/6656 4234/6661 4243/6659
f 4241/6660 4243/6659 4239/6662
f 4241/6660 4239/6662 4237/6663
f 4239/6662 4243/6659 4234/6661
f 4234/6661 4232/6658 4225/6664
f 4239/6662 4234/6661 4229/6665
f 4234/6661 4225/6664 4222/6666
f 4222/6666 4225/6664 4248/6667
f 4229/6665 4234/6661 4220/6668
f 4220/6668 4234/6661 4222/6666
f 4222/6666 4248/6667 4251/6669
f 4229/6665 4220/6668 4261/6670
f 4261/6670 4220/6668 4264/6671
f 4264/6671 4220/6668 4251/6672
f 4251/6672 4220/6668 4258/6673
f 4222/6666 4251/6669 4217/6674
f 4217/6674 4251/6669 4258/6675
f 4217/6674 4258/6675 4255/6676
f 4217/6674 4255/6676 4219/6677
f 4222/6666 4217/6674 4218/6678
f 4222/6666 4218/6678 4220/6668
f 4218/6678 4217/6674 4219/6677
f 4220/6668 4218/6678 4258/6673
f 4218/6678 4219/6677 4244/6679
f 4218/6678 4244/6679 4258/6673
f 4244/6679 4219/6677 4215/6680
f 4244/6679 4215/6680 4256/6681
f 4244/6679 4256/6681 4258/6673
f 4258/6673 4256/6681 4255/6682
f 4232/6683 4233/6684 4221/6685
f 4221/6685 4233/6684 4245/6686
f 4232/6683 4221/6685 4225/6687
f 4221/6685 4245/6686 4247/6688
f 4221/6685 4247/6688 4225/6687
f 4247/6688 4245/6686 4266/6689
f 4265/6690 4266/6689 4250/6691
f 4266/6689 4265/6690 4268/6692
f 4266/6689 4268/6692 4247/6688
f 4247/6688 4268/6692 4259/6693
f 4259/6693 4268/6692 4264/6694
f 4259/6693 4264/6694 4251/6695
f 4259/6693 4251/6695 4269/6696
f 4269/6696 4251/6695 4257/6697
f 4269/6696 4257/6697 4259/6693
f 4257/6697 4251/6695 4248/6698
f 4257/6697 4248/6698 4259/6693
f 4259/6693 4248/6698 4247/6688
f 4253/6699 4225/6687 4247/6688
f 4253/6699 4247/6688 4248/6698
f 4225/6687 4253/6699 4215/6700
f 4215/6700 4253/6699 4256/6701
f 4256/6701 4253/6699 4255/6702
f 4255/6702 4253/6699 4248/6698
f 4255/6702 4248/6698 4223/6703
f 4223/6703 4248/6698 4225/6704
f 4255/6702 4223/6703 4219/6705
f 4223/6703 4225/6704 4215/6706
f 4223/6703 4215/6706 4219/6705
f 4262/6707 4226/6708 4214/6709
f 4214/6709 4226/6708 4237/6710
f 4214/6709 4237/6710 4224/6711
f 4224/6711 4237/6710 4236/6712
f 4224/6711 4236/6712 4260/6713
f 4260/6713 4236/6712 4235/6714
f 4235/6714 4236/6712 4237/6710
f 4235/6714 4237/6710 4231/6715
f 4231/6715 4237/6710 4239/6716
f 4231/6715 4239/6716 4229/6717
f 4262/6718 4214/6719 4254/6720
f 4254/6720 4214/6719 4249/6721
f 4249/6721 4214/6719 4224/6722
f 4249/6721 4224/6722 4260/6723
f 4249/6721 4260/6723 4254/6720
f 4262/6718 4254/6720 4252/6724
f 4252/6724 4254/6720 4260/6723
f 4262/6718 4252/6724 4261/6725
f 4252/6724 4260/6723 4213/6726
f 4213/6726 4260/6723 4235/6727
f 4213/6726 4235/6727 4231/6728
f 4252/6724 4213/6726 4216/6729
f 4252/6724 4216/6729 4261/6725
f 4216/6729 4213/6726 4231/6728
f 4261/6725 4216/6729 4229/6730
f 4229/6730 4216/6729 4231/6728
o tripo_part_10
v -0.043564 0.461326 0.043193
v -0.042578 0.475021 0.053723
v -0.041604 0.487005 0.047878
v -0.041256 0.422800 0.070143
v -0.041040 0.461258 0.056284
v -0.038639 0.457233 0.062448
v -0.038482 0.461067 0.048643
v -0.037234 0.453229 0.037497
v -0.036978 0.465538 0.046206
v -0.035796 0.465988 0.051151
v -0.034021 0.430117 0.042740
v -0.033957 0.429787 0.054686
v -0.031473 0.457967 0.042272
v -0.031451 0.426949 0.038913
v -0.030818 0.454633 0.052755
v -0.030654 0.426909 0.032660
v -0.030565 0.426806 0.064331
v -0.026694 0.422674 0.060701
v -0.024732 0.422302 0.042202
v -0.023816 0.426905 0.048283
v -0.045433 0.463879 0.040076
v -0.045455 0.457119 0.034609
v -0.045481 0.430349 0.061768
v -0.045493 0.426922 0.070528
v -0.046073 0.488699 0.053968
v -0.046342 0.429464 0.036694
v -0.046459 0.487886 0.045055
v -0.046735 0.466129 0.056636
v -0.046959 0.472471 0.044636
v -0.047816 0.472359 0.053146
v -0.047905 0.426542 0.029446
v -0.048230 0.422306 0.027876
v -0.048634 0.455294 0.062694
v -0.051789 0.461937 0.050811
v -0.051931 0.455236 0.036589
v -0.052500 0.463997 0.050114
v -0.054438 0.448011 0.059185
v -0.056029 0.430231 0.053700
v -0.056539 0.429779 0.044866
v -0.057345 0.456318 0.054193
v -0.058557 0.457312 0.044454
v -0.059185 0.427357 0.065260
v -0.059839 0.422884 0.066107
v -0.063144 0.426865 0.037187
v -0.064349 0.422409 0.039468
v -0.066072 0.427040 0.053842
vt 0.140827 0.125405
vt 0.138851 0.127676
vt 0.132260 0.123223
vt 0.131641 0.124535
vt 0.146637 0.125892
vt 0.149025 0.123223
vt 0.141505 0.131716
vt 0.148214 0.130404
vt 0.145929 0.143866
vt 0.142700 0.144058
vt 0.002342 0.832368
vt 0.003765 0.832256
vt 0.007636 0.842426
vt 0.006830 0.828893
vt 0.012589 0.835087
vt 0.005565 0.850175
vt 0.012678 0.842714
vt 0.017521 0.852202
vt 0.039740 0.850228
vt 0.010131 0.852832
vt 0.009623 0.864262
vt 0.037440 0.858788
vt 0.012323 0.865150
vt 0.005690 0.878766
vt 0.016994 0.865041
vt 0.039359 0.864872
vt 0.035632 0.872536
vt 0.013812 0.877654
vt 0.009827 0.881081
vt 0.007646 0.892922
vt 0.012116 0.886395
vt 0.005957 0.886987
vt 0.003634 0.886430
vt 0.002342 0.894152
vt 0.945649 0.764219
vt 0.942262 0.747893
vt 0.948133 0.760445
vt 0.947990 0.754888
vt 0.947068 0.744424
vt 0.951318 0.757651
vt 0.951391 0.765362
vt 0.944954 0.770187
vt 0.951756 0.772884
vt 0.946016 0.773962
vt 0.946931 0.778140
vt 0.949691 0.778312
vt 0.942262 0.791076
vt 0.953459 0.771216
vt 0.957025 0.773732
vt 0.952088 0.765745
vt 0.958730 0.769606
vt 0.356643 0.965049
vt 0.356201 0.960846
vt 0.359342 0.960640
vt 0.356953 0.958885
vt 0.360920 0.965550
vt 0.359755 0.978600
vt 0.365623 0.976373
vt 0.365092 0.961510
vt 0.362866 0.958664
vt 0.368838 0.958885
vt 0.358354 0.956895
vt 0.366936 0.954108
vt 0.363470 0.954742
vt 0.366965 0.952899
vt 0.363043 0.951572
vt 0.360079 0.951690
vt 0.356201 0.946175
vt 0.358796 0.944995
vt 0.312971 0.327856
vt 0.313531 0.323019
vt 0.317424 0.323388
vt 0.312971 0.314275
vt 0.316274 0.316045
vt 0.317985 0.314526
vt 0.323160 0.324936
vt 0.325372 0.323491
s 1
usemtl Material
f 4273/6731 4293/6732 4312/6733
f 4312/6733 4293/6732 4311/6734
f 4293/6732 4273/6731 4286/6735
f 4286/6735 4273/6731 4287/6736
f 4293/6732 4286/6735 4292/6737
f 4292/6737 4286/6735 4281/6738
f 4292/6737 4281/6738 4275/6739
f 4292/6737 4275/6739 4302/6740
f 4312/6741 4311/6742 4315/6743
f 4315/6743 4311/6742 4293/6744
f 4315/6743 4293/6744 4292/6745
f 4312/6741 4315/6743 4314/6746
f 4315/6743 4292/6745 4307/6747
f 4315/6743 4307/6747 4308/6748
f 4308/6748 4307/6747 4310/6749
f 4314/6746 4315/6743 4313/6750
f 4313/6750 4315/6743 4308/6748
f 4314/6746 4313/6750 4301/6751
f 4308/6748 4310/6749 4304/6752
f 4301/6751 4313/6750 4300/6753
f 4300/6753 4313/6750 4308/6748
f 4301/6751 4300/6753 4285/6754
f 4308/6748 4304/6752 4295/6755
f 4308/6748 4295/6755 4300/6753
f 4295/6755 4304/6752 4291/6756
f 4295/6755 4291/6756 4277/6757
f 4295/6755 4277/6757 4280/6758
f 4295/6755 4280/6758 4300/6753
f 4285/6754 4300/6753 4283/6759
f 4283/6759 4300/6753 4280/6758
f 4283/6759 4280/6758 4286/6760
f 4286/6760 4280/6758 4281/6761
f 4285/6754 4283/6759 4289/6762
f 4289/6762 4283/6759 4286/6760
f 4285/6754 4289/6762 4288/6763
f 4289/6762 4286/6760 4287/6764
f 4289/6762 4287/6764 4288/6763
f 4310/6765 4307/6766 4309/6767
f 4309/6767 4307/6766 4306/6768
f 4306/6768 4307/6766 4292/6769
f 4306/6768 4292/6769 4302/6770
f 4306/6768 4302/6770 4309/6767
f 4309/6767 4302/6770 4303/6771
f 4309/6767 4303/6771 4310/6765
f 4310/6765 4303/6771 4304/6772
f 4304/6772 4303/6771 4270/6773
f 4304/6772 4270/6773 4291/6774
f 4291/6774 4270/6773 4277/6775
f 4277/6775 4270/6773 4282/6776
f 4277/6775 4282/6776 4280/6777
f 4270/6773 4303/6771 4290/6778
f 4270/6773 4290/6778 4278/6779
f 4290/6778 4303/6771 4305/6780
f 4278/6779 4290/6778 4298/6781
f 4298/6781 4290/6778 4305/6780
f 4282/6782 4270/6783 4276/6784
f 4276/6784 4270/6783 4278/6785
f 4282/6782 4276/6784 4284/6786
f 4282/6782 4284/6786 4280/6787
f 4280/6787 4284/6786 4281/6788
f 4281/6788 4284/6786 4275/6789
f 4275/6789 4284/6786 4276/6784
f 4276/6784 4278/6785 4274/6790
f 4276/6784 4274/6790 4275/6789
f 4275/6789 4274/6790 4302/6791
f 4274/6790 4278/6785 4279/6792
f 4302/6791 4274/6790 4303/6793
f 4303/6793 4274/6790 4297/6794
f 4303/6793 4297/6794 4305/6795
f 4305/6795 4297/6794 4299/6796
f 4297/6794 4274/6790 4271/6797
f 4271/6797 4274/6790 4279/6792
f 4297/6794 4271/6797 4299/6796
f 4271/6797 4279/6792 4272/6798
f 4299/6796 4271/6797 4294/6799
f 4294/6799 4271/6797 4272/6798
f 4305/6800 4299/6801 4298/6802
f 4298/6802 4299/6801 4294/6803
f 4298/6802 4294/6803 4296/6804
f 4296/6804 4294/6803 4272/6805
f 4296/6804 4272/6805 4298/6802
f 4298/6802 4272/6805 4278/6806
f 4278/6806 4272/6805 4279/6807
o tripo_part_11
v 0.053578 0.445598 0.335245
v 0.054419 0.412734 0.303995
v 0.054766 0.415315 0.334773
v 0.055312 0.441051 0.303979
v 0.057324 0.449937 0.334478
v 0.061617 0.448174 0.304714
v 0.063126 0.415976 0.305342
v 0.063136 0.446225 0.333890
v 0.066497 0.410352 0.330919
v 0.066745 0.409507 0.311678
v 0.067702 0.415540 0.331022
v 0.068353 0.447627 0.309089
v 0.069963 0.447019 0.327166
v 0.071036 0.415189 0.313149
v 0.072104 0.446407 0.318068
v 0.048334 0.446268 0.305457
v 0.047974 0.410401 0.308743
v 0.047699 0.450513 0.307549
v 0.046765 0.412644 0.331739
v 0.044629 0.446411 0.330621
v 0.044104 0.420959 0.309239
v 0.042986 0.442354 0.311426
v 0.042071 0.411803 0.325376
v 0.040932 0.411586 0.317653
v 0.040823 0.441968 0.320691
v 0.040793 0.446335 0.317064
v 0.040587 0.420197 0.319918
v 0.040000 0.423596 0.320408
v 0.035843 0.422986 0.310920
v 0.034164 0.444627 0.308158
v 0.033609 0.441770 0.318446
v 0.031430 0.445290 0.319233
v 0.031116 0.432878 0.307831
v 0.030397 0.425869 0.317825
v 0.027259 0.433593 0.308684
v 0.026841 0.434289 0.319238
vt 0.016689 0.901652
vt 0.031936 0.888414
vt 0.033856 0.895213
vt 0.035693 0.891785
vt 0.031300 0.881779
vt 0.011712 0.894584
vt 0.010169 0.897059
vt 0.016402 0.908091
vt 0.036702 0.901714
vt 0.018408 0.915172
vt 0.035259 0.911588
vt 0.026206 0.918297
vt 0.038498 0.913160
vt 0.031658 0.920349
vt 0.031106 0.927485
vt 0.022173 0.918618
vt 0.015919 0.917473
vt 0.027408 0.928906
vt 0.030711 0.935437
vt 0.029656 0.936376
vt 0.024655 0.931303
vt 0.024806 0.923611
vt 0.021212 0.924414
vt 0.022321 0.930828
vt 0.018108 0.922679
vt 0.011918 0.921083
vt 0.010169 0.924499
vt 0.047191 0.693800
vt 0.047000 0.712748
vt 0.041647 0.695216
vt 0.035837 0.693771
vt 0.036870 0.711229
vt 0.046778 0.716036
vt 0.030382 0.693815
vt 0.035056 0.714576
vt 0.030898 0.711111
vt 0.025339 0.696941
vt 0.026799 0.714311
vt 0.025339 0.717805
vt 0.088034 0.486862
vt 0.083877 0.486882
vt 0.083125 0.481130
vt 0.072847 0.499235
vt 0.086637 0.480012
vt 0.072394 0.488859
vt 0.079572 0.477219
vt 0.084068 0.474521
vt 0.075808 0.476856
vt 0.074074 0.471373
vt 0.078402 0.470099
vt 0.072394 0.463545
vt 0.073492 0.462594
vt 0.082792 0.467510
vt 0.086700 0.471575
vt 0.093141 0.469949
vt 0.085059 0.467158
s 1
usemtl Material
f 4318/6808 4323/6809 4316/6810
f 4316/6810 4323/6809 4320/6811
f 4320/6811 4323/6809 4328/6812
f 4328/6812 4323/6809 4326/6813
f 4326/6813 4323/6809 4318/6808
f 4326/6813 4318/6808 4324/6814
f 4324/6814 4318/6808 4334/6815
f 4334/6815 4318/6808 4316/6810
f 4316/6810 4320/6811 4335/6816
f 4316/6810 4335/6816 4334/6815
f 4334/6815 4335/6816 4338/6817
f 4338/6817 4335/6816 4340/6818
f 4338/6817 4340/6818 4343/6819
f 4343/6819 4340/6818 4337/6820
f 4343/6819 4337/6820 4336/6821
f 4343/6819 4336/6821 4348/6822
f 4338/6817 4343/6819 4342/6823
f 4338/6817 4342/6823 4339/6824
f 4343/6819 4348/6822 4351/6825
f 4351/6825 4348/6822 4346/6826
f 4351/6825 4346/6826 4347/6827
f 4351/6825 4347/6827 4350/6828
f 4343/6819 4351/6825 4349/6829
f 4349/6829 4351/6825 4350/6828
f 4343/6819 4349/6829 4342/6823
f 4349/6829 4350/6828 4344/6830
f 4349/6829 4344/6830 4342/6823
f 4344/6830 4350/6828 4348/6831
f 4344/6830 4348/6831 4336/6832
f 4344/6830 4336/6832 4342/6823
f 4342/6823 4336/6832 4339/6824
f 4339/6824 4336/6832 4332/6833
f 4332/6833 4336/6832 4317/6834
f 4328/6835 4326/6836 4330/6837
f 4328/6835 4330/6837 4327/6838
f 4330/6837 4326/6836 4329/6839
f 4330/6837 4329/6839 4327/6838
f 4329/6839 4326/6836 4324/6840
f 4327/6838 4329/6839 4321/6841
f 4329/6839 4324/6840 4325/6842
f 4321/6841 4329/6839 4322/6843
f 4322/6843 4329/6839 4325/6842
f 4321/6841 4322/6843 4319/6844
f 4319/6844 4322/6843 4317/6845
f 4317/6845 4322/6843 4325/6842
f 4317/6845 4325/6842 4332/6846
f 4321/6847 4319/6848 4331/6849
f 4331/6849 4319/6848 4317/6850
f 4321/6847 4331/6849 4333/6851
f 4331/6849 4317/6850 4336/6852
f 4331/6849 4336/6852 4337/6853
f 4333/6851 4331/6849 4341/6854
f 4341/6854 4331/6849 4337/6853
f 4340/6855 4346/6856 4337/6853
f 4337/6853 4346/6856 4345/6857
f 4337/6853 4345/6857 4341/6854
f 4345/6857 4346/6856 4348/6858
f 4345/6857 4348/6858 4350/6859
f 4345/6857 4350/6859 4347/6860
f 4345/6857 4347/6860 4341/6854
f 4341/6854 4347/6860 4340/6861
f 4341/6854 4340/6861 4335/6862
f 4340/6861 4347/6860 4346/6863
o tripo_part_12
v 0.073850 0.474775 0.369688
v 0.076705 0.481656 0.368340
v 0.077415 0.473497 0.367520
v 0.079831 0.447345 0.350568
v 0.080390 0.410440 0.348403
v 0.080510 0.447373 0.385452
v 0.081006 0.414052 0.357587
v 0.081233 0.414384 0.378997
v 0.082916 0.412569 0.387992
v 0.086116 0.413652 0.367281
v 0.087369 0.446485 0.355527
v 0.089621 0.446368 0.377684
v 0.092558 0.446284 0.367218
v 0.094706 0.410572 0.366179
v 0.072552 0.475038 0.366022
v 0.070732 0.413927 0.356006
v 0.070354 0.446669 0.349818
v 0.070238 0.481260 0.367086
v 0.067989 0.447367 0.386127
v 0.065805 0.415084 0.379420
v 0.065437 0.413595 0.351499
v 0.061615 0.414493 0.362122
v 0.061601 0.447572 0.353857
v 0.061266 0.413850 0.386228
v 0.060566 0.414787 0.371488
v 0.058657 0.448300 0.378350
v 0.055129 0.447460 0.366054
v 0.053204 0.413272 0.361068
v 0.051722 0.413925 0.373129
vt 0.741055 0.345561
vt 0.736130 0.362120
vt 0.732960 0.358508
vt 0.737738 0.338115
vt 0.740628 0.365792
vt 0.724953 0.377352
vt 0.741557 0.371469
vt 0.761183 0.375804
vt 0.742559 0.377721
vt 0.761271 0.382498
vt 0.739669 0.382277
vt 0.722904 0.379933
vt 0.720088 0.379579
vt 0.719881 0.382498
vt 0.254890 0.975094
vt 0.258311 0.979930
vt 0.242002 0.987303
vt 0.242917 0.989057
vt 0.241132 0.991019
vt 0.239790 0.989913
vt 0.239525 0.986801
vt 0.249227 0.973501
vt 0.252265 0.957488
vt 0.251675 0.953138
vt 0.257426 0.953905
vt 0.246455 0.952976
vt 0.246544 0.956957
vt 0.242990 0.972218
vt 0.240425 0.956942
vt 0.241353 0.952858
vt 0.236886 0.953890
vt 0.236148 0.972292
vt 0.234379 0.956116
vt 0.231636 0.972498
vt 0.227227 0.974577
vt 0.229115 0.955674
vt 0.222421 0.972867
vt 0.230988 0.951914
vt 0.222421 0.951088
vt 0.224249 0.955541
vt 0.632665 0.063806
vt 0.633358 0.079480
vt 0.627268 0.065752
vt 0.633358 0.059677
vt 0.623242 0.064543
vt 0.623095 0.074437
s 1
usemtl Material
f 4359/6864 4357/6865 4370/6866
f 4359/6864 4370/6866 4371/6867
f 4357/6865 4359/6864 4363/6868
f 4357/6865 4363/6868 4354/6869
f 4354/6869 4363/6868 4364/6870
f 4364/6870 4363/6868 4361/6871
f 4364/6870 4361/6871 4362/6872
f 4364/6870 4362/6872 4354/6869
f 4362/6872 4361/6871 4358/6873
f 4354/6869 4362/6872 4355/6874
f 4354/6869 4355/6874 4366/6875
f 4354/6869 4366/6875 4353/6876
f 4353/6876 4366/6875 4369/6877
f 4370/6878 4357/6879 4352/6880
f 4352/6880 4357/6879 4354/6881
f 4352/6880 4354/6881 4353/6882
f 4352/6880 4353/6882 4369/6883
f 4352/6880 4369/6883 4366/6884
f 4370/6878 4352/6880 4377/6885
f 4377/6885 4352/6880 4366/6884
f 4370/6878 4377/6885 4371/6886
f 4375/6887 4359/6888 4371/6886
f 4375/6887 4371/6886 4380/6889
f 4371/6886 4377/6885 4376/6890
f 4371/6886 4376/6890 4380/6889
f 4377/6885 4366/6884 4378/6891
f 4377/6885 4378/6891 4376/6890
f 4380/6889 4376/6890 4373/6892
f 4373/6892 4376/6890 4378/6891
f 4380/6889 4373/6892 4379/6893
f 4379/6893 4373/6892 4372/6894
f 4373/6892 4378/6891 4374/6895
f 4374/6895 4378/6891 4366/6884
f 4372/6894 4373/6892 4367/6896
f 4367/6896 4373/6892 4374/6895
f 4374/6895 4366/6884 4368/6897
f 4374/6895 4368/6897 4367/6896
f 4368/6897 4366/6884 4355/6898
f 4372/6894 4367/6896 4358/6899
f 4358/6899 4367/6896 4368/6897
f 4358/6899 4368/6897 4355/6898
f 4358/6899 4355/6898 4362/6900
f 4372/6894 4358/6899 4356/6901
f 4356/6901 4358/6899 4365/6902
f 4365/6902 4358/6899 4361/6903
f 4361/6904 4363/6905 4359/6906
f 4361/6904 4359/6906 4365/6907
f 4365/6907 4359/6906 4360/6908
f 4360/6908 4359/6906 4375/6909
o tripo_part_13
v 0.205780 0.423830 0.380046
v 0.207256 0.417377 0.370067
v 0.207813 0.426123 0.379537
v 0.208336 0.426120 0.378486
v 0.208899 0.438502 0.368303
v 0.209083 0.427750 0.379091
v 0.209815 0.426442 0.376484
v 0.210082 0.427478 0.377657
v 0.210245 0.426273 0.376540
v 0.210262 0.426757 0.377276
v 0.211098 0.425763 0.374865
v 0.211977 0.424133 0.369486
v 0.213759 0.426086 0.372206
v 0.203759 0.425529 0.377913
v 0.203651 0.439253 0.378188
v 0.201960 0.435608 0.375922
v 0.200388 0.434606 0.364665
v 0.200201 0.414662 0.362965
v 0.200084 0.407101 0.361838
v 0.199498 0.416503 0.375235
v 0.198996 0.439728 0.369776
v 0.197078 0.418236 0.369172
v 0.194633 0.414883 0.371367
v 0.194190 0.436333 0.372390
v 0.186882 0.408066 0.375029
vt 0.203049 0.025600
vt 0.196856 0.025593
vt 0.203410 0.024081
vt 0.201876 0.022784
vt 0.196325 0.023683
vt 0.192506 0.024973
vt 0.202982 0.027414
vt 0.193140 0.028225
vt 0.197151 0.030599
vt 0.203521 0.030385
vt 0.192838 0.032029
vt 0.203668 0.032236
vt 0.196487 0.035531
vt 0.192506 0.036637
vt 0.201869 0.037256
vt 0.202420 0.002796
vt 0.203643 0.001918
vt 0.206777 0.006917
vt 0.210212 0.008583
vt 0.210883 0.005841
vt 0.203267 0.009291
vt 0.207396 0.014142
vt 0.211119 0.015809
vt 0.198512 0.009262
vt 0.203953 0.017386
vt 0.195784 0.015890
vt 0.195784 0.007175
vt 0.198741 0.004904
vt 0.198726 0.004742
vt 0.198652 0.004617
vt 0.199795 0.002383
vt 0.197111 0.005376
vt 0.197465 0.004425
vt 0.197672 0.004720
vt 0.198991 0.003120
vt 0.198659 0.004433
vt 0.198468 0.003843
vt 0.188167 0.157842
vt 0.188174 0.163526
vt 0.183846 0.161278
vt 0.183846 0.172772
vt 0.189250 0.165672
vt 0.188550 0.173863
vt 0.193733 0.166697
s 1
usemtl Material
f 4383/6910 4395/6911 4381/6912
f 4381/6912 4395/6911 4394/6913
f 4394/6913 4395/6911 4396/6914
f 4396/6914 4395/6911 4404/6915
f 4395/6911 4383/6910 4387/6916
f 4404/6915 4395/6911 4401/6917
f 4395/6911 4387/6916 4385/6918
f 4395/6911 4385/6918 4401/6917
f 4385/6918 4387/6916 4393/6919
f 4401/6917 4385/6918 4397/6920
f 4385/6918 4393/6919 4392/6921
f 4397/6920 4385/6918 4396/6922
f 4396/6922 4385/6918 4392/6921
f 4397/6920 4396/6922 4404/6923
f 4396/6922 4392/6921 4394/6924
f 4381/6925 4394/6926 4400/6927
f 4400/6927 4394/6926 4403/6928
f 4403/6928 4394/6926 4402/6929
f 4400/6927 4403/6928 4382/6930
f 4400/6927 4382/6930 4381/6925
f 4382/6930 4403/6928 4398/6931
f 4398/6931 4403/6928 4399/6932
f 4382/6930 4398/6931 4392/6933
f 4392/6933 4398/6931 4402/6934
f 4392/6933 4402/6934 4394/6935
f 4382/6930 4392/6933 4393/6936
f 4382/6930 4393/6936 4381/6925
f 4381/6925 4393/6936 4389/6937
f 4381/6925 4389/6937 4390/6938
f 4390/6938 4389/6937 4393/6936
f 4381/6925 4390/6938 4388/6939
f 4388/6939 4390/6938 4393/6936
f 4381/6925 4388/6939 4383/6940
f 4388/6939 4393/6936 4391/6941
f 4391/6941 4393/6936 4387/6942
f 4388/6939 4391/6941 4389/6943
f 4389/6943 4391/6941 4387/6942
f 4389/6943 4387/6942 4388/6939
f 4384/6944 4387/6942 4383/6940
f 4383/6940 4388/6939 4386/6945
f 4386/6945 4388/6939 4387/6942
f 4383/6940 4386/6945 4384/6944
f 4386/6945 4387/6942 4381/6946
f 4386/6945 4381/6946 4384/6944
f 4384/6944 4381/6946 4387/6942
f 4399/6947 4403/6948 4405/6949
f 4405/6949 4403/6948 4404/6950
f 4404/6950 4403/6948 4402/6951
f 4404/6950 4402/6951 4397/6952
f 4397/6952 4402/6951 4398/6953
o tripo_part_14
v 0.129439 0.473687 0.332654
v 0.130612 0.415975 0.346157
v 0.131534 0.440314 0.349127
v 0.131641 0.453595 0.316702
v 0.132598 0.435632 0.315430
v 0.133721 0.453990 0.329765
v 0.134877 0.414425 0.320225
v 0.134983 0.407456 0.355841
v 0.135988 0.422492 0.338992
v 0.136077 0.459662 0.332410
v 0.136414 0.453660 0.341668
v 0.137047 0.422137 0.325641
v 0.139047 0.411831 0.348797
v 0.139485 0.411502 0.352703
v 0.139564 0.414839 0.338959
v 0.140423 0.451295 0.323339
v 0.141157 0.414485 0.330016
v 0.142348 0.410014 0.314018
v 0.143165 0.448533 0.339158
v 0.143439 0.434926 0.339028
v 0.143497 0.438174 0.324798
v 0.145125 0.410208 0.326176
v 0.146042 0.406329 0.347494
v 0.148099 0.410672 0.342454
v 0.149499 0.404536 0.324487
v 0.150733 0.409897 0.330892
v 0.151200 0.404915 0.332760
v 0.127928 0.456116 0.338220
v 0.127882 0.459334 0.324405
v 0.127223 0.470212 0.330795
v 0.126814 0.453740 0.328818
v 0.126760 0.405408 0.308911
v 0.126430 0.454041 0.344608
v 0.125220 0.422620 0.321816
v 0.125195 0.485951 0.330019
v 0.124872 0.410651 0.309592
v 0.124724 0.448353 0.318068
v 0.123083 0.460009 0.333933
v 0.122791 0.423875 0.341795
v 0.121455 0.412989 0.355612
v 0.121329 0.415410 0.319260
v 0.121256 0.485455 0.332500
v 0.119584 0.455273 0.326073
v 0.118298 0.416439 0.342941
v 0.117899 0.453982 0.339540
v 0.117042 0.424289 0.333274
v 0.116461 0.441359 0.343796
v 0.115855 0.433064 0.322128
v 0.113652 0.447327 0.324727
v 0.113355 0.415534 0.329879
v 0.112629 0.413504 0.345907
v 0.111992 0.442153 0.333028
v 0.111558 0.412350 0.321748
v 0.109555 0.406907 0.315802
v 0.107766 0.412135 0.318110
v 0.107646 0.408826 0.347714
v 0.105074 0.413487 0.342779
v 0.102664 0.408023 0.331364
vt 0.524012 0.430583
vt 0.527831 0.432116
vt 0.521859 0.436923
vt 0.529040 0.434121
vt 0.517347 0.446979
vt 0.514132 0.442099
vt 0.520827 0.444355
vt 0.528494 0.439607
vt 0.524720 0.445092
vt 0.523186 0.449560
vt 0.528598 0.444886
vt 0.529040 0.448970
vt 0.462029 0.979943
vt 0.464462 0.983512
vt 0.459744 0.984809
vt 0.456382 0.981742
vt 0.450852 0.984352
vt 0.461410 0.978056
vt 0.450543 0.980887
vt 0.446797 0.984367
vt 0.442875 0.979457
vt 0.449009 0.976419
vt 0.435886 0.976213
vt 0.443937 0.973337
vt 0.451118 0.973603
vt 0.455881 0.974709
vt 0.461130 0.974045
vt 0.456220 0.969356
vt 0.462737 0.969386
vt 0.447933 0.969548
vt 0.441327 0.968958
vt 0.461808 0.959285
vt 0.454583 0.961467
vt 0.448228 0.959713
vt 0.456072 0.954508
vt 0.448803 0.951912
vt 0.459729 0.950364
vt 0.464462 0.950689
vt 0.969520 0.562774
vt 0.970567 0.551376
vt 0.971510 0.560518
vt 0.974990 0.572550
vt 0.972454 0.574334
vt 0.979842 0.578522
vt 0.970169 0.575779
vt 0.979797 0.583683
vt 0.966394 0.569866
vt 0.964698 0.563201
vt 0.963946 0.578035
vt 0.957989 0.583683
vt 0.958756 0.576841
vt 0.957163 0.582341
vt 0.104318 0.235957
vt 0.101030 0.228555
vt 0.104318 0.222317
vt 0.101855 0.219206
vt 0.032289 0.263860
vt 0.028263 0.265762
vt 0.028278 0.252476
vt 0.204389 0.130071
vt 0.207898 0.125028
vt 0.208635 0.130425
vt 0.208635 0.137975
vt 0.201292 0.138107
vt 0.201985 0.146542
vt 0.194878 0.131280
vt 0.200761 0.125633
vt 0.197075 0.144005
vt 0.192253 0.146394
vt 0.192224 0.139552
vt 0.187992 0.137724
vt 0.188213 0.144772
vt 0.203437 0.460198
vt 0.207035 0.451970
vt 0.211119 0.459755
vt 0.205206 0.467187
vt 0.211119 0.469178
vt 0.206283 0.474397
vt 0.203437 0.471817
vt 0.001545 0.134273
vt 0.004361 0.124497
vt 0.007856 0.134922
vt 0.009935 0.124866
vt 0.004877 0.141631
vt 0.009935 0.143519
vt 0.007679 0.146542
vt 0.134123 0.217212
vt 0.126986 0.223538
vt 0.126986 0.213275
vt 0.133489 0.208970
vt 0.389178 0.029805
vt 0.390903 0.020176
vt 0.398187 0.021857
vt 0.395990 0.013010
vt 0.400193 0.015886
vt 0.401962 0.020589
vt 0.404852 0.017802
vt 0.400841 0.012686
vt 0.403171 0.006684
vt 0.395887 0.007009
vt 0.392658 0.007525
vt 0.390004 0.009899
vt 0.389193 0.002261
vt 0.393690 0.014971
vt 0.181314 0.236515
vt 0.179869 0.240452
vt 0.175077 0.240924
vt 0.173027 0.235926
vt 0.170860 0.240895
vt 0.170860 0.229010
vt 0.176374 0.231473
vt 0.343591 0.299506
vt 0.345242 0.312953
vt 0.338430 0.293534
vt 0.342455 0.291322
vt 0.345242 0.283964
s 1
usemtl Material
f 4413/6954 4419/6955 4445/6956
f 4445/6956 4419/6955 4418/6957
f 4462/6958 4461/6959 4445/6956
f 4462/6958 4445/6956 4456/6960
f 4456/6960 4445/6956 4418/6957
f 4456/6960 4418/6957 4407/6961
f 4456/6960 4407/6961 4449/6962
f 4456/6960 4449/6962 4455/6963
f 4449/6962 4407/6961 4444/6964
f 4449/6962 4444/6964 4451/6965
f 4419/6966 4413/6967 4428/6968
f 4419/6966 4428/6968 4429/6969
f 4429/6969 4428/6968 4432/6970
f 4419/6966 4429/6969 4418/6971
f 4429/6969 4432/6970 4431/6972
f 4431/6972 4432/6970 4430/6973
f 4431/6972 4430/6973 4423/6974
f 4429/6969 4431/6972 4427/6975
f 4427/6975 4431/6972 4423/6974
f 4429/6969 4427/6975 4418/6971
f 4427/6975 4423/6974 4441/6976
f 4427/6975 4441/6976 4412/6977
f 4418/6971 4427/6975 4422/6978
f 4422/6978 4427/6975 4412/6977
f 4418/6971 4422/6978 4420/6979
f 4418/6971 4420/6979 4407/6980
f 4407/6980 4420/6979 4414/6981
f 4414/6981 4420/6979 4422/6978
f 4407/6980 4414/6981 4444/6982
f 4422/6978 4412/6977 4417/6983
f 4422/6978 4417/6983 4414/6981
f 4417/6983 4412/6977 4439/6984
f 4444/6982 4414/6981 4408/6985
f 4414/6981 4417/6983 4425/6986
f 4414/6981 4425/6986 4408/6985
f 4425/6986 4417/6983 4426/6987
f 4425/6986 4426/6987 4424/6988
f 4425/6986 4424/6988 4408/6985
f 4424/6988 4426/6987 4421/6989
f 4424/6988 4421/6989 4416/6990
f 4424/6988 4416/6990 4408/6985
f 4408/6985 4416/6990 4438/6991
f 4441/6992 4423/6993 4437/6994
f 4441/6992 4437/6994 4459/6995
f 4441/6992 4459/6995 4460/6996
f 4460/6996 4459/6995 4463/6997
f 4441/6992 4460/6996 4458/6998
f 4458/6998 4460/6996 4462/6999
f 4441/6992 4458/6998 4446/7000
f 4441/6992 4446/7000 4412/7001
f 4446/7000 4458/6998 4455/7002
f 4455/7002 4458/6998 4456/7003
f 4446/7000 4455/7002 4451/7004
f 4451/7004 4455/7002 4449/7005
f 4460/7006 4463/7007 4462/7008
f 4462/7008 4463/7007 4461/7009
f 4462/7010 4456/7011 4458/7012
f 4439/7013 4412/7014 4446/7015
f 4439/7013 4446/7015 4451/7016
f 4439/7013 4451/7016 4453/7017
f 4453/7017 4451/7016 4457/7018
f 4439/7013 4453/7017 4410/7019
f 4439/7013 4410/7019 4417/7020
f 4453/7017 4457/7018 4454/7021
f 4454/7021 4457/7018 4448/7022
f 4410/7019 4453/7017 4442/7023
f 4442/7023 4453/7017 4454/7021
f 4442/7023 4454/7021 4448/7022
f 4410/7019 4442/7023 4409/7024
f 4442/7023 4448/7022 4436/7025
f 4442/7023 4436/7025 4409/7024
f 4426/7026 4417/7027 4410/7028
f 4426/7026 4410/7028 4421/7029
f 4421/7029 4410/7028 4409/7030
f 4421/7029 4409/7030 4436/7031
f 4421/7029 4436/7031 4411/7032
f 4457/7033 4451/7034 4452/7035
f 4452/7035 4451/7034 4444/7036
f 4457/7033 4452/7035 4450/7037
f 4450/7037 4452/7035 4438/7038
f 4450/7037 4438/7038 4433/7039
f 4452/7040 4444/7041 4408/7042
f 4452/7040 4408/7042 4438/7043
f 4457/7044 4450/7045 4448/7046
f 4448/7046 4450/7045 4433/7047
f 4448/7046 4433/7047 4436/7048
f 4411/7049 4436/7048 4434/7050
f 4434/7050 4436/7048 4443/7051
f 4443/7051 4436/7048 4433/7047
f 4443/7051 4433/7047 4406/7052
f 4406/7052 4433/7047 4415/7053
f 4415/7053 4433/7047 4411/7054
f 4411/7054 4433/7047 4416/7055
f 4411/7054 4416/7055 4421/7056
f 4416/7055 4433/7047 4438/7057
f 4415/7058 4411/7059 4434/7060
f 4415/7058 4434/7060 4435/7061
f 4435/7061 4434/7060 4443/7062
f 4415/7058 4435/7061 4440/7063
f 4415/7058 4440/7063 4406/7064
f 4435/7065 4443/7066 4406/7067
f 4435/7065 4406/7067 4447/7068
f 4435/7065 4447/7068 4440/7069
f 4440/7069 4447/7068 4406/7067
o tripo_part_15
v 0.057245 0.415889 0.331072
v 0.057323 0.449937 0.334477
v 0.058451 0.451854 0.330560
v 0.060667 0.416822 0.308074
v 0.061617 0.448174 0.304714
v 0.064592 0.452755 0.311955
v 0.064660 0.414203 0.327690
v 0.067008 0.452519 0.322760
v 0.067730 0.413903 0.315584
v 0.068352 0.447626 0.309088
v 0.068354 0.454608 0.311741
v 0.069277 0.453885 0.327764
v 0.069963 0.447019 0.327166
v 0.054198 0.452907 0.308686
v 0.053990 0.453989 0.305047
v 0.052000 0.453944 0.333861
v 0.051793 0.414586 0.308613
v 0.049732 0.452351 0.328825
v 0.047903 0.414367 0.327713
v 0.047698 0.450513 0.307549
v 0.046277 0.454167 0.313390
v 0.044878 0.452819 0.321558
v 0.044629 0.446411 0.330620
v 0.044459 0.415477 0.317469
v 0.041569 0.453801 0.321117
v 0.040793 0.446335 0.317065
vt 0.097810 0.948881
vt 0.097618 0.960766
vt 0.094021 0.957522
vt 0.092634 0.948174
vt 0.090334 0.935906
vt 0.090747 0.966753
vt 0.095893 0.970351
vt 0.090334 0.976116
vt 0.098754 0.968449
vt 0.100892 0.957596
vt 0.100995 0.949501
vt 0.130397 0.957507
vt 0.100921 0.963465
vt 0.125767 0.972459
vt 0.126151 0.963273
vt 0.463892 0.941129
vt 0.476027 0.931869
vt 0.477281 0.938430
vt 0.483061 0.931662
vt 0.466812 0.942574
vt 0.488871 0.936661
vt 0.495580 0.934670
vt 0.477178 0.941202
vt 0.496258 0.939979
vt 0.503070 0.934051
vt 0.502657 0.939123
vt 0.488001 0.939684
vt 0.505444 0.941011
vt 0.483002 0.965901
vt 0.494798 0.968024
vt 0.498190 0.977358
vt 0.489092 0.968525
vt 0.476720 0.971740
vt 0.471692 0.977358
s 1
usemtl Material
f 4475/7070 4479/7071 4465/7072
f 4475/7070 4465/7072 4476/7073
f 4475/7070 4476/7073 4473/7074
f 4465/7072 4479/7071 4486/7075
f 4488/7076 4489/7077 4486/7075
f 4488/7076 4486/7075 4479/7071
f 4488/7076 4479/7071 4485/7078
f 4466/7079 4479/7071 4475/7070
f 4466/7079 4475/7070 4471/7080
f 4466/7079 4471/7080 4470/7081
f 4485/7078 4479/7071 4481/7082
f 4481/7082 4479/7071 4466/7079
f 4485/7078 4481/7082 4482/7083
f 4466/7079 4470/7081 4464/7084
f 4466/7079 4464/7084 4481/7082
f 4464/7084 4470/7081 4482/7083
f 4464/7084 4482/7083 4481/7082
f 4475/7085 4473/7086 4474/7087
f 4474/7087 4473/7086 4468/7088
f 4475/7085 4474/7087 4471/7089
f 4474/7087 4468/7088 4478/7090
f 4478/7090 4468/7088 4483/7091
f 4471/7089 4474/7087 4469/7092
f 4478/7090 4483/7091 4484/7093
f 4484/7093 4483/7091 4489/7094
f 4484/7093 4489/7094 4488/7095
f 4474/7087 4478/7090 4477/7096
f 4474/7087 4477/7096 4469/7092
f 4477/7096 4478/7090 4484/7093
f 4484/7093 4488/7095 4485/7097
f 4469/7092 4477/7096 4467/7098
f 4484/7093 4485/7097 4487/7099
f 4487/7099 4485/7097 4482/7100
f 4477/7096 4484/7093 4480/7101
f 4480/7101 4484/7093 4487/7099
f 4477/7096 4480/7101 4467/7098
f 4480/7101 4487/7099 4482/7100
f 4469/7092 4467/7098 4472/7102
f 4472/7102 4467/7098 4480/7101
f 4472/7102 4480/7101 4482/7100
f 4469/7092 4472/7102 4471/7089
f 4472/7102 4482/7100 4470/7103
f 4472/7102 4470/7103 4471/7089
