# Blender 5.0.1
# www.blender.org
mtllib tripo_convert_8e959613-8e27-4fc7-8a93-2fa82f5b542e.mtl
o tripo_part_0
v -0.145510 0.211388 -0.337663
v -0.145010 0.210996 -0.202928
v -0.144626 0.209985 -0.438630
v -0.144526 0.210813 -0.168603
v -0.144148 0.210624 -0.305614
v -0.144140 0.210944 -0.189950
v -0.143660 0.210720 -0.213884
v -0.143379 0.207853 -0.156091
v -0.143316 0.209552 -0.172403
v -0.143184 0.199128 -0.152025
v -0.142930 0.207265 -0.487321
v -0.142753 0.209982 -0.471467
v -0.142618 0.210285 -0.461473
v -0.142552 0.209924 -0.181589
v -0.142438 0.211678 -0.282188
v -0.142240 0.210543 -0.161340
v -0.142150 0.210597 -0.156747
v -0.141958 0.210894 -0.399927
v -0.141546 0.210473 -0.333230
v -0.141472 0.199137 -0.266932
v -0.140615 0.210738 -0.174035
v -0.139913 0.211403 -0.309652
v -0.139831 0.209899 -0.191888
v -0.139729 0.209562 -0.163385
v -0.138962 0.210089 -0.435518
v -0.138723 0.199155 -0.160859
v -0.138479 0.210313 -0.156366
v -0.138392 0.210919 -0.187547
v -0.138222 0.210995 -0.345582
v -0.137452 0.199129 -0.488206
v -0.137081 0.210892 -0.292028
v -0.136986 0.211334 -0.275577
v -0.136213 0.210607 -0.160524
v -0.135853 0.210924 -0.207986
v -0.135709 0.210565 -0.183084
v -0.135681 0.207767 -0.155427
v -0.135423 0.209163 -0.157152
v -0.134823 0.210957 -0.355798
v -0.134790 0.207649 -0.150133
v -0.134378 0.210009 -0.197786
v -0.133903 0.210827 -0.306815
v -0.133861 0.210742 -0.165918
v -0.133759 0.210002 -0.479356
v -0.133459 0.199181 -0.258813
v -0.133235 0.211402 -0.294626
v -0.132415 0.210888 -0.154107
v -0.132376 0.210403 -0.159974
v -0.131763 0.210120 -0.458467
v -0.131431 0.207332 -0.481431
v -0.131146 0.199172 -0.186815
v -0.130912 0.207878 -0.153497
v -0.129103 0.199171 -0.148729
v -0.129067 0.210547 -0.171495
v -0.128046 0.207597 -0.148622
v -0.127691 0.199132 -0.287864
v -0.127573 0.210823 -0.186479
v -0.127537 0.209338 -0.156282
v -0.127308 0.209558 -0.168779
v -0.127218 0.205841 -0.488283
v -0.126738 0.207848 -0.152597
v -0.126539 0.209549 -0.432084
v -0.125597 0.207314 -0.487306
v -0.125374 0.210462 -0.158624
v -0.125296 0.208160 -0.483171
v -0.125267 0.209490 -0.160402
v -0.124888 0.211077 -0.232427
v -0.124577 0.210787 -0.152498
v -0.124525 0.209993 -0.188646
v -0.124479 0.210003 -0.180337
v -0.124462 0.209516 -0.161508
v -0.124182 0.210800 -0.331292
v -0.123634 0.210766 -0.170534
v -0.123373 0.210921 -0.192209
v -0.121742 0.207761 -0.151765
v -0.121706 0.211020 -0.350015
v -0.121552 0.211298 -0.286246
v -0.121016 0.207340 -0.481035
v -0.120743 0.210970 -0.184785
v -0.120661 0.210438 -0.201761
v -0.120434 0.209965 -0.479173
v -0.120104 0.210768 -0.170167
v -0.119976 0.209941 -0.155076
v -0.119907 0.209979 -0.435609
v -0.119858 0.207023 -0.146776
v -0.118631 0.210833 -0.163057
v -0.118609 0.210296 -0.156717
v -0.118536 0.209773 -0.187860
v -0.118006 0.210075 -0.180269
v -0.117424 0.210103 -0.461610
v -0.117422 0.209938 -0.316762
v -0.117041 0.210219 -0.304695
v -0.117006 0.207675 -0.149232
v -0.116961 0.210453 -0.150636
v -0.116110 0.199162 -0.145952
v -0.115595 0.209327 -0.158372
v -0.113979 0.199155 -0.362642
v -0.113850 0.210865 -0.185365
v -0.113621 0.209698 -0.294818
v -0.113537 0.210983 -0.169099
v -0.112915 0.210531 -0.176469
v -0.112469 0.210472 -0.155305
v -0.112465 0.209515 -0.165918
v -0.111664 0.209341 -0.464753
v -0.111290 0.207317 -0.144899
v -0.111221 0.210054 -0.153718
v -0.111115 0.207839 -0.149751
v -0.109909 0.210015 -0.166902
v -0.109570 0.207287 -0.487153
v -0.109329 0.210339 -0.176072
v -0.109226 0.211104 -0.148912
v -0.108093 0.209878 -0.192903
v -0.107971 0.209772 -0.185716
v -0.107815 0.209834 -0.424806
v -0.107746 0.207953 -0.148103
v -0.106606 0.210892 -0.166871
v -0.105534 0.199131 -0.143419
v -0.105473 0.210817 -0.195321
v -0.105331 0.210877 -0.371591
v -0.105133 0.210558 -0.153489
v -0.105118 0.211377 -0.287903
v -0.104805 0.211141 -0.340318
v -0.104801 0.208089 -0.149217
v -0.104744 0.210995 -0.233041
v -0.104717 0.210796 -0.201219
v -0.104229 0.211162 -0.254865
v -0.104065 0.210707 -0.183595
v -0.102768 0.210262 -0.173074
v -0.102589 0.210201 -0.152963
v -0.101894 0.210715 -0.147355
v -0.101757 0.211631 -0.309797
v -0.101135 0.210718 -0.165140
v -0.100845 0.209252 -0.155710
v -0.100430 0.210778 -0.158922
v -0.100334 0.207332 -0.142320
v -0.100250 0.207815 -0.146180
v -0.100132 0.209850 -0.322419
v -0.099899 0.208871 -0.298087
v -0.099884 0.210683 -0.409974
v -0.099712 0.209659 -0.163255
v -0.098721 0.210554 -0.173799
v -0.098579 0.210568 -0.419847
v -0.097981 0.207772 -0.146501
v -0.097759 0.210082 -0.434831
v -0.097427 0.210079 -0.151033
v -0.096550 0.209953 -0.440034
v -0.096386 0.210050 -0.460634
v -0.096352 0.210698 -0.181489
v -0.096119 0.199147 -0.238477
v -0.095341 0.210257 -0.145860
v -0.095264 0.210729 -0.164850
v -0.094322 0.207792 -0.144868
v -0.094051 0.210683 -0.174745
v -0.093952 0.209757 -0.416017
v -0.093441 0.210091 -0.163148
v -0.093216 0.199130 -0.140687
v -0.093124 0.210712 -0.304454
v -0.093071 0.208930 -0.153482
v -0.092541 0.210767 -0.186830
v -0.092075 0.210932 -0.253366
v -0.091744 0.210370 -0.150041
v -0.091728 0.211042 -0.315866
v -0.091461 0.207705 -0.144777
v -0.090889 0.209666 -0.183030
v -0.089649 0.209751 -0.144655
v -0.089642 0.210880 -0.213189
v -0.089340 0.210974 -0.242364
v -0.089191 0.207450 -0.139772
v -0.088661 0.210633 -0.377488
v -0.087673 0.199094 -0.293846
v -0.087376 0.209375 -0.338983
v -0.087059 0.210883 -0.364374
v -0.086895 0.210870 -0.178171
v -0.086075 0.209854 -0.471361
v -0.085808 0.210615 -0.155259
v -0.085655 0.210659 -0.162156
v -0.085609 0.207559 -0.481340
v -0.085560 0.209130 -0.464372
v -0.084728 0.209965 -0.148607
v -0.084713 0.210483 -0.170244
v -0.084580 0.209528 -0.159410
v -0.084366 0.207844 -0.144227
v -0.083805 0.207392 -0.487123
v -0.083183 0.210638 -0.404924
v -0.083115 0.210615 -0.394861
v -0.083031 0.209944 -0.478685
v -0.081955 0.210330 -0.468217
v -0.081932 0.211004 -0.315717
v -0.081902 0.210748 -0.372835
v -0.081223 0.209013 -0.151292
v -0.081062 0.209792 -0.144410
v -0.080139 0.210741 -0.161538
v -0.079735 0.209831 -0.188150
v -0.079445 0.210788 -0.351411
v -0.079254 0.211051 -0.282670
v -0.078972 0.199155 -0.137269
v -0.078705 0.209782 -0.435106
v -0.078476 0.210048 -0.172273
v -0.077576 0.210772 -0.294200
v -0.077522 0.210289 -0.330575
v -0.077210 0.209205 -0.431383
v -0.077095 0.209522 -0.180574
v -0.077095 0.199164 -0.408922
v -0.076958 0.207461 -0.136659
v -0.076439 0.199151 -0.197412
v -0.075691 0.209959 -0.461244
v -0.075577 0.210041 -0.146669
v -0.075577 0.210725 -0.177881
v -0.075470 0.210677 -0.380792
v -0.075317 0.199175 -0.485124
v -0.075211 0.210963 -0.339467
v -0.074944 0.206397 -0.487596
v -0.074425 0.207587 -0.142106
v -0.073959 0.199143 -0.274188
v -0.073883 0.199156 -0.162195
v -0.073288 0.199141 -0.321203
v -0.072067 0.210737 -0.152704
v -0.071487 0.210972 -0.300014
v -0.070877 0.210300 -0.143754
v -0.070808 0.210301 -0.164918
v -0.070023 0.210014 -0.324182
v -0.068871 0.210605 -0.389825
v -0.068626 0.209593 -0.365564
v -0.068512 0.210682 -0.158555
v -0.067886 0.209840 -0.449113
v -0.067535 0.210676 -0.175424
v -0.067108 0.209864 -0.434938
v -0.066444 0.207463 -0.134523
v -0.066361 0.210452 -0.341737
v -0.066200 0.210074 -0.313764
v -0.066048 0.209241 -0.141527
v -0.065758 0.209441 -0.155290
v -0.065407 0.209885 -0.347726
v -0.065331 0.210465 -0.194101
v -0.064995 0.207553 -0.139955
v -0.063980 0.209626 -0.176690
v -0.063728 0.199163 -0.471101
v -0.063240 0.209874 -0.459489
v -0.063179 0.210831 -0.321042
v -0.062698 0.209907 -0.143083
v -0.062607 0.208704 -0.146791
v -0.062492 0.210851 -0.304788
v -0.062126 0.210588 -0.372041
v -0.061470 0.210544 -0.157731
v -0.061317 0.210686 -0.233018
v -0.061043 0.199125 -0.133272
v -0.060722 0.208950 -0.464235
v -0.060570 0.210640 -0.181001
v -0.060242 0.210587 -0.174676
v -0.060135 0.210427 -0.187921
v -0.060120 0.210521 -0.209443
v -0.059143 0.209414 -0.154062
v -0.058975 0.210603 -0.149080
v -0.058685 0.199148 -0.404802
v -0.058281 0.210098 -0.361154
v -0.057785 0.210894 -0.338407
v -0.057221 0.209690 -0.184312
v -0.056946 0.209371 -0.177179
v -0.056145 0.199165 -0.426469
v -0.056122 0.210322 -0.419710
v -0.055450 0.209601 -0.210389
v -0.055321 0.199169 -0.258130
v -0.055260 0.209846 -0.232313
v -0.055023 0.199171 -0.289432
v -0.054070 0.210492 -0.153024
v -0.053146 0.210159 -0.407853
v -0.052925 0.210450 -0.185365
v -0.052879 0.210350 -0.404069
v -0.051964 0.210328 -0.209977
v -0.051590 0.207460 -0.131166
v -0.050919 0.210331 -0.231752
v -0.050728 0.207531 -0.136705
v -0.050537 0.210038 -0.145936
v -0.050217 0.209191 -0.152627
v -0.050171 0.208626 -0.143678
v -0.049057 0.210524 -0.328195
v -0.048798 0.210508 -0.355073
v -0.048637 0.209838 -0.445955
v -0.048401 0.210047 -0.269692
v -0.048180 0.209314 -0.205362
v -0.048027 0.209676 -0.471254
v -0.047844 0.209306 -0.231386
v -0.047783 0.210407 -0.374872
v -0.047257 0.210279 -0.409578
v -0.046768 0.207354 -0.480302
v -0.046532 0.210321 -0.147874
v -0.045464 0.210311 -0.176034
v -0.045075 0.209838 -0.478410
v -0.044975 0.209526 -0.330316
v -0.044952 0.199154 -0.129869
v -0.044907 0.210113 -0.229158
v -0.044800 0.210127 -0.184671
v -0.044052 0.209744 -0.414964
v -0.043434 0.210027 -0.460374
v -0.043228 0.209580 -0.449998
v -0.043228 0.210035 -0.229726
v -0.042824 0.209687 -0.137086
v -0.042732 0.209022 -0.149553
v -0.042564 0.209768 -0.434358
v -0.041801 0.209891 -0.405946
v -0.041710 0.209126 -0.186754
v -0.041710 0.207378 -0.129091
v -0.041573 0.209242 -0.177507
v -0.041504 0.208946 -0.422792
v -0.041000 0.209740 -0.265768
v -0.040093 0.209194 -0.233590
v -0.039719 0.209939 -0.348260
v -0.039665 0.210447 -0.151735
v -0.039574 0.208886 -0.430833
v -0.039101 0.210404 -0.173219
v -0.038254 0.199147 -0.137697
v -0.037834 0.210336 -0.181657
v -0.037605 0.210059 -0.194818
v -0.037094 0.208818 -0.139467
v -0.037025 0.207624 -0.134523
v -0.036888 0.209895 -0.420259
v -0.036820 0.210010 -0.235872
v -0.036583 0.209190 -0.401414
v -0.036179 0.209662 -0.154466
v -0.036156 0.209554 -0.327085
v -0.035751 0.209547 -0.170869
v -0.035187 0.206582 -0.487138
v -0.035042 0.210057 -0.284586
v -0.034943 0.209233 -0.184396
v -0.033707 0.209479 -0.244146
v -0.033531 0.209280 -0.212915
v -0.033226 0.210134 -0.366289
v -0.033058 0.210645 -0.166498
v -0.032547 0.208887 -0.139924
v -0.032051 0.209944 -0.408510
v -0.031899 0.210030 -0.186708
v -0.031563 0.210630 -0.149247
v -0.031502 0.209551 -0.328809
v -0.031487 0.210621 -0.142549
v -0.031311 0.209151 -0.146501
v -0.031227 0.207430 -0.126680
v -0.031189 0.209513 -0.176576
v -0.031090 0.209115 -0.281630
v -0.030922 0.207406 -0.131914
v -0.030533 0.209891 -0.157235
v -0.030235 0.210265 -0.173257
v -0.030174 0.209997 -0.216371
v -0.029427 0.209174 -0.323980
v -0.029266 0.209352 -0.183534
v -0.029175 0.209220 -0.362985
v -0.028969 0.210018 -0.247407
v -0.028801 0.209992 -0.426423
v -0.028389 0.209538 -0.168542
v -0.028389 0.209836 -0.282052
v -0.027802 0.209310 -0.421266
v -0.027771 0.209989 -0.267527
v -0.027321 0.209338 -0.211732
v -0.026573 0.209994 -0.295411
v -0.026459 0.210454 -0.165155
v -0.026337 0.210173 -0.187097
v -0.025978 0.209980 -0.324109
v -0.025826 0.209597 -0.240163
v -0.025818 0.209835 -0.203157
v -0.025642 0.209761 -0.153009
v -0.025566 0.208654 -0.464158
v -0.025314 0.210201 -0.359109
v -0.025200 0.209413 -0.246869
v -0.024880 0.210074 -0.386728
v -0.024834 0.209500 -0.254409
v -0.024681 0.209386 -0.268231
v -0.024216 0.207282 -0.480119
v -0.024048 0.209917 -0.420122
v -0.024002 0.209138 -0.436036
v -0.023857 0.209329 -0.281273
v -0.023666 0.210051 -0.220739
v -0.023285 0.210165 -0.159372
v -0.022881 0.210090 -0.132554
v -0.022789 0.209400 -0.306236
v -0.022690 0.207524 -0.131166
v -0.022537 0.209886 -0.467775
v -0.022354 0.210148 -0.250373
v -0.022347 0.209549 -0.260619
v -0.021759 0.199126 -0.124574
v -0.021591 0.210226 -0.232042
v -0.021545 0.209040 -0.368684
v -0.021477 0.209966 -0.263939
v -0.021225 0.210291 -0.141389
v -0.021080 0.210171 -0.243635
v -0.021019 0.210015 -0.288955
v -0.020866 0.208816 -0.392007
v -0.020744 0.208577 -0.415559
v -0.020607 0.209554 -0.458970
v -0.020577 0.210199 -0.273760
v -0.020256 0.207417 -0.124269
v -0.020226 0.209986 -0.301849
v -0.020058 0.210191 -0.256753
v -0.019661 0.208746 -0.430620
v -0.019646 0.209827 -0.332464
v -0.019615 0.210037 -0.309984
v -0.019264 0.208802 -0.135225
v -0.019112 0.210131 -0.352105
v -0.019112 0.210154 -0.210054
v -0.019096 0.209585 -0.361215
v -0.018837 0.209975 -0.151582
v -0.018639 0.210145 -0.324197
v -0.018456 0.209817 -0.280099
v -0.018303 0.209905 -0.372094
v -0.018120 0.209709 -0.394922
v -0.017998 0.210080 -0.365915
v -0.017876 0.209570 -0.215955
v -0.017754 0.210328 -0.145707
v -0.017616 0.209908 -0.389680
v -0.017220 0.209612 -0.414277
v -0.016380 0.209818 -0.173974
v -0.016350 0.209861 -0.223142
v -0.016304 0.209513 -0.478044
v -0.016136 0.209251 -0.142869
v -0.015633 0.206897 -0.123185
v -0.015465 0.207572 -0.129411
v -0.014900 0.210338 -0.137910
v -0.014305 0.209384 -0.451463
v -0.014229 0.209644 -0.166864
v -0.013969 0.210496 -0.161683
v -0.013725 0.209788 -0.269242
v -0.013725 0.199153 -0.487398
v -0.013496 0.209936 -0.287924
v -0.013435 0.208968 -0.471162
v -0.012993 0.209689 -0.129960
v -0.012611 0.208963 -0.135438
v -0.012535 0.209687 -0.252719
v -0.011543 0.210469 -0.153528
v -0.011437 0.209976 -0.130586
v -0.011147 0.209605 -0.360689
v -0.011131 0.209818 -0.344072
v -0.010506 0.209480 -0.327607
v -0.010048 0.210432 -0.169664
v -0.009941 0.209369 -0.143129
v -0.009773 0.209695 -0.159570
v -0.009651 0.209888 -0.199373
v -0.009392 0.210060 -0.182893
v -0.008675 0.199090 -0.121629
v -0.008553 0.207347 -0.121553
v -0.008522 0.207204 -0.487352
v -0.008461 0.209956 -0.189981
v -0.008202 0.207550 -0.127824
v -0.008034 0.209200 -0.158983
v -0.007072 0.208966 -0.171838
v -0.006920 0.209934 -0.218469
v -0.006844 0.209098 -0.179429
v -0.006676 0.210072 -0.241258
v -0.006218 0.209972 -0.355508
v -0.006218 0.210031 -0.263238
v -0.006065 0.199161 -0.378724
v -0.005898 0.210298 -0.142930
v -0.005714 0.199158 -0.185647
v -0.005684 0.209853 -0.258186
v -0.005196 0.208633 -0.133195
v -0.005119 0.209312 -0.199464
v -0.004921 0.209540 -0.207834
v -0.004906 0.209681 -0.378641
v -0.004723 0.209775 -0.388353
v -0.004051 0.210521 -0.136598
v -0.003853 0.210038 -0.285791
v -0.003716 0.210321 -0.174554
v -0.003593 0.209996 -0.323461
v -0.003395 0.209832 -0.336732
v -0.003380 0.209572 -0.224180
v -0.003243 0.210094 -0.301914
v -0.003136 0.208802 -0.368234
v -0.003136 0.209461 -0.245031
v -0.002983 0.207244 -0.479677
v -0.002968 0.209400 -0.251792
v -0.002968 0.199164 -0.361101
v -0.002815 0.209081 -0.142381
v -0.002815 0.209082 -0.139573
v -0.002632 0.209533 -0.434343
v -0.002525 0.210042 -0.181894
v -0.001885 0.209851 -0.419801
v -0.001823 0.209485 -0.281496
v -0.001656 0.209373 -0.459321
v -0.001198 0.209604 -0.304998
v -0.001122 0.209778 -0.270147
v -0.000664 0.210042 -0.208429
v -0.000450 0.208881 -0.170556
v -0.000191 0.210220 -0.138154
v 0.000053 0.209231 -0.334485
v 0.000099 0.199142 -0.134050
v 0.000328 0.209447 -0.353517
v 0.000359 0.209429 -0.327451
v 0.000786 0.208931 -0.178216
v 0.000969 0.208957 -0.361055
v 0.001152 0.210007 -0.235635
v 0.001381 0.209751 -0.126466
v 0.001411 0.209239 -0.391603
v 0.001427 0.209029 -0.416231
v 0.001472 0.208723 -0.422761
v 0.001518 0.209781 -0.134508
v 0.001564 0.210019 -0.330640
v 0.001564 0.210103 -0.248029
v 0.001610 0.199154 -0.260267
v 0.002098 0.207069 -0.119279
v 0.002434 0.208950 -0.195962
v 0.002449 0.208293 -0.431749
v 0.002464 0.209911 -0.259063
v 0.002602 0.210276 -0.162820
v 0.002617 0.210217 -0.155969
v 0.002724 0.208244 -0.464006
v 0.002800 0.209948 -0.281377
v 0.002998 0.199160 -0.293315
v 0.003227 0.208436 -0.131837
v 0.003517 0.207543 -0.124711
v 0.003517 0.199151 -0.232347
v 0.003609 0.210141 -0.176957
v 0.003746 0.208857 -0.219156
v 0.003807 0.209709 -0.372377
v 0.004066 0.209978 -0.307912
v 0.004097 0.210002 -0.364808
v 0.004143 0.207117 -0.487367
v 0.004570 0.209307 -0.160470
v 0.004890 0.199144 -0.445695
v 0.004921 0.209930 -0.358621
v 0.004951 0.208813 -0.150895
v 0.005074 0.209874 -0.345140
v 0.005089 0.208884 -0.243692
v 0.005608 0.208973 -0.262157
v 0.005608 0.207455 -0.118944
v 0.005714 0.209830 -0.177995
v 0.005943 0.210238 -0.202958
v 0.006218 0.209536 -0.395074
v 0.006264 0.209849 -0.128190
v 0.006279 0.210164 -0.188524
v 0.006401 0.209487 -0.426301
v 0.006584 0.208866 -0.283776
v 0.006691 0.209316 -0.171716
v 0.006950 0.209443 -0.467592
v 0.007271 0.209603 -0.165651
v 0.007301 0.210312 -0.219762
v 0.007576 0.210206 -0.207986
v 0.007744 0.208816 -0.306819
v 0.008171 0.209491 -0.125169
v 0.008232 0.209350 -0.158334
v 0.008247 0.208984 -0.361619
v 0.008263 0.208997 -0.187028
v 0.008736 0.210234 -0.240671
v 0.008827 0.208887 -0.368249
v 0.008888 0.209797 -0.149247
v 0.008903 0.208874 -0.334356
v 0.009026 0.210106 -0.264045
v 0.009376 0.208658 -0.201104
v 0.009392 0.210049 -0.222375
v 0.009468 0.209914 -0.218507
v 0.009590 0.207469 -0.124437
v 0.009605 0.209715 -0.213090
v 0.009636 0.208327 -0.421098
v 0.009819 0.208770 -0.210237
v 0.009850 0.208325 -0.397500
v 0.010155 0.208145 -0.433885
v 0.010277 0.199126 -0.117509
v 0.010368 0.207210 -0.117463
v 0.010414 0.209821 -0.159898
v 0.010628 0.210342 -0.285578
v 0.010719 0.208113 -0.471238
v 0.010902 0.209292 -0.232950
v 0.010963 0.210200 -0.303409
v 0.011024 0.208661 -0.163003
v 0.011040 0.207376 -0.143419
v 0.011147 0.209922 -0.256337
v 0.011375 0.209323 -0.241926
v 0.011482 0.209374 -0.170320
v 0.011513 0.209450 -0.182916
v 0.011711 0.209662 -0.250795
v 0.011803 0.209771 -0.270868
v 0.011955 0.210165 -0.329511
v 0.011970 0.208740 -0.199670
v 0.012184 0.210027 -0.343805
v 0.012184 0.207564 -0.159005
v 0.012291 0.208981 -0.258727
v 0.012398 0.208362 -0.220888
v 0.012413 0.209302 -0.477235
v 0.012413 0.209502 -0.265748
v 0.012489 0.209323 -0.192407
v 0.012566 0.210083 -0.359712
v 0.012672 0.209816 -0.292700
v 0.012733 0.207490 -0.166520
v 0.012840 0.208774 -0.226167
v 0.012917 0.207726 -0.176599
v 0.012962 0.209097 -0.285216
v 0.012978 0.208120 -0.186960
v 0.013023 0.209576 -0.397065
v 0.013084 0.209724 -0.322370
v 0.013206 0.209814 -0.299894
v 0.013313 0.208807 -0.276896
v 0.013329 0.209431 -0.207239
v 0.013405 0.209119 -0.303270
v 0.013695 0.209428 -0.420640
v 0.013756 0.209601 -0.317731
v 0.013878 0.208142 -0.268149
v 0.014122 0.209602 -0.327337
v 0.014244 0.208691 -0.329000
v 0.014244 0.210150 -0.216234
v 0.014275 0.208229 -0.295448
v 0.014366 0.209422 -0.431398
v 0.014442 0.207535 -0.199159
v 0.014458 0.209344 -0.230085
v 0.014549 0.207472 -0.116838
v 0.014610 0.207803 -0.251069
v 0.014671 0.209284 -0.464082
v 0.014809 0.210111 -0.223722
v 0.014976 0.207367 -0.210222
v 0.015114 0.209043 -0.312074
v 0.015266 0.199168 -0.130693
v 0.015327 0.209129 -0.353128
v 0.015327 0.199139 -0.117051
v 0.015404 0.209423 -0.238530
v 0.015419 0.207320 -0.185945
v 0.015572 0.207405 -0.138276
v 0.015694 0.199276 -0.115388
v 0.015724 0.204903 -0.115190
v 0.015755 0.208982 -0.337049
v 0.015800 0.205949 -0.121141
v 0.015923 0.209511 -0.246307
v 0.015953 0.199426 -0.127473
v 0.015999 0.207961 -0.319642
v 0.016060 0.209037 -0.380571
v 0.016075 0.207359 -0.206201
v 0.016212 0.207426 -0.149492
v 0.016319 0.205941 -0.135820
v 0.016426 0.209696 -0.263315
v 0.016441 0.210144 -0.255872
v 0.016457 0.207500 -0.161599
v 0.016487 0.208668 -0.363870
v 0.016518 0.199286 -0.139116
v 0.016624 0.209052 -0.400140
v 0.016670 0.208840 -0.372583
v 0.016731 0.209533 -0.272444
v 0.016762 0.207550 -0.217584
v 0.016899 0.207371 -0.222364
v 0.016899 0.207359 -0.232828
v 0.017097 0.205002 -0.148500
v 0.017158 0.209494 -0.282348
v 0.017174 0.199179 -0.150209
v 0.017311 0.208048 -0.424547
v 0.017342 0.207291 -0.241834
v 0.017418 0.207380 -0.228566
v 0.017448 0.207390 -0.172166
v 0.017448 0.206555 -0.160066
v 0.017586 0.209586 -0.292186
v 0.017769 0.207410 -0.258746
v 0.017769 0.207311 -0.250938
v 0.017937 0.201801 -0.163110
v 0.018150 0.209776 -0.300077
v 0.018211 0.207493 -0.239599
v 0.018272 0.206140 -0.173883
v 0.018272 0.199183 -0.171655
v 0.018578 0.207564 -0.439973
v 0.018623 0.207452 -0.268219
v 0.018669 0.207376 -0.194757
v 0.018745 0.209653 -0.308828
v 0.018852 0.207944 -0.346803
v 0.018867 0.199214 -0.181276
v 0.018928 0.207284 -0.462343
v 0.018928 0.199174 -0.200273
v 0.019096 0.207286 -0.478944
v 0.019188 0.207304 -0.204263
v 0.019264 0.210251 -0.333139
v 0.019325 0.207311 -0.303981
v 0.019325 0.207224 -0.295915
v 0.019356 0.208662 -0.413133
v 0.019371 0.199325 -0.193147
v 0.019447 0.210116 -0.315641
v 0.019585 0.207278 -0.277501
v 0.019615 0.207379 -0.311811
v 0.019661 0.209877 -0.340936
v 0.019798 0.205264 -0.199525
v 0.019798 0.199297 -0.201654
v 0.019905 0.207341 -0.217519
v 0.019936 0.210298 -0.325170
v 0.020073 0.208919 -0.351922
v 0.020088 0.207330 -0.286094
v 0.020180 0.207305 -0.321306
v 0.020180 0.199195 -0.211854
v 0.020225 0.207439 -0.337018
v 0.020271 0.207384 -0.230909
v 0.020271 0.206008 -0.209321
v 0.020714 0.208938 -0.383142
v 0.020790 0.209124 -0.375421
v 0.020958 0.207455 -0.326913
v 0.021049 0.207301 -0.331006
v 0.021080 0.208970 -0.365251
v 0.021080 0.207451 -0.317060
v 0.021172 0.209098 -0.419313
v 0.021187 0.207259 -0.242723
v 0.021263 0.208956 -0.396821
v 0.021263 0.199230 -0.227544
v 0.021278 0.208884 -0.428941
v 0.021324 0.205379 -0.228872
v 0.021400 0.209047 -0.408677
v 0.021507 0.207378 -0.250224
v 0.021919 0.207293 -0.343644
v 0.022087 0.207293 -0.260684
v 0.022453 0.205254 -0.249538
v 0.022514 0.207240 -0.360948
v 0.022514 0.199215 -0.251432
v 0.022621 0.207197 -0.369157
v 0.022896 0.207413 -0.281015
v 0.022987 0.207097 -0.382272
v 0.023247 0.205062 -0.265021
v 0.023277 0.199175 -0.265380
v 0.023292 0.207148 -0.396463
v 0.023460 0.207166 -0.411363
v 0.023628 0.207176 -0.423097
v 0.023735 0.207187 -0.292037
v 0.023811 0.207146 -0.438722
v 0.023964 0.199161 -0.281021
v 0.024010 0.205803 -0.281697
v 0.024605 0.199175 -0.294179
v 0.024696 0.205143 -0.291519
v 0.024788 0.207145 -0.312742
v 0.025200 0.199144 -0.308053
v 0.025398 0.207316 -0.334474
v 0.025505 0.205111 -0.307741
v 0.026176 0.199165 -0.323575
v 0.026726 0.207133 -0.356035
v 0.026955 0.205404 -0.339616
v 0.027107 0.207171 -0.364969
v 0.027504 0.204866 -0.350389
v 0.027504 0.199169 -0.352815
v 0.027962 0.204783 -0.360803
v 0.028023 0.207226 -0.387315
v 0.028328 0.199257 -0.368745
v 0.028694 0.206401 -0.384401
v 0.029015 0.207185 -0.413667
v 0.029350 0.207233 -0.487352
v 0.029533 0.199183 -0.393815
v 0.029533 0.199157 -0.425035
v 0.029625 0.203685 -0.391870
v 0.029945 0.205007 -0.401666
v 0.030159 0.206146 -0.425218
v 0.030220 0.206340 -0.431901
v 0.030327 0.199158 -0.418367
v 0.030388 0.204575 -0.415681
v 0.030586 0.199181 -0.430436
v 0.030861 0.206243 -0.461137
v 0.031410 0.199150 -0.463151
v 0.031624 0.199075 -0.487199
v 0.031975 0.199163 -0.479539
v 0.032371 0.205091 -0.489869
v -0.146339 0.211113 -0.360879
v -0.147078 0.210740 -0.175386
v -0.147263 0.209992 -0.158586
v -0.147610 0.210814 -0.351289
v -0.147901 0.210660 -0.279597
v -0.147929 0.210239 -0.193078
v -0.148019 0.211055 -0.196496
v -0.148176 0.199158 -0.206354
v -0.148625 0.199151 -0.447175
v -0.149412 0.207882 -0.158067
v -0.149835 0.209699 -0.167024
v -0.150496 0.205849 -0.488466
v -0.150561 0.210060 -0.175561
v -0.150617 0.207526 -0.153802
v -0.151143 0.210235 -0.422120
v -0.151283 0.210894 -0.190942
v -0.151302 0.209747 -0.173723
v -0.151399 0.211586 -0.285430
v -0.152128 0.211036 -0.333684
v -0.152569 0.210717 -0.159303
v -0.153139 0.209610 -0.166368
v -0.153326 0.211017 -0.308397
v -0.153935 0.210678 -0.176469
v -0.154060 0.208005 -0.158815
v -0.154120 0.210451 -0.164300
v -0.154744 0.210728 -0.343385
v -0.155143 0.199157 -0.320684
v -0.156268 0.211194 -0.251937
v -0.157023 0.210498 -0.180772
v -0.157023 0.211047 -0.219575
v -0.157388 0.211216 -0.296785
v -0.157650 0.199150 -0.243131
v -0.157750 0.210691 -0.170808
v -0.158277 0.209965 -0.202554
v -0.158384 0.210920 -0.192376
v -0.158798 0.207837 -0.159257
v -0.158870 0.199134 -0.380006
v -0.159646 0.211191 -0.161157
v -0.161086 0.210217 -0.195764
v -0.161429 0.207262 -0.482118
v -0.161475 0.209968 -0.480226
v -0.161758 0.210381 -0.165971
v -0.162241 0.209520 -0.168229
v -0.162481 0.209386 -0.163560
v -0.163338 0.211486 -0.279754
v -0.163513 0.209406 -0.465394
v -0.163836 0.207622 -0.156961
v -0.163847 0.210957 -0.193330
v -0.163872 0.199018 -0.294141
v -0.163878 0.210146 -0.436570
v -0.164284 0.199156 -0.157159
v -0.164492 0.210435 -0.178499
v -0.166334 0.208777 -0.486726
v -0.166687 0.210397 -0.162416
v -0.166767 0.210922 -0.200967
v -0.166801 0.210102 -0.461900
v -0.166996 0.210377 -0.210573
v -0.167143 0.207951 -0.161355
v -0.167307 0.199157 -0.473100
v -0.168102 0.210185 -0.197954
v -0.168835 0.210600 -0.166643
v -0.169058 0.209628 -0.177469
v -0.169649 0.209654 -0.170968
v -0.170057 0.206964 -0.488435
v -0.170303 0.210437 -0.183137
v -0.170475 0.209831 -0.438493
v -0.170729 0.210936 -0.195657
v -0.171211 0.199137 -0.488313
v -0.172222 0.211258 -0.247989
v -0.173460 0.210703 -0.180307
v -0.174212 0.210826 -0.163675
v -0.174423 0.207884 -0.162355
v -0.174671 0.209950 -0.480333
v -0.174816 0.207274 -0.482316
v -0.175364 0.210620 -0.168039
v -0.175619 0.211327 -0.356805
v -0.176117 0.210380 -0.187661
v -0.176739 0.211060 -0.209115
v -0.177311 0.199171 -0.195588
v -0.177404 0.210892 -0.175279
v -0.177803 0.207509 -0.160493
v -0.178108 0.211039 -0.196184
v -0.180027 0.209459 -0.172296
v -0.180103 0.211068 -0.284191
v -0.180290 0.210593 -0.354768
v -0.180298 0.211036 -0.168405
v -0.180389 0.210774 -0.294338
v -0.180775 0.210758 -0.182390
v -0.181042 0.208263 -0.165216
v -0.181057 0.210281 -0.200189
v -0.181278 0.211037 -0.361451
v -0.182007 0.211147 -0.303283
v -0.182308 0.199147 -0.161554
v -0.183182 0.210524 -0.166231
v -0.183312 0.199110 -0.407152
v -0.183426 0.210054 -0.207460
v -0.183682 0.211455 -0.289194
v -0.183971 0.210070 -0.170900
v -0.184097 0.209910 -0.180116
v -0.185535 0.199159 -0.425386
v -0.185593 0.208466 -0.166734
v -0.186264 0.209748 -0.439210
v -0.186672 0.210786 -0.182153
v -0.187000 0.210642 -0.413682
v -0.187283 0.211278 -0.262330
v -0.187386 0.211083 -0.217435
v -0.187965 0.211000 -0.222967
v -0.188984 0.199160 -0.208497
v -0.189098 0.199180 -0.180559
v -0.189728 0.209868 -0.172693
v -0.189777 0.207515 -0.163354
v -0.190258 0.209879 -0.166200
v -0.191147 0.210144 -0.461793
v -0.191261 0.210591 -0.176919
v -0.191341 0.199152 -0.359735
v -0.191948 0.208988 -0.170411
v -0.193440 0.210493 -0.203035
v -0.193592 0.207425 -0.164461
v -0.193966 0.211143 -0.339860
v -0.193985 0.207267 -0.487855
v -0.195007 0.211010 -0.206170
v -0.195103 0.199144 -0.164758
v -0.195484 0.209727 -0.180879
v -0.195831 0.210109 -0.173738
v -0.195950 0.210167 -0.167375
v -0.196106 0.210718 -0.187433
v -0.196465 0.209830 -0.439515
v -0.197800 0.208845 -0.170846
v -0.199123 0.207980 -0.165964
v -0.199314 0.210909 -0.403978
v -0.199474 0.211068 -0.324308
v -0.199562 0.211054 -0.190622
v -0.199772 0.210015 -0.429582
v -0.200310 0.210831 -0.305475
v -0.201038 0.210008 -0.173745
v -0.201538 0.209989 -0.168886
v -0.202366 0.209734 -0.480363
v -0.202602 0.207226 -0.482469
v -0.203281 0.205234 -0.488710
v -0.203648 0.210772 -0.203882
v -0.203835 0.211216 -0.346452
v -0.203991 0.208503 -0.169008
v -0.204636 0.207158 -0.167199
v -0.204807 0.211409 -0.302184
v -0.204907 0.210567 -0.189477
v -0.205387 0.209861 -0.173593
v -0.206219 0.210970 -0.208612
v -0.206627 0.209857 -0.169244
v -0.206814 0.199138 -0.167756
v -0.208427 0.210929 -0.299585
v -0.208454 0.209046 -0.173143
v -0.208969 0.211106 -0.328302
v -0.209747 0.208095 -0.168542
v -0.209793 0.211086 -0.229303
v -0.209999 0.199120 -0.265874
v -0.210930 0.210152 -0.218980
v -0.211556 0.211104 -0.193460
v -0.211639 0.210792 -0.421022
v -0.212151 0.210794 -0.181115
v -0.212196 0.210159 -0.212365
v -0.212669 0.209412 -0.169977
v -0.213318 0.210924 -0.186723
v -0.213951 0.199184 -0.174524
v -0.214172 0.210793 -0.346422
v -0.214249 0.208801 -0.173631
v -0.214409 0.210200 -0.191179
v -0.214928 0.209782 -0.471559
v -0.215218 0.211442 -0.288327
v -0.215500 0.207592 -0.170122
v -0.216156 0.210998 -0.209031
v -0.216286 0.210651 -0.301814
v -0.216637 0.209485 -0.175592
v -0.216812 0.210258 -0.436342
v -0.217300 0.209542 -0.172311
v -0.217659 0.211131 -0.193940
v -0.218079 0.209708 -0.463930
v -0.218086 0.211600 -0.353158
v -0.218201 0.209593 -0.440019
v -0.218643 0.199184 -0.259508
v -0.218750 0.210681 -0.291746
v -0.218781 0.199171 -0.170648
v -0.220512 0.209938 -0.185731
v -0.220879 0.208707 -0.173089
v -0.221291 0.211668 -0.296054
v -0.221939 0.211188 -0.359201
v -0.221970 0.207673 -0.171571
v -0.222656 0.210433 -0.192788
v -0.222687 0.210973 -0.385972
v -0.223671 0.209021 -0.177171
v -0.224106 0.211026 -0.195619
v -0.224579 0.211323 -0.328321
v -0.225082 0.210335 -0.179719
v -0.225388 0.209420 -0.173997
v -0.226082 0.211057 -0.189561
v -0.226814 0.199150 -0.488740
v -0.227173 0.207102 -0.482713
v -0.227478 0.209758 -0.480729
v -0.227966 0.199152 -0.285454
v -0.229286 0.210767 -0.184610
v -0.229507 0.211045 -0.212579
v -0.229591 0.207509 -0.173189
v -0.230118 0.199096 -0.173440
v -0.230148 0.209652 -0.441942
v -0.230698 0.209288 -0.174829
v -0.231758 0.211088 -0.219274
v -0.232590 0.210955 -0.240167
v -0.233505 0.210835 -0.396859
v -0.234047 0.210809 -0.229528
v -0.234634 0.208193 -0.174531
v -0.234688 0.198904 -0.291512
v -0.235420 0.209447 -0.175996
v -0.237686 0.208998 -0.179727
v -0.239777 0.210767 -0.199640
v -0.239906 0.207084 -0.488283
v -0.241425 0.210194 -0.217664
v -0.242294 0.199233 -0.176370
v -0.242477 0.209950 -0.190675
v -0.242783 0.210817 -0.215406
v -0.243294 0.208630 -0.176729
v -0.245499 0.209909 -0.178575
v -0.246010 0.207315 -0.482683
v -0.246040 0.199158 -0.207300
v -0.246300 0.209618 -0.440400
v -0.246513 0.210480 -0.198556
v -0.246948 0.210451 -0.184526
v -0.247070 0.211032 -0.194253
v -0.247192 0.199170 -0.182222
v -0.248009 0.209832 -0.462434
v -0.249252 0.210949 -0.202325
v -0.249352 0.208833 -0.182542
v -0.251656 0.209583 -0.180765
v -0.253265 0.199156 -0.179117
v -0.253418 0.209959 -0.227647
v -0.253914 0.208566 -0.179582
v -0.254219 0.209919 -0.443742
v -0.255249 0.209789 -0.181489
v -0.256142 0.210956 -0.355462
v -0.256889 0.210263 -0.221231
v -0.257164 0.211229 -0.325857
v -0.257286 0.211308 -0.296781
v -0.258652 0.210650 -0.191911
v -0.261543 0.207900 -0.181245
v -0.262192 0.209896 -0.470399
v -0.262764 0.209975 -0.195413
v -0.263130 0.199149 -0.319322
v -0.264298 0.210834 -0.211091
v -0.265068 0.208843 -0.185937
v -0.265541 0.199142 -0.239541
v -0.265648 0.210890 -0.226350
v -0.266190 0.208984 -0.466478
v -0.266464 0.209524 -0.183900
v -0.267075 0.209616 -0.461259
v -0.267220 0.211213 -0.255243
v -0.268166 0.199135 -0.366632
v -0.268349 0.210573 -0.189889
v -0.268669 0.209372 -0.440568
v -0.268959 0.210339 -0.334985
v -0.269066 0.199109 -0.183259
v -0.269959 0.207616 -0.183214
v -0.271187 0.209897 -0.461946
v -0.271294 0.211017 -0.220502
v -0.272713 0.199144 -0.473970
v -0.272881 0.199150 -0.341005
v -0.273155 0.210966 -0.205140
v -0.273308 0.210988 -0.200647
v -0.273598 0.209967 -0.224428
v -0.274025 0.210290 -0.215185
v -0.274956 0.208892 -0.188585
v -0.275200 0.199147 -0.450059
v -0.275307 0.211075 -0.243295
v -0.275459 0.211058 -0.235158
v -0.275475 0.209586 -0.186441
v -0.277199 0.210817 -0.222383
v -0.277641 0.209543 -0.478166
v -0.277824 0.210804 -0.205957
v -0.279915 0.211198 -0.325647
v -0.281319 0.210957 -0.356004
v -0.282692 0.210695 -0.396043
v -0.284706 0.209037 -0.473710
v -0.285164 0.208036 -0.187250
v -0.285500 0.209611 -0.189119
v -0.285835 0.199129 -0.187425
v -0.285912 0.210286 -0.194017
v -0.286614 0.199121 -0.267272
v -0.286629 0.210593 -0.413881
v -0.288109 0.199117 -0.403032
v -0.288429 0.209781 -0.462007
v -0.288429 0.210814 -0.348031
v -0.289116 0.209773 -0.201806
v -0.289589 0.210511 -0.199167
v -0.289818 0.208829 -0.192529
v -0.290108 0.210796 -0.212770
v -0.291206 0.210900 -0.382081
v -0.291588 0.210934 -0.224309
v -0.292412 0.211081 -0.292250
v -0.293892 0.199161 -0.197763
v -0.294060 0.210157 -0.228349
v -0.294441 0.209785 -0.235273
v -0.294853 0.211027 -0.318773
v -0.295754 0.207006 -0.482667
v -0.295937 0.208604 -0.189981
v -0.296135 0.206790 -0.488862
v -0.296272 0.210187 -0.210008
v -0.297600 0.209688 -0.435472
v -0.299095 0.208746 -0.466707
v -0.299385 0.199186 -0.190996
v -0.300148 0.210823 -0.233186
v -0.300240 0.198732 -0.407762
v -0.300255 0.210679 -0.206750
v -0.300743 0.209601 -0.192880
v -0.300835 0.198968 -0.294246
v -0.301064 0.209554 -0.480638
v -0.301292 0.210671 -0.213022
v -0.302315 0.209933 -0.448915
v -0.302803 0.209904 -0.470598
v -0.303185 0.209320 -0.440889
v -0.303261 0.199166 -0.223516
v -0.303612 0.210738 -0.399789
v -0.305061 0.209048 -0.196428
v -0.305077 0.210036 -0.230592
v -0.305672 0.208302 -0.192666
v -0.306511 0.209701 -0.462114
v -0.306572 0.209874 -0.211877
v -0.307732 0.210254 -0.330453
v -0.309105 0.210542 -0.215574
v -0.309685 0.199138 -0.380136
v -0.309792 0.210317 -0.419221
v -0.310524 0.209955 -0.199991
v -0.310555 0.210911 -0.341623
v -0.311333 0.209236 -0.194780
v -0.311562 0.210347 -0.247699
v -0.313042 0.209702 -0.196283
v -0.313042 0.207869 -0.194475
v -0.313866 0.199070 -0.194803
v -0.314659 0.210024 -0.204309
v -0.315834 0.210580 -0.230386
v -0.316048 0.210927 -0.322233
v -0.316185 0.209900 -0.444444
v -0.317513 0.209433 -0.207803
v -0.319023 0.199193 -0.259921
v -0.320046 0.210636 -0.252801
v -0.320244 0.208880 -0.200189
v -0.320244 0.210128 -0.217889
v -0.323402 0.209606 -0.458696
v -0.323708 0.209401 -0.250995
v -0.324226 0.209191 -0.198953
v -0.325310 0.209324 -0.441316
v -0.325447 0.210572 -0.413347
v -0.325569 0.209909 -0.215993
v -0.325951 0.210832 -0.302253
v -0.326393 0.199152 -0.198144
v -0.326607 0.208051 -0.198137
v -0.326698 0.199147 -0.213662
v -0.327675 0.210474 -0.239156
v -0.327690 0.210412 -0.246467
v -0.329933 0.209840 -0.427827
v -0.330528 0.209736 -0.236123
v -0.331001 0.209293 -0.243421
v -0.331612 0.210201 -0.378190
v -0.331627 0.207033 -0.482911
v -0.332680 0.209697 -0.218580
v -0.333641 0.199138 -0.207246
v -0.333794 0.199212 -0.286122
v -0.334053 0.210116 -0.431718
v -0.334770 0.209641 -0.293187
v -0.335777 0.208539 -0.201288
v -0.336693 0.209436 -0.206102
v -0.337105 0.209611 -0.480974
v -0.337120 0.209933 -0.215566
v -0.337303 0.209105 -0.426607
v -0.337441 0.209257 -0.390222
v -0.337563 0.209330 -0.348016
v -0.337639 0.209457 -0.237058
v -0.338051 0.209235 -0.271920
v -0.338677 0.209290 -0.474122
v -0.338844 0.207950 -0.204072
v -0.339607 0.199161 -0.201539
v -0.340675 0.210033 -0.299899
v -0.340828 0.209686 -0.462770
v -0.340889 0.207555 -0.201829
v -0.341316 0.208888 -0.213273
v -0.341377 0.209952 -0.389612
v -0.341560 0.199159 -0.489259
v -0.342156 0.209840 -0.426744
v -0.343086 0.209608 -0.335656
v -0.343300 0.206518 -0.489107
v -0.343437 0.209576 -0.280235
v -0.343926 0.209726 -0.227598
v -0.344490 0.209238 -0.441469
v -0.344994 0.208549 -0.466768
v -0.345055 0.208848 -0.391870
v -0.345100 0.208895 -0.426622
v -0.345192 0.209879 -0.431581
v -0.345467 0.209432 -0.211595
v -0.345985 0.209150 -0.256097
v -0.348534 0.208832 -0.217100
v -0.348564 0.209725 -0.388795
v -0.348839 0.209752 -0.426790
v -0.348839 0.209963 -0.302451
v -0.349220 0.209983 -0.265892
v -0.350227 0.209119 -0.436693
v -0.350731 0.207396 -0.204133
v -0.350929 0.209705 -0.232351
v -0.351143 0.209405 -0.463670
v -0.351769 0.199132 -0.297698
v -0.352364 0.209580 -0.212045
v -0.352531 0.208089 -0.205224
v -0.352593 0.209222 -0.328332
v -0.352989 0.209212 -0.275407
v -0.353188 0.208975 -0.427659
v -0.353218 0.208977 -0.389360
v -0.353279 0.209309 -0.438264
v -0.353874 0.209146 -0.242189
v -0.354118 0.209655 -0.470949
v -0.355583 0.208933 -0.217962
v -0.355644 0.209626 -0.287825
v -0.356194 0.209740 -0.326387
v -0.356712 0.209549 -0.367753
v -0.356896 0.209720 -0.264358
v -0.357033 0.209775 -0.247503
v -0.357994 0.209438 -0.401452
v -0.358223 0.199081 -0.206125
v -0.358345 0.209603 -0.424363
v -0.358391 0.209485 -0.480256
v -0.358833 0.209257 -0.210862
v -0.358879 0.209713 -0.220167
v -0.358925 0.207994 -0.208787
v -0.359108 0.199152 -0.235154
v -0.360100 0.209468 -0.215070
v -0.360558 0.206972 -0.482881
v -0.361473 0.209482 -0.240129
v -0.361565 0.209556 -0.317788
v -0.361900 0.209182 -0.287490
v -0.361916 0.209582 -0.384973
v -0.362053 0.209436 -0.335054
v -0.362083 0.208551 -0.474336
v -0.362114 0.209581 -0.250133
v -0.362206 0.209379 -0.304256
v -0.362618 0.209494 -0.260307
v -0.362648 0.209426 -0.358758
v -0.362862 0.209909 -0.245187
v -0.363457 0.209541 -0.225622
v -0.365059 0.209292 -0.268834
v -0.366402 0.209152 -0.218133
v -0.366585 0.209213 -0.461778
v -0.366631 0.209134 -0.320192
v -0.366859 0.209400 -0.443071
v -0.367271 0.209916 -0.238626
v -0.367531 0.210012 -0.221391
v -0.367989 0.207471 -0.208803
v -0.369072 0.208313 -0.467103
v -0.370323 0.209198 -0.289804
v -0.370583 0.209622 -0.228940
v -0.371452 0.209434 -0.285111
v -0.374397 0.207863 -0.212449
v -0.375465 0.209665 -0.232171
v -0.376137 0.210029 -0.245515
v -0.376366 0.199173 -0.210916
v -0.377113 0.209866 -0.395425
v -0.377708 0.209519 -0.241041
v -0.378029 0.199165 -0.217969
v -0.378853 0.210142 -0.312875
v -0.380608 0.209956 -0.264300
v -0.380730 0.210055 -0.254491
v -0.380745 0.209466 -0.224656
v -0.380806 0.209855 -0.271792
v -0.381340 0.209790 -0.239271
v -0.381966 0.209202 -0.216253
v -0.382057 0.209348 -0.249526
v -0.382210 0.209587 -0.358293
v -0.382713 0.207277 -0.212587
v -0.382942 0.209544 -0.289573
v -0.383141 0.209546 -0.335245
v -0.383385 0.209302 -0.458558
v -0.383431 0.209477 -0.368028
v -0.383583 0.209732 -0.439073
v -0.383720 0.209530 -0.403398
v -0.383720 0.209641 -0.321313
v -0.383766 0.208671 -0.428102
v -0.383797 0.209553 -0.280525
v -0.383812 0.209333 -0.304839
v -0.384224 0.209598 -0.424531
v -0.384239 0.208807 -0.233808
v -0.384270 0.209021 -0.250926
v -0.384590 0.208670 -0.222829
v -0.384605 0.198678 -0.291801
v -0.384667 0.208745 -0.389238
v -0.384743 0.208294 -0.466874
v -0.384758 0.207765 -0.214715
v -0.386833 0.209370 -0.433488
v -0.387001 0.209058 -0.220517
v -0.387886 0.209995 -0.266363
v -0.387932 0.209880 -0.296022
v -0.388054 0.210031 -0.332086
v -0.388191 0.209805 -0.248138
v -0.388268 0.209691 -0.411912
v -0.388527 0.209511 -0.385087
v -0.388588 0.209734 -0.392213
v -0.388710 0.209483 -0.470994
v -0.388710 0.209896 -0.363679
v -0.389031 0.209545 -0.462861
v -0.391213 0.209283 -0.267108
v -0.391243 0.208804 -0.218381
v -0.391319 0.209052 -0.303695
v -0.391472 0.209118 -0.242498
v -0.391655 0.205617 -0.489595
v -0.391716 0.208717 -0.387620
v -0.391838 0.208786 -0.409730
v -0.391930 0.208239 -0.474153
v -0.391975 0.208682 -0.449937
v -0.392540 0.207158 -0.214902
v -0.392815 0.199014 -0.215131
v -0.393120 0.209288 -0.328489
v -0.394737 0.209691 -0.267062
v -0.395638 0.208814 -0.219995
v -0.395668 0.209515 -0.280011
v -0.395805 0.209081 -0.238805
v -0.396034 0.209299 -0.367761
v -0.396126 0.209240 -0.473939
v -0.396217 0.209513 -0.307800
v -0.396278 0.209284 -0.403688
v -0.396339 0.209351 -0.454957
v -0.396492 0.209529 -0.427842
v -0.396858 0.209171 -0.350107
v -0.397133 0.206997 -0.488847
v -0.397286 0.207889 -0.481553
v -0.398048 0.207643 -0.218046
v -0.398445 0.207507 -0.268941
v -0.398445 0.207358 -0.288169
v -0.398537 0.207566 -0.248985
v -0.398537 0.207354 -0.307203
v -0.398811 0.207243 -0.322038
v -0.399025 0.207139 -0.365274
v -0.399147 0.206859 -0.405977
v -0.399452 0.207059 -0.450914
v -0.399513 0.207279 -0.395547
v -0.399544 0.207223 -0.416856
v -0.399635 0.207173 -0.479387
v -0.401497 0.207601 -0.232301
v -0.401772 0.207587 -0.266487
v -0.401894 0.207600 -0.248763
v -0.401955 0.207397 -0.217420
v -0.402199 0.199153 -0.235010
v -0.402199 0.199071 -0.217531
v -0.402229 0.207390 -0.307952
v -0.402260 0.206934 -0.234414
v -0.402321 0.206923 -0.227735
v -0.402351 0.207076 -0.260196
v -0.402351 0.199168 -0.225198
v -0.402382 0.199132 -0.263650
v -0.402412 0.207101 -0.266025
v -0.402443 0.207092 -0.288777
v -0.402565 0.207069 -0.245096
v -0.402657 0.206872 -0.285194
v -0.402687 0.199135 -0.239496
v -0.402779 0.199220 -0.286017
v -0.402779 0.199155 -0.252254
v -0.402809 0.199138 -0.270501
v -0.402840 0.206867 -0.307996
v -0.402870 0.199149 -0.308870
v -0.403145 0.206824 -0.304408
v -0.403297 0.199072 -0.298229
v -0.403359 0.206853 -0.331548
v -0.403389 0.206741 -0.315988
v -0.403603 0.206923 -0.367227
v -0.403725 0.199147 -0.321374
v -0.404121 0.199156 -0.341966
v -0.404244 0.207124 -0.403795
v -0.404427 0.199134 -0.361703
v -0.404518 0.207144 -0.396875
v -0.404854 0.199097 -0.382219
v -0.405037 0.207150 -0.415834
v -0.405098 0.207079 -0.450227
v -0.405129 0.198891 -0.405732
v -0.405373 0.207080 -0.477678
v -0.405373 0.199158 -0.428087
v -0.405464 0.199136 -0.448305
v -0.405891 0.199124 -0.476167
v -0.405891 0.199112 -0.461000
v -0.406105 0.199123 -0.489335
vt 0.873968 0.521336
vt 0.872172 0.519660
vt 0.875165 0.520618
vt 0.876362 0.519780
vt 0.876841 0.520378
vt 0.874686 0.525167
vt 0.878996 0.528997
vt 0.868940 0.536060
vt 0.873370 0.523251
vt 0.872651 0.523491
vt 0.866546 0.526723
vt 0.870377 0.520977
vt 0.867743 0.525646
vt 0.861399 0.527681
vt 0.863793 0.522413
vt 0.853498 0.528758
vt 0.846435 0.535821
vt 0.855892 0.524448
vt 0.849667 0.522174
vt 0.850505 0.520618
vt 0.849428 0.554855
vt 0.843322 0.541926
vt 0.878996 0.578916
vt 0.836738 0.547912
vt 0.854575 0.591366
vt 0.825964 0.564551
vt 0.862596 0.521815
vt 0.855892 0.522772
vt 0.870137 0.516428
vt 0.872292 0.515351
vt 0.859842 0.519301
vt 0.869539 0.515351
vt 0.871215 0.513196
vt 0.867983 0.514273
vt 0.857209 0.517266
vt 0.852181 0.518822
vt 0.850266 0.519540
vt 0.846435 0.514991
vt 0.848829 0.515949
vt 0.864990 0.512956
vt 0.865947 0.508527
vt 0.863912 0.511879
vt 0.855892 0.514872
vt 0.853139 0.513196
vt 0.862236 0.510682
vt 0.851941 0.514273
vt 0.850625 0.512238
vt 0.852540 0.516428
vt 0.849906 0.514273
vt 0.851582 0.516787
vt 0.850266 0.516308
vt 0.241821 0.568968
vt 0.240864 0.579861
vt 0.239906 0.561546
vt 0.244934 0.559271
vt 0.246011 0.571242
vt 0.239906 0.553286
vt 0.246011 0.560947
vt 0.242779 0.539040
vt 0.244694 0.542272
vt 0.246849 0.549215
vt 0.238709 0.543230
vt 0.237512 0.537244
vt 0.238350 0.535928
vt 0.248405 0.532336
vt 0.250201 0.538202
vt 0.245173 0.533893
vt 0.243976 0.529344
vt 0.238709 0.528386
vt 0.225541 0.521682
vt 0.240624 0.516415
vt 0.249483 0.528745
vt 0.250560 0.531618
vt 0.246729 0.522281
vt 0.244934 0.513422
vt 0.251278 0.525034
vt 0.249722 0.522400
vt 0.242779 0.495825
vt 0.249124 0.518570
vt 0.252475 0.520844
vt 0.252475 0.517851
vt 0.251997 0.515337
vt 0.248764 0.513183
vt 0.251159 0.511866
vt 0.253792 0.509591
vt 0.249124 0.509352
vt 0.251278 0.504444
vt 0.246490 0.511267
vt 0.248166 0.503486
vt 0.249004 0.501451
vt 0.245413 0.501212
vt 0.255588 0.500972
vt 0.251278 0.497381
vt 0.255109 0.493311
vt 0.248645 0.493550
vt 0.244934 0.494388
vt 0.252116 0.492952
vt 0.251518 0.489001
vt 0.255588 0.488522
vt 0.248286 0.486727
vt 0.244455 0.485290
vt 0.254271 0.486128
vt 0.250680 0.482537
vt 0.247926 0.478227
vt 0.254510 0.480382
vt 0.252835 0.478347
vt 0.255229 0.475833
vt 0.257623 0.481819
vt 0.250440 0.474636
vt 0.256186 0.463264
vt 0.260017 0.464940
vt 0.260017 0.445187
vt 0.253194 0.470686
vt 0.256186 0.447941
vt 0.246849 0.470566
vt 0.249722 0.466137
vt 0.253673 0.463503
vt 0.246370 0.463024
vt 0.243737 0.467813
vt 0.254510 0.457039
vt 0.249842 0.457877
vt 0.241582 0.467214
vt 0.243018 0.458236
vt 0.247088 0.454764
vt 0.252475 0.454764
vt 0.254032 0.450934
vt 0.249483 0.450934
vt 0.247088 0.447821
vt 0.253673 0.447941
vt 0.253433 0.440638
vt 0.249004 0.443631
vt 0.247208 0.441476
vt 0.242420 0.440758
vt 0.239666 0.445187
vt 0.240864 0.458834
vt 0.233202 0.445068
vt 0.233561 0.432498
vt 0.235117 0.456560
vt 0.216682 0.456680
vt 0.234878 0.467454
vt 0.217281 0.488044
vt 0.235477 0.481579
vt 0.241462 0.482537
vt 0.237272 0.494149
vt 0.464936 0.730384
vt 0.465534 0.732180
vt 0.458711 0.732300
vt 0.460746 0.735891
vt 0.458232 0.731462
vt 0.452725 0.731940
vt 0.460387 0.729427
vt 0.466133 0.729187
vt 0.451528 0.729905
vt 0.467569 0.725476
vt 0.456556 0.729546
vt 0.452007 0.728349
vt 0.454880 0.725237
vt 0.460746 0.725356
vt 0.465774 0.724638
vt 0.460267 0.720807
vt 0.456915 0.724878
vt 0.454042 0.720807
vt 0.462063 0.712069
vt 0.447219 0.727511
vt 0.448655 0.724758
vt 0.446740 0.715899
vt 0.433811 0.707520
vt 0.443388 0.724159
vt 0.443148 0.719969
vt 0.435966 0.719132
vt 0.428663 0.716498
vt 0.424713 0.712188
vt 0.438958 0.723800
vt 0.432135 0.722244
vt 0.438001 0.726673
vt 0.427586 0.720448
vt 0.423276 0.717336
vt 0.423516 0.720568
vt 0.427466 0.723321
vt 0.431058 0.725716
vt 0.444345 0.728229
vt 0.440754 0.729546
vt 0.430100 0.726793
vt 0.424234 0.722364
vt 0.421481 0.722364
vt 0.425431 0.725117
vt 0.422079 0.724758
vt 0.427825 0.726314
vt 0.430459 0.728708
vt 0.428783 0.730384
vt 0.435487 0.732539
vt 0.443148 0.731701
vt 0.445303 0.732539
vt 0.423636 0.729307
vt 0.418368 0.724518
vt 0.429621 0.733138
vt 0.417052 0.726075
vt 0.434649 0.734335
vt 0.455359 0.734215
vt 0.459788 0.737447
vt 0.463499 0.738046
vt 0.453204 0.735292
vt 0.461464 0.738524
vt 0.444465 0.735053
vt 0.450929 0.736489
vt 0.460147 0.740320
vt 0.460506 0.743552
vt 0.462661 0.752171
vt 0.453084 0.738644
vt 0.444345 0.737567
vt 0.457753 0.755284
vt 0.461464 0.754925
vt 0.459429 0.741637
vt 0.456436 0.740560
vt 0.451528 0.739961
vt 0.453204 0.756481
vt 0.457154 0.759713
vt 0.454042 0.744630
vt 0.455359 0.747742
vt 0.453204 0.753369
vt 0.454521 0.747742
vt 0.450331 0.742595
vt 0.443867 0.739123
vt 0.452605 0.752171
vt 0.446381 0.742116
vt 0.452246 0.748221
vt 0.447219 0.745587
vt 0.447937 0.753967
vt 0.443388 0.743313
vt 0.444705 0.747862
vt 0.450690 0.750376
vt 0.441353 0.751573
vt 0.443148 0.749179
vt 0.440994 0.747622
vt 0.440634 0.741158
vt 0.439078 0.749538
vt 0.439078 0.739243
vt 0.437043 0.750376
vt 0.440275 0.753488
vt 0.437402 0.737806
vt 0.433572 0.752890
vt 0.436564 0.755643
vt 0.435846 0.736489
vt 0.429621 0.751453
vt 0.430100 0.739722
vt 0.428544 0.737327
vt 0.419685 0.761389
vt 0.427227 0.734694
vt 0.415735 0.750495
vt 0.418129 0.744390
vt 0.424114 0.733018
vt 0.424593 0.735532
vt 0.418608 0.741398
vt 0.415376 0.748221
vt 0.409270 0.746785
vt 0.414538 0.746904
vt 0.415136 0.744510
vt 0.406876 0.734814
vt 0.411545 0.737926
vt 0.416812 0.740560
vt 0.416812 0.738046
vt 0.420882 0.732778
vt 0.412143 0.736130
vt 0.408792 0.733616
vt 0.411425 0.731701
vt 0.412862 0.734095
vt 0.418129 0.733736
vt 0.417530 0.728828
vt 0.415495 0.726673
vt 0.689799 0.700286
vt 0.683454 0.698610
vt 0.687045 0.696815
vt 0.688123 0.695378
vt 0.682975 0.694062
vt 0.692073 0.697413
vt 0.688482 0.693104
vt 0.698537 0.694540
vt 0.701650 0.704117
vt 0.691115 0.688435
vt 0.699974 0.685682
vt 0.686327 0.691907
vt 0.687404 0.689513
vt 0.682616 0.690590
vt 0.679264 0.692386
vt 0.680222 0.701124
vt 0.687524 0.687837
vt 0.676152 0.697653
vt 0.674715 0.685682
vt 0.671004 0.698970
vt 0.692672 0.680175
vt 0.701770 0.677302
vt 0.694228 0.674788
vt 0.699615 0.666408
vt 0.691594 0.668563
vt 0.687644 0.682330
vt 0.684890 0.687238
vt 0.685489 0.684724
vt 0.680940 0.686041
vt 0.688003 0.675746
vt 0.677588 0.684604
vt 0.680461 0.684006
vt 0.684412 0.681971
vt 0.686327 0.679577
vt 0.681060 0.679696
vt 0.679144 0.678020
vt 0.683215 0.676105
vt 0.676271 0.674309
vt 0.677947 0.673591
vt 0.679863 0.672753
vt 0.685848 0.672155
vt 0.679623 0.667127
vt 0.682616 0.670000
vt 0.685968 0.668444
vt 0.691594 0.663535
vt 0.698059 0.656712
vt 0.682736 0.666648
vt 0.686926 0.665331
vt 0.685489 0.663416
vt 0.692672 0.648093
vt 0.702967 0.641389
vt 0.688362 0.661141
vt 0.688961 0.653959
vt 0.688362 0.649051
vt 0.685728 0.645818
vt 0.685130 0.647494
vt 0.685848 0.650607
vt 0.681299 0.645699
vt 0.687045 0.643304
vt 0.685489 0.641988
vt 0.683334 0.640431
vt 0.681060 0.639115
vt 0.683454 0.653360
vt 0.686926 0.655036
vt 0.679025 0.645579
vt 0.686566 0.657909
vt 0.682616 0.657670
vt 0.679504 0.654557
vt 0.676990 0.646776
vt 0.681299 0.634207
vt 0.676032 0.639354
vt 0.685489 0.659944
vt 0.681539 0.660423
vt 0.678426 0.664852
vt 0.677229 0.664373
vt 0.672919 0.672394
vt 0.673039 0.650008
vt 0.673398 0.658268
vt 0.671483 0.641509
vt 0.675553 0.623552
vt 0.668490 0.650726
vt 0.669807 0.628101
vt 0.668490 0.663775
vt 0.671244 0.684724
vt 0.669328 0.675387
vt 0.668969 0.690829
vt 0.668610 0.695737
vt 0.665258 0.700646
vt 0.662026 0.697174
vt 0.655083 0.694540
vt 0.651611 0.690231
vt 0.652928 0.700526
vt 0.646344 0.688555
vt 0.668011 0.688794
vt 0.659751 0.688914
vt 0.661906 0.685682
vt 0.669208 0.683766
vt 0.654484 0.686161
vt 0.663103 0.682809
vt 0.668131 0.679696
vt 0.653766 0.680415
vt 0.660589 0.677542
vt 0.668251 0.677182
vt 0.650773 0.676464
vt 0.666216 0.674070
vt 0.659751 0.674309
vt 0.665497 0.668683
vt 0.652569 0.671795
vt 0.657118 0.669042
vt 0.665737 0.666049
vt 0.651013 0.667965
vt 0.653646 0.666049
vt 0.656998 0.663655
vt 0.665737 0.662099
vt 0.646224 0.663416
vt 0.650294 0.662697
vt 0.652689 0.660184
vt 0.652210 0.649410
vt 0.658315 0.654318
vt 0.666216 0.652163
vt 0.655801 0.651086
vt 0.661427 0.648332
vt 0.655442 0.644980
vt 0.668011 0.645938
vt 0.653646 0.641030
vt 0.668730 0.643065
vt 0.668969 0.640072
vt 0.656399 0.638875
vt 0.668131 0.631094
vt 0.665857 0.636840
vt 0.656160 0.633847
vt 0.666934 0.623433
vt 0.653048 0.630735
vt 0.648379 0.641988
vt 0.655202 0.628820
vt 0.664660 0.625707
vt 0.650653 0.624151
vt 0.645745 0.625468
vt 0.654005 0.622834
vt 0.661188 0.619602
vt 0.653407 0.616849
vt 0.650175 0.613856
vt 0.656998 0.607152
vt 0.642393 0.601765
vt 0.638323 0.611222
vt 0.640957 0.633129
vt 0.633176 0.618884
vt 0.641555 0.589196
vt 0.641915 0.653719
vt 0.637007 0.644262
vt 0.627071 0.626665
vt 0.625155 0.592667
vt 0.618811 0.610504
vt 0.640478 0.675267
vt 0.642274 0.695857
vt 0.635809 0.676823
vt 0.630901 0.662338
vt 0.621923 0.650008
vt 0.629465 0.674549
vt 0.627310 0.703519
vt 0.619768 0.684006
vt 0.611389 0.643304
vt 0.608396 0.615771
vt 0.594869 0.659705
vt 0.603488 0.676584
vt 0.593552 0.696575
vt 0.590200 0.681372
vt 0.569131 0.675746
vt 0.585411 0.688555
vt 0.578109 0.704117
vt 0.605882 0.635882
vt 0.585651 0.639474
vt 0.583736 0.625468
vt 0.793152 0.370467
vt 0.782857 0.368192
vt 0.805363 0.345088
vt 0.752092 0.351313
vt 0.772443 0.365678
vt 0.763584 0.362805
vt 0.754366 0.359334
vt 0.744430 0.370467
vt 0.759993 0.328449
vt 0.719411 0.333955
vt 0.802849 0.316837
vt 0.726594 0.319470
vt 0.747423 0.312048
vt 0.716299 0.310253
vt 0.788603 0.283677
vt 0.731621 0.285114
vt 0.805363 0.252553
vt 0.742276 0.258538
vt 0.581810 0.765473
vt 0.578937 0.768466
vt 0.572951 0.764755
vt 0.575824 0.767628
vt 0.572472 0.758291
vt 0.570317 0.766790
vt 0.563374 0.763199
vt 0.573071 0.770022
vt 0.575824 0.770621
vt 0.572712 0.772417
vt 0.570557 0.769065
vt 0.568282 0.770741
vt 0.571275 0.774930
vt 0.565290 0.765354
vt 0.565529 0.768107
vt 0.563853 0.770262
vt 0.560741 0.766192
vt 0.559184 0.772776
vt 0.565768 0.775768
vt 0.572113 0.782352
vt 0.560142 0.775768
vt 0.550924 0.771938
vt 0.560621 0.769663
vt 0.559184 0.767748
vt 0.557269 0.770262
vt 0.557389 0.766551
vt 0.554875 0.763319
vt 0.554157 0.765713
vt 0.553319 0.770022
vt 0.552122 0.768107
vt 0.552122 0.763199
vt 0.559783 0.757333
vt 0.550805 0.757453
vt 0.552481 0.744644
vt 0.587915 0.754460
vt 0.549967 0.765593
vt 0.548410 0.769543
vt 0.548051 0.763678
vt 0.547812 0.767149
vt 0.536799 0.772536
vt 0.547213 0.774930
vt 0.544939 0.768945
vt 0.545777 0.765713
vt 0.544101 0.763678
vt 0.543981 0.765354
vt 0.542066 0.768466
vt 0.542066 0.765593
vt 0.539791 0.767628
vt 0.540151 0.764276
vt 0.542784 0.758650
vt 0.536320 0.754580
vt 0.533806 0.758410
vt 0.537637 0.765114
vt 0.513216 0.753383
vt 0.535961 0.767269
vt 0.534165 0.768466
vt 0.535721 0.764037
vt 0.534045 0.765952
vt 0.530933 0.764157
vt 0.525546 0.757812
vt 0.525187 0.763558
vt 0.531651 0.765952
vt 0.528060 0.765952
vt 0.528658 0.768945
vt 0.517047 0.757692
vt 0.524349 0.765832
vt 0.521476 0.764755
vt 0.509146 0.756854
vt 0.520877 0.766192
vt 0.518842 0.768825
vt 0.515490 0.764755
vt 0.527581 0.771100
vt 0.513695 0.766311
vt 0.508068 0.764635
vt 0.509984 0.768705
vt 0.511660 0.770980
vt 0.523750 0.773973
vt 0.530334 0.775888
vt 0.535003 0.777564
vt 0.549608 0.779001
vt 0.525067 0.777803
vt 0.513575 0.775649
vt 0.502681 0.773853
vt 0.509505 0.777803
vt 0.511540 0.781634
vt 0.496576 0.782352
vt 0.500407 0.777085
vt 0.481732 0.773374
vt 0.485084 0.769304
vt 0.496696 0.769663
vt 0.492506 0.766910
vt 0.482690 0.766670
vt 0.485802 0.765473
vt 0.499449 0.766790
vt 0.492745 0.764875
vt 0.486281 0.763558
vt 0.479098 0.763558
vt 0.498970 0.764516
vt 0.486161 0.756854
vt 0.477063 0.757812
vt 0.496816 0.762121
vt 0.497773 0.755657
vt 0.479817 0.747756
vt 0.502801 0.763319
vt 0.509265 0.732553
vt 0.557389 0.731356
vt 0.548410 0.720103
vt 0.506751 0.766072
vt 0.509146 0.766431
vt 0.386101 0.777376
vt 0.391129 0.780967
vt 0.385982 0.783601
vt 0.396516 0.788269
vt 0.399030 0.802275
vt 0.401304 0.794853
vt 0.404177 0.802156
vt 0.409804 0.811134
vt 0.413036 0.827414
vt 0.392805 0.803832
vt 0.353660 0.780249
vt 0.378679 0.806226
vt 0.396396 0.837829
vt 0.352343 0.803113
vt 0.368743 0.846688
vt 0.411240 0.863327
vt 0.352343 0.850159
vt 0.409205 0.869792
vt 0.837152 0.284642
vt 0.839666 0.293141
vt 0.834398 0.283086
vt 0.835954 0.291465
vt 0.834757 0.279494
vt 0.840144 0.280691
vt 0.831166 0.282607
vt 0.834279 0.293620
vt 0.835476 0.274706
vt 0.840982 0.272671
vt 0.837870 0.266685
vt 0.833321 0.276861
vt 0.830089 0.270396
vt 0.836074 0.261897
vt 0.832004 0.276741
vt 0.828772 0.271953
vt 0.828293 0.275544
vt 0.827695 0.281290
vt 0.818597 0.265249
vt 0.829849 0.296254
vt 0.822906 0.279853
vt 0.810337 0.261538
vt 0.826737 0.297930
vt 0.833680 0.312415
vt 0.818597 0.279494
vt 0.809020 0.264770
vt 0.807823 0.268720
vt 0.828413 0.309901
vt 0.820632 0.292064
vt 0.814526 0.290148
vt 0.818237 0.296852
vt 0.814886 0.293740
vt 0.824103 0.309063
vt 0.817040 0.301880
vt 0.810935 0.302239
vt 0.807823 0.302718
vt 0.813329 0.312295
vt 0.826497 0.312654
vt 0.842179 0.316604
vt 0.818357 0.313372
vt 0.812012 0.315288
vt 0.810456 0.320914
vt 0.814646 0.316604
vt 0.820273 0.318879
vt 0.821829 0.328456
vt 0.812731 0.326061
vt 0.811175 0.342462
vt 0.815245 0.335399
vt 0.814048 0.336117
vt 0.807823 0.355510
vt 0.814167 0.343300
vt 0.402760 0.380249
vt 0.400605 0.379650
vt 0.409703 0.377136
vt 0.413533 0.377495
vt 0.412097 0.382284
vt 0.411738 0.374862
vt 0.398689 0.379051
vt 0.411020 0.372228
vt 0.420716 0.376897
vt 0.426462 0.381805
vt 0.422033 0.375700
vt 0.434243 0.375939
vt 0.427779 0.373066
vt 0.429694 0.371390
vt 0.419878 0.368397
vt 0.439391 0.376777
vt 0.424188 0.368996
vt 0.439151 0.385037
vt 0.441306 0.391501
vt 0.445137 0.381087
vt 0.444897 0.377735
vt 0.449566 0.390424
vt 0.446693 0.380488
vt 0.452319 0.384917
vt 0.454833 0.392339
vt 0.457347 0.397008
vt 0.457826 0.391142
vt 0.457228 0.386833
vt 0.451841 0.381924
vt 0.455671 0.384079
vt 0.463692 0.398085
vt 0.461657 0.396290
vt 0.463333 0.400001
vt 0.465368 0.406345
vt 0.459263 0.402395
vt 0.441067 0.410894
vt 0.460699 0.405028
vt 0.464889 0.413408
vt 0.471712 0.424541
vt 0.450883 0.379171
vt 0.464889 0.363609
vt 0.433046 0.368278
vt 0.456390 0.370193
vt 0.460460 0.359180
vt 0.430532 0.363250
vt 0.436398 0.347687
vt 0.429335 0.353912
vt 0.434004 0.362771
vt 0.445735 0.330569
vt 0.439510 0.363250
vt 0.452798 0.326978
vt 0.455192 0.307824
vt 0.462136 0.289030
vt 0.471712 0.244617
vt 0.442383 0.346730
vt 0.450045 0.336315
vt 0.444538 0.354032
vt 0.452559 0.342540
vt 0.463931 0.351039
vt 0.460220 0.354870
vt 0.448728 0.348286
vt 0.447411 0.351997
vt 0.459382 0.358581
vt 0.454594 0.358581
vt 0.455911 0.365405
vt 0.453517 0.362412
vt 0.447651 0.358581
vt 0.449806 0.365764
vt 0.445376 0.364926
vt 0.449925 0.371989
vt 0.451242 0.375939
vt 0.440468 0.367679
vt 0.438553 0.369116
vt 0.316990 0.839398
vt 0.320342 0.830420
vt 0.317708 0.841672
vt 0.321419 0.842510
vt 0.330398 0.824793
vt 0.316272 0.848137
vt 0.312202 0.842032
vt 0.312681 0.849214
vt 0.316990 0.852566
vt 0.315793 0.852087
vt 0.311244 0.852207
vt 0.314476 0.862502
vt 0.310765 0.861425
vt 0.314476 0.865016
vt 0.317110 0.865255
vt 0.319743 0.853883
vt 0.321898 0.859988
vt 0.327046 0.837842
vt 0.331834 0.826230
vt 0.332313 0.840834
vt 0.333989 0.825871
vt 0.334707 0.844186
vt 0.325250 0.852925
vt 0.328482 0.854481
vt 0.319983 0.878064
vt 0.318666 0.877346
vt 0.312920 0.884050
vt 0.310765 0.902006
vt 0.319743 0.891232
vt 0.324771 0.875431
vt 0.323335 0.893866
vt 0.331954 0.855439
vt 0.336982 0.846581
vt 0.329081 0.872198
vt 0.335545 0.864537
vt 0.340932 0.855559
vt 0.330038 0.888718
vt 0.326088 0.896380
vt 0.343207 0.900450
vt 0.339256 0.859988
vt 0.341770 0.890275
vt 0.349312 0.860467
vt 0.355417 0.859629
vt 0.347516 0.895302
vt 0.343207 0.869206
vt 0.349192 0.872079
vt 0.343326 0.871959
vt 0.334827 0.870522
vt 0.347277 0.881296
vt 0.353502 0.874832
vt 0.357811 0.868128
vt 0.349312 0.897098
vt 0.345481 0.888838
vt 0.334827 0.884648
vt 0.331595 0.878782
vt 0.572771 0.469368
vt 0.579355 0.471642
vt 0.562236 0.507316
vt 0.538653 0.528744
vt 0.578637 0.483853
vt 0.547632 0.560108
vt 0.530992 0.571481
vt 0.546195 0.621280
vt 0.551103 0.599133
vt 0.555413 0.558911
vt 0.566785 0.524794
vt 0.582826 0.471044
vt 0.588572 0.552207
vt 0.580432 0.614696
vt 0.612155 0.551968
vt 0.618979 0.600091
vt 0.579115 0.501450
vt 0.603776 0.476311
vt 0.618979 0.475593
vt 0.611916 0.471164
vt 0.587854 0.474755
vt 0.594319 0.476311
vt 0.600783 0.470206
vt 0.593002 0.469727
vt 0.595276 0.469607
vt 0.595156 0.468650
vt 0.603895 0.466974
vt 0.583305 0.466974
vt 0.594558 0.465896
vt 0.013207 0.415356
vt 0.009017 0.474013
vt 0.002314 0.456057
vt 0.034516 0.440016
vt 0.008419 0.411166
vt 0.017876 0.378246
vt 0.002314 0.369986
vt 0.007222 0.364359
vt 0.048078 0.444622
vt 0.037065 0.421997
vt 0.069746 0.446897
vt 0.055620 0.476585
vt 0.065077 0.486760
vt 0.070225 0.469402
vt 0.082555 0.429539
vt 0.068669 0.521716
vt 0.097040 0.438278
vt 0.088540 0.481613
vt 0.082914 0.537278
vt 0.092850 0.540510
vt 0.123615 0.464255
vt 0.127805 0.421997
vt 0.140614 0.441749
vt 0.114877 0.523751
vt 0.126488 0.523631
vt 0.109968 0.541228
vt 0.100392 0.545299
vt 0.086386 0.548650
vt 0.087822 0.550566
vt 0.107455 0.544580
vt 0.152106 0.501245
vt 0.171978 0.439355
vt 0.157733 0.492866
vt 0.181555 0.436602
vt 0.165274 0.508069
vt 0.191850 0.459586
vt 0.109849 0.546256
vt 0.115595 0.545179
vt 0.119904 0.542186
vt 0.149114 0.549608
vt 0.169464 0.541109
vt 0.203462 0.514892
vt 0.207652 0.455756
vt 0.152226 0.550925
vt 0.171021 0.557509
vt 0.180118 0.562058
vt 0.213996 0.515730
vt 0.197476 0.547214
vt 0.183590 0.564213
vt 0.183590 0.567205
vt 0.168387 0.560382
vt 0.150909 0.554636
vt 0.147438 0.553798
vt 0.141213 0.553080
vt 0.144924 0.549249
vt 0.142769 0.551883
vt 0.134748 0.550925
vt 0.126728 0.552361
vt 0.131995 0.546496
vt 0.128523 0.549369
vt 0.125411 0.551045
vt 0.116672 0.547693
vt 0.111644 0.549369
vt 0.114398 0.552481
vt 0.111525 0.552122
vt 0.103145 0.549488
vt 0.106617 0.551404
vt 0.108771 0.555594
vt 0.106377 0.554037
vt 0.102546 0.556192
vt 0.104103 0.551643
vt 0.099195 0.558467
vt 0.101589 0.551524
vt 0.098596 0.547693
vt 0.099913 0.550446
vt 0.099673 0.553678
vt 0.096322 0.556192
vt 0.098357 0.551883
vt 0.097399 0.550566
vt 0.096561 0.554157
vt 0.095244 0.550805
vt 0.095723 0.554875
vt 0.084351 0.560023
vt 0.085188 0.561938
vt 0.092730 0.556192
vt 0.094286 0.552601
vt 0.092251 0.551883
vt 0.091413 0.554636
vt 0.089977 0.556192
vt 0.087822 0.556312
vt 0.089977 0.552122
vt 0.086984 0.553439
vt 0.085188 0.554756
vt 0.089139 0.553918
vt 0.009204 0.912727
vt 0.004775 0.918114
vt 0.004775 0.864962
vt 0.476088 0.224409
vt 0.487820 0.279955
vt 0.476088 0.296834
vt 0.207704 0.929671
vt 0.193579 0.926439
vt 0.221351 0.905011
vt 0.191424 0.913151
vt 0.210937 0.891843
vt 0.234400 0.911954
vt 0.239308 0.905250
vt 0.212612 0.953972
vt 0.239308 0.954930
vt 0.796159 0.127528
vt 0.788737 0.133393
vt 0.789694 0.115437
vt 0.784068 0.114120
vt 0.789814 0.101910
vt 0.784307 0.138062
vt 0.783469 0.092932
vt 0.779399 0.113402
vt 0.776287 0.122859
vt 0.789455 0.086108
vt 0.774252 0.112325
vt 0.765992 0.135907
vt 0.778322 0.093410
vt 0.782512 0.087545
vt 0.783828 0.079883
vt 0.778202 0.086228
vt 0.774611 0.087066
vt 0.779758 0.078447
vt 0.784188 0.053906
vt 0.788377 0.054864
vt 0.778561 0.070187
vt 0.769224 0.099755
vt 0.772576 0.080841
vt 0.781195 0.050794
vt 0.776766 0.053667
vt 0.782871 0.036548
vt 0.785983 0.032717
vt 0.789934 0.034393
vt 0.784307 0.030802
vt 0.779998 0.035351
vt 0.761682 0.022901
vt 0.761203 0.027809
vt 0.777604 0.037147
vt 0.760126 0.032957
vt 0.776287 0.043012
vt 0.773414 0.038703
vt 0.768865 0.064081
vt 0.757851 0.037147
vt 0.770421 0.044090
vt 0.745761 0.034992
vt 0.741451 0.032119
vt 0.755218 0.051512
vt 0.742409 0.054983
vt 0.744683 0.053308
vt 0.766470 0.057258
vt 0.740853 0.060849
vt 0.733431 0.057857
vt 0.724093 0.086587
vt 0.733790 0.062286
vt 0.726009 0.088143
vt 0.737022 0.062645
vt 0.728642 0.088981
vt 0.738578 0.064441
vt 0.740493 0.066595
vt 0.732952 0.091256
vt 0.743845 0.066595
vt 0.735944 0.093051
vt 0.724093 0.132795
vt 0.766470 0.067792
vt 0.735705 0.109332
vt 0.726727 0.134471
vt 0.747317 0.069229
vt 0.767189 0.070546
vt 0.769583 0.079404
vt 0.763837 0.084791
vt 0.742648 0.085150
vt 0.766949 0.093650
vt 0.758210 0.091016
vt 0.762760 0.095924
vt 0.743486 0.097720
vt 0.765034 0.099635
vt 0.754739 0.109691
vt 0.757373 0.113522
vt 0.759886 0.136027
vt 0.738458 0.116874
vt 0.736782 0.131598
vt 0.753781 0.117711
vt 0.755816 0.134112
vt 0.024361 0.221891
vt 0.041838 0.225123
vt 0.024361 0.322447
vt 0.046627 0.324123
vt 0.025438 0.376676
vt 0.028909 0.401456
vt 0.065421 0.297667
vt 0.055365 0.224764
vt 0.079188 0.226201
vt 0.101573 0.295393
vt 0.104087 0.289886
vt 0.089004 0.216025
vt 0.077392 0.217222
vt 0.097503 0.201540
vt 0.152297 0.613432
vt 0.158522 0.615347
vt 0.159959 0.619537
vt 0.152178 0.625882
vt 0.184858 0.612474
vt 0.163311 0.620734
vt 0.186774 0.609123
vt 0.195632 0.619537
vt 0.197787 0.625044
vt 0.230947 0.618819
vt 0.281943 0.624326
vt 0.205448 0.612594
vt 0.272725 0.617981
vt 0.297984 0.625882
vt 0.232144 0.614031
vt 0.201378 0.609841
vt 0.201139 0.603736
vt 0.185217 0.601700
vt 0.227954 0.611038
vt 0.245072 0.609960
vt 0.267817 0.612474
vt 0.280387 0.604214
vt 0.280746 0.607806
vt 0.524636 0.019837
vt 0.522242 0.039350
vt 0.515897 0.037315
vt 0.516975 0.045455
vt 0.472682 0.054074
vt 0.431981 0.027259
vt 0.401215 0.035998
vt 0.365901 0.014570
vt 0.435692 0.001402
vt 0.518172 0.025464
vt 0.519728 0.016246
vt 0.522242 0.001402
vt 0.173254 0.031064
vt 0.095921 0.003531
vt 0.262318 0.031064
vt 0.197196 0.001974
vt 0.806626 0.383586
vt 0.811893 0.375206
vt 0.805908 0.456130
vt 0.821470 0.458644
vt 0.784240 0.372573
vt 0.784240 0.475164
vt 0.258786 0.235489
vt 0.272673 0.257755
vt 0.258786 0.312941
vt 0.456197 0.794309
vt 0.454281 0.795506
vt 0.452845 0.794429
vt 0.454521 0.799217
vt 0.453324 0.801971
vt 0.455838 0.791077
vt 0.450810 0.803527
vt 0.456915 0.785690
vt 0.458950 0.787486
vt 0.459549 0.785211
vt 0.459309 0.784014
vt 0.456795 0.783176
vt 0.450331 0.793591
vt 0.452845 0.812266
vt 0.448655 0.802091
vt 0.446740 0.796584
vt 0.449972 0.789401
vt 0.458830 0.782219
vt 0.462661 0.784014
vt 0.461703 0.782338
vt 0.460387 0.778986
vt 0.464457 0.778986
vt 0.455478 0.781500
vt 0.461703 0.777191
vt 0.463379 0.776353
vt 0.460865 0.775395
vt 0.460626 0.773360
vt 0.453922 0.775275
vt 0.457753 0.769649
vt 0.462541 0.772283
vt 0.461584 0.766178
vt 0.459309 0.760312
vt 0.455119 0.761748
vt 0.452366 0.758875
vt 0.451648 0.770248
vt 0.460985 0.761030
vt 0.462900 0.758516
vt 0.464457 0.756242
vt 0.462781 0.765818
vt 0.465055 0.763783
vt 0.466013 0.758516
vt 0.467689 0.757199
vt 0.467210 0.761030
vt 0.470562 0.759115
vt 0.468527 0.764741
vt 0.466372 0.765459
vt 0.464576 0.772642
vt 0.464696 0.768452
vt 0.463619 0.771804
vt 0.464576 0.776712
vt 0.471791 0.373914
vt 0.476340 0.368887
vt 0.474664 0.372358
vt 0.478494 0.375830
vt 0.480051 0.371879
vt 0.481248 0.375710
vt 0.481008 0.379541
vt 0.484360 0.377147
vt 0.480170 0.369006
vt 0.487832 0.377745
vt 0.483642 0.378703
vt 0.489867 0.382773
vt 0.499683 0.385167
vt 0.489149 0.383850
vt 0.488550 0.386604
vt 0.485677 0.386723
vt 0.473347 0.378463
vt 0.495134 0.387442
vt 0.498845 0.394624
vt 0.497768 0.387083
vt 0.496690 0.389716
vt 0.502915 0.389477
vt 0.500282 0.390434
vt 0.509020 0.386963
vt 0.502197 0.393188
vt 0.511534 0.390674
vt 0.505549 0.391392
vt 0.523864 0.390075
vt 0.510816 0.393906
vt 0.505669 0.395582
vt 0.521590 0.396300
vt 0.529850 0.400011
vt 0.521351 0.399532
vt 0.497528 0.396659
vt 0.505429 0.398694
vt 0.485318 0.388878
vt 0.483522 0.390195
vt 0.498606 0.400490
vt 0.524583 0.403243
vt 0.475023 0.383731
vt 0.469756 0.381696
vt 0.470115 0.388759
vt 0.467960 0.389357
vt 0.522188 0.404680
vt 0.528054 0.403483
vt 0.474065 0.398216
vt 0.522907 0.417010
vt 0.475023 0.388399
vt 0.527695 0.419524
vt 0.480529 0.391632
vt 0.476938 0.391751
vt 0.474185 0.395103
vt 0.476340 0.398575
vt 0.480410 0.406476
vt 0.489627 0.399293
vt 0.482924 0.404800
vt 0.481008 0.411743
vt 0.488670 0.402645
vt 0.492261 0.403483
vt 0.481008 0.414017
vt 0.480170 0.421200
vt 0.489388 0.421320
vt 0.465446 0.449332
vt 0.474305 0.462141
vt 0.472150 0.511940
vt 0.498007 0.414496
vt 0.501718 0.403124
vt 0.519435 0.406715
vt 0.502556 0.406236
vt 0.516802 0.421559
vt 0.516323 0.408630
vt 0.510217 0.414017
vt 0.513330 0.418447
vt 0.520034 0.421798
vt 0.512612 0.430777
vt 0.521351 0.436523
vt 0.514168 0.440713
vt 0.506387 0.430058
vt 0.500760 0.418327
vt 0.493698 0.426467
vt 0.497409 0.428143
vt 0.510936 0.440713
vt 0.503753 0.432572
vt 0.494775 0.440354
vt 0.486156 0.441910
vt 0.503873 0.442508
vt 0.509499 0.448733
vt 0.493219 0.445621
vt 0.485677 0.452564
vt 0.491184 0.455437
vt 0.511774 0.454240
vt 0.515844 0.452564
vt 0.507225 0.459627
vt 0.509140 0.469682
vt 0.505309 0.470401
vt 0.480170 0.462859
vt 0.499084 0.475907
vt 0.480051 0.474591
vt 0.500282 0.482611
vt 0.479931 0.492188
vt 0.482325 0.479259
vt 0.472988 0.519242
vt 0.501598 0.495779
vt 0.498246 0.496138
vt 0.481966 0.496617
vt 0.478614 0.503919
vt 0.477297 0.509067
vt 0.494296 0.508109
vt 0.492500 0.523552
vt 0.479213 0.520679
vt 0.501239 0.522714
vt 0.510457 0.486322
vt 0.517520 0.455557
vt 0.521470 0.454958
vt 0.519435 0.472795
vt 0.517999 0.504039
vt 0.518956 0.482372
vt 0.512971 0.518404
vt 0.505908 0.533368
vt 0.509619 0.533727
vt 0.516682 0.518764
vt 0.522188 0.519482
vt 0.515604 0.539593
vt 0.524343 0.521038
vt 0.521111 0.506553
vt 0.526139 0.506673
vt 0.530688 0.507152
vt 0.534040 0.532291
vt 0.540744 0.505117
vt 0.531167 0.482970
vt 0.527815 0.493026
vt 0.524942 0.501765
vt 0.520872 0.495779
vt 0.522787 0.495420
vt 0.521829 0.482013
vt 0.526618 0.487878
vt 0.522428 0.476626
vt 0.525181 0.476865
vt 0.526857 0.477464
vt 0.522308 0.472915
vt 0.530568 0.456873
vt 0.526857 0.469682
vt 0.536793 0.458789
vt 0.523386 0.456754
vt 0.526857 0.457233
vt 0.528174 0.438438
vt 0.533441 0.432333
vt 0.538230 0.419404
vt 0.526259 0.436523
vt 0.529251 0.424672
vt 0.534638 0.416052
vt 0.529730 0.412222
vt 0.534758 0.408870
vt 0.540744 0.394864
vt 0.536195 0.395462
vt 0.538708 0.393308
vt 0.378520 0.367820
vt 0.362838 0.379671
vt 0.362838 0.302219
vt 0.831778 0.890102
vt 0.823279 0.897404
vt 0.823279 0.833838
vt 0.832975 0.851914
vt 0.793877 0.712428
vt 0.808003 0.717934
vt 0.811115 0.752052
vt 0.804052 0.756720
vt 0.802855 0.791556
vt 0.797349 0.743073
vt 0.787532 0.713505
vt 0.799144 0.768811
vt 0.792680 0.746306
vt 0.801538 0.801612
vt 0.805130 0.805921
vt 0.802137 0.812266
vt 0.797229 0.797302
vt 0.794835 0.767375
vt 0.791962 0.795028
vt 0.776878 0.798499
vt 0.771850 0.804963
vt 0.791243 0.772043
vt 0.789208 0.783775
vt 0.774604 0.786648
vt 0.777118 0.780423
vt 0.766104 0.768572
vt 0.762274 0.793352
vt 0.773167 0.772163
vt 0.762274 0.705844
vt 0.767301 0.716139
vt 0.780110 0.770726
vt 0.788969 0.760791
vt 0.770773 0.749538
vt 0.786575 0.750376
vt 0.787054 0.747503
vt 0.787173 0.734095
vt 0.773526 0.739841
vt 0.770653 0.734933
vt 0.771970 0.723920
vt 0.770414 0.715780
vt 0.764428 0.703809
vt 0.881975 0.414896
vt 0.885926 0.413220
vt 0.881496 0.430937
vt 0.888200 0.412502
vt 0.877426 0.428064
vt 0.883172 0.445422
vt 0.880179 0.447457
vt 0.876468 0.442549
vt 0.880419 0.467688
vt 0.882095 0.467688
vt 0.888200 0.491271
vt 0.886764 0.491152
vt 0.884250 0.483610
vt 0.876828 0.462062
vt 0.880658 0.478821
vt 0.885447 0.491152
vt 0.879102 0.480737
vt 0.879341 0.485884
vt 0.867370 0.481694
vt 0.866173 0.480138
vt 0.878982 0.476786
vt 0.868089 0.470202
vt 0.876947 0.468167
vt 0.865455 0.467928
vt 0.862343 0.477385
vt 0.871919 0.466611
vt 0.864737 0.466012
vt 0.858991 0.460506
vt 0.857913 0.478702
vt 0.855160 0.464337
vt 0.865096 0.463379
vt 0.856716 0.450929
vt 0.852048 0.450211
vt 0.856237 0.446979
vt 0.858632 0.452246
vt 0.866892 0.461703
vt 0.861864 0.453563
vt 0.870363 0.456555
vt 0.875391 0.451528
vt 0.866413 0.451168
vt 0.861026 0.449373
vt 0.874194 0.446619
vt 0.869046 0.447817
vt 0.858991 0.447817
vt 0.862582 0.444584
vt 0.872997 0.444225
vt 0.662233 0.488757
vt 0.668218 0.491271
vt 0.659000 0.489476
vt 0.653135 0.481096
vt 0.627996 0.464456
vt 0.659719 0.481934
vt 0.665345 0.481455
vt 0.633023 0.464337
vt 0.638889 0.463618
vt 0.662233 0.477864
vt 0.674204 0.474153
vt 0.640326 0.458471
vt 0.599026 0.435486
vt 0.609201 0.450330
vt 0.581069 0.440155
vt 0.581428 0.432135
vt 0.662113 0.472118
vt 0.667141 0.461104
vt 0.660557 0.474512
vt 0.649903 0.462062
vt 0.655289 0.456675
vt 0.658881 0.447457
vt 0.651219 0.438479
vt 0.661634 0.441711
vt 0.662472 0.424114
vt 0.624165 0.437402
vt 0.592921 0.423276
vt 0.652656 0.420882
vt 0.659360 0.411784
vt 0.616264 0.406996
vt 0.646192 0.411305
vt 0.659479 0.396102
vt 0.643917 0.418248
vt 0.648586 0.405080
vt 0.661036 0.391792
vt 0.644396 0.405559
vt 0.637812 0.410826
vt 0.636136 0.416333
vt 0.620693 0.405798
vt 0.618778 0.403165
vt 0.637453 0.404841
vt 0.617461 0.388201
vt 0.627756 0.389159
vt 0.644396 0.401010
vt 0.643438 0.376829
vt 0.655409 0.388680
vt 0.657923 0.377307
vt 0.664507 0.379462
vt 0.663909 0.369526
vt 0.667620 0.380779
vt 0.674204 0.363660
vt 0.879101 0.354651
vt 0.877545 0.325083
vt 0.879819 0.331667
vt 0.882453 0.325083
vt 0.883770 0.334779
vt 0.887960 0.331667
vt 0.882573 0.352496
vt 0.881615 0.371530
vt 0.877545 0.373685
vt 0.885087 0.395353
vt 0.889875 0.394155
vt 0.888079 0.371889
vt 0.903283 0.400380
vt 0.889875 0.359440
vt 0.897656 0.364348
vt 0.902085 0.343039
vt 0.906634 0.395951
vt 0.904121 0.363749
vt 0.914416 0.378473
vt 0.902325 0.352257
vt 0.912500 0.368657
vt 0.916091 0.372608
vt 0.927224 0.369256
vt 0.914655 0.366143
vt 0.919802 0.363749
vt 0.922316 0.359320
vt 0.909148 0.358961
vt 0.913218 0.358362
vt 0.917169 0.358362
vt 0.912740 0.353813
vt 0.920162 0.351419
vt 0.929619 0.357165
vt 0.925788 0.343398
vt 0.915972 0.343638
vt 0.909507 0.346750
vt 0.912021 0.340885
vt 0.916810 0.329751
vt 0.923513 0.339089
vt 0.928302 0.336934
vt 0.920401 0.334899
vt 0.414418 0.801731
vt 0.410946 0.801492
vt 0.421960 0.786289
vt 0.415256 0.802091
vt 0.424833 0.788084
vt 0.421122 0.782697
vt 0.412024 0.793471
vt 0.432135 0.763065
vt 0.420164 0.778388
vt 0.431297 0.772043
vt 0.433452 0.774437
vt 0.430459 0.786528
vt 0.427466 0.789042
vt 0.437522 0.760312
vt 0.436564 0.758396
vt 0.437283 0.772642
vt 0.440874 0.758756
vt 0.430339 0.758277
vt 0.449972 0.760671
vt 0.418368 0.775515
vt 0.427706 0.756361
vt 0.416453 0.774797
vt 0.406876 0.793831
vt 0.414059 0.775635
vt 0.450331 0.764382
vt 0.441951 0.761988
vt 0.448894 0.769769
vt 0.451049 0.774677
vt 0.440275 0.769290
vt 0.448176 0.780423
vt 0.449373 0.783296
vt 0.442909 0.773959
vt 0.437881 0.777670
vt 0.442310 0.777071
vt 0.435607 0.783535
vt 0.441353 0.780782
vt 0.441951 0.791077
vt 0.431896 0.788803
vt 0.443148 0.793471
vt 0.499325 0.534106
vt 0.499205 0.540570
vt 0.496572 0.545957
vt 0.494417 0.555414
vt 0.494417 0.538655
vt 0.493459 0.552900
vt 0.491663 0.556851
vt 0.490706 0.555414
vt 0.479812 0.556851
vt 0.487115 0.554097
vt 0.494417 0.546077
vt 0.491304 0.551823
vt 0.492621 0.549668
vt 0.492382 0.547753
vt 0.492023 0.542486
vt 0.493100 0.533866
vt 0.496212 0.527761
vt 0.490826 0.538775
vt 0.488192 0.544880
vt 0.484122 0.548351
vt 0.481488 0.544640
vt 0.483763 0.551105
vt 0.482206 0.554576
vt 0.478974 0.550626
vt 0.476819 0.549429
vt 0.479214 0.538775
vt 0.476939 0.537817
vt 0.475862 0.525966
vt 0.473228 0.526564
vt 0.481728 0.538056
vt 0.479333 0.527282
vt 0.481009 0.528599
vt 0.487952 0.534704
vt 0.489868 0.528360
vt 0.482566 0.536021
vt 0.259923 0.506000
vt 0.283027 0.528266
vt 0.259923 0.579861
vt 0.282549 0.567292
vt 0.261812 0.426942
vt 0.260615 0.425027
vt 0.266840 0.421675
vt 0.255109 0.426224
vt 0.260495 0.430294
vt 0.271030 0.422872
vt 0.268755 0.429456
vt 0.277255 0.429935
vt 0.280726 0.429097
vt 0.271509 0.405873
vt 0.273783 0.421675
vt 0.279888 0.401803
vt 0.280726 0.398690
vt 0.219514 0.069289
vt 0.221310 0.075753
vt 0.212451 0.086288
vt 0.222028 0.079824
vt 0.226816 0.080901
vt 0.237351 0.084013
vt 0.219155 0.092154
vt 0.228851 0.083894
vt 0.235316 0.085689
vt 0.228851 0.093231
vt 0.234717 0.096942
vt 0.240224 0.085929
vt 0.241780 0.099217
vt 0.220232 0.096104
vt 0.237231 0.101132
vt 0.260215 0.108793
vt 0.216402 0.097301
vt 0.240344 0.104963
vt 0.265842 0.112864
vt 0.280806 0.115138
vt 0.294453 0.120285
vt 0.277454 0.118011
vt 0.308339 0.127708
vt 0.250519 0.112026
vt 0.217479 0.100294
vt 0.184798 0.109152
vt 0.181446 0.115258
vt 0.131647 0.127708
vt 0.149244 0.119687
vt 0.155589 0.115497
vt 0.193776 0.097900
vt 0.177137 0.104963
vt 0.185995 0.094668
vt 0.171151 0.098977
vt 0.210536 0.075873
vt 0.219155 0.067972
vt 0.195333 0.083295
vt 0.187552 0.082337
vt 0.203473 0.071803
vt 0.211254 0.069648
vt 0.215324 0.063064
vt 0.938424 0.374523
vt 0.945726 0.359319
vt 0.940459 0.377396
vt 0.925375 0.378114
vt 0.937705 0.381945
vt 0.922502 0.389726
vt 0.939860 0.394275
vt 0.942733 0.392838
vt 0.937825 0.392599
vt 0.942614 0.402176
vt 0.938424 0.397866
vt 0.939860 0.400978
vt 0.928727 0.397267
vt 0.926094 0.399183
vt 0.917834 0.384339
vt 0.940818 0.408161
vt 0.937945 0.403133
vt 0.927171 0.406246
vt 0.923340 0.420132
vt 0.927650 0.414027
vt 0.930164 0.408041
vt 0.939740 0.411872
vt 0.930044 0.415822
vt 0.942374 0.414147
vt 0.945726 0.421090
vt 0.055225 0.917328
vt 0.055225 0.943425
vt 0.051394 0.902724
vt 0.050197 0.917927
vt 0.079218 0.760087
vt 0.046059 0.761523
vt 0.075747 0.753263
vt 0.103639 0.757693
vt 0.114653 0.761643
vt 0.032532 0.758770
vt 0.019364 0.761643
vt 0.010146 0.747757
vt 0.002125 0.744764
vt 0.010744 0.726089
vt 0.021758 0.736743
vt 0.018645 0.720104
vt 0.046777 0.751228
vt 0.072874 0.743088
vt 0.043186 0.714717
vt 0.043665 0.710647
vt 0.071677 0.711484
vt 0.019244 0.715315
vt 0.001886 0.720702
vt 0.043784 0.705738
vt 0.096337 0.724174
vt 0.054558 0.687542
vt 0.081134 0.694725
vt 0.067128 0.673896
vt 0.053720 0.670783
vt 0.093584 0.684550
vt 0.093464 0.694127
vt 0.096098 0.701788
vt 0.105794 0.691254
vt 0.040672 0.697838
vt 0.048094 0.675212
vt 0.103759 0.708731
vt 0.114413 0.705858
vt 0.118603 0.701070
vt 0.118364 0.712682
vt 0.121955 0.725012
vt 0.110223 0.755897
vt 0.112498 0.757693
vt 0.038996 0.683951
vt 0.038278 0.672339
vt 0.036003 0.701189
vt 0.033609 0.700471
vt 0.020321 0.709210
vt 0.005477 0.708851
vt 0.004519 0.703823
vt 0.017328 0.699154
vt 0.030616 0.698077
vt 0.032412 0.686106
vt 0.030856 0.674374
vt 0.003192 0.186384
vt 0.003192 0.151189
vt 0.006903 0.152506
vt 0.509194 0.860255
vt 0.498779 0.862889
vt 0.496026 0.839545
vt 0.511229 0.850439
vt 0.506799 0.841820
vt 0.516735 0.858579
vt 0.507278 0.837510
vt 0.520686 0.827335
vt 0.518651 0.822786
vt 0.509194 0.830328
vt 0.508356 0.827694
vt 0.514461 0.821469
vt 0.498539 0.825659
vt 0.476872 0.829130
vt 0.505961 0.814406
vt 0.513264 0.809139
vt 0.524636 0.806026
vt 0.521524 0.792260
vt 0.509433 0.798126
vt 0.513862 0.784957
vt 0.499018 0.817159
vt 0.497462 0.792020
vt 0.491955 0.815843
vt 0.469809 0.822546
vt 0.479027 0.803393
vt 0.495427 0.808660
vt 0.483815 0.797407
vt 0.483695 0.791542
vt 0.502729 0.804350
vt 0.485850 0.785556
vt 0.469809 0.771430
vt 0.501891 0.796809
vt 0.496145 0.802196
vt 0.006584 0.276988
vt 0.001675 0.268489
vt 0.012210 0.242153
vt 0.009217 0.240836
vt 0.003950 0.248378
vt 0.001675 0.213662
vt 0.017357 0.241913
vt 0.020709 0.244427
vt 0.005386 0.299135
vt 0.571732 0.149505
vt 0.667021 0.166145
vt 0.661155 0.168779
vt 0.679470 0.191045
vt 0.637572 0.171412
vt 0.577238 0.166744
vt 0.563471 0.185179
vt 0.663190 0.178595
vt 0.694913 0.242759
vt 0.670492 0.234619
vt 0.626918 0.178595
vt 0.648106 0.212473
vt 0.649543 0.191643
vt 0.646311 0.233901
vt 0.634220 0.195235
vt 0.595793 0.196791
vt 0.573886 0.193199
vt 0.640924 0.225521
vt 0.627875 0.238450
vt 0.624045 0.218219
vt 0.589329 0.207684
vt 0.610039 0.237612
vt 0.557366 0.216663
vt 0.581667 0.229472
vt 0.554374 0.220852
vt 0.576879 0.230788
vt 0.566464 0.242759
vt 0.565985 0.233661
vt 0.572569 0.234021
vt 0.773148 0.991388
vt 0.762135 0.991747
vt 0.751481 0.968523
vt 0.747770 0.986479
vt 0.771831 0.970199
vt 0.752319 0.965650
vt 0.753037 0.963495
vt 0.753636 0.962178
vt 0.747770 0.951883
vt 0.943704 0.531446
vt 0.939155 0.539107
vt 0.939993 0.530129
vt 0.957231 0.529650
vt 0.935803 0.541860
vt 0.938676 0.528692
vt 0.933888 0.542459
vt 0.934367 0.528692
vt 0.920600 0.554550
vt 0.920720 0.535875
vt 0.927543 0.519235
vt 0.931015 0.516961
vt 0.920600 0.496371
vt 0.927543 0.505229
vt 0.932810 0.516841
vt 0.927543 0.498406
s 1
usemtl Material
f 612/1 599/2 553/3
f 553/3 599/2 520/4
f 553/3 520/4 495/5
f 553/3 495/5 552/6
f 553/3 552/6 612/1
f 552/6 495/5 435/7
f 552/6 435/7 481/8
f 612/1 552/6 611/9
f 611/9 552/6 607/10
f 611/9 607/10 612/1
f 607/10 552/6 605/11
f 605/11 552/6 481/8
f 612/1 607/10 614/12
f 612/1 614/12 599/2
f 607/10 605/11 616/13
f 607/10 616/13 614/12
f 616/13 605/11 626/14
f 626/14 605/11 481/8
f 614/12 616/13 621/15
f 621/15 616/13 626/14
f 614/12 621/15 599/2
f 626/14 481/8 635/16
f 635/16 481/8 648/17
f 626/14 635/16 633/18
f 626/14 633/18 621/15
f 633/18 635/16 644/19
f 633/18 644/19 640/20
f 648/17 481/8 449/21
f 648/17 449/21 654/22
s 0
f 449/21 481/8 214/23
s 1
f 654/22 449/21 656/24
s 0
f 449/21 214/23 204/25
s 1
f 656/24 449/21 506/26
s 0
f 506/26 449/21 204/25
s 1
f 610/27 621/15 633/18
f 621/15 610/27 599/2
f 610/27 633/18 620/28
f 620/28 633/18 640/20
f 599/2 610/27 546/29
f 599/2 546/29 520/4
f 520/4 546/29 505/30
f 546/29 610/27 560/31
f 560/31 610/27 620/28
f 505/30 546/29 534/32
f 505/30 534/32 487/33
f 487/33 534/32 524/34
f 534/32 546/29 540/35
f 534/32 540/35 524/34
f 540/35 546/29 560/31
f 560/31 620/28 570/36
f 560/31 570/36 540/35
f 624/37 620/28 640/20
f 620/28 624/37 570/36
f 624/37 640/20 639/38
f 624/37 639/38 578/39
f 624/37 578/39 570/36
f 504/40 524/34 540/35
f 524/34 504/40 451/41
f 451/41 504/40 491/42
f 504/40 540/35 516/43
f 504/40 516/43 491/42
f 491/42 516/43 500/44
f 491/42 500/44 479/45
f 500/44 516/43 513/46
f 500/44 513/46 499/47
f 516/43 540/35 535/48
f 535/48 540/35 570/36
f 516/43 535/48 513/46
f 499/47 513/46 530/49
f 535/48 570/36 554/50
f 535/48 554/50 513/46
f 554/50 570/36 559/51
f 554/50 559/51 513/46
f 513/46 559/51 530/49
f 559/51 570/36 578/39
f 559/51 578/39 530/49
f 644/52 635/53 648/54
f 644/52 648/54 647/55
f 644/52 647/55 640/56
f 647/55 648/54 654/57
f 640/56 647/55 639/58
f 647/55 654/57 668/59
f 639/58 647/55 651/60
f 651/60 647/55 668/59
f 639/58 651/60 609/61
f 668/59 654/57 663/62
f 663/62 654/57 656/63
f 668/59 663/62 669/64
f 669/64 663/62 656/63
f 609/61 651/60 619/65
f 609/61 619/65 597/66
f 651/60 668/59 658/67
f 651/60 658/67 619/65
f 668/59 669/64 678/68
f 668/59 678/68 658/67
f 669/64 656/63 675/69
f 669/64 675/69 678/68
f 675/69 656/63 506/70
f 675/69 506/70 688/71
f 675/69 688/71 678/68
f 603/72 619/65 658/67
f 619/65 603/72 587/73
f 670/74 658/67 678/68
f 658/67 670/74 603/72
f 678/68 688/71 690/75
f 678/68 690/75 670/74
f 594/76 603/72 630/77
f 630/77 603/72 670/74
f 690/75 688/71 695/78
f 630/77 670/74 631/79
f 630/77 631/79 572/80
f 572/80 631/79 602/81
f 602/81 631/79 579/82
f 631/79 670/74 638/83
f 631/79 638/83 579/82
f 579/82 638/83 598/84
f 579/82 598/84 557/85
f 557/85 598/84 632/86
f 632/86 598/84 638/83
f 557/85 632/86 608/87
f 638/83 670/74 677/88
f 638/83 677/88 632/86
f 677/88 670/74 690/75
f 608/87 632/86 646/89
f 646/89 632/86 677/88
f 608/87 646/89 637/90
f 677/88 690/75 686/91
f 677/88 686/91 646/89
f 646/89 686/91 637/90
f 686/91 690/75 695/78
f 608/87 637/90 562/92
f 562/92 637/90 615/93
f 562/92 615/93 565/94
f 615/93 637/90 643/95
f 615/93 643/95 565/94
f 637/90 686/91 692/96
f 692/96 686/91 695/78
f 637/90 692/96 643/95
f 565/94 643/95 600/97
f 565/94 600/97 623/98
f 623/98 600/97 643/95
f 565/94 623/98 561/99
f 643/95 692/96 642/100
f 643/95 642/100 623/98
f 692/96 695/78 694/101
f 692/96 694/101 642/100
f 623/98 642/100 571/102
f 623/98 571/102 561/99
f 571/102 642/100 622/103
f 622/103 642/100 650/104
f 650/104 642/100 694/101
f 571/102 622/103 574/105
f 571/102 574/105 561/99
f 574/105 622/103 591/106
f 591/106 622/103 650/104
f 561/99 574/105 566/107
f 566/107 574/105 591/106
f 561/99 566/107 542/108
f 591/106 650/104 629/109
f 591/106 629/109 566/107
f 542/108 566/107 555/110
f 542/108 555/110 527/111
f 527/111 555/110 533/112
f 566/107 629/109 586/113
f 566/107 586/113 555/110
f 533/112 555/110 558/114
f 586/113 629/109 665/115
f 665/115 629/109 650/104
f 586/113 665/115 634/116
f 555/110 586/113 581/117
f 581/117 586/113 634/116
f 634/116 665/115 673/118
f 634/116 673/118 581/117
f 665/115 650/104 699/119
f 665/115 699/119 673/118
f 699/119 650/104 694/101
f 577/120 558/114 555/110
f 577/120 555/110 581/117
f 581/117 673/118 641/121
f 581/117 641/121 577/120
f 699/119 694/101 709/122
f 673/118 699/119 706/123
f 706/123 699/119 709/122
f 641/121 673/118 661/124
f 661/124 673/118 706/123
f 577/120 641/121 595/125
f 595/125 641/121 661/124
f 577/120 595/125 585/126
f 577/120 585/126 558/114
f 595/125 661/124 645/127
f 595/125 645/127 585/126
f 645/127 661/124 660/128
f 660/128 661/124 706/123
f 585/126 645/127 588/129
f 585/126 588/129 558/114
f 588/129 645/127 660/128
f 558/114 588/129 604/130
f 604/130 588/129 652/131
f 652/131 588/129 660/128
f 652/131 660/128 666/132
f 666/132 660/128 712/133
f 712/133 660/128 706/123
f 712/133 706/123 715/134
f 715/134 706/123 711/135
f 711/135 706/123 709/122
f 713/136 716/137 715/134
f 713/136 715/134 710/138
f 710/138 715/134 711/135
f 713/136 710/138 503/139
f 710/138 711/135 708/140
f 710/138 708/140 503/139
f 708/140 711/135 709/122
f 503/139 708/140 494/141
f 708/140 709/122 702/142
f 708/140 702/142 494/141
f 702/142 709/122 701/143
f 701/143 709/122 694/101
f 701/143 694/101 695/78
f 702/142 701/143 697/144
f 697/144 701/143 695/78
f 702/142 697/144 494/141
f 697/144 695/78 688/71
f 697/144 688/71 494/141
f 487/145 524/146 426/147
f 426/147 524/146 451/148
f 487/145 426/147 422/149
f 426/147 451/148 394/150
f 487/145 422/149 439/151
f 487/145 439/151 505/152
f 422/149 426/147 371/153
f 371/153 426/147 394/150
f 505/152 439/151 520/154
f 439/151 422/149 413/155
f 422/149 371/153 373/156
f 422/149 373/156 413/155
f 439/151 413/155 388/157
f 388/157 413/155 373/156
f 520/154 439/151 436/158
f 436/158 439/151 388/157
f 520/154 436/158 495/159
f 495/159 436/158 435/160
f 435/160 436/158 412/161
f 412/161 436/158 388/157
f 435/160 412/161 377/162
f 377/162 412/161 388/157
f 435/160 377/162 481/163
f 338/164 388/157 373/156
f 377/162 388/157 335/165
f 335/165 388/157 338/164
f 481/163 377/162 310/166
s 0
f 481/163 310/166 214/167
s 1
f 377/162 335/165 301/168
f 301/168 335/165 338/164
f 310/166 377/162 289/169
f 289/169 377/162 301/168
f 214/167 310/166 245/170
f 245/170 310/166 289/169
f 214/167 245/170 195/171
f 214/167 195/171 155/172
f 245/170 289/169 269/173
f 269/173 289/169 301/168
f 195/171 245/170 227/174
f 227/174 245/170 269/173
f 269/173 301/168 271/175
f 271/175 301/168 338/164
f 269/173 271/175 227/174
f 195/171 227/174 203/176
f 195/171 203/176 167/177
f 167/177 203/176 181/178
f 203/176 227/174 212/179
f 203/176 212/179 181/178
f 227/174 271/175 234/180
f 227/174 234/180 212/179
f 314/181 271/175 338/164
f 314/181 338/164 373/156
f 314/181 373/156 371/153
f 271/175 314/181 296/182
f 296/182 314/181 371/153
f 271/175 296/182 234/180
f 296/182 371/153 394/150
f 230/183 212/179 234/180
f 230/183 234/180 296/182
f 190/184 181/178 212/179
f 181/178 190/184 178/185
f 178/185 190/184 206/186
f 206/186 190/184 212/179
f 178/185 206/186 189/187
f 218/188 212/179 230/183
f 212/179 218/188 206/186
f 218/188 230/183 239/189
f 239/189 230/183 296/182
f 206/186 218/188 240/190
f 206/186 240/190 189/187
f 240/190 218/188 239/189
f 239/189 296/182 274/191
f 239/189 274/191 240/190
f 274/191 296/182 313/192
f 313/192 296/182 394/150
f 274/191 313/192 328/193
f 328/193 313/192 394/150
f 216/194 189/187 240/190
f 189/187 216/194 174/195
f 240/190 274/191 252/196
f 240/190 252/196 216/194
f 174/195 216/194 180/197
f 252/196 274/191 272/198
f 272/198 274/191 328/193
f 423/199 328/193 394/150
f 423/199 394/150 451/148
f 423/199 451/148 456/200
f 456/200 451/148 491/201
f 328/193 423/199 414/202
f 414/202 423/199 456/200
f 456/200 491/201 479/203
f 328/193 414/202 333/204
f 328/193 333/204 272/198
f 414/202 456/200 381/205
f 414/202 381/205 333/204
f 456/200 479/203 469/206
f 456/200 469/206 381/205
f 469/206 479/203 468/207
f 468/207 479/203 500/208
f 381/205 469/206 411/209
f 333/204 381/205 334/210
f 334/210 381/205 411/209
f 468/207 500/208 478/211
f 478/211 500/208 499/212
f 469/206 468/207 448/213
f 411/209 469/206 431/214
f 431/214 469/206 448/213
f 411/209 431/214 405/215
f 411/209 405/215 334/210
f 468/207 478/211 458/216
f 468/207 458/216 448/213
f 458/216 478/211 484/217
f 484/217 478/211 499/212
f 405/215 431/214 425/218
f 431/214 448/213 440/219
f 431/214 440/219 425/218
f 440/219 448/213 441/220
f 441/220 448/213 458/216
f 425/218 440/219 432/221
f 405/215 425/218 398/222
f 398/222 425/218 432/221
f 405/215 398/222 331/223
f 405/215 331/223 334/210
f 440/219 441/220 430/224
f 440/219 430/224 432/221
f 398/222 432/221 358/225
f 398/222 358/225 331/223
f 358/225 432/221 417/226
f 417/226 432/221 430/224
f 358/225 417/226 370/227
f 430/224 441/220 408/228
f 408/228 441/220 458/216
f 358/225 370/227 339/229
f 358/225 339/229 331/223
f 370/227 417/226 353/230
f 370/227 353/230 339/229
f 417/226 430/224 416/231
f 417/226 416/231 353/230
f 416/231 430/224 340/232
f 340/232 430/224 408/228
f 353/230 416/231 347/233
f 353/230 347/233 339/229
f 347/233 416/231 340/232
f 339/229 347/233 327/234
f 327/234 347/233 340/232
f 339/229 327/234 318/235
f 339/229 318/235 331/223
f 318/235 327/234 320/236
f 320/236 327/234 340/232
f 331/223 318/235 307/237
f 307/237 318/235 320/236
f 331/223 307/237 334/210
f 320/236 340/232 309/238
f 320/236 309/238 307/237
f 336/239 340/232 408/228
f 307/237 309/238 297/240
f 307/237 297/240 334/210
f 309/238 340/232 302/241
f 309/238 302/241 297/240
f 302/241 340/232 336/239
f 336/239 408/228 311/242
f 336/239 311/242 302/241
f 311/242 408/228 458/216
f 334/210 297/240 285/243
f 334/210 285/243 333/204
f 333/204 285/243 272/198
f 285/243 297/240 286/244
f 286/244 297/240 302/241
f 272/198 285/243 273/245
f 273/245 285/243 286/244
f 272/198 273/245 264/246
f 272/198 264/246 252/196
f 273/245 286/244 279/247
f 252/196 264/246 251/248
f 252/196 251/248 216/194
f 264/246 273/245 266/249
f 266/249 273/245 279/247
f 251/248 264/246 257/250
f 257/250 264/246 266/249
f 216/194 251/248 231/251
f 251/248 257/250 243/252
f 251/248 243/252 231/251
f 216/194 231/251 180/197
f 243/252 257/250 248/253
f 243/252 248/253 231/251
f 257/250 266/249 256/254
f 256/254 266/249 260/255
f 256/254 260/255 249/256
f 257/250 256/254 247/257
f 247/257 256/254 158/258
f 247/257 158/258 201/259
f 247/257 201/259 257/250
f 235/260 248/253 257/250
f 235/260 257/250 201/259
f 248/253 235/260 231/251
f 235/260 201/259 225/261
f 235/260 225/261 231/251
f 231/251 225/261 223/262
f 225/261 201/259 207/263
f 207/263 201/259 172/264
f 207/263 172/264 179/265
f 207/263 179/265 197/266
f 225/261 207/263 219/267
f 219/267 207/263 197/266
f 225/261 219/267 223/262
f 231/251 223/262 191/268
f 191/268 223/262 219/267
f 191/268 219/267 197/266
f 231/251 191/268 180/197
f 180/197 191/268 197/266
f 180/197 197/266 175/269
f 181/270 178/271 164/272
f 181/270 164/272 162/273
f 164/272 178/271 160/274
f 164/272 160/274 162/273
f 181/270 162/273 167/275
f 167/275 162/273 151/276
f 151/276 162/273 160/274
f 155/277 195/278 167/275
f 155/277 167/275 134/279
f 134/279 167/275 151/276
f 155/277 134/279 116/280
f 151/276 160/274 149/281
f 134/279 151/276 142/282
f 142/282 151/276 149/281
f 149/281 160/274 144/283
f 149/281 144/283 142/282
f 157/284 160/274 178/271
f 160/274 157/284 144/283
f 157/284 178/271 189/285
f 142/282 144/283 135/286
f 142/282 135/286 134/279
f 157/284 189/285 174/287
f 157/284 174/287 133/288
f 133/288 174/287 180/289
f 104/290 116/280 134/279
f 104/290 134/279 135/286
f 116/280 104/290 94/291
f 94/291 104/290 84/292
f 94/291 84/292 52/293
f 84/292 104/290 54/294
f 84/292 54/294 52/293
f 104/290 135/286 114/295
f 129/296 135/286 144/283
f 135/286 129/296 122/297
f 135/286 122/297 114/295
f 129/296 144/283 128/298
f 129/296 128/298 122/297
f 128/298 144/283 157/284
f 104/290 114/295 92/299
f 104/290 92/299 54/294
f 128/298 157/284 132/300
f 132/300 157/284 133/288
f 122/297 128/298 119/301
f 119/301 128/298 132/300
f 110/302 114/295 122/297
f 110/302 122/297 119/301
f 114/295 110/302 106/303
f 114/295 106/303 92/299
f 106/303 110/302 105/304
f 105/304 110/302 119/301
f 106/303 105/304 92/299
f 101/305 119/301 132/300
f 119/301 101/305 105/304
f 92/299 105/304 93/306
f 93/306 105/304 101/305
f 101/305 132/300 95/307
f 95/307 132/300 133/288
f 93/306 101/305 86/308
f 86/308 101/305 95/307
f 92/299 93/306 82/309
f 82/309 93/306 86/308
f 92/299 82/309 74/310
f 92/299 74/310 54/294
f 82/309 86/308 63/311
f 63/311 86/308 95/307
f 74/310 82/309 67/312
f 67/312 82/309 63/311
f 54/294 74/310 60/313
f 60/313 74/310 67/312
f 54/294 60/313 39/314
f 54/294 39/314 52/293
f 52/293 39/314 10/315
f 60/313 67/312 57/316
f 57/316 67/312 63/311
f 60/313 57/316 51/317
f 60/313 51/317 39/314
f 57/316 63/311 46/318
f 57/316 46/318 51/317
f 10/315 39/314 755/319
f 10/315 755/319 792/320
f 39/314 51/317 36/321
f 36/321 51/317 46/318
f 755/319 39/314 8/322
f 8/322 39/314 36/321
f 755/319 8/322 751/323
f 755/319 751/323 765/324
f 765/324 751/323 761/325
f 761/325 751/323 744/326
f 744/326 751/323 8/322
f 765/324 761/325 766/327
f 766/327 761/325 744/326
f 765/324 766/327 777/328
f 777/328 766/327 779/329
f 779/329 766/327 783/330
f 783/330 766/327 784/331
f 744/326 8/322 16/332
f 744/326 16/332 766/327
f 16/332 8/322 17/333
f 784/331 766/327 762/334
f 17/333 8/322 27/335
f 27/335 8/322 36/321
f 16/332 17/333 33/336
f 33/336 17/333 27/335
f 766/327 16/332 24/337
f 766/327 24/337 762/334
f 24/337 16/332 33/336
f 784/331 762/334 752/338
f 752/338 762/334 24/337
f 784/331 752/338 804/339
f 804/339 752/338 774/340
f 33/336 27/335 37/341
f 37/341 27/335 36/321
f 37/341 36/321 46/318
f 33/336 37/341 47/342
f 47/342 37/341 46/318
f 33/336 47/342 24/337
f 47/342 46/318 63/311
f 47/342 63/311 65/343
f 47/342 65/343 24/337
f 65/343 63/311 95/307
f 24/337 65/343 70/344
f 70/344 65/343 95/307
f 24/337 70/344 752/338
f 70/344 95/307 85/345
f 85/345 95/307 133/288
f 752/338 70/344 4/346
f 752/338 4/346 774/340
f 4/346 70/344 42/347
f 42/347 70/344 85/345
f 774/340 4/346 758/348
f 774/340 758/348 821/349
f 4/346 42/347 9/350
f 4/346 9/350 758/348
f 821/349 758/348 803/351
f 42/347 85/345 58/352
f 42/347 58/352 9/350
f 139/353 85/345 133/288
f 139/353 133/288 180/289
f 85/345 139/353 102/354
f 85/345 102/354 58/352
f 139/353 180/289 154/355
f 154/355 180/289 175/356
f 197/357 179/358 175/356
f 175/356 179/358 154/355
f 154/355 179/358 172/359
f 154/355 172/359 163/360
f 163/360 172/359 201/361
f 163/360 201/361 158/362
f 150/363 139/353 154/355
f 150/363 154/355 152/364
f 152/364 154/355 163/360
f 139/353 150/363 140/365
f 140/365 150/363 152/364
f 139/353 140/365 131/366
f 152/364 163/360 147/367
f 152/364 147/367 140/365
f 140/365 147/367 127/368
f 140/365 127/368 131/366
f 139/353 131/366 115/369
f 115/369 131/366 127/368
f 139/353 115/369 102/354
f 147/367 163/360 126/370
f 147/367 126/370 127/368
f 115/369 127/368 109/371
f 109/371 127/368 126/370
f 102/354 115/369 107/372
f 107/372 115/369 109/371
f 126/370 163/360 112/373
f 126/370 112/373 109/371
f 112/373 163/360 158/362
f 107/372 109/371 99/374
f 107/372 99/374 102/354
f 99/374 109/371 100/375
f 100/375 109/371 112/373
f 102/354 99/374 81/376
f 81/376 99/374 100/375
f 102/354 81/376 58/352
f 100/375 112/373 97/377
f 81/376 100/375 88/378
f 88/378 100/375 97/377
f 81/376 88/378 72/379
f 81/376 72/379 58/352
f 88/378 97/377 87/380
f 87/380 97/377 112/373
f 72/379 88/378 78/381
f 78/381 88/378 87/380
f 58/352 72/379 69/382
f 69/382 72/379 78/381
f 58/352 69/382 53/383
f 87/380 112/373 73/384
f 73/384 112/373 158/362
f 78/381 87/380 68/385
f 78/381 68/385 69/382
f 68/385 87/380 73/384
f 69/382 68/385 56/386
f 69/382 56/386 53/383
f 58/352 53/383 9/350
f 56/386 68/385 23/387
f 23/387 68/385 73/384
f 53/383 56/386 35/388
f 9/350 53/383 21/389
f 21/389 53/383 35/388
f 35/388 56/386 28/390
f 35/388 28/390 21/389
f 28/390 56/386 23/387
f 21/389 28/390 14/391
f 21/389 14/391 9/350
f 14/391 28/390 23/387
f 14/391 23/387 6/392
f 9/350 14/391 743/393
f 743/393 14/391 6/392
f 9/350 743/393 758/348
f 6/392 23/387 747/394
f 6/392 747/394 743/393
f 758/348 743/393 754/395
f 754/395 743/393 747/394
f 758/348 754/395 764/396
f 758/348 764/396 803/351
f 764/396 754/395 757/397
f 757/397 754/395 747/394
f 803/351 764/396 793/398
f 764/396 757/397 770/399
f 764/396 770/399 793/398
f 770/399 757/397 776/400
f 776/400 757/397 747/394
f 770/399 776/400 793/398
f 803/351 793/398 811/401
f 776/400 747/394 780/402
f 776/400 780/402 793/398
f 748/403 747/394 23/387
f 747/394 748/403 780/402
f 748/403 23/387 73/384
f 793/398 780/402 789/404
f 811/401 793/398 806/405
f 806/405 793/398 789/404
f 789/404 780/402 801/406
f 789/404 801/406 806/405
f 780/402 748/403 796/407
f 780/402 796/407 801/406
f 811/401 806/405 808/408
f 808/408 806/405 801/406
f 811/401 808/408 818/409
f 818/409 808/408 823/410
f 823/410 808/408 801/406
f 823/410 801/406 831/411
f 823/410 831/411 829/412
f 831/411 801/406 796/407
f 831/411 796/407 862/413
f 862/413 796/407 837/414
f 837/414 796/407 775/415
f 775/415 796/407 748/403
f 837/414 775/415 819/416
f 837/414 819/416 901/417
f 775/415 748/403 40/418
f 40/418 748/403 73/384
f 819/416 775/415 2/419
f 2/419 775/415 40/418
f 819/416 2/419 798/420
f 819/416 798/420 897/421
f 897/421 798/420 847/422
f 40/418 73/384 111/423
f 111/423 73/384 158/362
f 111/423 158/362 192/424
f 111/423 192/424 117/425
f 111/423 117/425 40/418
f 40/418 117/425 2/419
f 79/426 798/420 2/419
f 79/426 2/419 117/425
f 34/427 847/422 798/420
f 34/427 798/420 79/426
f 79/426 117/425 124/428
f 79/426 124/428 34/427
f 124/428 117/425 233/429
f 124/428 233/429 165/430
f 847/422 34/427 7/431
f 847/422 7/431 848/432
s 0
f 34/427 124/428 66/433
s 1
f 34/427 66/433 7/431
s 0
f 124/428 165/430 123/434
s 1
f 124/428 123/434 66/433
s 0
f 123/434 165/430 166/435
f 66/433 123/434 125/436
s 1
f 125/436 123/434 166/435
f 66/433 125/436 32/437
f 125/436 166/435 159/438
f 159/438 166/435 244/439
f 771/440 7/431 66/433
f 7/431 771/440 848/432
f 771/440 66/433 769/441
f 848/432 771/440 810/442
s 0
f 810/442 771/440 769/441
s 1
f 155/443 116/444 214/445
f 214/445 116/444 26/446
f 26/446 116/444 94/447
f 26/446 94/447 52/448
f 26/446 52/448 10/449
f 26/446 10/449 792/450
f 214/445 26/446 50/451
f 50/451 26/446 850/452
f 214/445 50/451 204/453
f 50/451 850/452 820/454
f 204/453 50/451 749/455
f 749/455 50/451 820/454
f 749/455 820/454 849/456
s 0
f 204/453 749/455 148/457
f 749/455 849/456 773/458
f 749/455 773/458 148/457
s 1
f 148/457 773/458 261/459
f 261/459 773/458 44/460
f 755/461 765/462 788/463
f 788/463 765/462 777/464
f 755/461 788/463 792/465
f 788/463 777/464 799/466
f 792/465 788/463 822/467
f 822/467 788/463 799/466
f 799/466 777/464 785/468
f 785/468 777/464 779/469
f 785/468 779/469 783/470
f 799/466 785/468 795/471
f 795/471 785/468 783/470
f 795/471 783/470 802/472
f 795/471 802/472 799/466
f 802/472 783/470 784/473
f 799/466 802/472 813/474
f 799/466 813/474 822/467
f 813/474 802/472 812/475
f 812/475 802/472 816/476
f 812/475 816/476 813/474
f 816/476 802/472 784/473
f 822/467 813/474 830/477
f 830/477 813/474 816/476
f 816/476 784/473 824/478
f 824/478 784/473 804/479
f 774/480 821/481 804/479
f 804/479 821/481 824/478
f 824/478 821/481 855/482
f 816/476 824/478 827/483
f 816/476 827/483 830/477
f 830/477 827/483 835/484
f 827/483 824/478 839/485
f 827/483 839/485 835/484
f 830/477 835/484 842/486
f 842/486 835/484 839/485
f 830/477 842/486 852/487
f 830/477 852/487 822/467
f 842/486 839/485 853/488
f 842/486 853/488 852/487
f 851/489 839/485 824/478
f 839/485 851/489 853/488
f 851/489 824/478 855/482
f 853/488 851/489 857/490
f 857/490 851/489 855/482
f 852/487 853/488 859/491
f 859/491 853/488 857/490
f 834/492 822/467 852/487
f 822/467 834/492 792/465
f 852/487 859/491 863/493
f 852/487 863/493 834/492
f 792/465 834/492 850/494
f 792/465 850/494 26/495
f 850/494 834/492 863/493
f 866/496 859/491 857/490
f 866/496 857/490 865/497
f 865/497 857/490 855/482
f 859/491 866/496 870/498
f 859/491 870/498 863/493
f 866/496 865/497 869/499
f 866/496 869/499 870/498
f 865/497 855/482 900/500
f 900/500 855/482 864/501
f 869/499 865/497 876/502
f 876/502 865/497 900/500
f 870/498 869/499 877/503
f 877/503 869/499 876/502
f 870/498 877/503 884/504
f 870/498 884/504 863/493
f 877/503 876/502 883/505
f 877/503 883/505 884/504
f 883/505 876/502 887/506
f 887/506 876/502 900/500
f 884/504 883/505 889/507
f 889/507 883/505 887/506
f 889/507 887/506 892/508
f 892/508 887/506 900/500
f 884/504 889/507 894/509
f 894/509 889/507 892/508
f 884/504 894/509 890/510
f 884/504 890/510 863/493
f 863/493 890/510 904/511
f 863/493 904/511 850/494
f 890/510 894/509 922/512
f 890/510 922/512 904/511
f 894/509 892/508 902/513
f 894/509 902/513 922/512
f 850/494 904/511 968/514
f 902/513 892/508 906/515
f 906/515 892/508 913/516
f 913/516 892/508 900/500
f 902/513 906/515 910/517
f 902/513 910/517 922/512
f 910/517 906/515 915/518
f 915/518 906/515 913/516
f 922/512 910/517 927/519
f 927/519 910/517 915/518
f 943/520 904/511 922/512
f 904/511 943/520 968/514
f 922/512 927/519 942/521
f 922/512 942/521 943/520
f 927/519 915/518 924/522
f 924/522 915/518 913/516
f 927/519 924/522 934/523
f 927/519 934/523 942/521
f 924/522 913/516 930/524
f 924/522 930/524 934/523
f 943/520 942/521 957/525
f 943/520 957/525 968/514
f 942/521 934/523 945/526
f 945/526 934/523 930/524
f 957/525 942/521 950/527
f 950/527 942/521 945/526
f 968/514 957/525 973/528
f 973/528 957/525 950/527
f 950/527 945/526 952/529
f 945/526 930/524 953/530
f 945/526 953/530 952/529
f 950/527 952/529 960/531
f 950/527 960/531 973/528
f 960/531 952/529 953/530
f 933/532 930/524 913/516
f 930/524 933/532 953/530
f 933/532 913/516 900/500
f 960/531 953/530 961/533
f 973/528 960/531 975/534
f 975/534 960/531 961/533
f 961/533 953/530 971/535
f 953/530 933/532 966/536
f 953/530 966/536 971/535
f 933/532 900/500 940/537
f 933/532 940/537 966/536
f 940/537 900/500 923/538
f 923/538 900/500 864/501
f 923/538 864/501 903/539
f 903/539 864/501 844/540
f 923/538 903/539 935/541
f 940/537 923/538 958/542
f 958/542 923/538 935/541
f 982/543 966/536 940/537
f 982/543 940/537 958/542
f 958/542 935/541 967/544
f 967/544 935/541 965/545
f 967/544 965/545 1006/546
f 967/544 1006/546 985/547
f 967/544 985/547 958/542
f 958/542 985/547 982/543
f 982/543 985/547 1031/548
f 982/543 1031/548 1024/549
f 996/550 966/536 982/543
f 996/550 982/543 1024/549
f 966/536 996/550 971/535
f 996/550 1024/549 1009/551
f 1009/551 1024/549 1032/552
f 1009/551 1032/552 1022/553
f 996/550 1009/551 988/554
f 996/550 988/554 971/535
f 1009/551 1022/553 1013/555
f 1009/551 1013/555 988/554
f 1013/555 1022/553 1021/556
f 1021/556 1022/553 1042/557
f 988/554 1013/555 992/558
f 1021/556 1042/557 1023/559
f 1023/559 1042/557 1047/560
f 1013/555 1021/556 1000/561
f 1000/561 1021/556 1023/559
f 1013/555 1000/561 992/558
f 1000/561 1023/559 999/562
f 999/562 1023/559 1037/563
f 992/558 1000/561 983/564
f 983/564 1000/561 999/562
f 999/562 1037/563 963/565
f 983/564 999/562 973/528
f 973/528 999/562 968/514
f 968/514 999/562 963/565
f 983/564 973/528 975/534
f 983/564 975/534 992/558
f 968/514 963/565 850/494
f 850/494 963/565 820/566
f 820/566 963/565 849/567
f 992/558 975/534 977/568
f 992/558 977/568 988/554
f 988/554 977/568 971/535
f 977/568 975/534 972/569
f 977/568 972/569 971/535
f 972/569 975/534 961/533
f 972/569 961/533 971/535
f 1023/570 1047/571 1037/572
f 1037/572 1047/571 1075/573
f 1037/572 1075/573 1103/574
f 1103/574 1075/573 1092/575
f 1103/574 1092/575 1118/576
f 1103/574 1118/576 1163/577
f 1103/574 1163/577 1202/578
f 1037/572 1103/574 1094/579
f 1094/579 1103/574 1202/578
f 1037/572 1094/579 963/580
f 1094/579 1202/578 1058/581
f 1094/579 1058/581 963/580
f 1058/581 1202/578 1169/582
f 963/580 1058/581 989/583
f 989/583 1058/581 1169/582
f 989/583 1169/582 1081/584
f 1081/584 1169/582 1291/585
f 1081/584 1291/585 1025/586
f 1025/586 1291/585 1299/587
f 1042/588 1022/589 1051/590
f 1051/590 1022/589 1032/591
f 1042/588 1051/590 1062/592
f 1042/588 1062/592 1047/593
f 1051/590 1032/591 1060/594
f 1060/594 1032/591 1024/595
f 1047/593 1062/592 1074/596
f 1047/593 1074/596 1075/597
f 1075/597 1074/596 1092/598
f 1074/596 1062/592 1071/599
f 1071/599 1062/592 1051/590
f 1092/598 1074/596 1093/600
f 1093/600 1074/596 1071/599
f 1092/598 1093/600 1118/601
f 1071/599 1051/590 1073/602
f 1071/599 1073/602 1093/600
f 1073/602 1051/590 1060/594
f 1093/600 1073/602 1087/603
f 1087/603 1073/602 1083/604
f 1083/604 1073/602 1060/594
f 1083/604 1060/594 1069/605
f 1069/605 1060/594 1024/595
f 1083/604 1069/605 1108/606
f 1069/605 1024/595 1031/607
f 1108/606 1069/605 1076/608
f 1076/608 1069/605 1031/607
f 1108/606 1076/608 1135/609
f 1076/608 1031/607 1030/610
f 1030/610 1031/607 985/611
f 1135/609 1076/608 1080/612
f 1080/612 1076/608 1030/610
f 1135/609 1080/612 1122/613
f 1122/613 1080/612 1110/614
f 1030/610 985/611 1006/615
f 1110/614 1080/612 1050/616
f 1050/616 1080/612 1030/610
f 1050/616 1030/610 1006/615
f 1110/614 1050/616 1064/617
f 1064/617 1050/616 1044/618
f 1044/618 1050/616 1006/615
f 1064/617 1044/618 1054/619
f 1044/618 1006/615 1016/620
f 1054/619 1044/618 1033/621
f 1033/621 1044/618 1016/620
f 1054/619 1033/621 1035/622
f 1054/619 1035/622 1038/623
f 1035/622 1033/621 1014/624
f 1035/622 1014/624 1038/623
f 1014/624 1033/621 1016/620
f 1005/625 1016/620 1006/615
f 1005/625 1006/615 965/626
f 1014/624 1016/620 1008/627
f 1008/627 1016/620 1005/625
f 1038/623 1014/624 1007/628
f 1007/628 1014/624 1008/627
f 1038/623 1007/628 990/629
f 1007/628 1008/627 1002/630
f 1008/627 1005/625 987/631
f 1008/627 987/631 1002/630
f 987/631 1005/625 970/632
f 1007/628 1002/630 979/633
f 979/633 1002/630 987/631
f 1007/628 979/633 990/629
f 979/633 987/631 970/632
f 990/629 979/633 946/634
f 979/633 970/632 959/635
f 946/634 979/633 956/636
f 956/636 979/633 959/635
f 946/634 956/636 901/637
f 956/636 959/635 941/638
f 1093/639 1087/640 1107/641
f 1093/639 1107/641 1121/642
f 1093/639 1121/642 1118/643
f 1107/641 1087/640 1117/644
f 1117/644 1087/640 1083/645
f 1117/644 1083/645 1108/646
f 1118/643 1121/642 1143/647
f 1118/643 1143/647 1163/648
f 1121/642 1107/641 1148/649
f 1148/649 1107/641 1117/644
f 1121/642 1148/649 1143/647
f 1163/648 1143/647 1191/650
f 1191/650 1143/647 1148/649
f 1148/649 1117/644 1168/651
f 1168/651 1117/644 1108/646
f 1148/649 1168/651 1191/650
f 1168/651 1108/646 1166/652
f 1166/652 1108/646 1135/653
f 1191/650 1168/651 1196/654
f 1196/654 1168/651 1166/652
f 1166/652 1135/653 1147/655
f 1199/656 1163/648 1191/650
f 1163/648 1199/656 1202/657
f 1191/650 1196/654 1212/658
f 1191/650 1212/658 1199/656
f 1196/654 1166/652 1209/659
f 1202/657 1199/656 1253/660
f 1253/660 1199/656 1212/658
f 1212/658 1196/654 1230/661
f 1230/661 1196/654 1209/659
f 1253/660 1212/658 1252/662
f 1252/662 1212/658 1230/661
f 1253/660 1252/662 1285/663
f 1202/657 1253/660 1290/664
f 1290/664 1253/660 1285/663
f 1285/663 1252/662 1283/665
f 1285/663 1283/665 1290/664
f 1252/662 1230/661 1268/666
f 1252/662 1268/666 1283/665
f 1268/666 1230/661 1244/667
f 1244/667 1230/661 1209/659
f 1268/666 1244/667 1256/668
f 1283/665 1268/666 1280/669
f 1290/664 1283/665 1288/670
f 1288/670 1283/665 1280/669
f 1288/670 1280/669 1287/671
f 1288/670 1287/671 1290/664
f 1287/671 1280/669 1294/672
f 1284/673 1202/657 1290/664
f 1284/673 1290/664 1287/671
f 1202/657 1284/673 1169/674
f 1287/671 1294/672 1296/675
f 1287/671 1296/675 1284/673
f 1284/673 1296/675 1169/674
f 1296/675 1294/672 1298/676
f 1296/675 1298/676 1169/674
f 1169/674 1298/676 1291/677
f 1232/678 1244/667 1209/659
f 1244/667 1232/678 1236/679
f 1232/678 1209/659 1170/680
f 1170/680 1209/659 1166/652
f 1236/679 1232/678 1224/681
f 1170/680 1166/652 1147/655
f 1236/679 1224/681 1225/682
f 1170/680 1147/655 1156/683
f 1156/683 1147/655 1154/684
f 1154/684 1147/655 1144/685
f 1170/680 1156/683 1167/686
f 1167/686 1156/683 1154/684
f 1154/684 1144/685 1141/687
f 1170/680 1167/686 1183/688
f 1154/684 1141/687 1150/689
f 1150/689 1141/687 1140/690
f 1150/689 1140/690 1149/691
f 1149/691 1140/690 1138/692
f 1154/684 1150/689 1161/693
f 1154/684 1161/693 1167/686
f 1161/693 1150/689 1160/694
f 1167/686 1161/693 1172/695
f 1167/686 1172/695 1183/688
f 1161/693 1160/694 1180/696
f 1180/696 1160/694 1204/697
f 1180/696 1204/697 1205/698
f 1205/698 1204/697 1225/682
f 1161/693 1180/696 1178/699
f 1178/699 1180/696 1205/698
f 1161/693 1178/699 1182/700
f 1161/693 1182/700 1172/695
f 1178/699 1205/698 1210/701
f 1210/701 1205/698 1225/682
f 1178/699 1210/701 1182/700
f 1182/700 1210/701 1198/702
f 1210/701 1225/682 1208/703
f 1210/701 1208/703 1198/702
f 1208/703 1225/682 1224/681
f 1182/700 1198/702 1201/704
f 1201/704 1198/702 1208/703
f 1182/700 1201/704 1172/695
f 1172/695 1201/704 1189/705
f 1189/705 1201/704 1197/706
f 1189/705 1197/706 1172/695
f 1197/706 1201/704 1208/703
f 1172/695 1197/706 1194/707
f 1172/695 1194/707 1183/688
f 1194/707 1197/706 1206/708
f 1206/708 1197/706 1208/703
f 1194/707 1206/708 1183/688
f 1226/709 1208/703 1224/681
f 1208/703 1226/709 1206/708
f 1226/709 1224/681 1232/678
f 1183/688 1206/708 1190/710
f 1206/708 1226/709 1185/711
f 1185/711 1226/709 1232/678
f 1206/708 1185/711 1190/710
f 1190/710 1185/711 1183/688
f 1185/711 1232/678 1170/680
f 1185/711 1170/680 1183/688
f 1294/712 1280/713 1282/714
f 1282/714 1280/713 1271/715
f 1271/715 1280/713 1268/716
f 1294/712 1282/714 1289/717
f 1294/712 1289/717 1298/718
f 1298/718 1289/717 1291/719
f 1289/717 1282/714 1281/720
f 1281/720 1282/714 1271/715
f 1291/719 1289/717 1292/721
f 1292/721 1289/717 1281/720
f 1291/719 1292/721 1299/722
f 1299/722 1292/721 1295/723
f 1295/723 1292/721 1281/720
f 1299/722 1295/723 1297/724
f 1297/724 1295/723 1293/725
f 1293/725 1295/723 1281/720
f 1293/725 1281/720 1270/726
f 1269/727 1281/720 1271/715
f 1281/720 1269/727 1270/726
f 1269/727 1271/715 1257/728
f 1269/727 1257/728 1270/726
f 1257/728 1271/715 1258/729
f 1258/729 1271/715 1268/716
f 1258/729 1268/716 1256/730
f 1258/729 1256/730 1246/731
f 1246/731 1256/730 1244/732
f 1246/731 1244/732 1236/733
f 1258/729 1246/731 1255/734
f 1258/729 1255/734 1257/728
f 1255/734 1246/731 1243/735
f 1255/734 1243/735 1257/728
f 1243/735 1246/731 1236/733
f 1261/736 1270/726 1257/728
f 1270/726 1261/736 1272/737
f 1272/737 1261/736 1273/738
f 1273/738 1261/736 1265/739
f 1265/739 1261/736 1254/740
f 1261/736 1257/728 1245/741
f 1261/736 1245/741 1254/740
f 1245/741 1257/728 1243/735
f 1254/740 1245/741 1235/742
f 1233/743 1243/735 1236/733
f 1243/735 1233/743 1245/741
f 1233/743 1236/733 1225/744
f 1235/742 1245/741 1234/745
f 1234/745 1245/741 1233/743
f 1233/743 1225/744 1221/746
f 1233/743 1221/746 1234/745
f 1221/746 1225/744 1204/747
f 1235/742 1234/745 1219/748
f 1235/742 1219/748 1214/749
f 1214/749 1219/748 1176/750
f 1221/746 1204/747 1207/751
f 1176/750 1219/748 1187/752
f 1207/751 1204/747 1184/753
f 1184/753 1204/747 1160/754
f 1176/750 1187/752 1158/755
f 1207/751 1184/753 1195/756
f 1207/751 1195/756 1221/746
f 1184/753 1160/754 1174/757
f 1184/753 1174/757 1195/756
f 1195/756 1174/757 1193/758
s 0
f 1221/746 1195/756 1213/759
s 1
f 1213/759 1195/756 1193/758
f 1221/746 1213/759 1234/745
f 1193/758 1174/757 1179/760
f 1193/758 1179/760 1213/759
f 1157/761 1174/757 1160/754
f 1174/757 1157/761 1179/760
f 1157/761 1160/754 1150/762
f 1157/761 1150/762 1158/755
f 1158/755 1150/762 1149/763
f 1157/761 1158/755 1173/764
f 1157/761 1173/764 1179/760
f 1173/764 1158/755 1187/752
f 1173/764 1187/752 1203/765
f 1173/764 1203/765 1179/760
f 1203/765 1187/752 1219/748
f 1179/760 1203/765 1222/766
f 1222/766 1203/765 1219/748
f 1179/760 1222/766 1213/759
f 1222/766 1219/748 1234/745
f 1222/766 1234/745 1213/759
f 1299/767 1297/768 1104/769
f 1299/767 1104/769 1025/770
f 1104/769 1297/768 1227/771
f 1025/770 1104/769 939/772
f 1025/770 939/772 896/773
f 896/773 939/772 55/774
f 55/774 939/772 790/775
f 939/772 1104/769 951/776
f 939/772 951/776 790/775
f 951/776 1104/769 1052/777
f 951/776 1052/777 790/775
f 1052/777 1104/769 1227/771
f 1293/778 1227/771 1297/768
f 790/775 1052/777 986/779
f 790/775 986/779 768/780
s 0
f 768/780 986/779 1004/781
f 768/780 1004/781 856/782
s 1
f 986/779 1052/777 1146/783
f 1146/783 1052/777 1227/771
f 1004/781 986/779 1307/784
f 1307/784 986/779 1146/783
f 1004/781 1307/784 1308/785
f 1308/785 1307/784 1304/786
f 1146/783 1227/771 1303/787
f 1303/787 1227/771 1293/778
f 1307/784 1146/783 1301/788
f 1301/788 1146/783 1303/787
f 1304/786 1307/784 1305/789
f 1303/787 1293/778 1302/790
f 1303/787 1302/790 1301/788
f 1307/784 1301/788 1300/791
f 1307/784 1300/791 1305/789
f 1300/791 1301/788 1302/790
f 1304/786 1305/789 1286/792
f 1286/792 1305/789 1300/791
f 1286/792 1300/791 1302/790
f 1286/792 1302/790 1293/778
f 1304/786 1286/792 1273/793
f 1286/792 1293/778 1270/794
f 1273/793 1286/792 1272/795
f 1272/795 1286/792 1270/794
f 920/796 1081/797 1025/798
f 1081/797 920/796 989/799
f 920/796 1025/798 896/800
f 989/799 920/796 773/801
f 920/796 896/800 20/802
f 773/801 920/796 44/803
f 44/803 920/796 20/802
s 0
f 20/804 896/805 55/806
s 1
f 20/804 55/806 213/807
f 213/807 55/806 263/808
f 263/808 55/806 169/809
f 169/809 55/806 790/810
f 263/808 169/809 503/811
f 169/809 790/810 768/812
f 503/811 169/809 215/813
f 215/813 169/809 768/812
f 503/811 215/813 713/814
f 713/814 215/813 716/815
s 0
f 215/813 768/812 96/816
f 96/816 768/812 856/817
s 1
f 96/816 856/817 778/818
s 0
f 215/813 96/816 467/819
s 1
f 215/813 467/819 716/815
f 96/816 778/818 447/820
s 0
f 96/816 447/820 467/819
s 1
f 716/815 467/819 721/821
f 721/821 467/819 447/820
f 716/815 721/821 718/822
f 716/815 718/822 715/823
f 715/823 718/822 712/824
f 718/822 721/821 720/825
s 0
f 253/826 447/820 778/818
s 1
f 253/826 778/818 836/827
f 253/826 836/827 202/828
f 202/828 836/827 841/829
f 253/826 202/828 258/830
s 0
f 258/830 202/828 841/829
s 1
f 253/826 258/830 447/820
s 0
f 258/830 841/829 750/831
s 1
f 717/832 718/822 720/825
f 722/833 720/825 721/821
f 720/825 722/833 717/832
f 724/834 721/821 447/820
f 721/821 724/834 722/833
f 729/835 447/820 258/830
f 514/836 258/830 750/831
f 258/830 514/836 729/835
f 514/836 750/831 236/837
s 0
f 236/837 750/831 800/838
s 1
f 729/835 514/836 736/839
f 514/836 236/837 738/840
f 514/836 738/840 736/839
f 738/840 236/837 740/841
f 740/841 236/837 209/842
f 740/841 209/842 419/843
f 740/841 419/843 739/844
f 740/841 739/844 741/845
f 740/841 741/845 737/846
f 740/841 737/846 738/840
f 738/840 737/846 733/847
f 738/840 733/847 736/839
f 736/839 733/847 732/848
f 736/839 732/848 729/835
f 732/848 733/847 726/849
f 729/835 732/848 734/850
f 732/848 726/849 735/851
f 732/848 735/851 734/850
f 729/835 734/850 447/820
f 735/851 726/849 731/852
f 735/851 731/852 734/850
f 731/852 726/849 723/853
f 447/820 734/850 728/854
f 728/854 734/850 731/852
f 447/820 728/854 724/834
f 724/834 728/854 730/855
f 730/855 728/854 731/852
f 724/834 730/855 722/833
f 731/852 723/853 725/856
f 731/852 725/856 730/855
f 730/855 725/856 722/833
f 725/856 723/853 719/857
f 725/856 719/857 722/833
f 722/833 719/857 717/832
f 717/832 719/857 696/858
f 696/858 719/857 698/859
f 696/858 698/859 683/860
f 717/832 696/858 693/861
f 696/858 683/860 672/862
f 696/858 672/862 693/861
f 672/862 683/860 576/863
f 672/862 576/863 606/864
f 606/864 576/863 569/865
f 672/862 606/864 653/866
f 653/866 606/864 569/865
f 672/862 653/866 693/861
f 569/865 576/863 541/867
f 693/861 653/866 667/868
f 667/868 653/866 569/865
f 714/869 717/832 693/861
f 717/832 714/869 718/822
f 693/861 667/868 676/870
f 693/861 676/870 714/869
f 667/868 569/865 613/871
f 667/868 613/871 676/870
f 718/822 714/869 712/824
f 613/871 569/865 567/872
f 567/872 569/865 541/867
f 676/870 613/871 659/873
f 714/869 676/870 682/874
f 682/874 676/870 659/873
f 659/873 613/871 593/875
f 659/873 593/875 682/874
f 593/875 613/871 567/872
f 714/869 682/874 681/876
f 681/876 682/874 593/875
f 593/875 567/872 592/877
f 593/875 592/877 681/876
f 558/878 567/872 541/867
f 558/878 541/867 533/879
f 592/877 567/872 584/880
f 584/880 567/872 558/878
f 681/876 592/877 671/881
f 671/881 592/877 584/880
f 674/882 714/869 681/876
f 674/882 681/876 671/881
f 714/869 674/882 712/824
f 671/881 584/880 617/883
f 671/881 617/883 674/882
f 590/884 584/880 558/878
f 584/880 590/884 617/883
f 590/884 558/878 604/885
f 712/824 674/882 684/886
f 684/886 674/882 617/883
f 712/824 684/886 666/887
f 652/888 666/887 604/885
f 684/886 617/883 664/889
f 664/889 617/883 590/884
f 684/886 664/889 666/887
f 664/889 590/884 604/885
f 664/889 604/885 666/887
f 44/890 20/891 261/892
f 20/893 213/894 261/895
f 261/896 213/897 494/898
f 494/898 213/897 263/899
s 0
f 494/898 263/899 503/900
s 1
f 261/896 494/898 506/901
f 506/901 494/898 688/902
f 261/896 506/901 148/903
s 0
f 148/903 506/901 204/904
s 1
f 1308/905 1304/906 1310/907
f 1310/907 1304/906 1306/908
f 1310/907 1306/908 1312/909
f 1306/908 1304/906 1273/910
f 1312/909 1306/908 1311/911
f 1306/908 1273/910 1274/912
f 1306/908 1274/912 1311/911
f 1274/912 1273/910 1265/913
f 1312/909 1311/911 1315/914
f 1274/912 1265/913 1259/915
f 1259/915 1265/913 1254/916
f 1311/911 1274/912 1277/917
f 1277/917 1274/912 1259/915
f 1315/914 1311/911 1309/918
f 1315/914 1309/918 1313/919
f 1311/911 1277/917 1275/920
f 1311/911 1275/920 1309/918
f 1277/917 1259/915 1262/921
f 1277/917 1262/921 1275/920
f 1309/918 1275/920 1278/922
f 1309/918 1278/922 1313/919
f 1278/922 1275/920 1262/921
f 1313/919 1278/922 1276/923
f 1313/919 1276/923 1314/924
f 1278/922 1262/921 1264/925
f 1278/922 1264/925 1276/923
f 1248/926 1262/921 1259/915
f 1248/926 1259/915 1254/916
f 1264/925 1262/921 1249/927
f 1249/927 1262/921 1248/926
f 1276/923 1264/925 1263/928
f 1263/928 1264/925 1251/929
f 1251/929 1264/925 1249/927
f 1276/923 1263/928 1260/930
f 1260/930 1263/928 1251/929
f 1279/931 1314/924 1276/923
f 1279/931 1276/923 1260/930
f 1314/924 1279/931 1316/932
f 1316/932 1279/931 1267/933
f 1267/933 1279/931 1260/930
f 1267/933 1260/930 1250/934
f 1250/934 1260/930 1251/929
f 1267/933 1250/934 1165/935
f 1165/935 1250/934 1177/936
f 1177/936 1250/934 1240/937
f 1177/936 1240/937 1192/938
f 1250/934 1251/929 1242/939
f 1250/934 1242/939 1240/937
f 1240/937 1242/939 1229/940
f 1240/937 1229/940 1192/938
f 1192/938 1229/940 1242/939
f 1242/939 1251/929 1231/941
f 1231/941 1251/929 1249/927
f 1192/938 1242/939 1186/942
f 1186/942 1242/939 1215/943
f 1192/938 1186/942 1145/944
f 1192/938 1145/944 1131/945
f 1186/942 1215/943 1188/946
f 1131/945 1145/944 1142/947
f 1145/944 1186/942 1153/948
f 1153/948 1186/942 1188/946
f 1145/944 1153/948 1142/947
f 1217/949 1215/943 1242/939
f 1215/943 1217/949 1188/946
f 1188/946 1217/949 1153/948
f 1153/948 1217/949 1142/947
f 1217/949 1242/939 1231/941
f 1217/949 1231/941 1142/947
f 1142/947 1231/941 1134/950
f 1142/947 1134/950 1105/951
f 1112/952 1105/951 1111/953
f 1112/952 1111/953 1123/954
f 1111/953 1105/951 1125/955
f 1111/953 1125/955 1123/954
f 1125/955 1105/951 1134/950
f 1123/954 1125/955 1132/956
f 1125/955 1134/950 1133/957
f 1125/955 1133/957 1132/956
f 1132/956 1133/957 1139/958
f 1139/958 1133/957 1134/950
f 1132/956 1139/958 1138/959
f 1139/958 1134/950 1151/960
f 1139/958 1151/960 1138/959
f 1151/960 1134/950 1231/941
f 1138/959 1151/960 1152/961
f 1138/959 1152/961 1149/962
f 1151/960 1231/941 1220/963
f 1149/962 1152/961 1159/964
f 1149/962 1159/964 1158/965
f 1151/960 1220/963 1164/966
f 1220/963 1231/941 1223/967
f 1220/963 1223/967 1164/966
f 1223/967 1231/941 1237/968
f 1237/968 1231/941 1249/927
f 1164/966 1223/967 1218/969
f 1218/969 1223/967 1237/968
f 1151/960 1164/966 1162/970
f 1162/970 1164/966 1218/969
f 1151/960 1162/970 1152/961
f 1237/968 1249/927 1239/971
f 1237/968 1239/971 1218/969
f 1162/970 1218/969 1200/972
f 1162/970 1200/972 1152/961
f 1200/972 1218/969 1239/971
f 1239/971 1249/927 1248/926
f 1152/961 1200/972 1228/973
f 1228/973 1200/972 1239/971
f 1152/961 1228/973 1175/974
f 1228/973 1239/971 1238/975
f 1228/973 1238/975 1175/974
f 1238/975 1239/971 1248/926
f 1152/961 1175/974 1159/964
f 1175/974 1238/975 1216/976
f 1175/974 1216/976 1159/964
f 1216/976 1238/975 1241/977
f 1241/977 1238/975 1248/926
f 1216/976 1241/977 1159/964
f 1241/977 1248/926 1254/916
f 1241/977 1254/916 1235/978
f 1159/964 1241/977 1181/979
f 1159/964 1181/979 1158/965
f 1158/965 1181/979 1176/980
f 1181/979 1241/977 1211/981
f 1181/979 1211/981 1176/980
f 1211/981 1241/977 1235/978
f 1176/980 1211/981 1214/982
f 1214/982 1211/981 1235/978
f 1308/983 1310/984 1004/985
f 1004/985 1310/984 995/986
f 1004/985 995/986 856/987
f 856/987 995/986 778/988
s 0
f 778/988 995/986 1067/989
s 1
f 1067/989 995/986 1310/984
f 1067/989 1310/984 1312/990
f 1067/989 1312/990 1315/991
f 1067/989 1315/991 1027/992
f 1027/992 1315/991 1049/993
f 1049/993 1315/991 1317/994
f 1317/994 1315/991 1313/995
f 1317/994 1313/995 1314/996
f 1316/997 1267/998 1266/999
f 1316/997 1266/999 1321/1000
f 1266/999 1267/998 1171/1001
f 1321/1000 1266/999 1247/1002
f 1171/1001 1267/998 1165/1003
f 1321/1000 1247/1002 1127/1004
f 1127/1004 1247/1002 1266/999
f 1127/1004 1266/999 1171/1001
f 1321/1000 1127/1004 1124/1005
f 1124/1005 1127/1004 1043/1006
f 1124/1005 1043/1006 936/1007
f 1127/1004 1171/1001 1101/1008
f 1127/1004 1101/1008 1043/1006
f 936/1007 1043/1006 955/1009
f 936/1007 955/1009 880/1010
f 1043/1006 1101/1008 1041/1011
f 1043/1006 1041/1011 955/1009
f 1101/1008 1171/1001 1109/1012
f 1109/1012 1171/1001 1165/1003
f 1109/1012 1165/1003 1116/1013
f 1116/1013 1165/1003 1177/1014
f 1101/1008 1109/1012 1053/1015
f 1053/1015 1109/1012 1116/1013
f 1101/1008 1053/1015 1041/1011
f 1053/1015 1116/1013 1015/1016
f 1053/1015 1015/1016 1041/1011
f 1041/1011 1015/1016 962/1017
f 1041/1011 962/1017 955/1009
f 962/1017 1015/1016 938/1018
f 955/1009 962/1017 937/1019
f 937/1019 962/1017 938/1018
f 1314/1020 1316/1021 1319/1022
f 1319/1022 1316/1021 1321/1023
f 1319/1022 1321/1023 1124/1024
f 1319/1022 1124/1024 1003/1025
f 1003/1025 1124/1024 936/1026
f 1003/1025 936/1026 800/1027
s 0
f 1003/1025 800/1027 1010/1028
s 1
f 1319/1022 1003/1025 1320/1029
f 1319/1022 1320/1029 1314/1020
f 1320/1029 1003/1025 1010/1028
f 1314/1020 1320/1029 1318/1030
f 1318/1030 1320/1029 1010/1028
f 1314/1020 1318/1030 1317/1031
f 1317/1031 1318/1030 1010/1028
f 1049/1032 1317/1033 841/1034
f 841/1034 1317/1033 1010/1035
f 1027/1036 1049/1037 836/1038
f 836/1038 1049/1037 841/1039
f 1027/1036 836/1038 1067/1040
f 1067/1040 836/1038 778/1041
s 0
f 750/1042 841/1043 1010/1044
s 1
f 608/1045 562/1046 538/1047
f 538/1047 562/1046 565/1048
f 538/1047 565/1048 561/1049
f 608/1045 538/1047 557/1050
f 538/1047 561/1049 542/1051
f 557/1050 538/1047 544/1052
f 557/1050 544/1052 579/1053
f 579/1053 544/1052 602/1054
f 602/1054 544/1052 572/1055
f 544/1052 538/1047 531/1056
f 544/1052 531/1056 572/1055
f 538/1047 542/1051 518/1057
f 538/1047 518/1057 531/1056
f 527/1058 519/1059 542/1051
f 542/1051 519/1059 518/1057
f 518/1057 519/1059 493/1060
f 518/1057 493/1060 486/1061
f 572/1055 531/1056 545/1062
f 572/1055 545/1062 630/1063
f 630/1063 545/1062 594/1064
f 594/1064 545/1062 547/1065
f 547/1065 545/1062 531/1056
f 594/1064 547/1065 603/1066
f 508/1067 531/1056 518/1057
f 508/1067 518/1057 486/1061
f 603/1066 547/1065 549/1068
f 603/1066 549/1068 587/1069
f 547/1065 531/1056 532/1070
f 547/1065 532/1070 549/1068
f 531/1056 508/1067 522/1071
f 531/1056 522/1071 532/1070
f 508/1067 486/1061 477/1072
f 522/1071 508/1067 496/1073
f 496/1073 508/1067 477/1072
f 543/1074 587/1069 549/1068
f 543/1074 549/1068 532/1070
f 532/1070 522/1071 525/1075
f 532/1070 525/1075 543/1074
f 522/1071 496/1073 507/1076
f 522/1071 507/1076 525/1075
f 507/1076 496/1073 484/217
f 507/1076 484/217 499/212
f 484/217 496/1073 471/1077
f 471/1077 496/1073 477/1072
f 484/217 471/1077 443/1078
f 484/217 443/1078 458/216
f 471/1077 477/1072 452/1079
f 471/1077 452/1079 443/1078
f 507/1076 499/212 521/1080
f 507/1076 521/1080 525/1075
f 521/1080 499/212 528/1081
f 528/1081 499/212 530/1082
f 525/1075 521/1080 537/1083
f 525/1075 537/1083 543/1074
f 521/1080 528/1081 564/1084
f 521/1080 564/1084 537/1083
f 528/1081 530/1082 563/1085
f 528/1081 563/1085 564/1084
f 563/1085 530/1082 578/1086
f 563/1085 578/1086 580/1087
f 563/1085 580/1087 564/1084
f 580/1087 578/1086 639/1088
f 580/1087 639/1088 609/1089
f 564/1084 580/1087 582/1090
f 582/1090 580/1087 609/1089
f 564/1084 582/1090 537/1083
f 582/1090 609/1089 597/1091
f 537/1083 582/1090 575/1092
f 575/1092 582/1090 597/1091
f 537/1083 575/1092 568/1093
f 568/1093 575/1092 597/1091
f 537/1083 568/1093 543/1074
f 543/1074 568/1093 587/1069
f 587/1069 568/1093 597/1091
f 587/1069 597/1091 619/1094
f 576/1095 683/1096 625/1097
f 625/1097 683/1096 628/1098
f 625/1097 628/1098 576/1095
f 628/1098 683/1096 698/1099
f 628/1098 698/1099 680/1100
f 576/1095 628/1098 618/1101
f 618/1101 628/1098 680/1100
f 680/1100 698/1099 700/1102
f 700/1102 698/1099 719/1103
f 700/1102 719/1103 723/1104
f 680/1100 700/1102 679/1105
f 680/1100 679/1105 618/1101
f 700/1102 723/1104 703/1106
f 700/1102 703/1106 679/1105
f 703/1106 723/1104 726/1107
f 679/1105 703/1106 687/1108
f 618/1101 679/1105 627/1109
f 627/1109 679/1105 687/1108
f 583/1110 576/1095 618/1101
f 583/1110 618/1101 627/1109
f 576/1095 583/1110 539/1111
f 627/1109 687/1108 691/1112
f 691/1112 687/1108 703/1106
f 583/1110 627/1109 589/1113
f 691/1112 703/1106 704/1114
f 704/1114 703/1106 726/1107
f 627/1109 691/1112 662/1115
f 662/1115 691/1112 704/1114
f 627/1109 662/1115 589/1113
f 704/1114 726/1107 705/1116
f 662/1115 704/1114 685/1117
f 662/1115 685/1117 589/1113
f 685/1117 704/1114 705/1116
f 705/1116 726/1107 733/1118
f 685/1117 705/1116 636/1119
f 685/1117 636/1119 589/1113
f 705/1116 733/1118 707/1120
f 636/1119 705/1116 689/1121
f 689/1121 705/1116 707/1120
f 707/1120 733/1118 737/1122
f 636/1119 689/1121 649/1123
f 649/1123 689/1121 707/1120
f 589/1113 636/1119 596/1124
f 596/1124 636/1119 649/1123
f 649/1123 707/1120 655/1125
f 655/1125 707/1120 737/1122
f 649/1123 655/1125 596/1124
f 655/1125 737/1122 657/1126
f 596/1124 655/1125 601/1127
f 601/1127 655/1125 657/1126
f 589/1113 596/1124 548/1128
f 596/1124 601/1127 551/1129
f 596/1124 551/1129 548/1128
f 589/1113 548/1128 550/1130
f 589/1113 550/1130 583/1110
f 583/1110 550/1130 539/1111
f 550/1130 548/1128 523/1131
f 550/1130 523/1131 539/1111
f 548/1128 551/1129 526/1132
f 548/1128 526/1132 523/1131
f 556/1133 551/1129 601/1127
f 539/1111 523/1131 509/1134
f 539/1111 509/1134 463/1135
f 463/1135 509/1134 401/1136
f 463/1135 401/1136 379/1137
f 551/1129 556/1133 529/1138
f 551/1129 529/1138 526/1132
f 556/1133 601/1127 573/1139
f 379/1137 401/1136 384/1140
f 573/1139 601/1127 657/1126
f 556/1133 573/1139 421/1141
f 556/1133 421/1141 529/1138
f 454/1142 401/1136 509/1134
f 421/1141 573/1139 410/1143
f 454/1142 509/1134 488/1144
f 488/1144 509/1134 523/1131
f 401/1136 454/1142 455/1145
f 455/1145 454/1142 488/1144
f 401/1136 455/1145 406/1146
f 401/1136 406/1146 384/1140
f 384/1140 406/1146 455/1145
f 384/1140 455/1145 488/1144
f 384/1140 488/1144 402/1147
f 384/1140 402/1147 385/1148
f 489/1149 488/1144 523/1131
f 385/1148 402/1147 407/1150
f 407/1150 402/1147 488/1144
f 407/1150 488/1144 489/1149
f 385/1148 407/1150 366/1151
f 407/1150 489/1149 472/1152
f 407/1150 472/1152 366/1151
f 489/1149 523/1131 526/1132
f 366/1151 472/1152 490/1153
f 490/1153 472/1152 489/1149
f 366/1151 490/1153 349/1154
f 490/1153 489/1149 526/1132
f 349/1154 490/1153 303/1155
f 303/1155 490/1153 346/1156
f 346/1156 490/1153 526/1132
f 303/1155 346/1156 113/1157
f 113/1157 346/1156 61/1158
f 113/1157 61/1158 874/1159
f 346/1156 526/1132 391/1160
f 391/1160 526/1132 497/1161
f 497/1161 526/1132 529/1138
f 497/1161 529/1138 501/1162
f 391/1160 497/1161 470/1163
f 501/1162 529/1138 359/1164
f 497/1161 501/1162 474/1165
f 497/1161 474/1165 470/1163
f 474/1165 501/1162 359/1164
f 470/1163 474/1165 415/1166
f 470/1163 415/1166 391/1160
f 415/1166 474/1165 386/1167
f 415/1166 386/1167 391/1160
f 386/1167 474/1165 359/1164
f 374/1168 359/1164 529/1138
f 374/1168 529/1138 421/1141
f 386/1167 359/1164 293/1169
f 374/1168 421/1141 280/1170
f 293/1169 359/1164 246/1171
f 246/1171 359/1164 374/1168
f 386/1167 293/1169 294/1172
f 367/1173 391/1160 386/1167
f 367/1173 386/1167 294/1172
f 391/1160 367/1173 308/1174
f 391/1160 308/1174 346/1156
f 367/1173 294/1172 298/1175
f 367/1173 298/1175 308/1174
f 294/1172 293/1169 237/1176
f 237/1176 293/1169 246/1171
f 298/1175 294/1172 277/1177
f 277/1177 294/1172 237/1176
f 308/1174 298/1175 226/1178
f 226/1178 298/1175 277/1177
f 200/1179 346/1156 308/1174
f 200/1179 308/1174 226/1178
f 277/1177 237/1176 224/1180
f 277/1177 224/1180 226/1178
f 224/1180 237/1176 205/1181
f 224/1180 205/1181 226/1178
f 205/1181 237/1176 246/1171
f 346/1156 200/1179 61/1158
f 200/1179 226/1178 196/1182
f 196/1182 226/1178 205/1181
f 200/1179 196/1182 143/1183
f 200/1179 143/1183 61/1158
f 196/1182 205/1181 145/1184
f 196/1182 145/1184 143/1183
f 205/1181 246/1171 177/1185
f 177/1185 246/1171 186/1186
f 186/1186 246/1171 374/1168
f 205/1181 177/1185 146/1187
f 205/1181 146/1187 145/1184
f 146/1187 177/1185 103/1188
f 103/1188 177/1185 186/1186
f 145/1184 146/1187 89/1189
f 89/1189 146/1187 103/1188
f 83/1190 143/1183 145/1184
f 83/1190 145/1184 89/1189
f 143/1183 83/1190 61/1158
f 83/1190 89/1189 48/1191
f 280/1170 186/1186 374/1168
s 0
f 83/1190 48/1191 25/1192
s 1
f 83/1190 25/1192 61/1158
f 48/1191 89/1189 13/1193
f 48/1191 13/1193 25/1192
f 13/1193 89/1189 103/1188
f 61/1158 25/1192 791/1194
f 61/1158 791/1194 874/1159
f 25/1192 13/1193 3/1195
f 25/1192 3/1195 791/1194
f 791/1194 3/1195 13/1193
f 874/1159 791/1194 914/1196
f 13/1193 103/1188 787/1197
f 791/1194 13/1193 797/1198
f 797/1198 13/1193 787/1197
f 791/1194 797/1198 807/1199
f 914/1196 791/1194 843/1200
f 843/1200 791/1194 807/1199
f 914/1196 843/1200 868/1201
f 807/1199 797/1198 854/1202
f 807/1199 854/1202 843/1200
f 843/1200 854/1202 868/1201
f 854/1202 797/1198 787/1197
f 868/1201 854/1202 917/1203
f 917/1203 854/1202 787/1197
f 868/1201 917/1203 919/1204
f 917/1203 787/1197 908/1205
f 12/1206 787/1197 103/1188
f 787/1197 12/1206 908/1205
f 12/1206 103/1188 186/1186
f 12/1206 186/1186 173/1207
f 173/1207 186/1186 280/1170
f 173/1207 280/1170 185/1208
f 12/1206 173/1207 80/1209
f 80/1209 173/1207 185/1208
f 908/1205 12/1206 814/1210
f 12/1206 80/1209 43/1211
f 908/1205 814/1210 878/1212
f 908/1205 878/1212 938/1213
f 938/1213 878/1212 937/1214
f 937/1214 878/1212 879/1215
f 879/1215 878/1212 814/1210
f 937/1214 879/1215 861/1216
f 937/1214 861/1216 955/1217
f 955/1217 861/1216 880/1218
f 861/1216 879/1215 815/1219
f 815/1219 879/1215 814/1210
f 861/1216 815/1219 805/1220
f 805/1220 815/1219 814/1210
f 861/1216 805/1220 880/1218
f 880/1218 805/1220 809/1221
f 880/1218 809/1221 936/1222
f 936/1222 809/1221 800/1223
f 800/1223 809/1221 30/1224
f 809/1221 805/1220 753/1225
f 809/1221 753/1225 30/1224
f 805/1220 814/1210 794/1226
f 805/1220 794/1226 753/1225
f 794/1226 814/1210 782/1227
f 782/1227 814/1210 12/1206
f 782/1227 12/1206 43/1211
f 794/1226 782/1227 781/1228
f 782/1227 43/1211 49/1229
f 782/1227 49/1229 781/1228
f 794/1226 781/1228 11/1230
f 11/1230 781/1228 49/1229
f 794/1226 11/1230 753/1225
f 49/1229 43/1211 64/1231
f 64/1231 43/1211 80/1209
f 11/1230 49/1229 62/1232
f 62/1232 49/1229 64/1231
f 753/1225 11/1230 59/1233
f 59/1233 11/1230 62/1232
f 753/1225 59/1233 30/1224
f 64/1231 80/1209 77/1234
f 64/1231 77/1234 62/1232
f 30/1224 59/1233 211/1235
f 59/1233 62/1232 108/1236
f 108/1236 62/1232 77/1234
f 59/1233 108/1236 211/1235
f 77/1234 80/1209 185/1208
f 30/1224 211/1235 209/1237
f 77/1234 185/1208 176/1238
f 108/1236 77/1234 182/1239
f 182/1239 77/1234 176/1238
f 108/1236 182/1239 211/1235
f 182/1239 176/1238 284/1240
f 182/1239 284/1240 211/1235
f 284/1240 176/1238 185/1208
f 321/1241 209/1237 211/1235
f 321/1241 211/1235 284/1240
f 209/1237 321/1241 419/1242
f 284/1240 185/1208 287/1243
f 287/1243 185/1208 280/1170
f 321/1241 284/1240 365/1244
f 365/1244 284/1240 287/1243
f 419/1242 321/1241 437/1245
f 437/1245 321/1241 365/1244
f 287/1243 280/1170 410/1143
f 287/1243 410/1143 365/1244
f 410/1143 280/1170 421/1141
f 365/1244 410/1143 465/1246
f 365/1244 465/1246 437/1245
f 465/1246 410/1143 573/1139
f 465/1246 573/1139 657/1126
f 437/1245 465/1246 512/1247
f 512/1247 465/1246 657/1126
f 437/1245 512/1247 419/1242
f 419/1242 512/1247 739/1248
f 512/1247 657/1126 727/1249
f 512/1247 727/1249 739/1248
f 727/1249 657/1126 737/1122
f 739/1248 727/1249 741/1250
f 741/1250 727/1249 737/1122
f 800/1251 750/1252 1010/1253
f 209/1254 236/1255 800/1256
f 209/1254 800/1256 30/1257
f 908/1258 938/1259 1015/1260
f 908/1258 1015/1260 1020/1261
f 1020/1261 1015/1260 1116/1262
f 908/1258 1020/1261 984/1263
f 908/1258 984/1263 917/1264
f 1020/1261 1116/1262 1056/1265
f 1020/1261 1056/1265 984/1263
f 917/1264 984/1263 991/1266
f 991/1266 984/1263 1056/1265
f 1056/1265 1116/1262 1155/1267
f 1155/1267 1116/1262 1177/1268
f 1155/1267 1177/1268 1192/1269
f 1155/1267 1192/1269 1131/1270
f 1155/1267 1131/1270 1056/1265
f 1056/1265 1131/1270 1046/1271
f 1056/1265 1046/1271 991/1266
f 1046/1271 1131/1270 1120/1272
f 1120/1272 1131/1270 1130/1273
f 1130/1273 1131/1270 1142/1274
f 1046/1271 1120/1272 1063/1275
f 1120/1272 1130/1273 1085/1276
f 1120/1272 1085/1276 1063/1275
f 1130/1273 1142/1274 1088/1277
f 1130/1273 1088/1277 1085/1276
f 1085/1276 1088/1277 1079/1278
f 1085/1276 1079/1278 1063/1275
f 1088/1277 1142/1274 1045/1279
f 1045/1279 1142/1274 1105/1280
f 1079/1278 1088/1277 1057/1281
f 1079/1278 1057/1281 1063/1275
f 1057/1281 1088/1277 1045/1279
f 1045/1279 1105/1280 874/1282
f 1045/1279 874/1282 914/1283
f 1063/1275 1057/1281 1055/1284
f 1063/1275 1055/1284 1028/1285
f 1028/1285 1055/1284 1057/1281
f 1063/1275 1028/1285 1046/1271
f 1057/1281 1045/1279 997/1286
f 1057/1281 997/1286 1028/1285
f 997/1286 1045/1279 914/1283
f 1046/1271 1028/1285 991/1266
f 991/1266 1028/1285 1001/1287
f 1001/1287 1028/1285 997/1286
f 991/1266 1001/1287 993/1288
f 993/1288 1001/1287 997/1286
f 991/1266 993/1288 969/1289
f 993/1288 997/1286 976/1290
f 993/1288 976/1290 969/1289
f 991/1266 969/1289 917/1264
f 976/1290 997/1286 964/1291
f 976/1290 964/1291 969/1289
f 964/1291 997/1286 914/1283
f 917/1264 969/1289 944/1292
f 944/1292 969/1289 964/1291
f 944/1292 964/1291 914/1283
f 917/1264 944/1292 919/1293
f 919/1293 944/1292 914/1283
f 919/1293 914/1283 868/1294
f 385/1295 366/1296 362/1297
f 362/1297 366/1296 349/1298
f 385/1295 362/1297 384/1299
f 362/1297 349/1298 344/1300
f 384/1299 362/1297 360/1301
f 360/1301 362/1297 344/1300
f 384/1299 360/1301 379/1302
f 360/1301 344/1300 355/1303
f 355/1303 344/1300 342/1304
f 337/1305 348/1306 342/1304
f 342/1304 348/1306 355/1303
f 355/1303 348/1306 352/1307
f 360/1301 355/1303 392/1308
f 360/1301 392/1308 379/1302
f 355/1303 352/1307 372/1309
f 372/1309 352/1307 368/1310
f 355/1303 372/1309 392/1308
f 389/1311 372/1309 383/1312
f 372/1309 389/1311 462/1313
f 372/1309 462/1313 475/1314
f 372/1309 475/1314 393/1315
f 372/1309 393/1315 392/1308
f 393/1315 475/1314 459/1316
f 393/1315 459/1316 399/1317
f 393/1315 399/1317 392/1308
f 459/1316 475/1314 483/1318
f 483/1318 475/1314 510/1319
f 399/1317 459/1316 429/1320
f 429/1320 459/1316 483/1318
f 399/1317 429/1320 392/1308
f 429/1320 483/1318 492/1321
f 492/1321 483/1318 510/1319
f 429/1320 492/1321 392/1308
f 492/1321 510/1319 517/1322
f 517/1322 510/1319 533/1323
f 517/1322 533/1323 541/1324
f 492/1321 517/1322 480/1325
f 492/1321 480/1325 392/1308
f 517/1322 541/1324 536/1326
f 536/1326 541/1324 576/1327
f 536/1326 576/1327 539/1328
f 517/1322 536/1326 515/1329
f 392/1308 480/1325 460/1330
f 480/1325 517/1322 482/1331
f 480/1325 482/1331 460/1330
f 482/1331 517/1322 515/1329
f 392/1308 460/1330 428/1332
f 428/1332 460/1330 482/1331
f 392/1308 428/1332 395/1333
f 392/1308 395/1333 379/1302
f 428/1332 482/1331 445/1334
f 428/1332 445/1334 395/1333
f 482/1331 515/1329 485/1335
f 482/1331 485/1335 445/1334
f 485/1335 515/1329 536/1326
f 395/1333 445/1334 397/1336
f 395/1333 397/1336 379/1302
f 445/1334 485/1335 427/1337
f 445/1334 427/1337 397/1336
f 485/1335 536/1326 511/1338
f 485/1335 511/1338 427/1337
f 511/1338 536/1326 539/1328
f 511/1338 539/1328 463/1339
f 427/1337 511/1338 403/1340
f 427/1337 403/1340 397/1336
f 403/1340 511/1338 463/1339
f 397/1336 403/1340 379/1302
f 379/1302 403/1340 463/1339
f 315/1341 349/1342 303/1343
f 315/1341 303/1343 259/1344
f 259/1344 303/1343 113/1345
f 315/1341 259/1344 292/1346
f 315/1341 292/1346 299/1347
f 259/1344 113/1345 141/1348
f 292/1346 259/1344 153/1349
f 153/1349 259/1344 141/1348
f 299/1347 292/1346 283/1350
f 299/1347 283/1350 282/1351
f 292/1346 153/1349 138/1352
f 292/1346 138/1352 283/1350
f 153/1349 141/1348 845/1353
f 153/1349 845/1353 138/1352
f 756/1354 141/1348 113/1345
f 141/1348 756/1354 845/1353
f 756/1354 113/1345 874/1355
f 756/1354 874/1355 899/1356
f 756/1354 899/1356 845/1353
f 267/1357 282/1351 283/1350
f 282/1351 267/1357 221/1358
f 267/1357 283/1350 265/1359
f 265/1359 283/1350 138/1352
f 267/1357 265/1359 183/1360
f 183/1360 265/1359 138/1352
f 221/1358 267/1357 184/1361
f 184/1361 267/1357 183/1360
f 184/1361 183/1360 138/1352
s 0
f 221/1358 184/1361 168/1362
s 1
f 168/1362 184/1361 118/1363
f 118/1363 184/1361 138/1352
f 168/1362 118/1363 171/1364
f 171/1364 118/1363 121/1365
f 118/1363 138/1352 18/1366
f 18/1366 138/1352 845/1353
f 18/1366 845/1353 871/1367
f 121/1365 118/1363 75/1368
f 75/1368 118/1363 18/1366
f 121/1365 75/1368 71/1369
f 18/1366 871/1367 832/1370
f 71/1369 75/1368 29/1371
f 71/1369 29/1371 22/1372
f 75/1368 18/1366 38/1373
f 75/1368 38/1373 29/1371
f 22/1372 29/1371 19/1374
f 22/1372 19/1374 5/1375
f 19/1374 29/1371 1/1376
f 19/1374 1/1376 5/1375
f 29/1371 38/1373 745/1377
f 29/1371 745/1377 1/1376
f 742/1378 38/1373 18/1366
f 742/1378 18/1366 832/1370
f 38/1373 742/1378 745/1377
f 742/1378 832/1370 817/1379
f 742/1378 817/1379 745/1377
f 817/1379 832/1370 826/1380
f 817/1379 826/1380 745/1377
f 745/1377 826/1380 767/1381
f 745/1377 767/1381 1/1376
f 767/1381 826/1380 882/1382
f 767/1381 882/1382 1/1376
f 1/1376 882/1382 860/1383
f 1/1376 860/1383 760/1384
f 760/1384 860/1383 833/1385
f 1/1376 760/1384 763/1386
f 763/1386 760/1384 833/1385
f 1/1376 763/1386 5/1375
s 0
f 763/1386 833/1385 772/1387
s 1
f 5/1375 763/1386 759/1388
f 759/1388 763/1386 772/1387
f 759/1388 772/1387 828/1389
f 5/1375 759/1388 746/1390
f 746/1390 759/1388 838/1391
f 344/1392 349/1393 329/1394
f 329/1394 349/1393 315/1395
f 329/1394 315/1395 317/1396
f 317/1396 315/1395 299/1397
f 344/1392 329/1394 326/1398
f 326/1398 329/1394 317/1396
f 344/1392 326/1398 332/1399
f 344/1392 332/1399 342/1400
f 342/1400 332/1399 337/1401
f 337/1401 332/1399 322/1402
f 322/1402 332/1399 319/1403
f 319/1403 332/1399 326/1398
f 322/1402 319/1403 304/1404
f 326/1398 317/1396 306/1405
f 326/1398 306/1405 319/1403
f 306/1405 317/1396 299/1397
f 319/1403 306/1405 304/1404
f 306/1405 299/1397 288/1406
f 306/1405 288/1406 304/1404
f 288/1406 299/1397 282/1407
f 304/1404 288/1406 278/1408
f 278/1408 288/1406 275/1409
f 278/1408 275/1409 241/1410
f 288/1406 282/1407 276/1411
f 288/1406 276/1411 275/1409
f 241/1410 275/1409 238/1412
f 241/1410 238/1412 229/1413
f 241/1410 229/1413 187/1414
f 229/1413 238/1412 220/1415
f 229/1413 220/1415 187/1414
f 220/1415 238/1412 275/1409
f 187/1414 220/1415 199/1416
f 187/1414 199/1416 170/1417
f 220/1415 275/1409 255/1418
f 255/1418 275/1409 276/1411
f 199/1416 220/1415 228/1419
f 228/1419 220/1415 255/1418
f 170/1417 199/1416 210/1420
f 210/1420 199/1416 228/1419
f 228/1419 255/1418 232/1421
f 228/1419 232/1421 210/1420
f 232/1421 255/1418 276/1411
f 170/1417 210/1420 193/1422
f 193/1422 210/1420 232/1421
f 170/1417 193/1422 121/1423
s 0
f 121/1423 193/1422 171/1424
s 1
f 193/1422 232/1421 222/1425
f 193/1422 222/1425 171/1424
f 232/1421 276/1411 254/1426
f 232/1421 254/1426 222/1425
f 254/1426 276/1411 242/1427
f 254/1426 242/1427 222/1425
f 242/1427 276/1411 282/1407
f 242/1427 282/1407 221/1428
f 171/1424 222/1425 188/1429
f 171/1424 188/1429 168/1430
f 222/1425 242/1427 208/1431
f 222/1425 208/1431 188/1429
f 208/1431 242/1427 221/1428
f 188/1429 208/1431 168/1430
f 168/1430 208/1431 221/1428
f 337/1432 322/1433 324/1434
f 337/1432 324/1434 348/1435
f 348/1435 324/1434 345/1436
f 324/1434 322/1433 316/1437
f 316/1437 322/1433 304/1438
f 324/1434 316/1437 312/1439
f 316/1437 304/1438 305/1440
f 316/1437 305/1440 312/1439
f 345/1436 324/1434 325/1441
f 325/1441 324/1434 312/1439
f 345/1436 325/1441 341/1442
f 345/1436 341/1442 356/1443
f 345/1436 356/1443 361/1444
f 341/1442 325/1441 330/1445
f 325/1441 312/1439 323/1446
f 325/1441 323/1446 330/1445
f 341/1442 330/1445 351/1447
f 341/1442 351/1447 356/1443
f 330/1445 323/1446 343/1448
f 330/1445 343/1448 351/1447
f 323/1446 312/1439 311/242
f 323/1446 311/242 343/1448
f 311/242 312/1439 300/1449
f 300/1449 312/1439 305/1440
f 311/242 300/1449 302/241
f 343/1448 311/242 458/216
f 343/1448 458/216 443/1078
f 343/1448 443/1078 434/1450
f 300/1449 305/1440 295/1451
f 295/1451 305/1440 304/1438
f 302/241 300/1449 291/1452
f 291/1452 300/1449 295/1451
f 302/241 291/1452 286/244
f 286/244 291/1452 279/247
f 291/1452 295/1451 290/1453
f 290/1453 295/1451 304/1438
f 291/1452 290/1453 279/247
f 290/1453 304/1438 278/1454
f 279/247 290/1453 281/1455
f 281/1455 290/1453 278/1454
f 438/1456 434/1450 443/1078
f 438/1456 443/1078 452/1079
f 434/1450 438/1456 354/1457
f 434/1450 354/1457 343/1448
f 438/1456 452/1079 433/1458
f 438/1456 433/1458 354/1457
f 343/1448 354/1457 351/1447
f 433/1458 452/1079 453/1459
f 453/1459 452/1079 477/1072
f 354/1457 433/1458 357/1460
f 354/1457 357/1460 351/1447
f 433/1458 453/1459 442/1461
f 453/1459 477/1072 461/1462
f 453/1459 461/1462 442/1461
f 461/1462 477/1072 486/1061
f 357/1460 433/1458 396/1463
f 396/1463 433/1458 442/1461
f 351/1447 357/1460 369/1464
f 369/1464 357/1460 396/1463
f 369/1464 396/1463 404/1465
f 404/1465 396/1463 442/1461
f 351/1447 369/1464 378/1466
f 351/1447 378/1466 356/1443
f 369/1464 404/1465 409/1467
f 409/1467 404/1465 442/1461
f 369/1464 409/1467 378/1466
f 409/1467 442/1461 444/1468
f 409/1467 444/1468 378/1466
f 378/1466 444/1468 356/1443
f 444/1468 442/1461 461/1462
f 356/1443 444/1468 382/1469
f 356/1443 382/1469 361/1444
f 444/1468 461/1462 464/1470
f 444/1468 464/1470 382/1469
f 382/1469 464/1470 361/1444
f 464/1470 461/1462 486/1061
f 361/1444 464/1470 493/1060
f 493/1060 464/1470 486/1061
f 352/1471 348/1472 350/1473
f 350/1473 348/1472 345/1474
f 352/1471 350/1473 368/1475
f 350/1473 345/1474 363/1476
f 363/1476 345/1474 361/1477
f 363/1476 361/1477 375/1478
f 375/1478 361/1477 493/1479
f 375/1478 493/1479 424/1480
f 375/1478 424/1480 363/1476
f 350/1473 363/1476 364/1481
f 350/1473 364/1481 368/1475
f 363/1476 424/1480 390/1482
f 363/1476 390/1482 376/1483
f 363/1476 376/1483 364/1481
f 376/1483 390/1482 424/1480
f 364/1481 376/1483 380/1484
f 380/1484 376/1483 424/1480
f 364/1481 380/1484 368/1475
f 368/1475 380/1484 387/1485
f 383/1486 372/1487 368/1475
f 368/1475 387/1485 400/1488
f 368/1475 400/1488 383/1486
f 387/1485 380/1484 418/1489
f 387/1485 418/1489 400/1488
f 418/1489 380/1484 446/1490
f 446/1490 380/1484 424/1480
f 400/1488 418/1489 476/1491
f 476/1491 418/1489 446/1490
f 446/1490 424/1480 450/1492
f 446/1490 450/1492 476/1491
f 450/1492 424/1480 466/1493
f 450/1492 466/1493 476/1491
f 466/1493 424/1480 493/1479
f 466/1493 493/1479 498/1494
f 466/1493 498/1494 476/1491
f 498/1494 493/1479 519/1495
f 498/1494 519/1495 502/1496
f 498/1494 502/1496 476/1491
f 502/1496 519/1495 527/1497
f 502/1496 527/1497 510/1498
f 510/1498 527/1497 533/1499
f 476/1491 502/1496 473/1500
f 473/1500 502/1496 510/1498
f 476/1491 473/1500 400/1488
f 473/1500 510/1498 475/1501
f 473/1500 475/1501 462/1502
f 400/1488 473/1500 420/1503
f 400/1488 420/1503 383/1486
f 383/1486 420/1503 389/1504
f 389/1504 420/1503 462/1502
f 420/1503 473/1500 457/1505
f 420/1503 457/1505 462/1502
f 462/1502 457/1505 473/1500
s 0
f 773/1506 849/1507 989/1508
f 989/1508 849/1507 963/1509
s 1
f 811/1510 818/1511 829/1512
f 829/1512 818/1511 823/1513
f 811/1510 829/1512 803/1514
f 803/1514 829/1512 840/1515
f 803/1514 840/1515 821/1516
f 821/1516 840/1515 855/1517
f 855/1517 840/1515 864/1518
f 840/1515 829/1512 831/1519
f 864/1518 840/1515 844/1520
f 844/1520 840/1515 831/1519
f 844/1520 831/1519 858/1521
f 858/1521 831/1519 862/1522
f 1122/1523 1110/1524 1114/1525
f 1114/1525 1110/1524 1102/1526
f 1102/1526 1110/1524 1090/1527
f 1090/1527 1110/1524 1064/1528
f 1102/1526 1090/1527 1098/1529
f 1102/1526 1098/1529 1114/1525
f 1090/1527 1064/1528 1084/1530
f 1090/1527 1084/1530 1098/1529
f 1084/1530 1064/1528 1066/1531
f 1084/1530 1066/1531 1077/1532
f 1084/1530 1077/1532 1098/1529
f 1066/1531 1064/1528 1061/1533
f 1066/1531 1061/1533 1077/1532
f 1077/1532 1061/1533 1098/1529
f 1061/1533 1064/1528 1054/1534
f 1061/1533 1054/1534 1038/1535
f 1098/1529 1061/1533 1095/1536
f 1061/1533 1038/1535 1048/1537
f 1061/1533 1048/1537 1095/1536
f 1048/1537 1038/1535 990/1538
f 1098/1529 1095/1536 1099/1539
f 1099/1539 1095/1536 1048/1537
f 1098/1529 1099/1539 1114/1525
f 1048/1537 990/1538 1039/1540
f 1048/1537 1039/1540 1099/1539
f 1039/1540 990/1538 974/1541
f 974/1541 990/1538 946/1542
f 974/1541 946/1542 897/1543
f 974/1541 897/1543 949/1544
f 949/1544 897/1543 847/1545
f 974/1541 949/1544 1012/1546
f 974/1541 1012/1546 1039/1540
f 1039/1540 1012/1546 1096/1547
f 1039/1540 1096/1547 1099/1539
f 1099/1539 1096/1547 1106/1548
f 1106/1548 1096/1547 1091/1549
f 1099/1539 1106/1548 1114/1525
f 1106/1548 1091/1549 1100/1550
f 1106/1548 1100/1550 1113/1551
f 1106/1548 1113/1551 1126/1552
f 1114/1525 1106/1548 1115/1553
f 1106/1548 1126/1552 1119/1554
f 1115/1553 1106/1548 1128/1555
f 1128/1555 1106/1548 1119/1554
f 1128/1555 1119/1554 1126/1552
f 1115/1553 1128/1555 1114/1525
f 1128/1555 1126/1552 1140/1556
f 1114/1525 1128/1555 1129/1557
f 1114/1525 1129/1557 1122/1523
f 1122/1523 1129/1557 1135/1558
f 1128/1555 1140/1556 1136/1559
f 1128/1555 1136/1559 1129/1557
f 1136/1559 1140/1556 1141/1560
f 1136/1559 1141/1560 1144/1561
f 1129/1557 1136/1559 1137/1562
f 1137/1562 1136/1559 1144/1561
f 1129/1557 1137/1562 1135/1558
f 1137/1562 1144/1561 1147/1563
f 1137/1562 1147/1563 1135/1558
f 970/1564 1005/1565 965/1566
f 970/1564 965/1566 959/1567
f 959/1567 965/1566 954/1568
f 959/1567 954/1568 941/1569
f 954/1568 965/1566 928/1570
f 928/1570 965/1566 935/1571
f 941/1569 954/1568 931/1572
f 931/1572 954/1568 928/1570
f 928/1570 935/1571 903/1573
f 931/1572 928/1570 916/1574
f 928/1570 903/1573 907/1575
f 928/1570 907/1575 916/1574
f 931/1572 916/1574 911/1576
f 931/1572 911/1576 941/1569
f 911/1576 916/1574 907/1575
f 941/1569 911/1576 901/1577
f 901/1577 911/1576 907/1575
f 941/1569 901/1577 956/1578
f 886/1579 907/1575 903/1573
f 901/1577 907/1575 898/1580
f 898/1580 907/1575 886/1579
f 901/1577 898/1580 888/1581
f 901/1577 888/1581 837/1582
f 837/1582 888/1581 862/1583
f 888/1581 898/1580 881/1584
f 888/1581 881/1584 862/1583
f 881/1584 898/1580 886/1579
f 862/1583 881/1584 873/1585
f 873/1585 881/1584 886/1579
f 862/1583 873/1585 858/1586
f 867/1587 886/1579 903/1573
f 886/1579 867/1587 873/1585
f 873/1585 867/1587 858/1586
f 867/1587 903/1573 844/1588
f 867/1587 844/1588 858/1586
f 901/1589 819/1590 946/1591
f 946/1591 819/1590 897/1592
f 1012/1593 949/1594 1011/1595
f 1012/1593 1011/1595 1072/1596
f 1012/1593 1072/1596 1096/1597
f 1011/1595 949/1594 895/1598
f 895/1598 949/1594 848/1599
f 895/1598 848/1599 810/1600
f 769/1601 786/1602 810/1600
f 810/1600 786/1602 846/1603
f 810/1600 846/1603 895/1598
f 846/1603 786/1602 825/1604
f 895/1598 846/1603 947/1605
f 895/1598 947/1605 1011/1595
f 947/1605 846/1603 825/1604
f 1011/1595 947/1605 994/1606
f 1011/1595 994/1606 1072/1596
f 947/1605 825/1604 909/1607
f 947/1605 909/1607 994/1606
f 909/1607 825/1604 921/1608
f 994/1606 909/1607 981/1609
f 981/1609 909/1607 921/1608
f 921/1608 825/1604 838/1610
f 838/1610 825/1604 746/1611
f 921/1608 838/1610 925/1612
f 921/1608 925/1612 981/1609
s 0
f 994/1606 981/1609 1036/1613
s 1
f 994/1606 1036/1613 1072/1596
f 981/1609 925/1612 932/1614
s 0
f 981/1609 932/1614 980/1615
f 981/1609 980/1615 1036/1613
f 980/1615 932/1614 926/1616
s 1
f 932/1614 925/1612 918/1617
f 978/1618 998/1619 980/1615
f 980/1615 998/1619 1017/1620
f 980/1615 1017/1620 1036/1613
f 1017/1620 998/1619 1029/1621
f 918/1617 925/1612 912/1622
f 918/1617 912/1622 905/1623
f 1017/1620 1029/1621 1040/1624
f 1017/1620 1040/1624 1036/1613
f 1040/1624 1029/1621 1065/1625
f 1065/1625 1029/1621 1070/1626
f 1040/1624 1065/1625 1078/1627
f 1078/1627 1065/1625 1070/1626
s 0
f 1040/1624 1078/1627 1036/1613
s 1
f 1078/1627 1070/1626 1091/1628
f 1036/1613 1078/1627 1082/1629
f 1036/1613 1082/1629 1072/1596
f 1078/1627 1091/1628 1086/1630
f 1078/1627 1086/1630 1082/1629
f 1082/1629 1086/1630 1072/1596
f 1086/1630 1091/1628 1096/1597
f 1086/1630 1096/1597 1072/1596
f 893/1631 905/1623 912/1622
f 905/1623 893/1631 882/1632
f 893/1631 912/1622 891/1633
f 891/1633 912/1622 925/1612
f 882/1632 893/1631 885/1634
f 885/1634 893/1631 891/1633
f 891/1633 925/1612 828/1635
f 891/1633 828/1635 885/1634
f 828/1635 925/1612 838/1610
f 828/1635 838/1610 759/1636
f 885/1634 828/1635 772/1637
f 885/1634 772/1637 833/1638
f 885/1634 833/1638 875/1639
f 875/1639 833/1638 872/1640
f 875/1639 872/1640 885/1634
f 885/1634 872/1640 882/1632
f 872/1640 833/1638 860/1641
s 0
f 872/1640 860/1641 882/1632
s 1
f 949/1642 847/1643 848/1644
f 769/1645 66/1646 32/1647
f 769/1645 32/1647 786/1648
f 746/1649 825/1650 786/1648
f 746/1649 786/1648 32/1647
f 746/1649 32/1647 15/1651
f 746/1649 15/1651 5/1652
f 5/1652 15/1651 22/1653
f 15/1651 32/1647 31/1654
f 15/1651 31/1654 22/1653
f 31/1654 32/1647 45/1655
f 22/1653 31/1654 41/1656
f 41/1656 31/1654 45/1655
f 45/1655 32/1647 76/1657
f 76/1657 32/1647 125/1658
f 41/1656 45/1655 91/1659
f 91/1659 45/1655 76/1657
f 22/1653 41/1656 90/1660
f 90/1660 41/1656 91/1659
f 22/1653 90/1660 71/1661
f 71/1661 90/1660 121/1662
f 121/1662 90/1660 136/1663
f 136/1663 90/1660 91/1659
f 121/1662 136/1663 170/1664
f 91/1659 76/1657 98/1665
f 170/1664 136/1663 187/1666
f 120/1667 76/1657 125/1658
f 76/1657 120/1667 98/1665
f 120/1667 125/1658 159/1668
f 120/1667 159/1668 194/1669
f 98/1665 120/1667 137/1670
f 137/1670 120/1667 194/1669
f 98/1665 137/1670 91/1659
f 137/1670 194/1669 198/1671
f 198/1671 194/1669 217/1672
f 91/1659 137/1670 130/1673
f 91/1659 130/1673 136/1663
f 198/1671 217/1672 187/1666
f 187/1666 217/1672 241/1674
f 241/1674 217/1672 278/1675
f 161/1676 187/1666 136/1663
f 161/1676 136/1663 130/1673
f 198/1671 187/1666 156/1677
f 156/1677 187/1666 161/1676
f 198/1671 156/1677 137/1670
f 156/1677 161/1676 130/1673
f 156/1677 130/1673 137/1670
f 1126/1678 1113/1679 1123/1680
f 1123/1680 1113/1679 1112/1681
f 1112/1681 1113/1679 1100/1682
f 1112/1681 1100/1682 1105/1683
f 1126/1678 1123/1680 1132/1684
f 1126/1678 1132/1684 1138/1685
f 1126/1678 1138/1685 1140/1686
f 874/1687 1105/1688 1097/1689
f 1097/1689 1105/1688 1100/1690
f 874/1687 1097/1689 1068/1691
f 874/1687 1068/1691 899/1692
f 899/1692 1068/1691 845/1693
f 1097/1689 1100/1690 1089/1694
f 1097/1689 1089/1694 1068/1691
f 1089/1694 1100/1690 1091/1695
f 1089/1694 1091/1695 1070/1696
f 1068/1691 1089/1694 1026/1697
f 1068/1691 1026/1697 845/1693
f 1089/1694 1070/1696 1034/1698
s 0
f 1026/1697 1089/1694 1059/1699
f 1059/1699 1089/1694 1034/1698
s 1
f 1034/1698 1070/1696 1029/1700
s 0
f 1026/1697 1059/1699 1019/1701
f 1019/1701 1059/1699 1034/1698
s 1
f 845/1693 1026/1697 948/1702
f 948/1702 1026/1697 1019/1701
f 845/1693 948/1702 871/1703
f 1034/1698 1029/1700 1018/1704
f 1034/1698 1018/1704 1019/1701
f 1018/1704 1029/1700 998/1705
f 1018/1704 998/1705 978/1706
f 1018/1704 978/1706 1019/1701
f 1019/1701 978/1706 948/1702
f 871/1703 948/1702 929/1707
f 929/1707 948/1702 978/1706
f 929/1707 978/1706 980/1708
f 871/1703 929/1707 832/1709
s 0
f 929/1707 980/1708 926/1710
s 1
f 929/1707 926/1710 832/1709
f 832/1709 926/1710 826/1711
f 826/1711 926/1710 918/1712
f 918/1712 926/1710 932/1713
f 826/1711 918/1712 882/1714
f 882/1714 918/1712 905/1715
f 217/1716 194/1717 244/1718
f 244/1718 194/1717 159/1719
f 217/1716 244/1718 278/1720
f 278/1720 244/1718 262/1721
f 278/1720 262/1721 270/1722
f 278/1720 270/1722 281/1723
f 281/1723 270/1722 279/1724
f 279/1725 270/1726 268/1727
f 279/1725 268/1727 266/1728
f 268/1727 270/1726 262/1729
f 266/1728 268/1727 260/1730
f 260/1730 268/1727 262/1729
f 260/1730 262/1729 244/1731
f 260/1730 244/1731 250/1732
f 250/1732 244/1731 166/1733
f 250/1732 166/1733 165/1734
f 250/1732 165/1734 233/1735
f 260/1730 250/1732 249/1736
f 249/1736 250/1732 233/1735
f 249/1736 233/1735 117/1737
f 249/1736 117/1737 192/1738
f 249/1736 192/1738 256/1739
f 256/1739 192/1738 158/1740
o tripo_part_1
v -0.128925 0.191754 0.208452
v -0.128505 0.180266 0.307199
v -0.128117 0.179987 0.299261
v -0.128031 0.194874 0.315590
v -0.126402 0.193575 0.376192
v -0.124394 0.194848 0.424379
v -0.123546 0.194684 0.441988
v -0.123371 0.180448 0.364176
v -0.123162 0.192711 0.315872
v -0.122261 0.194646 0.462175
v -0.122209 0.194654 0.265169
v -0.121205 0.194858 0.411287
v -0.120549 0.194855 0.349396
v -0.120293 0.191494 0.285898
v -0.120011 0.181661 0.463625
v -0.119791 0.179967 0.364895
v -0.119434 0.179974 0.293749
v -0.118361 0.193250 0.266527
v -0.118322 0.193064 0.463472
v -0.118207 0.191114 0.421595
v -0.118164 0.192284 0.336223
v -0.117781 0.180008 0.422495
v -0.117408 0.189633 0.411852
v -0.117398 0.194481 0.214960
v -0.116716 0.194759 0.364843
v -0.116634 0.194676 0.269998
v -0.116172 0.194822 0.408426
v -0.116168 0.179961 0.411959
v -0.116034 0.180034 0.462541
v -0.115225 0.182157 0.212946
v -0.114571 0.194707 0.462206
v -0.113989 0.194863 0.306839
v -0.113407 0.191069 0.213549
v -0.113351 0.192636 0.214189
v -0.113223 0.190269 0.263285
v -0.113042 0.194607 0.279066
v -0.111848 0.194487 0.255670
v -0.111834 0.194529 0.217707
v -0.111802 0.190979 0.409326
v -0.111029 0.190823 0.262987
v -0.110976 0.194681 0.317041
v -0.110446 0.180034 0.265520
v -0.109366 0.194768 0.374529
v -0.109227 0.194762 0.412775
v -0.109204 0.180128 0.260744
v -0.107876 0.193228 0.443224
v -0.107527 0.194562 0.325468
v -0.107327 0.179996 0.318571
v -0.107032 0.190633 0.320360
v -0.106291 0.180387 0.324637
v -0.105746 0.180057 0.262621
v -0.104897 0.181834 0.322059
v -0.104401 0.193129 0.285776
v -0.104317 0.180669 0.319304
v -0.104026 0.194399 0.360618
v -0.103135 0.180002 0.393793
v -0.102502 0.194660 0.426699
v -0.102448 0.191729 0.310474
v -0.101660 0.180117 0.323408
v -0.101544 0.194130 0.271257
v -0.100999 0.194673 0.317434
v -0.099728 0.194490 0.247515
v -0.099316 0.179953 0.319937
v -0.099003 0.191618 0.236444
v -0.098084 0.194560 0.443415
v -0.097409 0.191729 0.378797
v -0.096780 0.194620 0.291059
v -0.096318 0.194508 0.221750
v -0.096245 0.191886 0.472505
v -0.096242 0.194617 0.250696
v -0.096116 0.192881 0.422983
v -0.096043 0.194371 0.470705
v -0.095418 0.190866 0.298139
v -0.095406 0.180024 0.472383
v -0.095135 0.194811 0.364721
v -0.094918 0.191393 0.219210
v -0.094666 0.194652 0.427271
v -0.093583 0.180050 0.222124
v -0.093388 0.194739 0.326246
v -0.092168 0.191220 0.222116
v -0.092164 0.191764 0.471331
v -0.092099 0.180530 0.472734
v -0.091912 0.194466 0.322315
v -0.091305 0.194194 0.270182
v -0.091218 0.180813 0.221018
v -0.090504 0.193507 0.474550
v -0.090123 0.180263 0.364355
v -0.089951 0.194410 0.329060
v -0.089886 0.180675 0.290647
v -0.089692 0.179993 0.475252
v -0.089211 0.179964 0.224222
v -0.088994 0.193373 0.325753
v -0.088986 0.194789 0.274763
v -0.088731 0.191087 0.360208
v -0.088666 0.194667 0.368288
v -0.087319 0.190720 0.221819
v -0.087285 0.194899 0.224764
v -0.086251 0.192924 0.282007
v -0.086190 0.194605 0.394079
v -0.085747 0.191452 0.458437
v -0.085252 0.194669 0.323278
v -0.084374 0.179978 0.361639
v -0.083859 0.194582 0.404108
v -0.083764 0.180072 0.269747
v -0.083382 0.194663 0.463747
v -0.082513 0.194427 0.263544
v -0.082368 0.179995 0.265947
v -0.081612 0.194691 0.280367
v -0.081074 0.193198 0.225191
v -0.080395 0.180774 0.270464
v -0.080353 0.191076 0.267862
v -0.079667 0.180005 0.449983
v -0.079163 0.194566 0.419184
v -0.078541 0.194491 0.228220
v -0.078347 0.194606 0.332736
v -0.077553 0.193245 0.384230
v -0.076810 0.179970 0.271128
v -0.076752 0.191485 0.337800
v -0.076291 0.180008 0.331842
v -0.076138 0.191903 0.329223
v -0.075902 0.194599 0.429056
v -0.074536 0.191555 0.436167
v -0.074307 0.194694 0.477800
v -0.073701 0.194684 0.323065
v -0.072053 0.192154 0.481417
v -0.072007 0.193315 0.298468
v -0.071709 0.179999 0.431658
v -0.071095 0.188924 0.429926
v -0.070988 0.194622 0.365719
v -0.070531 0.194458 0.437532
v -0.069894 0.194262 0.373125
v -0.069882 0.192817 0.327297
v -0.069497 0.193809 0.273527
v -0.069260 0.194053 0.401171
v -0.069192 0.194587 0.392538
v -0.068978 0.194466 0.458490
v -0.068841 0.194695 0.342089
v -0.068440 0.191867 0.423700
v -0.067696 0.179958 0.327127
v -0.067559 0.190044 0.318457
v -0.067422 0.194725 0.480394
v -0.067284 0.193307 0.374372
v -0.066216 0.180016 0.231005
v -0.065736 0.194242 0.229647
v -0.065270 0.194634 0.323948
v -0.065171 0.180501 0.315273
v -0.065156 0.194585 0.425989
v -0.065034 0.181809 0.229303
v -0.064095 0.180199 0.483614
v -0.064049 0.180735 0.234522
v -0.062691 0.193708 0.338158
v -0.062546 0.190994 0.231333
v -0.062051 0.194569 0.405031
v -0.061753 0.194827 0.458704
v -0.061730 0.191600 0.434618
v -0.061234 0.182388 0.230875
v -0.061219 0.194484 0.375261
v -0.060769 0.194343 0.438837
v -0.060502 0.194436 0.235620
v -0.060273 0.191428 0.408762
v -0.060174 0.191036 0.306219
v -0.059983 0.193619 0.371385
v -0.059891 0.193423 0.463640
v -0.059312 0.179978 0.297712
v -0.059197 0.180012 0.232798
v -0.058160 0.193960 0.373510
v -0.057351 0.193955 0.275583
v -0.055192 0.194917 0.334521
v -0.053147 0.194403 0.468691
v -0.053109 0.194489 0.236055
v -0.052972 0.194542 0.432466
v -0.052918 0.194693 0.311006
v -0.052788 0.194553 0.354923
v -0.051560 0.194236 0.340978
v -0.051217 0.180219 0.390039
v -0.050957 0.191378 0.389871
v -0.050309 0.179951 0.380415
v -0.049432 0.194619 0.486345
v -0.049378 0.194445 0.378969
v -0.049363 0.193140 0.355778
v -0.048913 0.192965 0.236582
v -0.048875 0.193454 0.311054
v -0.048150 0.194798 0.273214
v -0.048104 0.190749 0.234941
v -0.047318 0.194371 0.444719
v -0.047234 0.191433 0.439608
v -0.047013 0.194865 0.317308
v -0.046853 0.180220 0.490068
v -0.046632 0.194049 0.434503
v -0.046616 0.191820 0.489031
v -0.046517 0.179986 0.387144
v -0.046158 0.179973 0.283609
v -0.045922 0.194490 0.370851
v -0.045747 0.194542 0.238344
v -0.045693 0.180068 0.377485
v -0.045609 0.191081 0.277574
v -0.045502 0.194622 0.387602
v -0.044579 0.191327 0.374979
v -0.044480 0.194032 0.410799
v -0.044251 0.194691 0.403025
v -0.042092 0.192498 0.371317
v -0.041260 0.194631 0.445505
v -0.040925 0.194615 0.278215
v -0.040795 0.191456 0.268709
v -0.040719 0.193813 0.319510
v -0.039376 0.194537 0.438524
v -0.038514 0.194554 0.345879
v -0.037469 0.179983 0.470629
v -0.036820 0.194565 0.354071
v -0.036515 0.194737 0.319507
v -0.036011 0.193244 0.443582
v -0.035439 0.194777 0.405146
v -0.035111 0.194567 0.334096
v -0.034310 0.194156 0.388376
v -0.033288 0.179995 0.242189
v -0.033005 0.194365 0.243967
v -0.032784 0.191588 0.353422
v -0.032075 0.194490 0.361311
v -0.032052 0.180035 0.351915
v -0.031892 0.191936 0.240564
v -0.031129 0.194546 0.450479
v -0.030778 0.194332 0.341020
v -0.030755 0.180224 0.247385
v -0.028924 0.191329 0.243341
v -0.028840 0.194836 0.410318
v -0.028741 0.193102 0.450479
v -0.028283 0.181812 0.241854
v -0.027451 0.191599 0.341524
v -0.027398 0.179960 0.449358
v -0.027024 0.180428 0.446298
v -0.026704 0.188128 0.447931
v -0.026574 0.194257 0.283659
v -0.025841 0.194528 0.440477
v -0.025826 0.194528 0.247393
v -0.025490 0.179955 0.245203
v -0.025284 0.180041 0.444414
v -0.025109 0.188642 0.444330
v -0.024064 0.194600 0.351040
v -0.024064 0.179984 0.330018
v -0.023324 0.192577 0.243471
v -0.022675 0.191679 0.357620
v -0.022286 0.194545 0.338614
v -0.022057 0.194001 0.389608
v -0.021111 0.193813 0.299448
v -0.018998 0.180018 0.326075
v -0.018250 0.194571 0.317110
v -0.017045 0.191170 0.321339
v -0.016724 0.194509 0.364416
v -0.016396 0.193890 0.369234
v -0.016015 0.192061 0.425394
v -0.015908 0.194803 0.373426
v -0.015137 0.194524 0.400423
v -0.014710 0.180046 0.422960
v -0.011803 0.194646 0.355814
v -0.010926 0.179986 0.316545
v -0.010300 0.193990 0.302332
v -0.010300 0.194747 0.293177
v -0.010003 0.194524 0.406458
v -0.009591 0.191761 0.362276
v -0.009347 0.194601 0.284246
v -0.008988 0.194737 0.397692
v -0.008393 0.194667 0.312242
v -0.007943 0.194559 0.291582
v -0.007920 0.191051 0.304058
v -0.006928 0.192335 0.406641
v -0.006783 0.193535 0.351974
v -0.006562 0.179972 0.406473
v -0.006051 0.180742 0.402681
v -0.006005 0.188218 0.402796
v -0.005608 0.188046 0.293413
v -0.004655 0.194808 0.358959
v -0.004037 0.194958 0.333586
v -0.003731 0.180003 0.400308
v -0.003640 0.194685 0.253473
v -0.003518 0.179993 0.285967
v -0.002679 0.194760 0.367758
v -0.002557 0.192704 0.397600
v -0.001656 0.188889 0.293531
v -0.000359 0.180032 0.287748
v 0.000327 0.182236 0.251032
v 0.000419 0.191481 0.284075
v 0.000953 0.193548 0.365980
v 0.001746 0.180011 0.388826
v 0.002876 0.194841 0.308222
v 0.003700 0.194605 0.290964
v 0.005012 0.194623 0.283037
v 0.006370 0.194555 0.332460
v 0.008277 0.194738 0.363373
v 0.008872 0.193135 0.373724
v 0.009406 0.194632 0.257616
v 0.009681 0.192736 0.254267
v 0.010108 0.193693 0.307178
v 0.010658 0.187961 0.367849
v 0.011314 0.180089 0.368235
v 0.013160 0.180025 0.257982
v 0.013191 0.193903 0.283861
v 0.013252 0.191391 0.256983
v 0.013435 0.181232 0.255693
v 0.013587 0.191616 0.363754
v 0.016929 0.193224 0.256746
v 0.019004 0.193823 0.328605
v 0.019645 0.194763 0.305572
v 0.024329 0.194749 0.335757
v 0.026267 0.193813 0.308746
v 0.026985 0.194321 0.261637
v 0.027976 0.186874 0.332579
v 0.028098 0.194930 0.312633
v 0.028388 0.194603 0.325551
v 0.028434 0.180173 0.331799
v 0.028953 0.193566 0.281042
v 0.032859 0.194981 0.264406
v 0.034751 0.179973 0.265528
v 0.035728 0.181377 0.262049
v 0.036475 0.191178 0.262102
v 0.037910 0.193067 0.263651
v 0.039131 0.180083 0.309601
v 0.039161 0.192499 0.309227
v 0.041068 0.194858 0.266161
v 0.045570 0.194764 0.289656
v 0.049537 0.180052 0.288565
v 0.056129 0.194257 0.271173
v 0.056724 0.191544 0.268442
v 0.058128 0.191620 0.270906
v 0.058692 0.179991 0.269129
v -0.130036 0.194681 0.255648
v -0.130240 0.194187 0.211092
v -0.130261 0.179964 0.210161
v -0.130286 0.191448 0.309883
v -0.131351 0.193671 0.245645
v -0.131620 0.180005 0.371363
v -0.131693 0.194678 0.304829
v -0.132031 0.194538 0.360437
v -0.132064 0.193863 0.458551
v -0.132550 0.194841 0.343442
v -0.133004 0.181601 0.207460
v -0.133244 0.194875 0.293974
v -0.133368 0.190891 0.208528
v -0.134601 0.181719 0.458055
v -0.134647 0.180023 0.455088
v -0.134714 0.193557 0.339268
v -0.134795 0.193197 0.289732
v -0.134835 0.191426 0.456201
v -0.136860 0.191644 0.205782
v -0.137276 0.180340 0.212351
v -0.137396 0.194482 0.208528
v -0.138511 0.194702 0.453127
v -0.138709 0.192193 0.456774
v -0.138716 0.190551 0.220491
v -0.139077 0.193590 0.403398
v -0.139732 0.194716 0.412508
v -0.140285 0.194688 0.342324
v -0.141325 0.193625 0.271387
v -0.141509 0.191650 0.336532
v -0.141525 0.194833 0.422418
v -0.142628 0.193009 0.314533
v -0.143343 0.194589 0.242708
v -0.143868 0.194684 0.402292
v -0.143890 0.180014 0.408235
v -0.143904 0.193631 0.419115
v -0.144115 0.180081 0.345708
v -0.145417 0.192996 0.410822
v -0.145436 0.190469 0.342967
v -0.145781 0.194758 0.311558
v -0.146014 0.191202 0.237047
v -0.146619 0.191471 0.406893
v -0.147912 0.194610 0.338992
v -0.148606 0.194839 0.393488
v -0.148747 0.194716 0.291414
v -0.149016 0.187572 0.243975
v -0.149377 0.181026 0.201464
v -0.149676 0.194829 0.419077
v -0.150571 0.179975 0.349823
v -0.150832 0.180119 0.250528
v -0.151049 0.194970 0.347368
v -0.151425 0.194400 0.367334
v -0.151803 0.190853 0.252382
v -0.152226 0.194563 0.263391
v -0.152701 0.194599 0.241938
v -0.152775 0.194571 0.284346
v -0.152888 0.191308 0.360578
v -0.153720 0.194167 0.313297
v -0.154219 0.193769 0.420305
v -0.154904 0.194807 0.406793
v -0.155167 0.194357 0.252573
v -0.156367 0.192425 0.333166
v -0.156941 0.193923 0.200853
v -0.157250 0.194863 0.419474
v -0.157901 0.192454 0.302156
v -0.158530 0.188799 0.198717
v -0.159058 0.194541 0.403444
v -0.159476 0.192490 0.200685
v -0.159857 0.194841 0.315660
v -0.160037 0.179978 0.278398
v -0.160519 0.194716 0.234247
v -0.160985 0.193651 0.225885
v -0.162118 0.191145 0.276243
v -0.162236 0.180740 0.447985
v -0.162705 0.194781 0.395830
v -0.162831 0.194509 0.215982
v -0.163014 0.194431 0.200228
v -0.163384 0.191693 0.384260
v -0.164555 0.194812 0.351709
v -0.164708 0.179982 0.275186
v -0.165093 0.194755 0.445764
v -0.165314 0.194680 0.292620
v -0.165456 0.180016 0.391249
v -0.167077 0.194858 0.404489
v -0.167256 0.194948 0.382463
v -0.167443 0.190236 0.447191
v -0.168942 0.194330 0.374571
v -0.169053 0.194477 0.443819
v -0.169465 0.194617 0.285845
v -0.171258 0.191949 0.406450
v -0.172074 0.193366 0.194857
v -0.172517 0.179981 0.197069
v -0.172837 0.191702 0.357872
v -0.173028 0.193923 0.253664
v -0.173291 0.194540 0.351513
v -0.174134 0.191701 0.405588
v -0.174264 0.180261 0.304829
v -0.174824 0.181711 0.193773
v -0.175069 0.194766 0.329206
v -0.175152 0.190791 0.306398
v -0.175355 0.194702 0.345082
v -0.175664 0.191419 0.195055
v -0.176026 0.194718 0.317530
v -0.176156 0.194740 0.247103
v -0.176606 0.193541 0.339949
v -0.176755 0.179985 0.407045
v -0.176816 0.193140 0.237909
v -0.177041 0.194914 0.405329
v -0.177113 0.180605 0.197908
v -0.177529 0.194505 0.231768
v -0.178738 0.193860 0.193239
v -0.179181 0.194676 0.379843
v -0.179631 0.194702 0.309503
v -0.181416 0.190872 0.425417
v -0.181431 0.193800 0.280386
v -0.182439 0.191241 0.209909
v -0.183575 0.194773 0.439394
v -0.183930 0.179973 0.334585
v -0.183980 0.180850 0.192064
v -0.184029 0.180119 0.432390
v -0.184972 0.194458 0.194261
v -0.185437 0.190382 0.441042
v -0.185601 0.194854 0.293756
v -0.185795 0.179779 0.440805
v -0.186589 0.194820 0.271837
v -0.186642 0.191621 0.386312
v -0.186665 0.193629 0.304972
v -0.187466 0.192204 0.190431
v -0.187695 0.191542 0.438646
v -0.188111 0.180658 0.438791
v -0.188233 0.194558 0.346694
v -0.188294 0.191084 0.337205
v -0.189233 0.194674 0.401621
v -0.189412 0.194691 0.317490
v -0.189450 0.180013 0.434435
v -0.189683 0.194613 0.240206
v -0.189946 0.191342 0.227777
v -0.190137 0.194355 0.191210
v -0.190320 0.194523 0.219011
v -0.190835 0.194899 0.436289
v -0.191140 0.180014 0.235758
v -0.191197 0.179275 0.437220
v -0.191292 0.180598 0.438883
v -0.192132 0.189856 0.346828
v -0.192353 0.180077 0.344675
v -0.192490 0.194552 0.370867
v -0.193589 0.192729 0.277307
v -0.194482 0.194551 0.343601
v -0.194932 0.194804 0.362018
v -0.195534 0.194799 0.396837
v -0.196160 0.179989 0.235933
v -0.196229 0.188900 0.242601
v -0.196763 0.190126 0.350786
v -0.197213 0.192760 0.328244
v -0.197816 0.190472 0.358354
v -0.198418 0.191404 0.250391
v -0.199364 0.194668 0.350076
v -0.199456 0.192592 0.409876
v -0.200844 0.189116 0.365930
v -0.200860 0.193063 0.214907
v -0.200928 0.194560 0.243967
v -0.201234 0.194300 0.187731
v -0.201852 0.193697 0.305420
v -0.202447 0.194619 0.348506
v -0.202592 0.194402 0.379770
v -0.202882 0.194712 0.288072
v -0.203339 0.192073 0.184343
v -0.204308 0.191486 0.263819
v -0.205056 0.191569 0.371981
v -0.205460 0.194642 0.277147
v -0.205483 0.194656 0.430521
v -0.205506 0.191755 0.433473
v -0.205727 0.180061 0.267465
v -0.206467 0.194721 0.318214
v -0.206773 0.194899 0.414087
v -0.207238 0.194172 0.186220
v -0.207490 0.194540 0.306641
v -0.207864 0.194669 0.371221
v -0.208131 0.180189 0.386808
v -0.208184 0.190091 0.274397
v -0.208314 0.194508 0.264871
v -0.208832 0.194559 0.346791
v -0.209489 0.189989 0.272501
v -0.211068 0.194654 0.428629
v -0.212662 0.192162 0.361175
v -0.212846 0.179986 0.343773
v -0.212960 0.192759 0.323703
v -0.213410 0.194756 0.240206
v -0.213425 0.194724 0.405466
v -0.213631 0.194538 0.209848
v -0.213746 0.179960 0.388082
v -0.213982 0.191096 0.396757
v -0.214287 0.194976 0.275625
v -0.214524 0.194676 0.372179
v -0.214791 0.191869 0.287470
v -0.214867 0.193421 0.205889
v -0.215150 0.179971 0.281111
v -0.216538 0.194509 0.344778
v -0.216935 0.180873 0.179720
v -0.217667 0.193088 0.180788
v -0.218713 0.194212 0.193071
v -0.219544 0.191119 0.406877
v -0.219643 0.192731 0.243685
v -0.220589 0.194506 0.238222
v -0.220818 0.193385 0.345156
v -0.221398 0.191438 0.416887
v -0.221429 0.179293 0.426409
v -0.221444 0.194692 0.313208
v -0.221520 0.191426 0.303436
v -0.221741 0.194629 0.336303
v -0.222214 0.179967 0.422617
v -0.222558 0.194556 0.423654
v -0.222703 0.180029 0.309584
v -0.222840 0.194718 0.405619
v -0.223107 0.190601 0.193071
v -0.223962 0.179970 0.198961
v -0.224045 0.194474 0.217111
v -0.224168 0.180791 0.427057
v -0.224869 0.191628 0.426493
v -0.225007 0.191729 0.359568
v -0.225815 0.194597 0.304041
v -0.225877 0.193466 0.285070
v -0.227235 0.180483 0.424616
v -0.227303 0.191819 0.423746
v -0.227494 0.190771 0.318186
v -0.227860 0.192522 0.389513
v -0.228074 0.194674 0.373354
v -0.228409 0.194704 0.278318
v -0.228417 0.194596 0.384153
v -0.229401 0.190930 0.311453
v -0.229745 0.181335 0.206835
v -0.229882 0.179811 0.424280
v -0.230340 0.194414 0.424127
v -0.231423 0.194819 0.316294
v -0.231560 0.193378 0.239435
v -0.231805 0.194646 0.337151
v -0.231942 0.194647 0.401926
v -0.233430 0.194277 0.222162
v -0.233674 0.193961 0.276609
v -0.234696 0.193887 0.309557
v -0.234879 0.194643 0.252108
v -0.234948 0.192623 0.314520
v -0.234948 0.179986 0.328012
v -0.234978 0.194610 0.372839
v -0.237084 0.194727 0.299723
v -0.237328 0.194490 0.332767
v -0.237885 0.180006 0.230112
v -0.240197 0.190302 0.348013
v -0.240723 0.194777 0.417803
v -0.240845 0.193310 0.411501
v -0.240990 0.192749 0.388857
v -0.241448 0.192329 0.235498
v -0.241502 0.194553 0.320083
v -0.241593 0.194650 0.256746
v -0.241852 0.194615 0.334915
v -0.242142 0.194711 0.362837
v -0.242486 0.179952 0.359552
v -0.243584 0.194653 0.397264
v -0.243775 0.193451 0.269777
v -0.245164 0.181021 0.243318
v -0.245446 0.189344 0.359875
v -0.245667 0.194488 0.250139
v -0.245682 0.194632 0.415377
v -0.245949 0.192041 0.418360
v -0.246834 0.192675 0.337288
v -0.247101 0.194745 0.305368
v -0.247842 0.179998 0.362881
v -0.247933 0.194591 0.357464
v -0.248772 0.179499 0.417642
v -0.249062 0.179957 0.256967
v -0.249726 0.189169 0.365625
v -0.250260 0.190394 0.373197
v -0.251885 0.194775 0.293844
v -0.253792 0.193341 0.325252
v -0.253831 0.194703 0.370817
v -0.253991 0.191795 0.265032
v -0.254037 0.194302 0.366781
v -0.254632 0.193655 0.289213
v -0.255547 0.194709 0.283823
v -0.256814 0.194705 0.397009
v -0.256921 0.194590 0.350593
v -0.257561 0.189337 0.388494
v -0.258767 0.194679 0.410746
v -0.259194 0.181159 0.275865
v -0.260079 0.194635 0.346618
v -0.260094 0.194184 0.361969
v -0.260766 0.194671 0.332501
v -0.260979 0.179962 0.284963
v -0.262185 0.179337 0.412882
v -0.262856 0.194724 0.322398
v -0.263085 0.192939 0.314634
v -0.263268 0.194541 0.291403
v -0.263589 0.190516 0.406397
v -0.264199 0.193569 0.347582
v -0.264382 0.193309 0.411516
v -0.264397 0.180170 0.409059
v -0.265603 0.189890 0.403925
v -0.266488 0.190286 0.409609
v -0.267190 0.192514 0.295381
v -0.268441 0.194494 0.404688
v -0.268532 0.179999 0.405077
v -0.268578 0.194619 0.318476
v -0.268990 0.191808 0.409983
v -0.269387 0.179783 0.410044
v -0.271706 0.181370 0.304533
v -0.276070 0.193369 0.363954
v -0.276757 0.179966 0.320793
v -0.277032 0.193591 0.343956
v -0.277337 0.194602 0.373083
v -0.277352 0.194600 0.323768
v -0.281258 0.194663 0.363434
v -0.281472 0.194517 0.401964
v -0.282906 0.181583 0.330253
v -0.285973 0.192699 0.338054
v -0.286721 0.194554 0.379251
v -0.288598 0.179513 0.402162
v -0.290551 0.194615 0.355097
v -0.290581 0.179956 0.352629
v -0.292535 0.191205 0.401308
v -0.293709 0.181066 0.355074
v -0.299935 0.192654 0.369715
v -0.306359 0.194500 0.391973
v -0.308098 0.193193 0.394655
v -0.308816 0.180836 0.391886
v -0.309289 0.180167 0.395319
v -0.310158 0.191218 0.392557
vt 0.622263 0.030842
vt 0.616038 0.037186
vt 0.608377 0.019110
vt 0.626094 0.019230
vt 0.632678 0.002470
vt 0.632798 0.042454
vt 0.665000 0.032637
vt 0.627890 0.066635
vt 0.663563 0.063044
vt 0.619510 0.067712
vt 0.627650 0.069747
vt 0.626692 0.072381
vt 0.618672 0.072261
vt 0.629805 0.092612
vt 0.631960 0.112244
vt 0.605743 0.069867
vt 0.665000 0.118589
vt 0.613764 0.065318
vt 0.631960 0.115955
vt 0.612327 0.037665
vt 0.623341 0.115477
vt 0.602391 0.031440
vt 0.631002 0.118828
vt 0.628249 0.131518
vt 0.622263 0.151868
vt 0.619510 0.121342
vt 0.611729 0.144207
vt 0.613524 0.150791
vt 0.602511 0.147200
vt 0.614003 0.118709
vt 0.598920 0.142052
vt 0.589941 0.146003
vt 0.609574 0.112005
vt 0.621904 0.110808
vt 0.619151 0.091415
vt 0.618073 0.108414
vt 0.613285 0.076331
vt 0.600476 0.073099
vt 0.597483 0.099675
vt 0.591737 0.074177
vt 0.590061 0.118110
vt 0.592815 0.069029
vt 0.583357 0.072261
vt 0.583836 0.101351
vt 0.585033 0.132475
vt 0.584076 0.136785
vt 0.570548 0.100273
vt 0.582639 0.141454
vt 0.574499 0.145524
vt 0.573302 0.117272
vt 0.563964 0.143848
vt 0.566359 0.137144
vt 0.557500 0.123856
vt 0.559655 0.110808
vt 0.555465 0.119068
vt 0.554627 0.106498
vt 0.559655 0.085429
vt 0.570668 0.072501
vt 0.567795 0.070346
vt 0.579168 0.065438
vt 0.576654 0.093570
vt 0.569591 0.064600
vt 0.595568 0.063882
vt 0.581681 0.061607
vt 0.573541 0.057657
vt 0.568992 0.057657
vt 0.573302 0.034792
vt 0.578330 0.035869
vt 0.585991 0.043172
vt 0.583956 0.030123
vt 0.590301 0.048798
vt 0.597962 0.029285
vt 0.595328 0.046643
vt 0.601314 0.064959
vt 0.605743 0.045087
vt 0.611130 0.065079
vt 0.260609 0.368364
vt 0.252709 0.371477
vt 0.261687 0.358189
vt 0.262644 0.368843
vt 0.251511 0.389793
vt 0.264680 0.358548
vt 0.257976 0.348133
vt 0.261926 0.348014
vt 0.264320 0.371597
vt 0.247561 0.407749
vt 0.282636 0.378181
vt 0.268869 0.361780
vt 0.285389 0.375308
vt 0.290896 0.382251
vt 0.289699 0.385244
vt 0.296762 0.369801
vt 0.290298 0.366449
vt 0.268630 0.359147
vt 0.288023 0.362259
vt 0.273538 0.323593
vt 0.268510 0.324790
vt 0.267553 0.319164
vt 0.270665 0.312340
vt 0.293051 0.346098
vt 0.297121 0.330775
vt 0.284073 0.341909
vt 0.288981 0.327424
vt 0.276172 0.295581
vt 0.272341 0.297137
vt 0.273658 0.278582
vt 0.279763 0.314854
vt 0.281200 0.271399
vt 0.280721 0.265414
vt 0.283115 0.295700
vt 0.290896 0.306115
vt 0.287784 0.290194
vt 0.291854 0.275110
vt 0.291016 0.272118
vt 0.296762 0.279180
vt 0.283354 0.262421
vt 0.277967 0.259189
vt 0.287424 0.248535
vt 0.284671 0.244225
vt 0.294368 0.272237
vt 0.299395 0.280497
vt 0.298079 0.292229
vt 0.307655 0.275230
vt 0.296044 0.257154
vt 0.293051 0.324790
vt 0.301191 0.301566
vt 0.293769 0.245542
vt 0.291854 0.236205
vt 0.299755 0.236085
vt 0.299515 0.258471
vt 0.308015 0.249133
vt 0.288502 0.232853
vt 0.302029 0.215615
vt 0.296522 0.216093
vt 0.286227 0.226149
vt 0.313042 0.227945
vt 0.278925 0.231297
vt 0.273778 0.238120
vt 0.294727 0.205080
vt 0.302029 0.200651
vt 0.288981 0.195264
vt 0.270306 0.227705
vt 0.266595 0.231057
vt 0.276411 0.209749
vt 0.269109 0.222079
vt 0.264560 0.223515
vt 0.260131 0.228783
vt 0.270785 0.202686
vt 0.284192 0.189637
vt 0.257736 0.216333
vt 0.253666 0.216333
vt 0.277848 0.181856
vt 0.254504 0.212263
vt 0.247800 0.214657
vt 0.247800 0.188081
vt 0.259412 0.195862
vt 0.252589 0.189278
vt 0.247561 0.167252
vt 0.264201 0.192391
vt 0.249836 0.146662
vt 0.258934 0.140197
vt 0.257617 0.169885
vt 0.262525 0.156957
vt 0.258934 0.183772
vt 0.266356 0.178864
vt 0.270306 0.178265
vt 0.287544 0.146901
vt 0.273897 0.136127
vt 0.287065 0.163301
vt 0.283235 0.134810
vt 0.294368 0.145943
vt 0.292213 0.146781
vt 0.295445 0.152887
vt 0.302867 0.154443
vt 0.298198 0.175392
vt 0.301191 0.185088
vt 0.306458 0.179582
vt 0.314000 0.157675
vt 0.316275 0.159471
vt 0.311127 0.183293
vt 0.320824 0.163301
vt 0.305860 0.190356
vt 0.308254 0.192630
vt 0.307057 0.202087
vt 0.314838 0.193348
vt 0.314599 0.196581
vt 0.320464 0.191433
vt 0.332675 0.168329
vt 0.317591 0.206876
vt 0.333992 0.201249
vt 0.350990 0.176589
vt 0.323577 0.231656
vt 0.316514 0.229980
vt 0.350033 0.204242
vt 0.316035 0.247098
vt 0.330281 0.229860
vt 0.320225 0.252964
vt 0.333872 0.232613
vt 0.323337 0.259309
vt 0.321422 0.286243
vt 0.335069 0.247817
vt 0.358293 0.201010
vt 0.371940 0.187363
vt 0.354582 0.209390
vt 0.345963 0.233691
vt 0.360088 0.212143
vt 0.372179 0.187363
vt 0.343090 0.245303
vt 0.368229 0.211664
vt 0.347878 0.250570
vt 0.339259 0.252725
vt 0.336984 0.262062
vt 0.345603 0.256555
vt 0.356617 0.256436
vt 0.363919 0.235846
vt 0.357814 0.260386
vt 0.363560 0.262541
vt 0.356737 0.264336
vt 0.380918 0.219086
vt 0.393847 0.189159
vt 0.383073 0.228423
vt 0.409888 0.203524
vt 0.361046 0.266012
vt 0.376010 0.267329
vt 0.344526 0.260386
vt 0.344287 0.291271
vt 0.370623 0.271519
vt 0.373376 0.284807
vt 0.351589 0.299651
vt 0.365595 0.289356
vt 0.372419 0.300489
vt 0.354462 0.312340
vt 0.345484 0.342866
vt 0.339977 0.303003
vt 0.328246 0.334726
vt 0.332914 0.289595
vt 0.326091 0.325389
vt 0.329562 0.282413
vt 0.324415 0.298095
vt 0.322978 0.331254
vt 0.314000 0.326586
vt 0.319986 0.325269
vt 0.317711 0.339395
vt 0.305381 0.355316
vt 0.305501 0.370759
vt 0.309930 0.367886
vt 0.325732 0.346218
vt 0.334111 0.348014
vt 0.697093 0.404170
vt 0.707747 0.381664
vt 0.701523 0.402613
vt 0.696854 0.408958
vt 0.677940 0.397705
vt 0.716127 0.376876
vt 0.716247 0.374122
vt 0.719958 0.371608
vt 0.724986 0.372686
vt 0.719958 0.368017
vt 0.718162 0.385734
vt 0.737196 0.353413
vt 0.726422 0.373284
vt 0.738633 0.354849
vt 0.733006 0.351138
vt 0.725105 0.357722
vt 0.732527 0.349223
vt 0.709423 0.409078
vt 0.705952 0.411472
vt 0.711698 0.411592
vt 0.710501 0.414824
vt 0.692544 0.411831
vt 0.679855 0.407521
vt 0.696375 0.412908
vt 0.690988 0.425119
vt 0.665729 0.418535
vt 0.696136 0.429069
vt 0.705593 0.442836
vt 0.707628 0.442477
vt 0.738633 0.459356
vt 0.709423 0.447026
vt 0.692664 0.429189
vt 0.669919 0.441639
vt 0.692903 0.433738
vt 0.698530 0.444272
vt 0.700565 0.447265
vt 0.688354 0.469412
vt 0.695298 0.441399
vt 0.679975 0.467376
vt 0.621891 0.874472
vt 0.623208 0.886802
vt 0.616983 0.888957
vt 0.621173 0.890992
vt 0.653494 0.872437
vt 0.610279 0.904639
vt 0.584661 0.872437
vt 0.624165 0.926546
vt 0.602618 0.943425
vt 0.115052 0.245106
vt 0.103081 0.264619
vt 0.106552 0.243550
vt 0.103081 0.243191
vt 0.176366 0.049114
vt 0.167627 0.069944
vt 0.160564 0.032714
vt 0.125849 0.078324
vt 0.155776 0.087541
vt 0.134228 0.052706
vt 0.142368 0.026010
vt 0.117229 0.089337
vt 0.143326 0.116870
vt 0.131116 0.052706
vt 0.101308 0.012124
vt 0.105977 0.110885
vt 0.097717 0.136503
vt 0.109927 0.093287
vt 0.089217 0.044805
vt 0.097118 0.013441
vt 0.076767 0.082035
vt 0.094006 0.129919
vt 0.062881 0.113638
vt 0.094006 0.140932
vt 0.089457 0.178401
vt 0.057734 0.115913
vt 0.091611 0.133869
vt 0.035348 0.164994
vt 0.034629 0.198034
vt 0.021940 0.191450
vt 0.046122 0.140932
vt 0.034510 0.156015
vt 0.031517 0.113518
vt 0.068507 0.085626
vt 0.020264 0.128362
vt 0.028644 0.113399
vt 0.034390 0.078922
vt 0.040016 0.077605
vt 0.035228 0.074852
vt 0.030919 0.070782
vt 0.001350 0.101428
vt 0.035827 0.072218
vt 0.043488 0.074014
vt 0.016553 0.043608
vt 0.046241 0.048875
vt 0.079042 0.055818
vt 0.048396 0.032834
vt 0.028644 0.024694
vt 0.056058 0.029841
vt 0.052227 0.030320
vt 0.046720 0.028285
vt 0.044805 0.004822
vt 0.094485 0.009131
vt 0.076767 0.071261
vt 0.024095 0.026010
vt 0.024813 0.021940
vt 0.001350 0.001350
vt 0.008772 0.050910
vt 0.006617 0.045763
vt 0.234669 0.185435
vt 0.244486 0.222664
vt 0.214798 0.213926
vt 0.209650 0.251514
vt 0.196242 0.196448
vt 0.184271 0.245170
vt 0.209530 0.255824
vt 0.231078 0.163767
vt 0.199594 0.260972
vt 0.264717 0.123305
vt 0.254302 0.133959
vt 0.222698 0.164964
vt 0.256337 0.127615
vt 0.190496 0.141022
vt 0.179962 0.208299
vt 0.146443 0.176815
vt 0.167632 0.229248
vt 0.133395 0.208539
vt 0.128606 0.208658
vt 0.161407 0.229967
vt 0.164160 0.236072
vt 0.133514 0.213207
vt 0.159132 0.232002
vt 0.161527 0.234755
vt 0.175174 0.252592
vt 0.158534 0.233917
vt 0.154224 0.243254
vt 0.158773 0.243853
vt 0.130641 0.213926
vt 0.138423 0.232959
vt 0.124177 0.219432
vt 0.158534 0.248282
vt 0.170625 0.256183
vt 0.149196 0.258099
vt 0.174455 0.257739
vt 0.196721 0.265161
vt 0.201629 0.265161
vt 0.189778 0.295687
vt 0.174336 0.291617
vt 0.146084 0.283597
vt 0.164639 0.283836
vt 0.170744 0.292096
vt 0.167752 0.286709
vt 0.169188 0.299279
vt 0.177209 0.306222
vt 0.163921 0.296525
vt 0.161886 0.282280
vt 0.160569 0.298800
vt 0.154224 0.292336
vt 0.164519 0.306102
vt 0.161886 0.332558
vt 0.149556 0.308377
vt 0.159013 0.303828
vt 0.144049 0.355183
vt 0.136268 0.342614
vt 0.121663 0.346085
vt 0.149196 0.291019
vt 0.141056 0.296885
vt 0.127409 0.319270
vt 0.115797 0.347881
vt 0.132437 0.298321
vt 0.143450 0.278210
vt 0.140937 0.276175
vt 0.113403 0.340938
vt 0.102988 0.367633
vt 0.121543 0.319270
vt 0.127649 0.294490
vt 0.136986 0.273062
vt 0.149077 0.243733
vt 0.124057 0.268154
vt 0.133874 0.235952
vt 0.127529 0.233438
vt 0.117473 0.254028
vt 0.114241 0.276294
vt 0.121543 0.221467
vt 0.107298 0.222545
vt 0.116635 0.218235
vt 0.111248 0.214883
vt 0.121663 0.215961
vt 0.109812 0.209616
vt 0.120706 0.211651
vt 0.126571 0.206384
vt 0.107897 0.192976
vt 0.104425 0.200159
vt 0.094250 0.179210
vt 0.089940 0.189505
vt 0.117114 0.288385
vt 0.100834 0.303828
vt 0.120346 0.297124
vt 0.104066 0.314602
vt 0.093890 0.329326
vt 0.089940 0.367873
vt 0.105143 0.332438
vt 0.094250 0.370027
vt 0.112446 0.321904
vt 0.110291 0.334473
vt 0.107298 0.343212
vt 0.064777 0.431544
vt 0.058792 0.404729
vt 0.067770 0.431903
vt 0.064777 0.434297
vt 0.067531 0.434896
vt 0.084888 0.422805
vt 0.079502 0.400180
vt 0.088839 0.422566
vt 0.090036 0.420411
vt 0.083811 0.395511
vt 0.114098 0.417777
vt 0.116971 0.410595
vt 0.117330 0.373245
vt 0.120682 0.414306
vt 0.121999 0.407961
vt 0.123555 0.349543
vt 0.138519 0.418615
vt 0.160306 0.374203
vt 0.156475 0.416101
vt 0.160545 0.418855
vt 0.160066 0.412869
vt 0.162820 0.372288
vt 0.167488 0.412271
vt 0.168805 0.423404
vt 0.165573 0.424122
vt 0.176347 0.423284
vt 0.192627 0.394554
vt 0.201606 0.376238
vt 0.188078 0.419573
vt 0.199211 0.390962
vt 0.177065 0.426277
vt 0.204838 0.367858
vt 0.191191 0.408320
vt 0.217886 0.385695
vt 0.198014 0.409877
vt 0.201606 0.401976
vt 0.215851 0.396948
vt 0.229019 0.372407
vt 0.204120 0.410236
vt 0.215372 0.411313
vt 0.195740 0.417059
vt 0.206753 0.420531
vt 0.189635 0.421369
vt 0.230575 0.418376
vt 0.245060 0.423045
vt 0.206993 0.425199
vt 0.225907 0.434896
vt 0.238357 0.422207
vt 0.068217 0.669921
vt 0.067977 0.629100
vt 0.094313 0.668125
vt 0.104369 0.624790
vt 0.146028 0.665132
vt 0.119931 0.671238
vt 0.093356 0.676505
vt 0.157401 0.669801
vt 0.195588 0.676505
vt 0.228813 0.327490
vt 0.222349 0.288345
vt 0.227735 0.283796
vt 0.220792 0.246686
vt 0.224144 0.246567
vt 0.253114 0.315759
vt 0.244375 0.391176
vt 0.253114 0.241658
vt 0.241622 0.235314
vt 0.251558 0.238666
vt 0.532165 0.370480
vt 0.533840 0.378979
vt 0.528214 0.370240
vt 0.524264 0.372036
vt 0.519595 0.381972
vt 0.519595 0.354678
vt 0.274528 0.837577
vt 0.259444 0.821416
vt 0.256930 0.802023
vt 0.252740 0.804298
vt 0.279555 0.823092
vt 0.248431 0.793644
vt 0.241966 0.796158
vt 0.230953 0.802861
vt 0.240051 0.764195
vt 0.245677 0.781314
vt 0.249987 0.777603
vt 0.260881 0.792087
vt 0.270577 0.799749
vt 0.282548 0.819381
vt 0.276323 0.799869
vt 0.244959 0.768624
vt 0.248191 0.764315
vt 0.259923 0.772096
vt 0.242445 0.754858
vt 0.220658 0.736542
vt 0.251902 0.756893
vt 0.243164 0.752104
vt 0.222813 0.735465
vt 0.235861 0.734387
vt 0.261000 0.756893
vt 0.271535 0.764554
vt 0.270338 0.742887
vt 0.278957 0.741211
vt 0.284344 0.750907
vt 0.278119 0.773054
vt 0.285182 0.793763
vt 0.286618 0.785384
vt 0.287696 0.758808
vt 0.294160 0.780835
vt 0.286858 0.752104
vt 0.291407 0.757252
vt 0.297871 0.778201
vt 0.295357 0.756414
vt 0.292125 0.747077
vt 0.303737 0.734387
vt 0.583705 0.787990
vt 0.590528 0.785836
vt 0.590888 0.789307
vt 0.575325 0.801757
vt 0.580114 0.807144
vt 0.573290 0.790863
vt 0.591366 0.768956
vt 0.573290 0.795652
vt 0.540011 0.783441
vt 0.551862 0.792779
vt 0.571135 0.800440
vt 0.551862 0.797807
vt 0.571375 0.805707
vt 0.555813 0.804510
vt 0.541567 0.792420
vt 0.567784 0.809658
vt 0.542405 0.818995
vt 0.572811 0.810137
vt 0.584663 0.826178
vt 0.539173 0.828452
vt 0.571973 0.825699
vt 0.550186 0.841860
vt 0.553897 0.847007
vt 0.576043 0.825340
vt 0.577600 0.825460
vt 0.576283 0.830487
vt 0.557249 0.855986
vt 0.582987 0.839944
vt 0.584184 0.838269
vt 0.591366 0.840304
vt 0.585740 0.841501
vt 0.490929 0.309840
vt 0.490689 0.301101
vt 0.501104 0.317501
vt 0.514871 0.333542
vt 0.505414 0.315346
vt 0.511639 0.313072
vt 0.530313 0.342161
vt 0.495358 0.294277
vt 0.529475 0.347189
vt 0.537735 0.376638
vt 0.516906 0.312353
vt 0.490809 0.270455
vt 0.532109 0.337732
vt 0.544798 0.380588
vt 0.547192 0.395791
vt 0.516427 0.293080
vt 0.513195 0.261836
vt 0.534024 0.331507
vt 0.520018 0.276081
vt 0.518941 0.252139
vt 0.524567 0.302537
vt 0.529475 0.288651
vt 0.537256 0.324444
vt 0.548749 0.360597
vt 0.536059 0.269737
vt 0.529356 0.250823
vt 0.539651 0.257885
vt 0.542883 0.294876
vt 0.547432 0.279194
vt 0.548150 0.256209
vt 0.536299 0.252498
vt 0.551502 0.306488
vt 0.555572 0.286855
vt 0.544319 0.315586
vt 0.554974 0.330789
vt 0.549826 0.339528
vt 0.554016 0.353414
vt 0.558804 0.308523
vt 0.557607 0.340126
vt 0.562874 0.336056
vt 0.568621 0.313311
vt 0.569818 0.303016
vt 0.561797 0.344316
vt 0.570895 0.341443
vt 0.561917 0.351139
vt 0.567184 0.344436
vt 0.574007 0.362153
vt 0.563593 0.357604
vt 0.559762 0.369096
vt 0.574606 0.323486
vt 0.575085 0.294636
vt 0.567543 0.362871
vt 0.571733 0.383701
vt 0.568142 0.391841
vt 0.576043 0.392918
vt 0.581429 0.391721
vt 0.556530 0.395911
vt 0.565149 0.407283
vt 0.591485 0.388609
vt 0.581429 0.362273
vt 0.594238 0.403094
vt 0.585978 0.407283
vt 0.599266 0.405847
vt 0.582387 0.351858
vt 0.592682 0.376757
vt 0.596393 0.397946
vt 0.599745 0.402256
vt 0.596154 0.371610
vt 0.583584 0.339408
vt 0.610758 0.401537
vt 0.611596 0.405368
vt 0.606209 0.384778
vt 0.601541 0.362153
vt 0.609322 0.375321
vt 0.614829 0.359639
vt 0.604414 0.350661
vt 0.595555 0.338331
vt 0.602738 0.339408
vt 0.605371 0.333901
vt 0.592802 0.313910
vt 0.598428 0.319057
vt 0.590408 0.300502
vt 0.573648 0.280750
vt 0.547192 0.247950
vt 0.555452 0.241964
vt 0.571134 0.258604
vt 0.596154 0.299185
vt 0.582267 0.271772
vt 0.578796 0.255252
vt 0.590527 0.272131
vt 0.586457 0.245675
vt 0.592682 0.240408
vt 0.597351 0.282665
vt 0.604294 0.309361
vt 0.612674 0.329711
vt 0.604174 0.276201
vt 0.607526 0.248428
vt 0.613631 0.258484
vt 0.613871 0.248069
vt 0.618420 0.252738
vt 0.614948 0.269258
vt 0.620335 0.273208
vt 0.628835 0.248548
vt 0.632785 0.281708
vt 0.626201 0.291285
vt 0.613631 0.278476
vt 0.617582 0.283863
vt 0.611237 0.279553
vt 0.609920 0.288651
vt 0.623567 0.305769
vt 0.608723 0.299784
vt 0.615068 0.301580
vt 0.612195 0.307206
vt 0.609681 0.311037
vt 0.887894 0.686971
vt 0.887415 0.690682
vt 0.877479 0.688766
vt 0.862396 0.681224
vt 0.864311 0.686971
vt 0.858924 0.685654
vt 0.854974 0.679549
vt 0.856530 0.690682
vt 0.852220 0.684936
vt 0.884662 0.693435
vt 0.859643 0.699660
vt 0.887056 0.694752
vt 0.892802 0.691520
vt 0.892204 0.705526
vt 0.863593 0.703610
vt 0.843242 0.708159
vt 0.845038 0.711990
vt 0.868501 0.709596
vt 0.850066 0.717616
vt 0.882268 0.709237
vt 0.881190 0.712469
vt 0.855572 0.722046
vt 0.886458 0.711751
vt 0.892682 0.723243
vt 0.880472 0.716180
vt 0.884063 0.723003
vt 0.887176 0.725876
vt 0.852819 0.733298
vt 0.875085 0.731144
vt 0.888732 0.729348
vt 0.862755 0.736171
vt 0.851622 0.740601
vt 0.851622 0.745988
vt 0.869938 0.738206
vt 0.888373 0.734376
vt 0.852699 0.755804
vt 0.891605 0.735932
vt 0.873409 0.747185
vt 0.852460 0.761191
vt 0.892802 0.738326
vt 0.857488 0.763944
vt 0.744950 0.777537
vt 0.733937 0.773228
vt 0.742915 0.773946
vt 0.735373 0.769756
vt 0.734655 0.765447
vt 0.745549 0.770355
vt 0.729986 0.770834
vt 0.755724 0.751082
vt 0.742077 0.743779
vt 0.757041 0.727977
vt 0.731184 0.746652
vt 0.744112 0.729175
vt 0.747105 0.726780
vt 0.757041 0.723309
vt 0.740521 0.726661
vt 0.731423 0.708345
vt 0.726754 0.692304
vt 0.712150 0.698409
vt 0.720290 0.704754
vt 0.717537 0.728935
vt 0.704728 0.720436
vt 0.699580 0.710620
vt 0.676117 0.708106
vt 0.677913 0.721274
vt 0.686173 0.729534
vt 0.702334 0.727738
vt 0.683659 0.734202
vt 0.708439 0.734442
vt 0.683539 0.740308
vt 0.656485 0.735519
vt 0.668096 0.741624
vt 0.692637 0.745695
vt 0.664984 0.748448
vt 0.698263 0.756468
vt 0.684138 0.755152
vt 0.660674 0.751919
vt 0.694672 0.754553
vt 0.672885 0.761137
vt 0.644992 0.755990
vt 0.661632 0.767721
vt 0.638049 0.760179
vt 0.686292 0.768080
vt 0.656724 0.775742
vt 0.685215 0.761017
vt 0.689764 0.780051
vt 0.691679 0.760179
vt 0.697904 0.763172
vt 0.717058 0.775263
vt 0.730226 0.780051
vt 0.712269 0.766524
vt 0.727951 0.767721
vt 0.729747 0.762813
vt 0.508275 0.067151
vt 0.543350 0.078045
vt 0.518091 0.098276
vt 0.559152 0.153941
vt 0.504325 0.069426
vt 0.525513 0.138020
vt 0.516415 0.113120
vt 0.543230 0.180277
vt 0.548977 0.234506
vt 0.540717 0.186382
vt 0.523837 0.156814
vt 0.477390 0.140653
vt 0.544787 0.234506
vt 0.553286 0.236900
vt 0.539998 0.247674
vt 0.522880 0.244561
vt 0.519049 0.248512
vt 0.500135 0.205895
vt 0.497980 0.213916
vt 0.489960 0.177285
vt 0.489241 0.188298
vt 0.475235 0.201945
vt 0.480981 0.163039
vt 0.469968 0.135386
vt 0.460870 0.162560
vt 0.465898 0.189974
vt 0.471165 0.214993
vt 0.455004 0.188178
vt 0.459433 0.208050
vt 0.454525 0.160046
vt 0.446265 0.186382
vt 0.442554 0.195121
vt 0.450216 0.133471
vt 0.440400 0.105698
vt 0.462187 0.101269
vt 0.439442 0.122098
vt 0.470327 0.112521
vt 0.464701 0.091572
vt 0.444709 0.154540
vt 0.434294 0.124852
vt 0.416577 0.098994
vt 0.442076 0.161722
vt 0.433337 0.140414
vt 0.436808 0.165314
vt 0.425077 0.124253
vt 0.416697 0.117549
vt 0.428548 0.176806
vt 0.420647 0.144963
vt 0.406641 0.117669
vt 0.402092 0.122338
vt 0.431182 0.201945
vt 0.416697 0.148674
vt 0.395508 0.120901
vt 0.419331 0.174172
vt 0.410712 0.157413
vt 0.425795 0.195121
vt 0.425795 0.212599
vt 0.418972 0.208529
vt 0.413345 0.180277
vt 0.410951 0.190453
vt 0.407240 0.185664
vt 0.397304 0.200389
vt 0.407001 0.179918
vt 0.395987 0.196199
vt 0.404008 0.184228
vt 0.400776 0.181474
vt 0.395508 0.192727
s 1
usemtl Material
f 1509/1741 1511/1742 1446/1743
f 1509/1741 1446/1743 1470/1744
f 1470/1744 1446/1743 1411/1745
f 1509/1741 1470/1744 1529/1746
f 1529/1746 1470/1744 1411/1745
f 1509/1741 1529/1746 1511/1742
f 1529/1746 1411/1745 1433/1747
f 1529/1746 1433/1747 1550/1748
f 1550/1748 1433/1747 1448/1749
f 1529/1746 1550/1748 1552/1750
f 1529/1746 1552/1750 1511/1742
f 1550/1748 1448/1749 1551/1751
f 1550/1748 1551/1751 1552/1750
f 1551/1751 1448/1749 1557/1752
f 1552/1750 1551/1751 1558/1753
f 1558/1753 1551/1751 1557/1752
f 1557/1752 1448/1749 1574/1754
f 1557/1752 1574/1754 1558/1753
f 1574/1754 1448/1749 1588/1755
f 1552/1750 1558/1753 1532/1756
f 1588/1755 1448/1749 1512/1757
f 1547/1758 1511/1742 1552/1750
f 1547/1758 1552/1750 1532/1756
f 1588/1755 1512/1757 1589/1759
f 1511/1742 1547/1758 1499/1760
f 1588/1755 1589/1759 1590/1761
f 1511/1742 1499/1760 1462/1762
f 1589/1759 1512/1757 1594/1763
f 1589/1759 1594/1763 1590/1761
f 1511/1742 1462/1762 1446/1743
f 1594/1763 1512/1757 1604/1764
f 1604/1764 1512/1757 1615/1765
f 1594/1763 1604/1764 1598/1766
f 1594/1763 1598/1766 1590/1761
f 1604/1764 1615/1765 1610/1767
f 1604/1764 1610/1767 1598/1766
f 1610/1767 1615/1765 1614/1768
f 1610/1767 1614/1768 1603/1769
f 1598/1766 1610/1767 1582/1770
f 1598/1766 1582/1770 1590/1761
f 1610/1767 1603/1769 1597/1771
f 1610/1767 1597/1771 1582/1770
f 1597/1771 1603/1769 1580/1772
f 1590/1761 1582/1770 1573/1773
f 1573/1773 1582/1770 1597/1771
f 1590/1761 1573/1773 1586/1774
f 1590/1761 1586/1774 1588/1755
f 1588/1755 1586/1774 1574/1754
f 1574/1754 1586/1774 1571/1775
f 1574/1754 1571/1775 1558/1753
f 1571/1775 1586/1774 1579/1776
f 1579/1776 1586/1774 1573/1773
f 1558/1753 1571/1775 1554/1777
f 1554/1777 1571/1775 1579/1776
f 1554/1777 1579/1776 1573/1773
f 1558/1753 1554/1777 1532/1756
f 1554/1777 1573/1773 1527/1778
f 1554/1777 1527/1778 1532/1756
f 1527/1778 1573/1773 1546/1779
f 1546/1779 1573/1773 1597/1771
f 1527/1778 1546/1779 1510/1780
f 1546/1779 1597/1771 1564/1781
f 1546/1779 1564/1781 1510/1780
f 1527/1778 1510/1780 1507/1782
f 1527/1778 1507/1782 1532/1756
f 1507/1782 1510/1780 1492/1783
f 1510/1780 1564/1781 1533/1784
f 1510/1780 1533/1784 1492/1783
f 1564/1781 1597/1771 1572/1785
f 1564/1781 1572/1785 1533/1784
f 1572/1785 1597/1771 1570/1786
f 1570/1786 1597/1771 1580/1772
f 1533/1784 1572/1785 1521/1787
f 1570/1786 1580/1772 1569/1788
f 1569/1788 1580/1772 1562/1789
f 1572/1785 1570/1786 1535/1790
f 1535/1790 1570/1786 1569/1788
f 1572/1785 1535/1790 1521/1787
f 1569/1788 1562/1789 1538/1791
f 1569/1788 1538/1791 1539/1792
f 1539/1792 1538/1791 1522/1793
f 1535/1790 1569/1788 1518/1794
f 1518/1794 1569/1788 1539/1792
f 1518/1794 1539/1792 1522/1793
f 1535/1790 1518/1794 1521/1787
f 1518/1794 1522/1793 1519/1795
f 1518/1794 1519/1795 1497/1796
f 1518/1794 1497/1796 1481/1797
f 1518/1794 1481/1797 1468/1798
f 1518/1794 1468/1798 1521/1787
f 1468/1798 1481/1797 1459/1799
f 1468/1798 1459/1799 1476/1800
f 1521/1787 1468/1798 1492/1783
f 1492/1783 1468/1798 1476/1800
f 1521/1787 1492/1783 1520/1801
f 1521/1787 1520/1801 1533/1784
f 1533/1784 1520/1801 1492/1783
f 1476/1800 1459/1799 1449/1802
f 1492/1783 1476/1800 1507/1782
f 1507/1782 1476/1800 1506/1803
f 1507/1782 1506/1803 1532/1756
f 1476/1800 1449/1802 1479/1804
f 1476/1800 1479/1804 1506/1803
f 1479/1804 1449/1802 1451/1805
f 1451/1805 1449/1802 1443/1806
f 1451/1805 1443/1806 1421/1807
f 1451/1805 1421/1807 1426/1808
f 1451/1805 1426/1808 1479/1804
f 1479/1804 1426/1808 1457/1809
f 1457/1809 1426/1808 1407/1810
f 1475/1811 1506/1803 1479/1804
f 1475/1811 1479/1804 1457/1809
f 1457/1809 1407/1810 1444/1812
f 1457/1809 1444/1812 1475/1811
f 1444/1812 1407/1810 1446/1743
f 1444/1812 1446/1743 1462/1762
f 1475/1811 1444/1812 1484/1813
f 1475/1811 1484/1813 1506/1803
f 1484/1813 1444/1812 1462/1762
f 1506/1803 1484/1813 1523/1814
f 1523/1814 1484/1813 1462/1762
f 1506/1803 1523/1814 1532/1756
f 1523/1814 1462/1762 1490/1815
f 1490/1815 1462/1762 1499/1760
f 1532/1756 1523/1814 1542/1816
f 1542/1816 1523/1814 1490/1815
f 1542/1816 1490/1815 1499/1760
f 1532/1756 1542/1816 1547/1758
f 1547/1758 1542/1816 1499/1760
f 1411/1817 1446/1818 1407/1819
f 1411/1817 1407/1819 1403/1820
f 1411/1817 1403/1820 1433/1821
f 1403/1820 1407/1819 1402/1822
f 1402/1822 1407/1819 1426/1823
f 1402/1822 1426/1823 1421/1824
f 1433/1821 1403/1820 1395/1825
f 1433/1821 1395/1825 1448/1826
f 1448/1826 1395/1825 1350/1827
f 1395/1825 1403/1820 1390/1828
f 1390/1828 1403/1820 1402/1822
f 1350/1827 1395/1825 1336/1829
f 1336/1829 1395/1825 1390/1828
f 1350/1827 1336/1829 1659/1830
f 1350/1827 1659/1830 1660/1831
f 1659/1830 1336/1829 1331/1832
f 1336/1829 1390/1828 1340/1833
f 1336/1829 1340/1833 1331/1832
f 1390/1828 1402/1822 1393/1834
f 1393/1834 1402/1822 1421/1824
f 1340/1833 1390/1828 1352/1835
f 1352/1835 1390/1828 1393/1834
f 1393/1834 1421/1824 1442/1836
f 1393/1834 1442/1836 1352/1835
f 1442/1836 1421/1824 1443/1837
f 1442/1836 1443/1837 1449/1838
f 1442/1836 1449/1838 1459/1839
f 1367/1840 1331/1832 1340/1833
f 1367/1840 1340/1833 1352/1835
f 1331/1832 1367/1840 1378/1841
f 1352/1835 1442/1836 1386/1842
f 1352/1835 1386/1842 1398/1843
f 1398/1843 1386/1842 1442/1836
f 1352/1835 1398/1843 1367/1840
f 1474/1844 1442/1836 1459/1839
f 1474/1844 1459/1839 1481/1845
f 1474/1844 1481/1845 1497/1846
f 1442/1836 1474/1844 1434/1847
f 1442/1836 1434/1847 1398/1843
f 1474/1844 1497/1846 1500/1848
f 1500/1848 1497/1846 1519/1849
f 1434/1847 1474/1844 1455/1850
f 1455/1850 1474/1844 1500/1848
f 1398/1843 1434/1847 1424/1851
f 1434/1847 1455/1850 1456/1852
f 1434/1847 1456/1852 1424/1851
f 1455/1850 1500/1848 1478/1853
f 1455/1850 1478/1853 1456/1852
f 1500/1848 1519/1849 1487/1854
f 1500/1848 1487/1854 1478/1853
f 1456/1852 1478/1853 1463/1855
f 1487/1854 1519/1849 1514/1856
f 1514/1856 1519/1849 1522/1857
f 1514/1856 1522/1857 1530/1858
f 1514/1856 1530/1858 1487/1854
f 1530/1858 1522/1857 1538/1859
f 1463/1855 1478/1853 1483/1860
f 1483/1860 1478/1853 1487/1854
f 1456/1852 1463/1855 1452/1861
f 1456/1852 1452/1861 1424/1851
f 1452/1861 1463/1855 1483/1860
f 1424/1851 1452/1861 1437/1862
f 1452/1861 1483/1860 1450/1863
f 1452/1861 1450/1863 1437/1862
f 1483/1860 1487/1854 1501/1864
f 1424/1851 1437/1862 1392/1865
f 1424/1851 1392/1865 1398/1843
f 1398/1843 1392/1865 1367/1840
f 1367/1840 1392/1865 1378/1841
f 1392/1865 1437/1862 1420/1866
f 1392/1865 1420/1866 1378/1841
f 1420/1866 1437/1862 1450/1863
f 1528/1867 1501/1864 1487/1854
f 1528/1867 1487/1854 1530/1858
f 1528/1867 1530/1858 1543/1868
f 1501/1864 1528/1867 1534/1869
f 1534/1869 1528/1867 1543/1868
f 1543/1868 1530/1858 1538/1859
f 1501/1864 1534/1869 1494/1870
f 1501/1864 1494/1870 1483/1860
f 1483/1860 1494/1870 1450/1863
f 1494/1870 1534/1869 1495/1871
f 1494/1870 1495/1871 1450/1863
f 1543/1868 1538/1859 1549/1872
f 1534/1869 1543/1868 1567/1873
f 1543/1868 1549/1872 1568/1874
f 1543/1868 1568/1874 1567/1873
f 1568/1874 1549/1872 1563/1875
f 1563/1875 1549/1872 1538/1859
f 1531/1876 1495/1871 1534/1869
f 1531/1876 1534/1869 1567/1873
f 1563/1875 1538/1859 1559/1877
f 1559/1877 1538/1859 1562/1878
f 1568/1874 1563/1875 1583/1879
f 1585/1880 1567/1873 1568/1874
f 1585/1880 1568/1874 1583/1879
f 1583/1879 1563/1875 1605/1881
f 1605/1881 1563/1875 1559/1877
f 1559/1877 1562/1878 1575/1882
f 1575/1882 1562/1878 1580/1883
f 1559/1877 1575/1882 1593/1884
f 1575/1882 1580/1883 1587/1885
f 1575/1882 1587/1885 1593/1884
f 1587/1885 1580/1883 1592/1886
f 1592/1886 1580/1883 1603/1887
f 1593/1884 1587/1885 1608/1888
f 1608/1888 1587/1885 1592/1886
f 1559/1877 1593/1884 1613/1889
f 1559/1877 1613/1889 1605/1881
f 1592/1886 1603/1887 1609/1890
f 1592/1886 1609/1890 1608/1888
f 1609/1890 1603/1887 1614/1891
f 1613/1889 1593/1884 1623/1892
f 1623/1892 1593/1884 1608/1888
f 1609/1890 1614/1891 1620/1893
f 1620/1893 1614/1891 1615/1894
f 1620/1893 1615/1894 1630/1895
f 1609/1890 1620/1893 1624/1896
f 1609/1890 1624/1896 1608/1888
f 1620/1893 1630/1895 1627/1897
f 1620/1893 1627/1897 1624/1896
f 1627/1897 1630/1895 1637/1898
f 1608/1888 1624/1896 1622/1899
f 1622/1899 1624/1896 1627/1897
f 1641/1900 1644/1901 1637/1898
f 1637/1898 1644/1901 1638/1902
f 1637/1898 1638/1902 1627/1897
f 1638/1902 1644/1901 1640/1903
f 1627/1897 1638/1902 1629/1904
f 1627/1897 1629/1904 1622/1899
f 1629/1904 1638/1902 1640/1903
f 1622/1899 1629/1904 1628/1905
f 1622/1899 1628/1905 1608/1888
f 1628/1905 1629/1904 1640/1903
f 1608/1888 1628/1905 1625/1906
f 1625/1906 1628/1905 1640/1903
f 1608/1888 1625/1906 1623/1892
f 1625/1906 1640/1903 1639/1907
f 1625/1906 1639/1907 1623/1892
f 1639/1907 1640/1903 1642/1908
f 1623/1892 1639/1907 1631/1909
f 1623/1892 1631/1909 1613/1889
f 1643/1910 1635/1911 1639/1907
f 1639/1907 1635/1911 1636/1912
f 1639/1907 1636/1912 1631/1909
f 1631/1909 1636/1912 1632/1913
f 1631/1909 1632/1913 1613/1889
f 1613/1889 1632/1913 1605/1881
f 1632/1913 1636/1912 1626/1914
f 1605/1881 1632/1913 1617/1915
f 1617/1915 1632/1913 1626/1914
f 1605/1881 1617/1915 1606/1916
f 1606/1916 1617/1915 1626/1914
f 1605/1881 1606/1916 1583/1879
f 1583/1879 1606/1916 1585/1880
f 1606/1916 1626/1914 1607/1917
f 1607/1917 1626/1914 1621/1918
f 1607/1917 1621/1918 1618/1919
f 1607/1917 1618/1919 1602/1920
f 1607/1917 1602/1920 1606/1916
f 1602/1920 1618/1919 1611/1921
f 1585/1880 1606/1916 1599/1922
f 1599/1922 1606/1916 1602/1920
f 1585/1880 1599/1922 1591/1923
f 1591/1923 1599/1922 1602/1920
f 1585/1880 1591/1923 1577/1924
f 1585/1880 1577/1924 1567/1873
f 1591/1923 1602/1920 1584/1925
f 1591/1923 1584/1925 1577/1924
f 1584/1925 1602/1920 1611/1921
f 1567/1873 1577/1924 1578/1926
f 1578/1926 1577/1924 1584/1925
f 1567/1873 1578/1926 1531/1876
f 1584/1925 1611/1921 1581/1927
f 1584/1925 1581/1927 1578/1926
f 1581/1927 1611/1921 1595/1928
f 1531/1876 1578/1926 1565/1929
f 1565/1929 1578/1926 1581/1927
f 1581/1927 1595/1928 1553/1930
f 1553/1930 1595/1928 1555/1931
f 1565/1929 1581/1927 1508/1932
f 1508/1932 1581/1927 1553/1930
f 1531/1876 1565/1929 1526/1933
f 1526/1933 1565/1929 1508/1932
f 1531/1876 1526/1933 1495/1871
f 1553/1930 1555/1931 1524/1934
f 1495/1871 1526/1933 1489/1935
f 1489/1935 1526/1933 1508/1932
f 1495/1871 1489/1935 1450/1863
f 1508/1932 1553/1930 1503/1936
f 1489/1935 1508/1932 1472/1937
f 1472/1937 1508/1932 1503/1936
f 1489/1935 1472/1937 1450/1863
f 1503/1936 1553/1930 1493/1938
f 1503/1936 1493/1938 1472/1937
f 1493/1938 1553/1930 1524/1934
f 1450/1863 1472/1937 1458/1939
f 1458/1939 1472/1937 1493/1938
f 1450/1863 1458/1939 1416/1940
f 1450/1863 1416/1940 1420/1866
f 1458/1939 1493/1938 1466/1941
f 1458/1939 1466/1941 1416/1940
f 1466/1941 1493/1938 1524/1934
f 1420/1866 1416/1940 1378/1841
f 1525/1942 1524/1934 1545/1943
f 1524/1934 1525/1942 1517/1944
f 1524/1934 1517/1944 1482/1945
f 1524/1934 1482/1945 1466/1941
f 1517/1944 1525/1942 1504/1946
f 1517/1944 1504/1946 1482/1945
f 1504/1946 1525/1942 1537/1947
f 1466/1941 1482/1945 1461/1948
f 1504/1946 1537/1947 1488/1949
f 1461/1948 1482/1945 1445/1950
f 1445/1950 1482/1945 1504/1946
f 1466/1941 1461/1948 1453/1951
f 1453/1951 1461/1948 1445/1950
f 1466/1941 1453/1951 1439/1952
f 1466/1941 1439/1952 1416/1940
f 1453/1951 1445/1950 1441/1953
f 1453/1951 1441/1953 1439/1952
f 1445/1950 1504/1946 1422/1954
f 1445/1950 1422/1954 1441/1953
f 1422/1954 1504/1946 1447/1955
f 1447/1955 1504/1946 1488/1949
f 1441/1953 1422/1954 1413/1956
f 1413/1956 1422/1954 1447/1955
f 1413/1956 1447/1955 1404/1957
f 1404/1957 1447/1955 1488/1949
f 1441/1953 1413/1956 1409/1958
f 1409/1958 1413/1956 1404/1957
f 1404/1957 1488/1949 1454/1959
f 1454/1959 1488/1949 1515/1960
f 1404/1957 1454/1959 1429/1961
f 1429/1961 1454/1959 1491/1962
f 1409/1958 1404/1957 1400/1963
f 1400/1963 1404/1957 1370/1964
f 1441/1953 1409/1958 1436/1965
f 1441/1953 1436/1965 1439/1952
f 1409/1958 1400/1963 1376/1966
f 1409/1958 1376/1966 1436/1965
f 1400/1963 1370/1964 1368/1967
f 1368/1967 1370/1964 1342/1968
f 1376/1966 1400/1963 1346/1969
f 1346/1969 1400/1963 1368/1967
f 1368/1967 1342/1968 1334/1970
f 1368/1967 1334/1970 1346/1969
f 1334/1970 1342/1968 1653/1971
f 1346/1969 1334/1970 1326/1972
f 1346/1969 1326/1972 1671/1973
f 1346/1969 1671/1973 1364/1974
f 1346/1969 1364/1974 1376/1966
f 1364/1974 1671/1973 1333/1975
f 1376/1966 1364/1974 1396/1976
f 1376/1966 1396/1976 1436/1965
f 1396/1976 1364/1974 1348/1977
f 1348/1977 1364/1974 1333/1975
f 1436/1965 1396/1976 1415/1978
f 1436/1965 1415/1978 1439/1952
f 1439/1952 1415/1978 1416/1940
f 1415/1978 1396/1976 1387/1979
f 1415/1978 1387/1979 1416/1940
f 1387/1979 1396/1976 1348/1977
f 1348/1977 1333/1975 1344/1980
f 1416/1940 1387/1979 1365/1981
f 1387/1979 1348/1977 1360/1982
f 1360/1982 1348/1977 1344/1980
f 1387/1979 1360/1982 1365/1981
f 1416/1940 1365/1981 1378/1841
f 1360/1982 1344/1980 1341/1983
f 1360/1982 1341/1983 1365/1981
f 1341/1983 1344/1980 1333/1975
f 1378/1841 1365/1981 1328/1984
f 1328/1984 1365/1981 1341/1983
f 1378/1841 1328/1984 1331/1832
f 1331/1832 1328/1984 1654/1985
f 1328/1984 1341/1983 1663/1986
f 1663/1986 1341/1983 1327/1987
f 1327/1987 1341/1983 1333/1975
f 1327/1987 1333/1975 1675/1988
f 1555/1989 1595/1990 1561/1991
f 1545/1992 1524/1993 1555/1989
f 1545/1992 1555/1989 1561/1991
f 1561/1991 1595/1990 1612/1994
f 1612/1994 1595/1990 1611/1995
f 1612/1994 1611/1995 1618/1996
f 1612/1994 1618/1996 1619/1997
f 1619/1997 1618/1996 1621/1998
f 1561/1991 1612/1994 1601/1999
f 1601/1999 1612/1994 1619/1997
f 1619/1997 1621/1998 1634/2000
f 1601/1999 1619/1997 1616/2001
f 1616/2001 1619/1997 1634/2000
f 1616/2001 1634/2000 1633/2002
f 1634/2000 1621/1998 1635/2003
f 1635/2003 1621/1998 1626/2004
f 1635/2003 1626/2004 1636/2005
f 1601/1999 1616/2001 1556/2006
f 1601/1999 1556/2006 1548/2007
f 1601/1999 1548/2007 1561/1991
f 1548/2007 1556/2006 1544/2008
f 1561/1991 1548/2007 1545/1992
f 1548/2007 1544/2008 1536/2009
f 1537/2010 1525/2011 1545/1992
f 1537/2010 1545/1992 1541/2012
f 1541/2012 1545/1992 1548/2007
f 1537/2010 1541/2012 1515/2013
f 1537/2010 1515/2013 1488/2014
f 1541/2012 1548/2007 1505/2015
f 1541/2012 1505/2015 1515/2013
f 1477/2016 1548/2007 1536/2009
f 1548/2007 1477/2016 1505/2015
f 1477/2016 1536/2009 1486/2017
f 1486/2017 1536/2009 1438/2018
f 1486/2017 1438/2018 1471/2019
f 1486/2017 1471/2019 1477/2016
f 1515/2013 1505/2015 1502/2020
f 1515/2013 1502/2020 1454/2021
f 1454/2021 1502/2020 1491/2022
f 1491/2022 1502/2020 1505/2015
f 1473/2023 1505/2015 1477/2016
f 1505/2015 1473/2023 1491/2022
f 1473/2023 1477/2016 1465/2024
f 1473/2023 1465/2024 1432/2025
f 1473/2023 1432/2025 1480/2026
f 1473/2023 1480/2026 1491/2022
f 1491/2022 1480/2026 1429/2027
f 1639/2028 1642/2029 1643/2030
f 1643/2030 1642/2029 1644/2031
f 1644/2031 1642/2029 1640/2032
f 1643/2030 1644/2031 1645/2033
f 1643/2030 1645/2033 1635/2034
f 1645/2033 1644/2031 1641/2035
f 1645/2033 1641/2035 1633/2036
f 1635/2037 1645/2038 1634/2039
f 1634/2039 1645/2038 1633/2040
f 1641/2041 1637/2042 1633/2043
f 1633/2043 1637/2042 1576/2044
f 1576/2044 1637/2042 1630/2045
f 1633/2043 1576/2044 1600/2046
f 1633/2043 1600/2046 1616/2047
f 1576/2044 1630/2045 1566/2048
f 1576/2044 1566/2048 1600/2046
f 1566/2048 1630/2045 1615/2049
f 1616/2047 1600/2046 1596/2050
f 1596/2050 1600/2046 1566/2048
f 1616/2047 1596/2050 1556/2051
f 1566/2048 1615/2049 1540/2052
f 1540/2052 1615/2049 1512/2053
f 1596/2050 1566/2048 1560/2054
f 1560/2054 1566/2048 1540/2052
f 1556/2051 1596/2050 1513/2055
f 1556/2051 1513/2055 1544/2056
f 1596/2050 1560/2054 1460/2057
f 1596/2050 1460/2057 1513/2055
f 1560/2054 1540/2052 1516/2058
f 1516/2058 1540/2052 1512/2053
f 1460/2057 1560/2054 1423/2059
f 1423/2059 1560/2054 1516/2058
f 1516/2058 1512/2053 1496/2060
f 1496/2060 1512/2053 1448/2061
f 1423/2059 1516/2058 1408/2062
f 1423/2059 1408/2062 1460/2057
f 1516/2058 1496/2060 1498/2063
f 1498/2063 1496/2060 1448/2061
f 1516/2058 1498/2063 1408/2062
f 1498/2063 1448/2061 1343/2064
f 1343/2064 1448/2061 1350/2065
f 1343/2064 1350/2065 1660/2066
f 1498/2063 1343/2064 1377/2067
f 1498/2063 1377/2067 1408/2062
f 1343/2064 1660/2066 1349/2068
f 1343/2064 1349/2068 1377/2067
f 1377/2067 1349/2068 1408/2062
f 1408/2062 1349/2068 1337/2069
f 1440/2070 1460/2057 1408/2062
f 1440/2070 1408/2062 1337/2069
f 1337/2069 1349/2068 1651/2071
f 1337/2069 1651/2071 1329/2072
f 1337/2069 1329/2072 1371/2073
f 1371/2073 1329/2072 1651/2071
f 1337/2069 1371/2073 1380/2074
f 1337/2069 1380/2074 1440/2070
f 1380/2074 1371/2073 1373/2075
f 1371/2073 1651/2071 1369/2076
f 1371/2073 1369/2076 1373/2075
f 1369/2076 1651/2071 1681/2077
f 1380/2074 1373/2075 1375/2078
f 1375/2078 1373/2075 1369/2076
f 1440/2070 1380/2074 1384/2079
f 1384/2079 1380/2074 1375/2078
f 1369/2076 1681/2077 1338/2080
f 1384/2079 1375/2078 1410/2081
f 1410/2081 1375/2078 1369/2076
f 1440/2070 1384/2079 1485/2082
f 1369/2076 1338/2080 1425/2083
f 1369/2076 1425/2083 1410/2081
f 1425/2083 1338/2080 1372/2084
f 1384/2079 1410/2081 1438/2085
f 1384/2079 1438/2085 1485/2082
f 1410/2081 1425/2083 1431/2086
f 1410/2081 1431/2086 1438/2085
f 1425/2083 1372/2084 1428/2087
f 1425/2083 1428/2087 1431/2086
f 1431/2086 1428/2087 1471/2088
f 1431/2086 1471/2088 1438/2085
f 1485/2082 1438/2085 1536/2089
f 1485/2082 1536/2089 1544/2056
f 1485/2082 1544/2056 1467/2090
f 1485/2082 1467/2090 1440/2070
f 1467/2090 1544/2056 1513/2055
f 1440/2070 1467/2090 1460/2057
f 1460/2057 1467/2090 1513/2055
f 1363/2091 1372/2084 1338/2080
f 1372/2084 1363/2091 1366/2092
f 1366/2092 1363/2091 1694/2093
f 1363/2091 1338/2080 1323/2094
f 1363/2091 1323/2094 1324/2095
f 1651/2096 1349/2097 1679/2098
f 1679/2098 1349/2097 1660/2099
f 1651/2096 1679/2098 1727/2100
f 1679/2098 1660/2099 1718/2101
f 1679/2098 1718/2101 1727/2100
f 1718/2101 1660/2099 1659/2102
f 1651/2096 1727/2100 1681/2103
f 1718/2101 1659/2102 1668/2104
f 1338/2105 1681/2103 1323/2106
f 1323/2106 1681/2103 1693/2107
f 1693/2107 1681/2103 1727/2100
f 1323/2106 1693/2107 1324/2108
f 1324/2108 1693/2107 1762/2109
f 1762/2109 1693/2107 1750/2110
f 1750/2110 1693/2107 1727/2100
f 1762/2109 1750/2110 1823/2111
f 1764/2112 1727/2100 1718/2101
f 1727/2100 1764/2112 1750/2110
f 1823/2111 1750/2110 1855/2113
f 1823/2111 1855/2113 1867/2114
f 1750/2110 1764/2112 1779/2115
f 1750/2110 1779/2115 1855/2113
f 1764/2112 1718/2101 1768/2116
f 1855/2113 1779/2115 1851/2117
f 1855/2113 1851/2117 1867/2114
f 1851/2117 1779/2115 1786/2118
f 1779/2115 1764/2112 1774/2119
f 1779/2115 1774/2119 1786/2118
f 1774/2119 1764/2112 1768/2116
f 1768/2116 1718/2101 1730/2120
f 1786/2118 1774/2119 1787/2121
f 1786/2118 1787/2121 1851/2117
f 1774/2119 1768/2116 1773/2122
f 1774/2119 1773/2122 1787/2121
f 1730/2120 1718/2101 1668/2104
f 1768/2116 1730/2120 1766/2123
f 1768/2116 1766/2123 1773/2122
f 1851/2117 1787/2121 1862/2124
f 1851/2117 1862/2124 1867/2114
f 1862/2124 1787/2121 1816/2125
f 1816/2125 1787/2121 1773/2122
f 1867/2114 1862/2124 1863/2126
f 1863/2126 1862/2124 1816/2125
f 1761/2127 1766/2123 1730/2120
f 1766/2123 1761/2127 1773/2122
f 1761/2127 1730/2120 1732/2128
f 1773/2122 1761/2127 1758/2129
f 1725/2130 1730/2120 1668/2104
f 1730/2120 1725/2130 1732/2128
f 1725/2130 1668/2104 1667/2131
f 1667/2131 1668/2104 1663/2132
f 1667/2131 1663/2132 1327/2133
f 1667/2131 1327/2133 1725/2130
f 1725/2130 1327/2133 1675/2134
f 1728/2135 1761/2127 1732/2128
f 1761/2127 1728/2135 1758/2129
f 1703/2136 1732/2128 1725/2130
f 1725/2130 1675/2134 1680/2137
f 1703/2136 1725/2130 1692/2138
f 1692/2138 1725/2130 1680/2137
f 1692/2138 1680/2137 1703/2136
f 1680/2137 1675/2134 1671/2139
f 1671/2139 1675/2134 1333/2140
f 1703/2136 1680/2137 1682/2141
f 1682/2141 1680/2137 1671/2139
f 1708/2142 1732/2128 1703/2136
f 1708/2142 1703/2136 1682/2141
f 1732/2128 1708/2142 1728/2135
f 1682/2141 1671/2139 1686/2143
f 1708/2142 1682/2141 1704/2144
f 1704/2144 1682/2141 1686/2143
f 1686/2143 1671/2139 1670/2145
f 1670/2145 1671/2139 1326/2146
f 1704/2144 1686/2143 1688/2147
f 1686/2143 1670/2145 1678/2148
f 1678/2148 1670/2145 1326/2146
f 1686/2143 1678/2148 1688/2147
f 1678/2148 1326/2146 1334/2149
f 1678/2148 1334/2149 1653/2150
f 1678/2148 1653/2150 1688/2147
f 1688/2147 1653/2150 1655/2151
f 1711/2152 1708/2142 1704/2144
f 1711/2152 1704/2144 1688/2147
f 1708/2142 1711/2152 1728/2135
f 1711/2152 1688/2147 1719/2153
f 1719/2153 1688/2147 1655/2151
f 1711/2152 1719/2153 1728/2135
f 1719/2153 1655/2151 1696/2154
f 1696/2154 1655/2151 1661/2155
f 1728/2135 1719/2153 1722/2156
f 1722/2156 1719/2153 1696/2154
f 1728/2135 1722/2156 1734/2157
f 1728/2135 1734/2157 1758/2129
f 1734/2157 1722/2156 1740/2158
f 1734/2157 1740/2158 1758/2129
f 1696/2154 1661/2155 1672/2159
f 1672/2159 1661/2155 1325/2160
f 1722/2156 1696/2154 1701/2161
f 1701/2161 1696/2154 1672/2159
f 1740/2158 1722/2156 1729/2162
f 1729/2162 1722/2156 1701/2161
f 1758/2129 1740/2158 1752/2163
f 1752/2163 1740/2158 1729/2162
f 1758/2129 1752/2163 1784/2164
f 1758/2129 1784/2164 1773/2122
f 1773/2122 1784/2164 1816/2125
f 1784/2164 1752/2163 1777/2165
f 1777/2165 1752/2163 1729/2162
f 1816/2125 1784/2164 1815/2166
f 1815/2166 1784/2164 1777/2165
f 1816/2125 1815/2166 1828/2167
f 1828/2167 1815/2166 1777/2165
f 1816/2125 1828/2167 1863/2126
f 1828/2167 1777/2165 1802/2168
f 1802/2168 1777/2165 1770/2169
f 1863/2126 1828/2167 1856/2170
f 1856/2170 1828/2167 1833/2171
f 1856/2170 1833/2171 1850/2172
f 1850/2172 1833/2171 1846/2173
f 1863/2126 1856/2170 1868/2174
f 1868/2174 1856/2170 1850/2172
f 1868/2174 1850/2172 1846/2173
f 1868/2174 1846/2173 1858/2175
f 1863/2126 1868/2174 1867/2114
f 1868/2174 1858/2175 1877/2176
f 1868/2174 1877/2176 1867/2114
f 1867/2114 1877/2176 1876/2177
f 1876/2177 1877/2176 1913/2178
f 1913/2178 1877/2176 1908/2179
f 1913/2178 1908/2179 1933/2180
f 1933/2180 1908/2179 1939/2181
f 1756/2182 1770/2169 1777/2165
f 1770/2169 1756/2182 1737/2183
f 1756/2182 1777/2165 1731/2184
f 1737/2183 1756/2182 1723/2185
f 1723/2185 1756/2182 1731/2184
f 1737/2183 1723/2185 1706/2186
f 1731/2184 1777/2165 1729/2162
f 1706/2186 1723/2185 1652/2187
f 1652/2187 1723/2185 1687/2188
f 1687/2188 1723/2185 1731/2184
f 1652/2187 1687/2188 1649/2189
f 1731/2184 1729/2162 1695/2190
f 1731/2184 1695/2190 1687/2188
f 1695/2190 1729/2162 1701/2161
f 1695/2190 1701/2161 1683/2191
f 1695/2190 1683/2191 1687/2188
f 1683/2191 1701/2161 1672/2159
f 1649/2189 1687/2188 1674/2192
f 1674/2192 1687/2188 1683/2191
f 1674/2192 1683/2191 1672/2159
f 1649/2189 1674/2192 1325/2160
f 1325/2160 1674/2192 1672/2159
f 1471/2193 1428/2194 1464/2195
f 1471/2193 1464/2195 1477/2196
f 1477/2196 1464/2195 1469/2197
f 1464/2195 1428/2194 1412/2198
f 1464/2195 1412/2198 1469/2197
f 1412/2198 1428/2194 1372/2199
f 1469/2197 1412/2198 1406/2200
f 1412/2198 1372/2199 1399/2201
f 1412/2198 1399/2201 1406/2200
f 1399/2201 1372/2199 1366/2202
f 1406/2200 1399/2201 1351/2203
f 1399/2201 1366/2202 1648/2204
f 1399/2201 1648/2204 1351/2203
f 1648/2204 1366/2202 1694/2205
f 1351/2203 1648/2204 1656/2206
f 1648/2204 1694/2205 1665/2207
f 1648/2204 1665/2207 1656/2206
f 1665/2207 1694/2205 1724/2208
f 1656/2206 1665/2207 1691/2209
f 1665/2207 1724/2208 1785/2210
f 1691/2209 1665/2207 1736/2211
f 1736/2211 1665/2207 1785/2210
f 1691/2209 1736/2211 1742/2212
f 1736/2211 1785/2210 1753/2213
f 1736/2211 1753/2213 1742/2212
f 1753/2213 1785/2210 1795/2214
f 1742/2212 1753/2213 1763/2215
f 1763/2215 1753/2213 1795/2214
f 1755/2216 1746/2217 1742/2212
f 1755/2216 1742/2212 1763/2215
f 1755/2216 1763/2215 1772/2218
f 1763/2215 1795/2214 1860/2219
f 1860/2219 1795/2214 1891/2220
f 1772/2218 1763/2215 1811/2221
f 1860/2219 1891/2220 1875/2222
f 1772/2218 1811/2221 1782/2223
f 1875/2222 1891/2220 1904/2224
f 1763/2215 1860/2219 1843/2225
f 1763/2215 1843/2225 1811/2221
f 1843/2225 1860/2219 1875/2222
f 1875/2222 1904/2224 1896/2226
f 1843/2225 1875/2222 1844/2227
f 1843/2225 1844/2227 1811/2221
f 1875/2222 1896/2226 1859/2228
f 1875/2222 1859/2228 1844/2227
f 1859/2228 1896/2226 1882/2229
f 1882/2229 1896/2226 1906/2230
f 1844/2227 1859/2228 1845/2231
f 1845/2231 1859/2228 1882/2229
f 1882/2229 1906/2230 1861/2232
f 1882/2229 1861/2232 1845/2231
f 1844/2227 1845/2231 1820/2233
f 1844/2227 1820/2233 1811/2221
f 1820/2233 1845/2231 1861/2232
f 1811/2221 1820/2233 1840/2234
f 1840/2234 1820/2233 1861/2232
f 1811/2221 1840/2234 1806/2235
f 1811/2221 1806/2235 1782/2223
f 1840/2234 1861/2232 1879/2236
f 1879/2236 1861/2232 1898/2237
f 1806/2235 1840/2234 1834/2238
f 1806/2235 1834/2238 1782/2223
f 1834/2238 1840/2234 1879/2236
f 1782/2223 1834/2238 1848/2239
f 1834/2238 1879/2236 1885/2240
f 1834/2238 1885/2240 1848/2239
s 0
f 1694/2241 1363/2242 1714/2243
s 1
f 1714/2243 1363/2242 1324/2244
f 1714/2243 1324/2244 1762/2245
f 1694/2241 1714/2243 1741/2246
f 1741/2246 1714/2243 1762/2245
f 1694/2241 1741/2246 1724/2247
f 1724/2247 1741/2246 1789/2248
f 1789/2248 1741/2246 1762/2245
f 1789/2248 1762/2245 1823/2249
f 1789/2250 1823/2251 1835/2252
f 1835/2252 1823/2251 1867/2253
f 1835/2252 1867/2253 1876/2254
f 1789/2250 1835/2252 1830/2255
f 1789/2250 1830/2255 1724/2256
f 1830/2255 1835/2252 1940/2257
f 1940/2257 1835/2252 1876/2254
f 1940/2257 1876/2254 1913/2258
f 1940/2257 1913/2258 1933/2259
f 1668/2260 1659/2261 1663/2262
f 1663/2262 1659/2261 1654/2263
f 1654/2263 1659/2261 1331/2264
f 1663/2262 1654/2263 1328/2265
f 1653/2266 1342/2267 1362/2268
f 1362/2268 1342/2267 1370/2269
f 1653/2266 1362/2268 1655/2270
f 1362/2268 1370/2269 1379/2271
f 1379/2271 1370/2269 1382/2272
f 1382/2272 1370/2269 1404/2273
f 1382/2272 1404/2273 1429/2274
f 1379/2271 1382/2272 1394/2275
f 1394/2275 1382/2272 1429/2274
f 1362/2268 1379/2271 1388/2276
f 1388/2276 1379/2271 1394/2275
f 1353/2277 1655/2270 1362/2268
f 1353/2277 1362/2268 1388/2276
f 1655/2270 1353/2277 1330/2278
f 1655/2270 1330/2278 1661/2279
f 1661/2279 1330/2278 1325/2280
f 1388/2276 1394/2275 1419/2281
f 1419/2281 1394/2275 1429/2274
f 1353/2277 1388/2276 1414/2282
f 1414/2282 1388/2276 1419/2281
f 1330/2278 1353/2277 1374/2283
f 1374/2283 1353/2277 1414/2282
f 1330/2278 1374/2283 1325/2280
f 1419/2281 1429/2274 1432/2284
f 1419/2281 1432/2284 1414/2282
f 1432/2284 1429/2274 1480/2285
f 1374/2283 1414/2282 1405/2286
f 1405/2286 1414/2282 1432/2284
f 1405/2286 1432/2284 1427/2287
f 1427/2287 1432/2284 1465/2288
f 1405/2286 1427/2287 1435/2289
f 1405/2286 1435/2289 1381/2290
f 1405/2286 1381/2290 1374/2283
f 1374/2283 1381/2290 1325/2280
f 1325/2280 1381/2290 1357/2291
f 1357/2291 1381/2290 1391/2292
f 1357/2291 1391/2292 1383/2293
f 1357/2291 1383/2293 1361/2294
f 1325/2280 1357/2291 1335/2295
f 1335/2295 1357/2291 1361/2294
f 1325/2280 1335/2295 1649/2296
f 1649/2296 1335/2295 1652/2297
f 1652/2297 1335/2295 1347/2298
f 1347/2298 1335/2295 1361/2294
f 1652/2297 1347/2298 1657/2299
f 1347/2298 1361/2294 1356/2300
f 1657/2299 1347/2298 1339/2301
f 1339/2301 1347/2298 1356/2300
f 1657/2299 1339/2301 1662/2302
f 1662/2302 1339/2301 1332/2303
f 1332/2303 1339/2301 1358/2304
f 1358/2304 1339/2301 1356/2300
f 1358/2304 1356/2300 1361/2294
f 1358/2304 1361/2294 1385/2305
f 1465/2306 1477/2307 1469/2308
f 1465/2306 1469/2308 1417/2309
f 1417/2309 1469/2308 1406/2310
f 1435/2311 1427/2312 1465/2306
f 1435/2311 1465/2306 1430/2313
f 1430/2313 1465/2306 1417/2309
f 1435/2311 1430/2313 1381/2314
f 1381/2314 1430/2313 1391/2315
f 1391/2315 1430/2313 1418/2316
f 1418/2316 1430/2313 1417/2309
f 1391/2315 1418/2316 1383/2317
f 1401/2318 1417/2309 1406/2310
f 1417/2309 1401/2318 1418/2316
f 1383/2317 1418/2316 1385/2319
f 1385/2319 1418/2316 1401/2318
f 1383/2317 1385/2319 1361/2320
f 1385/2319 1401/2318 1389/2321
f 1385/2319 1389/2321 1358/2322
f 1401/2318 1406/2310 1397/2323
f 1401/2318 1397/2323 1389/2321
f 1397/2323 1406/2310 1351/2324
f 1358/2322 1389/2321 1332/2325
f 1332/2325 1389/2321 1359/2326
f 1332/2325 1359/2326 1646/2327
f 1646/2327 1359/2326 1650/2328
f 1359/2326 1389/2321 1355/2329
f 1359/2326 1355/2329 1650/2328
f 1355/2329 1389/2321 1397/2323
f 1397/2323 1351/2324 1354/2330
f 1397/2323 1354/2330 1355/2329
f 1650/2328 1355/2329 1345/2331
f 1345/2331 1355/2329 1354/2330
f 1650/2328 1345/2331 1677/2332
f 1677/2332 1345/2331 1647/2333
f 1345/2331 1354/2330 1322/2334
f 1322/2334 1354/2330 1351/2324
f 1345/2331 1322/2334 1647/2333
f 1322/2334 1351/2324 1656/2335
f 1647/2333 1322/2334 1658/2336
f 1658/2336 1322/2334 1656/2335
f 1652/2337 1657/2338 1676/2339
f 1652/2337 1676/2339 1706/2340
f 1676/2339 1657/2338 1684/2341
f 1676/2339 1684/2341 1706/2340
f 1684/2341 1657/2338 1702/2342
f 1706/2340 1684/2341 1739/2343
f 1739/2343 1684/2341 1702/2342
f 1702/2342 1657/2338 1662/2344
f 1706/2340 1739/2343 1737/2345
f 1737/2345 1739/2343 1770/2346
f 1702/2342 1662/2344 1713/2347
f 1713/2347 1662/2344 1332/2348
f 1739/2343 1702/2342 1745/2349
f 1745/2349 1702/2342 1713/2347
f 1770/2346 1739/2343 1794/2350
f 1794/2350 1739/2343 1745/2349
f 1770/2346 1794/2350 1802/2351
f 1713/2347 1332/2348 1689/2352
f 1689/2352 1332/2348 1646/2353
f 1745/2349 1713/2347 1749/2354
f 1689/2352 1646/2353 1673/2355
f 1673/2355 1646/2353 1650/2356
f 1713/2347 1689/2352 1709/2357
f 1709/2357 1689/2352 1673/2355
f 1713/2347 1709/2357 1749/2354
f 1673/2355 1650/2356 1700/2358
f 1673/2355 1700/2358 1709/2357
f 1749/2354 1709/2357 1743/2359
f 1743/2359 1709/2357 1700/2358
f 1790/2360 1745/2349 1749/2354
f 1745/2349 1790/2360 1794/2350
f 1790/2360 1749/2354 1743/2359
f 1700/2358 1650/2356 1698/2361
f 1698/2361 1650/2356 1677/2362
f 1698/2361 1677/2362 1697/2363
f 1700/2358 1698/2361 1726/2364
f 1700/2358 1726/2364 1743/2359
f 1698/2361 1697/2363 1717/2365
f 1698/2361 1717/2365 1726/2364
f 1717/2365 1697/2363 1705/2366
f 1705/2366 1697/2363 1690/2367
f 1726/2364 1717/2365 1744/2368
f 1717/2365 1705/2366 1733/2369
f 1717/2365 1733/2369 1744/2368
f 1726/2364 1744/2368 1747/2370
f 1726/2364 1747/2370 1743/2359
f 1747/2370 1744/2368 1776/2371
f 1743/2359 1747/2370 1775/2372
f 1775/2372 1747/2370 1776/2371
f 1743/2359 1775/2372 1793/2373
f 1776/2371 1744/2368 1757/2374
f 1757/2374 1744/2368 1733/2369
f 1775/2372 1776/2371 1788/2375
f 1775/2372 1788/2375 1793/2373
f 1776/2371 1757/2374 1792/2376
f 1776/2371 1792/2376 1788/2375
f 1757/2374 1733/2369 1778/2377
f 1757/2374 1778/2377 1792/2376
f 1778/2377 1733/2369 1771/2378
f 1788/2375 1792/2376 1797/2379
f 1792/2376 1778/2377 1808/2380
f 1788/2375 1797/2379 1799/2381
f 1788/2375 1799/2381 1793/2373
f 1797/2379 1792/2376 1801/2382
f 1797/2379 1801/2382 1799/2381
f 1801/2382 1792/2376 1808/2380
f 1799/2381 1801/2382 1822/2383
f 1822/2383 1801/2382 1808/2380
f 1793/2373 1799/2381 1803/2384
f 1803/2384 1799/2381 1822/2383
f 1793/2373 1803/2384 1809/2385
f 1798/2386 1808/2380 1778/2377
f 1798/2386 1778/2377 1771/2378
f 1767/2387 1771/2378 1733/2369
f 1771/2378 1767/2387 1798/2386
f 1767/2387 1733/2369 1705/2366
f 1809/2385 1803/2384 1813/2388
f 1813/2388 1803/2384 1822/2383
f 1809/2385 1813/2388 1836/2389
f 1836/2389 1813/2388 1822/2383
f 1793/2373 1809/2385 1790/2360
f 1793/2373 1790/2360 1743/2359
f 1809/2385 1836/2389 1833/2390
f 1809/2385 1833/2390 1790/2360
f 1833/2390 1836/2389 1846/2391
f 1846/2391 1836/2389 1858/2392
f 1858/2392 1836/2389 1822/2383
f 1790/2360 1833/2390 1819/2393
f 1790/2360 1819/2393 1794/2350
f 1819/2393 1833/2390 1828/2394
f 1794/2350 1819/2393 1802/2351
f 1802/2351 1819/2393 1828/2394
f 1858/2392 1822/2383 1881/2395
f 1881/2395 1822/2383 1838/2396
f 1838/2396 1822/2383 1808/2380
f 1858/2392 1881/2395 1893/2397
f 1858/2392 1893/2397 1877/2398
f 1877/2398 1893/2397 1908/2399
f 1838/2396 1808/2380 1829/2400
f 1829/2400 1808/2380 1798/2386
f 1881/2395 1838/2396 1870/2401
f 1870/2401 1838/2396 1829/2400
f 1893/2397 1881/2395 1894/2402
f 1894/2402 1881/2395 1870/2401
f 1908/2399 1893/2397 1907/2403
f 1907/2403 1893/2397 1894/2402
f 1894/2402 1870/2401 1873/2404
f 1894/2402 1873/2404 1907/2403
f 1873/2404 1870/2401 1829/2400
f 1826/2405 1829/2400 1798/2386
f 1829/2400 1826/2405 1873/2404
f 1908/2399 1907/2403 1927/2406
f 1908/2399 1927/2406 1939/2407
f 1907/2403 1873/2404 1902/2408
f 1907/2403 1902/2408 1927/2406
f 1902/2408 1873/2404 1871/2409
f 1871/2409 1873/2404 1826/2405
f 1927/2406 1902/2408 1895/2410
f 1895/2410 1902/2408 1871/2409
f 1927/2406 1895/2410 1888/2411
f 1826/2405 1798/2386 1767/2387
f 1895/2410 1871/2409 1864/2412
f 1895/2410 1864/2412 1888/2411
f 1871/2409 1826/2405 1842/2413
f 1871/2409 1842/2413 1864/2412
f 1888/2411 1864/2412 1849/2414
f 1849/2414 1864/2412 1842/2413
f 1888/2411 1849/2414 1854/2415
f 1842/2413 1826/2405 1818/2416
f 1818/2416 1826/2405 1767/2387
f 1849/2414 1842/2413 1831/2417
f 1849/2414 1831/2417 1854/2415
f 1831/2417 1842/2413 1818/2416
f 1818/2416 1767/2387 1807/2418
f 1818/2416 1807/2418 1831/2417
f 1807/2418 1767/2387 1759/2419
f 1759/2419 1767/2387 1705/2366
f 1759/2419 1705/2366 1699/2420
f 1759/2419 1699/2420 1715/2421
f 1759/2419 1715/2421 1738/2422
f 1831/2417 1807/2418 1821/2423
f 1821/2423 1807/2418 1759/2419
f 1831/2417 1821/2423 1854/2415
f 1759/2419 1738/2422 1769/2424
f 1759/2419 1769/2424 1821/2423
f 1769/2424 1738/2422 1748/2425
f 1769/2424 1748/2425 1791/2426
f 1769/2424 1791/2426 1821/2423
f 1791/2426 1748/2425 1751/2427
f 1791/2426 1751/2427 1754/2428
f 1821/2423 1791/2426 1810/2429
f 1810/2429 1791/2426 1754/2428
f 1852/2430 1854/2415 1821/2423
f 1852/2430 1821/2423 1810/2429
f 1854/2415 1852/2430 1880/2431
f 1810/2429 1754/2428 1814/2432
f 1810/2429 1814/2432 1852/2430
f 1814/2432 1754/2428 1780/2433
f 1814/2432 1780/2433 1800/2434
f 1800/2434 1780/2433 1796/2435
f 1800/2434 1796/2435 1805/2436
f 1800/2434 1805/2436 1812/2437
f 1800/2434 1812/2437 1814/2432
f 1812/2437 1805/2436 1825/2438
f 1825/2438 1805/2436 1832/2439
f 1825/2438 1832/2439 1872/2440
f 1825/2438 1872/2440 1866/2441
f 1812/2437 1825/2438 1827/2442
f 1825/2438 1866/2441 1837/2443
f 1825/2438 1837/2443 1827/2442
f 1812/2437 1827/2442 1824/2444
f 1812/2437 1824/2444 1814/2432
f 1824/2444 1827/2442 1837/2443
f 1814/2432 1824/2444 1839/2445
f 1839/2445 1824/2444 1837/2443
f 1837/2443 1866/2441 1884/2446
f 1814/2432 1839/2445 1853/2447
f 1853/2447 1839/2445 1837/2443
f 1837/2443 1884/2446 1865/2448
f 1837/2443 1865/2448 1853/2447
f 1865/2448 1884/2446 1874/2449
f 1865/2448 1874/2449 1853/2447
f 1814/2432 1853/2447 1852/2430
f 1853/2447 1874/2449 1869/2450
f 1853/2447 1869/2450 1852/2430
f 1647/2451 1658/2452 1669/2453
f 1647/2451 1669/2453 1677/2454
f 1677/2454 1669/2453 1685/2455
f 1677/2454 1685/2455 1690/2456
f 1677/2454 1690/2456 1697/2457
f 1690/2456 1685/2455 1699/2458
f 1699/2458 1685/2455 1669/2453
f 1690/2456 1699/2458 1705/2459
f 1699/2458 1669/2453 1666/2460
f 1666/2460 1669/2453 1658/2452
f 1699/2458 1666/2460 1715/2461
f 1666/2460 1658/2452 1664/2462
f 1664/2462 1658/2452 1656/2463
f 1664/2462 1656/2463 1691/2464
f 1715/2461 1666/2460 1716/2465
f 1715/2461 1716/2465 1738/2466
f 1738/2466 1716/2465 1748/2467
f 1748/2467 1716/2465 1720/2468
f 1720/2468 1716/2465 1666/2460
f 1748/2467 1720/2468 1751/2469
f 1707/2470 1666/2460 1664/2462
f 1666/2460 1707/2470 1720/2468
f 1751/2469 1720/2468 1712/2471
f 1712/2471 1720/2468 1707/2470
f 1751/2469 1712/2471 1754/2472
f 1707/2470 1664/2462 1710/2473
f 1710/2473 1664/2462 1691/2464
f 1707/2470 1710/2473 1712/2471
f 1710/2473 1691/2464 1742/2474
f 1754/2472 1712/2471 1721/2475
f 1710/2473 1742/2474 1735/2476
f 1710/2473 1735/2476 1712/2471
f 1712/2471 1735/2476 1721/2475
f 1735/2476 1742/2474 1746/2477
f 1754/2472 1721/2475 1780/2478
f 1780/2478 1721/2475 1735/2476
f 1735/2476 1746/2477 1760/2479
f 1735/2476 1760/2479 1780/2478
f 1760/2479 1746/2477 1755/2480
f 1780/2478 1760/2479 1781/2481
f 1780/2478 1781/2481 1796/2482
f 1796/2482 1781/2481 1805/2483
f 1781/2481 1760/2479 1783/2484
f 1781/2481 1783/2484 1805/2483
f 1783/2484 1760/2479 1755/2480
f 1805/2483 1783/2484 1765/2485
f 1765/2485 1783/2484 1755/2480
f 1805/2483 1765/2485 1832/2486
f 1765/2485 1755/2480 1772/2487
f 1832/2486 1765/2485 1804/2488
f 1804/2488 1765/2485 1772/2487
f 1832/2486 1804/2488 1847/2489
f 1804/2488 1772/2487 1782/2490
f 1847/2489 1804/2488 1848/2491
f 1848/2491 1804/2488 1782/2490
f 1933/2492 1939/2493 1940/2494
f 1940/2494 1939/2493 1942/2495
f 1940/2494 1942/2495 1947/2496
f 1940/2494 1947/2496 1948/2497
f 1942/2495 1939/2493 1937/2498
f 1942/2495 1937/2498 1947/2496
f 1948/2497 1947/2496 1960/2499
f 1960/2499 1947/2496 1963/2500
f 1960/2499 1963/2500 1969/2501
f 1963/2500 1947/2496 1956/2502
f 1969/2501 1963/2500 1967/2503
f 1967/2503 1963/2500 1956/2502
f 1969/2501 1967/2503 1970/2504
f 1969/2501 1970/2504 1968/2505
f 1970/2504 1967/2503 1966/2506
f 1966/2506 1967/2503 1956/2502
f 1968/2505 1970/2504 1965/2507
f 1965/2507 1970/2504 1966/2506
f 1968/2505 1965/2507 1964/2508
f 1964/2508 1965/2507 1958/2509
f 1958/2509 1965/2507 1961/2510
f 1961/2510 1965/2507 1966/2506
f 1961/2510 1966/2506 1959/2511
f 1959/2511 1966/2506 1956/2502
f 1961/2510 1959/2511 1955/2512
f 1961/2510 1955/2512 1952/2513
f 1952/2513 1955/2512 1934/2514
f 1934/2514 1955/2512 1931/2515
f 1931/2515 1955/2512 1938/2516
f 1938/2516 1955/2512 1950/2517
f 1950/2517 1955/2512 1959/2511
f 1938/2516 1950/2517 1929/2518
f 1950/2517 1959/2511 1953/2519
f 1950/2517 1953/2519 1929/2518
f 1953/2519 1959/2511 1956/2502
f 1929/2518 1953/2519 1925/2520
f 1929/2518 1925/2520 1897/2521
f 1897/2521 1925/2520 1909/2522
f 1909/2522 1925/2520 1930/2523
f 1930/2523 1925/2520 1953/2519
f 1909/2522 1930/2523 1899/2524
f 1953/2519 1956/2502 1919/2525
f 1953/2519 1919/2525 1930/2523
f 1899/2524 1930/2523 1912/2526
f 1899/2524 1912/2526 1890/2527
f 1912/2526 1930/2523 1921/2528
f 1921/2528 1930/2523 1919/2525
f 1890/2527 1912/2526 1892/2529
f 1890/2527 1892/2529 1869/2530
f 1869/2530 1892/2529 1880/2531
f 1869/2530 1880/2531 1852/2532
f 1880/2531 1892/2529 1900/2533
f 1880/2531 1900/2533 1854/2534
f 1892/2529 1912/2526 1905/2535
f 1905/2535 1912/2526 1921/2528
f 1892/2529 1905/2535 1900/2533
f 1854/2534 1900/2533 1888/2536
f 1905/2535 1921/2528 1915/2537
f 1915/2537 1921/2528 1916/2538
f 1915/2537 1916/2538 1905/2535
f 1905/2535 1916/2538 1900/2533
f 1916/2538 1921/2528 1919/2525
f 1888/2536 1900/2533 1924/2539
f 1924/2539 1900/2533 1916/2538
f 1888/2536 1924/2539 1927/2540
f 1927/2540 1924/2539 1939/2493
f 1939/2493 1924/2539 1937/2498
f 1924/2539 1916/2538 1926/2541
f 1924/2539 1926/2541 1937/2498
f 1926/2541 1916/2538 1919/2525
f 1937/2498 1926/2541 1941/2542
f 1926/2541 1919/2525 1944/2543
f 1926/2541 1944/2543 1941/2542
f 1941/2542 1944/2543 1937/2498
f 1944/2543 1919/2525 1956/2502
f 1937/2498 1944/2543 1947/2496
f 1947/2496 1944/2543 1956/2502
f 1785/2544 1724/2545 1817/2546
f 1817/2546 1724/2545 1830/2547
f 1785/2544 1817/2546 1795/2548
f 1817/2546 1830/2547 1857/2549
f 1795/2548 1817/2546 1841/2550
f 1841/2550 1817/2546 1857/2549
f 1857/2549 1830/2547 1901/2551
f 1901/2551 1830/2547 1940/2552
f 1857/2549 1901/2551 1911/2553
f 1911/2553 1901/2551 1940/2552
s 0
f 1841/2550 1857/2549 1887/2554
s 1
f 1887/2554 1857/2549 1911/2553
f 1795/2548 1841/2550 1932/2555
f 1932/2555 1841/2550 1887/2554
f 1911/2553 1940/2552 1945/2556
f 1945/2556 1940/2552 1948/2557
f 1945/2556 1948/2557 1960/2558
f 1945/2556 1960/2558 1968/2559
f 1968/2559 1960/2558 1969/2560
f 1911/2553 1945/2556 1962/2561
f 1962/2561 1945/2556 1968/2559
f 1911/2553 1962/2561 1887/2554
f 1962/2561 1968/2559 1964/2562
f 1887/2554 1962/2561 1951/2563
f 1887/2554 1951/2563 1932/2555
f 1962/2561 1964/2562 1957/2564
f 1962/2561 1957/2564 1951/2563
f 1957/2564 1964/2562 1958/2565
f 1951/2563 1957/2564 1949/2566
f 1951/2563 1949/2566 1932/2555
f 1949/2566 1957/2564 1958/2565
f 1932/2555 1949/2566 1928/2567
f 1949/2566 1958/2565 1943/2568
f 1949/2566 1943/2568 1928/2567
f 1943/2568 1958/2565 1954/2569
f 1954/2569 1958/2565 1961/2570
f 1954/2569 1961/2570 1946/2571
f 1946/2571 1961/2570 1952/2572
f 1943/2568 1954/2569 1936/2573
f 1936/2573 1954/2569 1946/2571
f 1946/2571 1952/2572 1935/2574
f 1935/2574 1952/2572 1934/2575
f 1943/2568 1936/2573 1920/2576
f 1943/2568 1920/2576 1928/2567
f 1928/2567 1920/2576 1896/2577
f 1928/2567 1896/2577 1904/2578
f 1896/2577 1920/2576 1906/2579
f 1906/2579 1920/2576 1936/2573
f 1928/2567 1904/2578 1914/2580
f 1928/2567 1914/2580 1932/2555
f 1914/2580 1904/2578 1891/2581
f 1932/2555 1914/2580 1795/2548
f 1795/2548 1914/2580 1891/2581
f 1906/2579 1936/2573 1923/2582
f 1923/2582 1936/2573 1946/2571
f 1906/2579 1923/2582 1898/2583
f 1906/2579 1898/2583 1861/2584
f 1923/2582 1946/2571 1922/2585
f 1922/2585 1946/2571 1935/2574
f 1898/2583 1923/2582 1903/2586
f 1903/2586 1923/2582 1922/2585
f 1922/2585 1935/2574 1917/2587
f 1922/2585 1917/2587 1903/2586
f 1917/2587 1935/2574 1934/2575
f 1898/2583 1903/2586 1885/2588
f 1885/2588 1903/2586 1917/2587
f 1898/2583 1885/2588 1879/2589
f 1917/2587 1934/2575 1910/2590
f 1885/2588 1917/2587 1883/2591
f 1883/2591 1917/2587 1910/2590
f 1885/2588 1883/2591 1848/2592
f 1848/2592 1883/2591 1847/2593
f 1910/2590 1934/2575 1931/2594
f 1847/2593 1883/2591 1872/2595
f 1872/2595 1883/2591 1910/2590
f 1847/2593 1872/2595 1832/2596
f 1872/2595 1910/2590 1889/2597
f 1872/2595 1889/2597 1866/2598
f 1910/2590 1931/2594 1918/2599
f 1910/2590 1918/2599 1889/2597
f 1918/2599 1931/2594 1938/2600
f 1918/2599 1938/2600 1929/2601
f 1918/2599 1929/2601 1889/2597
f 1866/2598 1889/2597 1884/2602
f 1889/2597 1929/2601 1897/2603
f 1889/2597 1897/2603 1884/2602
f 1884/2602 1897/2603 1886/2604
f 1886/2604 1897/2603 1909/2605
f 1884/2602 1886/2604 1874/2606
f 1886/2604 1909/2605 1899/2607
f 1874/2606 1886/2604 1878/2608
f 1878/2608 1886/2604 1899/2607
f 1874/2606 1878/2608 1869/2609
f 1878/2608 1899/2607 1890/2610
f 1878/2608 1890/2610 1869/2609
o tripo_part_2
v 0.238838 0.150724 -0.016600
v 0.239248 0.033098 -0.060629
v 0.239401 0.033910 -0.017851
v 0.239588 0.029108 -0.061175
v 0.240254 0.134748 -0.020533
v 0.240481 0.034810 -0.020781
v 0.240536 0.137105 -0.013907
v 0.240953 0.047513 -0.019207
v 0.241265 0.089262 -0.019804
v 0.241307 0.121995 -0.022198
v 0.241520 0.034025 -0.014559
v 0.241761 0.115734 -0.021462
v 0.241983 0.052602 -0.022486
v 0.242051 0.120042 -0.016010
v 0.242402 0.031717 -0.010458
v 0.242420 0.034147 -0.025727
v 0.242458 0.015211 -0.010479
v 0.242567 0.082246 -0.024348
v 0.242999 0.133436 -0.026422
v 0.243018 0.049577 -0.015715
v 0.243369 0.048860 -0.025254
v 0.243636 0.135084 -0.012957
v 0.243723 0.056129 -0.021366
v 0.243953 0.055841 -0.017163
v 0.244035 0.112682 -0.016388
v 0.244068 0.052606 -0.013268
v 0.244196 0.142454 -0.052038
v 0.244372 0.112607 -0.023682
v 0.244373 0.046991 -0.012472
v 0.244620 0.080125 -0.012970
v 0.244746 0.115751 -0.013109
v 0.244751 0.119340 -0.026143
v 0.244898 0.133710 -0.049821
v 0.246593 0.056289 -0.025694
v 0.246652 0.115615 -0.027233
v 0.246827 0.052534 -0.027628
v 0.246859 0.034234 -0.010674
v 0.247050 0.047162 -0.028403
v 0.247543 0.121644 -0.010994
v 0.247681 0.055698 -0.013497
v 0.247858 0.153692 -0.007584
v 0.247886 0.086213 -0.028621
v 0.248164 0.015241 -0.046816
v 0.248241 0.112949 -0.026343
v 0.248554 0.112348 -0.012396
v 0.248624 0.134679 -0.029277
v 0.248699 0.152441 -0.038979
v 0.248998 0.137174 -0.045514
v 0.249317 0.034021 -0.042390
v 0.249434 0.034234 -0.029721
v 0.249482 0.033822 -0.001087
v 0.249849 0.150907 -0.041799
v 0.249873 0.135679 -0.010237
v 0.250930 0.048807 -0.010914
v 0.251561 0.120222 -0.028248
v 0.252029 0.048803 -0.028490
v 0.252120 0.078747 -0.010718
v 0.252221 0.055873 -0.026172
v 0.253011 0.052812 -0.011416
v 0.253033 0.015249 0.007019
v 0.253087 0.152852 0.005832
v 0.253186 0.118520 -0.011309
v 0.253188 0.113006 -0.025923
v 0.253242 0.032346 0.007477
v 0.253396 0.112615 -0.013151
v 0.253465 0.056085 -0.013252
v 0.254268 0.034063 -0.010920
v 0.254415 0.084044 -0.027947
v 0.254518 0.115737 -0.026777
v 0.254541 0.053029 -0.027141
v 0.254989 0.031438 -0.035577
v 0.255899 0.134729 -0.027886
v 0.256172 0.047059 -0.012453
v 0.256325 0.154417 0.003975
v 0.256672 0.055685 -0.022269
v 0.256891 0.048624 -0.025817
v 0.256941 0.136033 -0.012888
v 0.257120 0.055812 -0.018498
v 0.257202 0.034364 -0.026913
v 0.257501 0.112676 -0.019701
v 0.257881 0.085762 -0.014181
v 0.257902 0.139627 0.015087
v 0.257942 0.087100 -0.024395
v 0.258591 0.121980 -0.024077
v 0.258846 0.119527 -0.017975
v 0.258955 0.115930 -0.017739
v 0.259064 0.048978 -0.018282
v 0.259168 0.034101 -0.015650
v 0.259361 0.078740 -0.019127
v 0.259538 0.052560 -0.018481
v 0.259872 0.034753 -0.021122
v 0.260467 0.135591 -0.020188
v 0.260725 0.033472 0.018265
v 0.261740 0.015195 -0.024122
v 0.261946 0.152303 -0.022568
v 0.262070 0.033433 -0.021988
v 0.262325 0.032480 0.022560
v 0.262934 0.154371 0.021755
v 0.263111 0.034009 0.017700
v 0.263218 0.137582 0.016773
v 0.264046 0.086204 0.015537
v 0.264164 0.082638 0.019672
v 0.264246 0.119382 0.017631
v 0.264276 0.049486 0.018215
v 0.264625 0.034795 0.012607
v 0.264864 0.052820 0.020675
v 0.265030 0.034925 0.022892
v 0.265272 0.053163 0.014282
v 0.265512 0.047506 0.023052
v 0.265657 0.122117 0.023479
v 0.265749 0.047643 0.011448
v 0.266050 0.138105 0.024524
v 0.266229 0.136835 -0.016146
v 0.266422 0.113161 0.019985
v 0.266695 0.086461 0.024242
v 0.266758 0.056135 0.020504
v 0.266901 0.056177 0.014385
v 0.267032 0.033960 0.027202
v 0.267040 0.122182 0.010715
v 0.267080 0.078902 0.010895
v 0.267114 0.154310 -0.009379
v 0.267523 0.098086 0.010998
v 0.267700 0.114400 0.012268
v 0.267841 0.150030 -0.014172
v 0.267841 0.015501 0.031566
v 0.268266 0.116546 0.025341
v 0.268848 0.034257 0.008640
v 0.268957 0.137369 0.009125
v 0.269003 0.051866 0.009979
v 0.269808 0.049745 0.025059
v 0.270109 0.033933 -0.007843
v 0.270395 0.119256 0.009830
v 0.270666 0.035207 0.027118
v 0.270891 0.032239 -0.009129
v 0.271498 0.033002 0.037929
v 0.271620 0.056251 0.024563
v 0.271730 0.047327 0.027080
v 0.271978 0.079186 0.008766
v 0.272108 0.053594 0.026768
v 0.272291 0.085953 0.026699
v 0.272417 0.113332 0.010509
v 0.272753 0.048788 0.008533
v 0.273115 0.015211 -0.005409
v 0.273149 0.113132 0.025280
v 0.273287 0.056219 0.010486
v 0.273889 0.120580 0.027134
v 0.274347 0.138463 0.026882
v 0.274431 0.122167 0.008636
v 0.274790 0.154867 0.012249
v 0.274969 0.034517 0.008156
v 0.274973 0.097257 0.009411
v 0.276274 0.034131 0.043171
v 0.276830 0.053300 0.009727
v 0.277201 0.116191 0.025303
v 0.277315 0.049875 0.024814
v 0.277399 0.034219 0.026279
v 0.277754 0.083618 0.025699
v 0.277971 0.142190 0.048656
v 0.278074 0.056407 0.012836
v 0.278101 0.137681 0.009331
v 0.278284 0.080061 0.010296
v 0.278562 0.032831 0.049946
v 0.278646 0.048871 0.010597
v 0.278845 0.155096 0.050205
v 0.278898 0.118833 0.012195
v 0.279260 0.056489 0.021129
v 0.279264 0.113203 0.014099
v 0.279527 0.047601 0.024509
v 0.279535 0.034944 0.010341
v 0.279798 0.156133 0.013511
v 0.279871 0.113250 0.019665
v 0.279878 0.052656 0.023083
v 0.280012 0.015218 0.006004
v 0.280496 0.135816 0.024044
v 0.280645 0.120313 0.022602
v 0.281092 0.156713 0.030842
v 0.281248 0.032918 0.008060
v 0.281252 0.075919 0.015030
v 0.281271 0.034254 0.022785
v 0.281290 0.050230 0.017677
v 0.281370 0.115901 0.017601
v 0.281465 0.157232 0.049938
v 0.281664 0.084717 0.021015
v 0.281729 0.053239 0.016990
v 0.281763 0.121614 0.014629
v 0.282064 0.015233 0.055378
v 0.282533 0.047639 0.016910
v 0.282862 0.034288 0.015728
v 0.282865 0.138200 0.016247
v 0.283113 0.140104 0.050487
v 0.283541 0.034719 0.053379
v 0.283697 0.155309 0.012577
v 0.283876 0.125146 0.052662
v 0.284067 0.140436 0.055881
v 0.284391 0.035436 0.048054
v 0.284399 0.080973 0.050968
v 0.284670 0.140031 0.014046
v 0.284803 0.048368 0.053104
v 0.285082 0.045991 0.047565
v 0.285116 0.051958 0.054561
v 0.285150 0.100589 0.053448
v 0.285356 0.120923 0.049076
v 0.285463 0.034543 0.045604
v 0.285612 0.116462 0.053531
v 0.285688 0.052247 0.047893
v 0.285703 0.093979 0.047390
v 0.285963 0.124872 0.046497
v 0.286081 0.122884 0.056652
v 0.286215 0.055879 0.050701
v 0.286470 0.079438 0.057071
v 0.286638 0.143083 0.062916
v 0.286802 0.032011 0.017216
v 0.286905 0.034654 0.059498
v 0.287393 0.079524 0.044781
v 0.287512 0.032899 0.064869
v 0.287668 0.015226 0.018806
v 0.287863 0.047731 0.058521
v 0.287958 0.114746 0.056782
v 0.288156 0.097012 0.058269
v 0.288683 0.055589 0.056896
v 0.288965 0.118726 0.059223
v 0.289209 0.139966 0.043422
v 0.289392 0.141157 0.061229
v 0.289469 0.114978 0.045528
v 0.289491 0.156576 0.037365
v 0.289499 0.052465 0.044025
v 0.289507 0.048524 0.044254
v 0.289926 0.015195 0.068836
v 0.290621 0.124746 0.060802
v 0.290697 0.121221 0.044361
v 0.290766 0.024988 0.069782
v 0.290804 0.077908 0.059948
v 0.290956 0.052202 0.060093
v 0.291403 0.040163 0.079357
v 0.291704 0.013685 0.079693
v 0.291960 0.125425 0.042873
v 0.291975 0.141729 0.079365
v 0.292021 0.034776 0.042217
v 0.292066 0.055475 0.044918
v 0.292124 0.168638 0.079471
v 0.292307 0.045030 0.060764
v 0.292539 0.093273 0.060467
v 0.293154 0.034185 0.028888
v 0.293203 0.071498 0.043308
v 0.293485 0.034532 0.077625
v 0.293691 0.157545 0.073971
v 0.293718 0.030477 0.075939
v 0.293814 0.139764 0.032718
v 0.293917 0.047719 0.043033
v 0.294138 0.121080 0.060161
v 0.294279 0.015073 0.076748
v 0.294367 0.088633 0.042736
v 0.294458 0.034612 0.061641
v 0.294466 0.115434 0.044826
v 0.294504 0.115077 0.058971
v 0.294512 0.157690 0.035892
v 0.294641 0.034502 0.075626
v 0.294706 0.055360 0.058491
v 0.294946 0.146684 0.076679
v 0.295122 0.158605 0.077114
v 0.295458 0.158758 0.066601
v 0.295664 0.140272 0.079502
v 0.295805 0.140352 0.082210
v 0.295851 0.086393 0.080005
v 0.295961 0.154661 0.032871
v 0.296007 0.121580 0.079754
v 0.296202 0.055757 0.045925
v 0.296209 0.040784 0.079159
v 0.296541 0.041028 0.081913
v 0.296724 0.078743 0.059940
v 0.296736 0.142358 0.075619
v 0.296751 0.052522 0.044109
v 0.296919 0.130598 0.083469
v 0.297258 0.140199 0.043865
v 0.297296 0.136964 0.060474
v 0.297544 0.096116 0.059162
v 0.297632 0.013708 0.089916
v 0.297678 0.048032 0.058864
v 0.297739 0.035337 0.060192
v 0.297754 0.125188 0.059566
v 0.297785 0.015295 0.035778
v 0.298010 0.052228 0.058513
v 0.298208 0.035734 0.043590
v 0.298425 0.122514 0.045414
v 0.298776 0.181241 0.084560
v 0.298818 0.085327 0.086361
v 0.299078 0.055461 0.054874
v 0.299150 0.115547 0.048282
v 0.299158 0.176168 0.084949
v 0.299280 0.041040 0.085857
v 0.299284 0.098325 0.045856
v 0.299429 0.045946 0.045131
v 0.299448 0.055763 0.050022
v 0.299639 0.116874 0.056278
v 0.299696 0.078503 0.045795
v 0.299986 0.021566 0.039394
v 0.300573 0.168432 0.093853
v 0.300665 0.141332 0.057255
v 0.300669 0.121458 0.050113
v 0.300863 0.047990 0.054973
v 0.301077 0.139692 0.089901
v 0.301084 0.076545 0.055309
v 0.301222 0.095491 0.055164
v 0.301390 0.047910 0.050007
v 0.301412 0.040262 0.096157
v 0.301496 0.141881 0.095516
v 0.301710 0.052202 0.051235
v 0.301718 0.033559 0.042248
v 0.301733 0.123640 0.053020
v 0.302015 0.177106 0.074482
v 0.302023 0.085499 0.049587
v 0.302099 0.035684 0.054882
v 0.302252 0.140249 0.050083
v 0.302282 0.035654 0.048496
v 0.302587 0.156499 0.043743
v 0.303045 0.015188 0.070095
v 0.303121 0.168767 0.076931
v 0.303144 0.158910 0.070797
v 0.303144 0.172842 0.083401
v 0.304098 0.168882 0.092327
v 0.304212 0.175802 0.095638
v 0.304373 0.187292 0.084980
v 0.304403 0.182912 0.095226
v 0.304411 0.035509 0.070942
v 0.304418 0.142904 0.099651
v 0.304518 0.082219 0.095852
v 0.304975 0.184469 0.074772
v 0.305250 0.040842 0.073955
v 0.305258 0.034742 0.053844
v 0.305311 0.134633 0.096203
v 0.305387 0.141897 0.049175
v 0.305532 0.015172 0.048351
v 0.305593 0.040098 0.070530
v 0.305700 0.041666 0.096447
v 0.305929 0.094488 0.073238
v 0.306593 0.085376 0.099560
v 0.307363 0.014013 0.105144
v 0.307386 0.040143 0.104717
v 0.307607 0.168333 0.105144
v 0.307875 0.129243 0.072536
v 0.308393 0.041017 0.100841
v 0.308576 0.141046 0.103588
v 0.308615 0.138044 0.100658
v 0.309179 0.033502 0.054569
v 0.309225 0.095947 0.101406
v 0.310095 0.040994 0.100933
v 0.311537 0.172964 0.074413
v 0.312696 0.176557 0.069378
v 0.312986 0.172826 0.094509
v 0.313627 0.034849 0.063831
v 0.313886 0.180364 0.099666
v 0.314016 0.159330 0.066219
v 0.314878 0.013639 0.066067
v 0.315031 0.142751 0.064533
v 0.315084 0.015081 0.064235
v 0.315397 0.157407 0.065044
v 0.315420 0.034849 0.064304
v 0.315786 0.186483 0.073353
v 0.316084 0.168889 0.096493
v 0.317610 0.168676 0.072452
v 0.318304 0.094017 0.096523
v 0.318640 0.095852 0.065845
v 0.318716 0.040964 0.066158
v 0.318907 0.173009 0.075153
v 0.318975 0.140119 0.066662
v 0.319074 0.188489 0.088436
v 0.319395 0.168455 0.063213
v 0.319677 0.041044 0.095104
v 0.319700 0.039442 0.062603
v 0.319868 0.142053 0.063022
v 0.319921 0.013624 0.062771
v 0.320890 0.013784 0.097454
v 0.321112 0.040021 0.097179
v 0.321607 0.078438 0.069065
v 0.321745 0.040945 0.071476
v 0.322752 0.139677 0.072124
v 0.322782 0.172773 0.086513
v 0.323164 0.080370 0.072765
v 0.324133 0.168455 0.070675
v 0.324446 0.176282 0.093960
v 0.325552 0.181173 0.075161
v 0.325888 0.181585 0.092846
v 0.325987 0.142713 0.073101
v 0.326170 0.168935 0.083927
v 0.327719 0.091111 0.079639
v 0.328092 0.133172 0.081234
v 0.328146 0.041231 0.081951
v 0.328230 0.176084 0.083286
v 0.328741 0.023763 0.077877
v 0.328817 0.039987 0.077884
v 0.329870 0.142629 0.080211
v 0.330618 0.040784 0.085399
v 0.331220 0.137853 0.087032
v 0.331236 0.041456 0.088222
v 0.331587 0.094807 0.086696
v 0.332479 0.039827 0.084011
v 0.334471 0.142003 0.089184
v 0.334608 0.168600 0.088894
v 0.334745 0.039842 0.088848
v 0.334822 0.150442 0.087353
v 0.335340 0.013738 0.088238
v 0.238219 0.132833 -0.053960
v 0.238035 0.151632 -0.040663
v 0.238014 0.034189 -0.058176
v 0.237991 0.046777 -0.054632
v 0.237465 0.083356 -0.053871
v 0.237331 0.116672 -0.057234
v 0.237288 0.034124 -0.051767
v 0.237267 0.112071 -0.055615
v 0.237073 0.118577 -0.051419
v 0.236997 0.052530 -0.053473
v 0.236743 0.049570 -0.056593
v 0.236603 0.075609 -0.058956
v 0.236182 0.093503 -0.059408
v 0.235884 0.047090 -0.061148
v 0.235587 0.109376 -0.055796
v 0.235335 0.055603 -0.054663
v 0.234212 0.032300 -0.024194
v 0.234151 0.138864 -0.069946
v 0.234120 0.049585 -0.049833
v 0.234013 0.052747 -0.062569
v 0.233884 0.075562 -0.062523
v 0.233749 0.081759 -0.047907
v 0.233585 0.109277 -0.050537
v 0.233544 0.117944 -0.063046
v 0.233387 0.131929 -0.064644
v 0.233341 0.034128 -0.064045
v 0.232835 0.151624 -0.029379
v 0.232815 0.033960 -0.046591
v 0.232687 0.148706 -0.071572
v 0.232565 0.055934 -0.050022
v 0.232529 0.015203 -0.072605
v 0.232510 0.015272 -0.027145
v 0.232365 0.116737 -0.047165
v 0.232360 0.047899 -0.047019
v 0.232122 0.055940 -0.061709
v 0.231780 0.109577 -0.061817
v 0.231461 0.048833 -0.064148
v 0.231325 0.112203 -0.063416
v 0.231140 0.150060 -0.070048
v 0.231120 0.112417 -0.046466
v 0.230961 0.053060 -0.046753
v 0.230893 0.093323 -0.063921
v 0.230420 0.132764 -0.046448
v 0.230253 0.027986 -0.076878
v 0.230017 0.033906 -0.033875
v 0.228782 0.108692 -0.047818
v 0.228419 0.055898 -0.048282
v 0.228114 0.015211 -0.054926
v 0.228008 0.075648 -0.064537
v 0.227837 0.089282 -0.046407
v 0.227609 0.116628 -0.064305
v 0.227324 0.049840 -0.047091
v 0.226703 0.032735 -0.081719
v 0.226199 0.109350 -0.061892
v 0.225897 0.046800 -0.064844
v 0.225530 0.055768 -0.048941
v 0.225528 0.135259 -0.039166
v 0.225216 0.117319 -0.046414
v 0.224984 0.055877 -0.061388
v 0.224861 0.034238 -0.046282
v 0.224521 0.131811 -0.083744
v 0.224330 0.033937 -0.064835
v 0.224089 0.033861 -0.082546
v 0.223636 0.032182 -0.041884
v 0.223600 0.015249 -0.041990
v 0.223561 0.110717 -0.048953
v 0.223073 0.094428 -0.062285
v 0.223042 0.088854 -0.048147
v 0.222772 0.052640 -0.062844
v 0.222711 0.048509 -0.048023
v 0.222496 0.115211 -0.061829
v 0.222315 0.052976 -0.049059
v 0.222303 0.131948 -0.064223
v 0.222120 0.055797 -0.052665
v 0.221620 0.076835 -0.061285
v 0.221428 0.108989 -0.056862
v 0.221330 0.055969 -0.056483
v 0.221042 0.133382 -0.048783
v 0.220890 0.015241 -0.092114
v 0.220562 0.082985 -0.050390
v 0.220426 0.048929 -0.060343
v 0.220175 0.116970 -0.051281
v 0.219992 0.133321 -0.093792
v 0.219604 0.114950 -0.056460
v 0.219515 0.052530 -0.054789
v 0.219501 0.034517 -0.060183
v 0.219478 0.087099 -0.057255
v 0.219456 0.047056 -0.052097
v 0.219145 0.148702 -0.079769
v 0.218786 0.034040 -0.052342
v 0.218574 0.148778 -0.050698
v 0.218557 0.132108 -0.057728
v 0.217687 0.031194 -0.097943
v 0.216446 0.033735 -0.096279
v 0.215685 0.015226 -0.055128
v 0.215357 0.130762 -0.096199
v 0.215305 0.033010 -0.057236
v 0.213959 0.115406 -0.097382
v 0.213741 0.081930 -0.096226
v 0.213598 0.034383 -0.099095
v 0.213550 0.033956 -0.091061
v 0.213487 0.050054 -0.096775
v 0.213161 0.015256 -0.105122
v 0.212969 0.109687 -0.098240
v 0.212848 0.113271 -0.091366
v 0.212772 0.047204 -0.090500
v 0.212313 0.032346 -0.106732
v 0.211994 0.149366 -0.064997
v 0.211902 0.107372 -0.094395
v 0.211878 0.080924 -0.101246
v 0.211874 0.085499 -0.089890
v 0.211523 0.055980 -0.095398
v 0.211298 0.052755 -0.100933
v 0.211269 0.030839 -0.062494
v 0.210680 0.048830 -0.102207
v 0.210672 0.107048 -0.099663
v 0.210499 0.107614 -0.089886
v 0.210171 0.055860 -0.090630
v 0.209905 0.034116 -0.103626
v 0.209776 0.130784 -0.086666
v 0.209226 0.146635 -0.109379
v 0.208902 0.113998 -0.103337
v 0.208484 0.048776 -0.087208
v 0.208341 0.076035 -0.087284
v 0.208175 0.129632 -0.104870
v 0.207970 0.114175 -0.086487
v 0.207588 0.147870 -0.094872
v 0.207392 0.033971 -0.085732
v 0.207376 0.133474 -0.069206
v 0.207357 0.056365 -0.101998
v 0.206972 0.015218 -0.069695
v 0.206961 0.033639 -0.072834
v 0.206537 0.049657 -0.103420
v 0.206308 0.088954 -0.104275
v 0.206060 0.034814 -0.104962
v 0.206049 0.068374 -0.103619
v 0.205992 0.130956 -0.117192
v 0.205335 0.046998 -0.104931
v 0.205061 0.051137 -0.086243
v 0.205042 0.107730 -0.102833
v 0.204424 0.084420 -0.085774
v 0.204187 0.053220 -0.104389
v 0.204157 0.015203 -0.120434
v 0.203962 0.074025 -0.086395
v 0.203386 0.106971 -0.088078
v 0.203157 0.110172 -0.086251
v 0.202848 0.129297 -0.119847
v 0.202726 0.033891 -0.119068
v 0.202562 0.055896 -0.088146
v 0.202169 0.047265 -0.085968
v 0.201784 0.032472 -0.124188
v 0.201742 0.130308 -0.085884
v 0.201677 0.115854 -0.085987
v 0.201582 0.034250 -0.085900
v 0.201322 0.052400 -0.086888
v 0.200979 0.146482 -0.079838
v 0.200746 0.114234 -0.103253
v 0.200567 0.129648 -0.104138
v 0.200308 0.031805 -0.080799
v 0.200094 0.107450 -0.100983
v 0.200056 0.146635 -0.102059
v 0.199720 0.034307 -0.103985
v 0.199644 0.147924 -0.089409
v 0.199613 0.076301 -0.102848
v 0.199610 0.106990 -0.089680
v 0.199289 0.055568 -0.099785
v 0.197813 0.047445 -0.102249
v 0.197771 0.056037 -0.093708
v 0.197691 0.049879 -0.100365
v 0.197615 0.107421 -0.094841
v 0.197534 0.048723 -0.089649
v 0.197073 0.015256 -0.086109
v 0.197065 0.015218 -0.132046
v 0.197061 0.034082 -0.088810
v 0.196920 0.080350 -0.090142
v 0.196909 0.114183 -0.090595
v 0.196863 0.146261 -0.120228
v 0.196630 0.052541 -0.099022
v 0.196607 0.113098 -0.096459
v 0.196562 0.130517 -0.090145
v 0.196474 0.052675 -0.092110
v 0.196352 0.109575 -0.093060
v 0.196131 0.033941 -0.100434
v 0.195520 0.080947 -0.096722
v 0.195139 0.047140 -0.094383
v 0.195074 0.129774 -0.097988
v 0.194967 0.116149 -0.096028
v 0.194643 0.132280 -0.090767
v 0.194593 0.034070 -0.094998
v 0.193403 0.129369 -0.137730
v 0.191915 0.034151 -0.134030
v 0.191530 0.047124 -0.132305
v 0.191442 0.145688 -0.136700
v 0.190500 0.052503 -0.130474
v 0.190454 0.111402 -0.132885
v 0.190424 0.128030 -0.128567
v 0.190279 0.016080 -0.143376
v 0.190233 0.079991 -0.135815
v 0.189520 0.048849 -0.137982
v 0.189398 0.052911 -0.137432
v 0.189325 0.143224 -0.144589
v 0.189276 0.048852 -0.127438
v 0.189241 0.127126 -0.139759
v 0.188978 0.106002 -0.131878
v 0.188959 0.033975 -0.125653
v 0.188745 0.114574 -0.126522
v 0.188631 0.112945 -0.138172
v 0.188623 0.078766 -0.127171
v 0.188402 0.055803 -0.135617
v 0.188036 0.035524 -0.140560
v 0.188001 0.056137 -0.129635
v 0.187639 0.015226 -0.101963
v 0.187567 0.034021 -0.141705
v 0.187132 0.075960 -0.140209
v 0.187055 0.033452 -0.105503
v 0.186899 0.106134 -0.137600
v 0.186388 0.032587 -0.149677
v 0.186308 0.108795 -0.125279
v 0.185888 0.109300 -0.140301
v 0.185514 0.052606 -0.124790
v 0.185476 0.049043 -0.124737
v 0.184946 0.144803 -0.139843
v 0.184679 0.115051 -0.141461
v 0.184511 0.145631 -0.132534
v 0.184481 0.047384 -0.142193
v 0.184370 0.032110 -0.107434
v 0.184191 0.033960 -0.123326
v 0.183817 0.051034 -0.141400
v 0.183637 0.071024 -0.141598
v 0.183588 0.081937 -0.124272
v 0.183504 0.106105 -0.125370
v 0.183481 0.128232 -0.123738
v 0.183351 0.056001 -0.139576
v 0.183142 0.015218 -0.153797
v 0.182825 0.055908 -0.125843
v 0.182005 0.026796 -0.157208
v 0.181967 0.126962 -0.156178
v 0.181879 0.092089 -0.141819
v 0.181257 0.113264 -0.123425
v 0.180631 0.143980 -0.114208
v 0.180593 0.036428 -0.171864
v 0.180544 0.013837 -0.171528
v 0.180158 0.127023 -0.142872
v 0.179937 0.034147 -0.142468
v 0.179869 0.032964 -0.157696
v 0.179857 0.107593 -0.140782
v 0.179537 0.144792 -0.171238
v 0.179479 0.113372 -0.141293
v 0.179384 0.122175 -0.170933
v 0.179235 0.080442 -0.124188
v 0.179052 0.143976 -0.160176
v 0.178720 0.145647 -0.121838
v 0.178591 0.056104 -0.139164
v 0.178385 0.034032 -0.123722
v 0.178259 0.077138 -0.141674
v 0.177706 0.106128 -0.138752
v 0.177519 0.048494 -0.124912
v 0.177370 0.049283 -0.140568
v 0.177049 0.036367 -0.168843
v 0.176988 0.052740 -0.125523
v 0.176386 0.068174 -0.126682
v 0.176317 0.085963 -0.125859
v 0.176252 0.055828 -0.128895
v 0.176054 0.013814 -0.168415
v 0.175939 0.128324 -0.124310
v 0.175825 0.106420 -0.128552
v 0.175711 0.032609 -0.167286
v 0.175596 0.078484 -0.172184
v 0.175573 0.036878 -0.172016
v 0.175573 0.015989 -0.167500
v 0.175512 0.120588 -0.170963
v 0.175382 0.055644 -0.135250
v 0.175291 0.109472 -0.126095
v 0.175222 0.138616 -0.167744
v 0.175009 0.091908 -0.138722
v 0.174986 0.014921 -0.166249
v 0.174871 0.074904 -0.138905
v 0.174780 0.126283 -0.167469
v 0.174658 0.037366 -0.170490
v 0.174620 0.015249 -0.123814
v 0.174360 0.106256 -0.133656
v 0.174299 0.131017 -0.124539
v 0.173994 0.034090 -0.127362
v 0.173963 0.142683 -0.166615
v 0.173765 0.034162 -0.138172
v 0.173544 0.122968 -0.180531
v 0.173460 0.068914 -0.131520
v 0.173452 0.114910 -0.127667
v 0.173429 0.126848 -0.139202
v 0.173239 0.047323 -0.136334
v 0.173223 0.085981 -0.130009
v 0.173002 0.048780 -0.131565
v 0.172964 0.052358 -0.134831
v 0.172956 0.111843 -0.134197
v 0.172941 0.074919 -0.135174
v 0.172811 0.120016 -0.178196
v 0.172575 0.154539 -0.175923
v 0.172361 0.065299 -0.178456
v 0.172346 0.115030 -0.136166
v 0.172079 0.033876 -0.132572
v 0.171865 0.013631 -0.185627
v 0.171591 0.036161 -0.185749
v 0.171484 0.126852 -0.133236
v 0.171415 0.036775 -0.179280
v 0.170927 0.157720 -0.169163
v 0.170538 0.033414 -0.163990
v 0.170286 0.158521 -0.181446
v 0.169920 0.151151 -0.180897
v 0.169859 0.031881 -0.131764
v 0.169615 0.151212 -0.169102
v 0.169142 0.145101 -0.179585
v 0.168089 0.147176 -0.172688
v 0.167753 0.148717 -0.175190
v 0.166525 0.036401 -0.162464
v 0.165960 0.142499 -0.138371
v 0.165663 0.142847 -0.161404
v 0.165373 0.144895 -0.163227
v 0.164923 0.152395 -0.187748
v 0.164923 0.035737 -0.196888
v 0.164701 0.120416 -0.191792
v 0.164533 0.152845 -0.161709
v 0.164526 0.014409 -0.196369
v 0.164274 0.122526 -0.196095
v 0.164190 0.144651 -0.196339
v 0.163801 0.037115 -0.163998
v 0.163748 0.081198 -0.163555
v 0.163709 0.160634 -0.164067
v 0.162947 0.036527 -0.193150
v 0.162786 0.085915 -0.192646
v 0.162466 0.148626 -0.166493
v 0.162252 0.013753 -0.160763
v 0.162214 0.164228 -0.178822
v 0.161611 0.148672 -0.183872
v 0.161444 0.120523 -0.192494
v 0.161276 0.159765 -0.188130
v 0.160566 0.144903 -0.188023
v 0.160208 0.143552 -0.150883
v 0.159963 0.033353 -0.152340
v 0.158544 0.125661 -0.156956
v 0.158483 0.145051 -0.162792
v 0.157492 0.015256 -0.152531
v 0.156233 0.033475 -0.155796
v 0.156187 0.152471 -0.190037
v 0.155737 0.127199 -0.155445
v 0.155538 0.032186 -0.155636
v 0.155340 0.142507 -0.155720
v 0.155203 0.014516 -0.155583
v 0.153852 0.162679 -0.165119
v 0.153326 0.148401 -0.184101
v 0.152853 0.152723 -0.160252
v 0.152670 0.120592 -0.157040
v 0.152670 0.013616 -0.189579
v 0.151487 0.049421 -0.156880
v 0.151441 0.036813 -0.186329
v 0.151022 0.148576 -0.166889
v 0.150862 0.104701 -0.157177
v 0.150297 0.036989 -0.157604
v 0.150282 0.145009 -0.164906
v 0.150236 0.144674 -0.188053
v 0.150129 0.122175 -0.153118
v 0.149717 0.144842 -0.153080
v 0.149702 0.036527 -0.152493
v 0.149694 0.163099 -0.179920
v 0.149412 0.013807 -0.152531
v 0.149092 0.084643 -0.185383
v 0.148908 0.122507 -0.187504
v 0.148443 0.084498 -0.159725
v 0.147772 0.148591 -0.178044
v 0.146452 0.122491 -0.159291
v 0.145765 0.156446 -0.185002
v 0.145590 0.035642 -0.185291
v 0.145376 0.144895 -0.171116
v 0.144773 0.151174 -0.180683
v 0.144674 0.036344 -0.160397
v 0.144140 0.159421 -0.170277
v 0.142790 0.152677 -0.169331
v 0.141645 0.036767 -0.171971
v 0.140768 0.089152 -0.172779
v 0.140119 0.122461 -0.169407
v 0.139402 0.120653 -0.174778
v 0.138998 0.036809 -0.178944
v 0.138761 0.036561 -0.176853
v 0.138563 0.112287 -0.178730
v 0.138456 0.074098 -0.177281
v 0.137876 0.120565 -0.178364
v 0.137693 0.013685 -0.171803
v 0.134680 0.144632 -0.178395
v 0.134672 0.122693 -0.178959
v 0.134580 0.013616 -0.178532
v 0.134352 0.035936 -0.177662
vt 0.938922 0.894982
vt 0.943591 0.904140
vt 0.933356 0.909048
vt 0.940957 0.893905
vt 0.947721 0.910484
vt 0.938803 0.891869
vt 0.947960 0.915213
vt 0.947482 0.922455
vt 0.949696 0.916949
vt 0.928448 0.892348
vt 0.928089 0.890852
vt 0.913244 0.895221
vt 0.912347 0.893486
vt 0.908277 0.895700
vt 0.925934 0.907073
vt 0.908755 0.897735
vt 0.904685 0.900967
vt 0.918392 0.909407
vt 0.932518 0.920899
vt 0.911569 0.911741
vt 0.905703 0.906175
vt 0.902411 0.909168
vt 0.901034 0.915991
vt 0.900855 0.912938
vt 0.911389 0.927663
vt 0.902411 0.922934
vt 0.911090 0.932511
vt 0.914920 0.931015
vt 0.924497 0.936042
vt 0.908217 0.942387
vt 0.903069 0.948253
vt 0.894809 0.957231
vt 0.932039 0.930536
vt 0.933954 0.933110
vt 0.944728 0.926107
vt 0.942573 0.928680
vt 0.945027 0.927244
vt 0.940778 0.934546
vt 0.946883 0.934905
vt 0.949995 0.935923
vt 0.952629 0.939634
vt 0.952150 0.943524
vt 0.934732 0.938257
vt 0.938743 0.945200
vt 0.947661 0.957231
vt 0.843195 0.882041
vt 0.843614 0.874799
vt 0.873243 0.876415
vt 0.845171 0.865821
vt 0.874739 0.884555
vt 0.843315 0.883717
vt 0.873721 0.863666
vt 0.844632 0.863965
vt 0.898681 0.864983
vt 0.845470 0.859177
vt 0.899639 0.882580
vt 0.893773 0.858458
vt 0.871986 0.857201
vt 0.868275 0.850617
vt 0.845290 0.849959
vt 0.896347 0.853012
vt 0.899878 0.854628
vt 0.868813 0.847625
vt 0.846428 0.846906
vt 0.897364 0.848522
vt 0.900477 0.848882
vt 0.901374 0.847206
vt 0.904247 0.837868
vt 0.901374 0.835714
vt 0.875936 0.842836
vt 0.891857 0.839006
vt 0.892157 0.832601
vt 0.873243 0.833319
vt 0.842836 0.839305
vt 0.868993 0.825418
vt 0.842238 0.833020
vt 0.841938 0.831344
vt 0.489023 0.961301
vt 0.492973 0.961780
vt 0.490818 0.970399
vt 0.486748 0.964174
vt 0.488185 0.972613
vt 0.493272 0.977641
vt 0.496504 0.977940
vt 0.498839 0.974529
vt 0.495248 0.968543
vt 0.499018 0.973092
vt 0.494110 0.961959
vt 0.499198 0.956812
vt 0.486628 0.956692
vt 0.492554 0.946876
vt 0.502071 0.957410
vt 0.503507 0.949270
vt 0.495786 0.940651
vt 0.498180 0.943943
vt 0.503089 0.939573
vt 0.505602 0.965491
vt 0.508595 0.969920
vt 0.504345 0.953579
vt 0.513024 0.965670
vt 0.505543 0.962677
vt 0.504226 0.958248
vt 0.513862 0.962677
vt 0.517035 0.968424
vt 0.519788 0.971775
vt 0.511348 0.973272
vt 0.521045 0.969920
vt 0.512845 0.958966
vt 0.512785 0.955435
vt 0.518830 0.965790
vt 0.522422 0.966807
vt 0.524636 0.970040
vt 0.519788 0.963037
vt 0.516616 0.961660
vt 0.518711 0.959326
vt 0.515898 0.956752
vt 0.518771 0.955974
vt 0.519788 0.952323
vt 0.517394 0.951425
vt 0.520506 0.949928
vt 0.515000 0.948552
vt 0.519130 0.947355
vt 0.523739 0.945798
vt 0.511887 0.951963
vt 0.506201 0.948911
vt 0.507877 0.944960
vt 0.516975 0.945918
vt 0.510151 0.941010
vt 0.510271 0.934665
vt 0.513024 0.935563
vt 0.510690 0.931074
vt 0.513324 0.937538
vt 0.511768 0.940052
vt 0.517454 0.942746
vt 0.521584 0.940950
vt 0.521284 0.944482
vt 0.524636 0.941249
vt 0.893474 0.901315
vt 0.873781 0.904307
vt 0.896945 0.897065
vt 0.904307 0.894611
vt 0.902631 0.890002
vt 0.872405 0.899100
vt 0.841938 0.895748
vt 0.842776 0.894072
vt 0.869951 0.890720
vt 0.898561 0.885992
vt 0.843794 0.887009
vt 0.870310 0.887368
vt 0.906322 0.703990
vt 0.897403 0.706863
vt 0.906980 0.701775
vt 0.909135 0.704529
vt 0.907279 0.706444
vt 0.911349 0.708360
vt 0.921046 0.707701
vt 0.909195 0.691840
vt 0.906800 0.695251
vt 0.925775 0.702913
vt 0.906082 0.686752
vt 0.934813 0.716679
vt 0.930084 0.718894
vt 0.932538 0.720390
vt 0.934633 0.729429
vt 0.931640 0.729069
vt 0.931999 0.705427
vt 0.927989 0.692438
vt 0.910152 0.688667
vt 0.926433 0.684896
vt 0.908536 0.685136
vt 0.901234 0.668676
vt 0.904107 0.667120
vt 0.896924 0.667419
vt 0.899199 0.663528
vt 0.894949 0.660895
vt 0.923919 0.666880
vt 0.927630 0.676876
vt 0.928348 0.669693
vt 0.934334 0.679988
vt 0.931102 0.669394
vt 0.933975 0.674063
vt 0.935770 0.668915
vt 0.938105 0.673644
vt 0.934274 0.664606
vt 0.938823 0.667778
vt 0.936608 0.660895
vt 0.197291 0.069031
vt 0.189869 0.067834
vt 0.196213 0.063345
vt 0.185559 0.065500
vt 0.197889 0.050955
vt 0.185020 0.048740
vt 0.178137 0.065859
vt 0.193460 0.046107
vt 0.179693 0.047543
vt 0.183524 0.044790
vt 0.178137 0.037727
vt 0.186876 0.042515
vt 0.194657 0.042815
vt 0.194537 0.038984
vt 0.189031 0.036889
vt 0.184541 0.038086
vt 0.182746 0.040181
vt 0.178616 0.034914
vt 0.964034 0.642155
vt 0.968464 0.637187
vt 0.964513 0.644848
vt 0.953979 0.643711
vt 0.955655 0.645806
vt 0.970618 0.649457
vt 0.965231 0.652091
vt 0.971037 0.658615
vt 0.957570 0.650175
vt 0.952722 0.652869
vt 0.946497 0.655383
vt 0.958348 0.653767
vt 0.964393 0.656340
vt 0.952602 0.657118
vt 0.957510 0.659572
vt 0.960742 0.666815
vt 0.964393 0.671903
vt 0.946497 0.669927
vt 0.950627 0.663104
vt 0.362898 0.666642
vt 0.354997 0.663829
vt 0.355656 0.662093
vt 0.365113 0.655988
vt 0.366190 0.667301
vt 0.367327 0.658322
vt 0.368225 0.649823
vt 0.368405 0.641324
vt 0.369901 0.644975
vt 0.379418 0.625342
vt 0.358529 0.642880
vt 0.373971 0.621212
vt 0.378041 0.622649
vt 0.388875 0.610917
vt 0.357870 0.622110
vt 0.361521 0.611695
vt 0.373193 0.601580
vt 0.355416 0.643718
vt 0.358768 0.611396
vt 0.364754 0.605710
vt 0.346857 0.631926
vt 0.351526 0.656706
vt 0.347396 0.660417
vt 0.339016 0.660298
vt 0.346318 0.619417
vt 0.350388 0.603854
vt 0.342248 0.636894
vt 0.337400 0.638151
vt 0.342727 0.620973
vt 0.339615 0.621033
vt 0.347096 0.602777
vt 0.335963 0.644556
vt 0.337220 0.659699
vt 0.325728 0.653773
vt 0.334347 0.636535
vt 0.330696 0.617441
vt 0.342428 0.599964
vt 0.321299 0.643179
vt 0.332791 0.606548
vt 0.328960 0.601879
vt 0.332312 0.612354
vt 0.328781 0.616663
vt 0.323873 0.630490
vt 0.321838 0.614987
vt 0.308490 0.629592
vt 0.320102 0.611995
vt 0.314954 0.633183
vt 0.303402 0.634261
vt 0.318246 0.637732
vt 0.305976 0.637732
vt 0.302804 0.638271
vt 0.300170 0.635278
vt 0.305437 0.641922
vt 0.318306 0.642940
vt 0.298195 0.639408
vt 0.296698 0.635398
vt 0.317827 0.648267
vt 0.320461 0.658981
vt 0.314595 0.653953
vt 0.307652 0.645872
vt 0.313697 0.650541
vt 0.308370 0.649284
vt 0.306934 0.652995
vt 0.304420 0.651319
vt 0.305138 0.644975
vt 0.303702 0.656108
vt 0.312141 0.656826
vt 0.300769 0.649045
vt 0.300409 0.644975
vt 0.299572 0.641742
vt 0.289576 0.646291
vt 0.281795 0.650302
vt 0.282573 0.645274
vt 0.276348 0.649823
vt 0.275630 0.644197
vt 0.260726 0.655150
vt 0.260307 0.652995
vt 0.271021 0.648267
vt 0.260367 0.650900
vt 0.259169 0.647369
vt 0.275390 0.641683
vt 0.284608 0.640067
vt 0.285625 0.635338
vt 0.275510 0.654252
vt 0.260606 0.657544
vt 0.287840 0.651678
vt 0.276886 0.656946
vt 0.260785 0.660956
vt 0.288618 0.654073
vt 0.299751 0.652038
vt 0.286224 0.656766
vt 0.275630 0.659938
vt 0.260785 0.664248
vt 0.301726 0.654192
vt 0.298734 0.655449
vt 0.299452 0.656946
vt 0.299272 0.659100
vt 0.289815 0.660118
vt 0.304061 0.658382
vt 0.301966 0.661794
vt 0.311842 0.659759
vt 0.287122 0.658622
vt 0.276468 0.662153
vt 0.276468 0.664787
vt 0.259529 0.667301
vt 0.709131 0.022436
vt 0.713321 0.029559
vt 0.694168 0.031115
vt 0.709191 0.033809
vt 0.706498 0.043565
vt 0.694048 0.052783
vt 0.704343 0.054279
vt 0.693928 0.067268
vt 0.678186 0.049371
vt 0.667413 0.001607
vt 0.673817 0.039615
vt 0.679024 0.056434
vt 0.678426 0.070141
vt 0.688482 0.096477
vt 0.680461 0.087858
vt 0.672321 0.080974
vt 0.680401 0.105096
vt 0.682257 0.118503
vt 0.672560 0.109824
vt 0.670106 0.098691
vt 0.670345 0.113655
vt 0.667413 0.098632
vt 0.670046 0.086182
vt 0.560961 0.927935
vt 0.565809 0.929072
vt 0.558626 0.938170
vt 0.564253 0.938350
vt 0.570657 0.931467
vt 0.565929 0.941642
vt 0.556711 0.929072
vt 0.552701 0.926080
vt 0.553658 0.937452
vt 0.560482 0.941821
vt 0.563175 0.944754
vt 0.568921 0.944096
vt 0.555633 0.940505
vt 0.556950 0.943318
vt 0.565629 0.960317
vt 0.570657 0.954750
vt 0.562397 0.961873
vt 0.559105 0.959957
vt 0.555095 0.959299
vt 0.549648 0.975639
vt 0.551264 0.959957
vt 0.542705 0.973844
vt 0.551264 0.941821
vt 0.546955 0.958222
vt 0.540969 0.962052
vt 0.550426 0.939726
vt 0.547613 0.940924
vt 0.536600 0.958820
vt 0.539592 0.947208
vt 0.547493 0.936913
vt 0.543184 0.938829
vt 0.536420 0.944694
vt 0.540849 0.936734
vt 0.542705 0.934938
vt 0.537617 0.933023
vt 0.549528 0.935237
vt 0.547673 0.924823
vt 0.544680 0.933442
vt 0.542585 0.924224
vt 0.541029 0.932484
vt 0.537857 0.922668
vt 0.681805 0.904925
vt 0.685636 0.907079
vt 0.663609 0.911509
vt 0.680727 0.911389
vt 0.694374 0.909534
vt 0.681625 0.914920
vt 0.694913 0.915280
vt 0.682164 0.918751
vt 0.664447 0.917075
vt 0.665404 0.920846
vt 0.680847 0.922283
vt 0.666482 0.926113
vt 0.663489 0.925634
vt 0.664686 0.929465
vt 0.662472 0.920128
vt 0.660496 0.915280
vt 0.659479 0.923001
vt 0.661933 0.927430
vt 0.663968 0.932278
vt 0.662053 0.932817
vt 0.660197 0.928148
vt 0.651638 0.935271
vt 0.658701 0.918751
vt 0.649304 0.922582
vt 0.650441 0.931141
vt 0.650620 0.926413
vt 0.646610 0.943232
vt 0.648525 0.927191
vt 0.648226 0.918631
vt 0.646849 0.935989
vt 0.638590 0.938204
vt 0.639368 0.952629
vt 0.636614 0.952150
vt 0.657085 0.913783
vt 0.648765 0.914082
vt 0.647388 0.910132
vt 0.657683 0.908276
vt 0.660915 0.910910
vt 0.660377 0.906660
vt 0.663549 0.906601
vt 0.683840 0.898580
vt 0.662711 0.901692
vt 0.660077 0.900376
vt 0.662172 0.895887
vt 0.658042 0.894510
vt 0.656307 0.896425
vt 0.657204 0.901872
vt 0.654810 0.899957
vt 0.654990 0.894091
vt 0.655349 0.904925
vt 0.646311 0.895887
vt 0.646430 0.893014
vt 0.646730 0.900256
vt 0.636614 0.892714
vt 0.638889 0.885232
vt 0.645293 0.901872
vt 0.639248 0.896964
vt 0.645114 0.905763
vt 0.647328 0.905104
vt 0.645952 0.907977
vt 0.642720 0.910551
vt 0.893068 0.514480
vt 0.896180 0.512624
vt 0.899891 0.525194
vt 0.900729 0.512564
vt 0.896420 0.533693
vt 0.908510 0.509512
vt 0.907612 0.498917
vt 0.901567 0.525613
vt 0.909887 0.515916
vt 0.915812 0.526630
vt 0.908510 0.542791
vt 0.902285 0.535609
vt 0.909827 0.548298
vt 0.903183 0.541175
vt 0.899951 0.536806
vt 0.891212 0.530401
vt 0.887202 0.508913
vt 0.885885 0.524715
vt 0.884688 0.518370
vt 0.886124 0.528845
vt 0.880678 0.538601
vt 0.885825 0.538901
vt 0.888399 0.542911
vt 0.893008 0.546921
vt 0.887202 0.544886
vt 0.891571 0.550872
vt 0.894564 0.550931
vt 0.893726 0.556378
vt 0.896360 0.558473
vt 0.903542 0.548777
vt 0.896838 0.554283
vt 0.906176 0.554463
vt 0.915812 0.558054
vt 0.908391 0.559191
vt 0.906715 0.558054
vt 0.908391 0.561346
vt 0.898814 0.562543
vt 0.897497 0.565775
vt 0.899831 0.567511
vt 0.898155 0.572958
vt 0.909049 0.566434
vt 0.912520 0.571761
vt 0.215924 0.870962
vt 0.220533 0.876109
vt 0.206946 0.888200
vt 0.210417 0.880060
vt 0.216642 0.866952
vt 0.218198 0.864138
vt 0.223047 0.858213
vt 0.226219 0.850192
vt 0.231845 0.863540
vt 0.248365 0.856776
vt 0.234838 0.845284
vt 0.240644 0.854083
vt 0.253094 0.850312
vt 0.266920 0.846421
vt 0.255368 0.841932
vt 0.250161 0.841992
vt 0.263987 0.841513
vt 0.257104 0.837563
vt 0.251837 0.839059
vt 0.258600 0.831936
vt 0.244235 0.841573
vt 0.251897 0.831458
vt 0.263030 0.830260
vt 0.255847 0.829123
vt 0.245193 0.833493
vt 0.241302 0.831996
vt 0.247647 0.829303
vt 0.235736 0.841274
vt 0.242320 0.829363
vt 0.229930 0.839059
vt 0.220533 0.836725
vt 0.234000 0.829422
vt 0.237591 0.829183
vt 0.236215 0.825412
vt 0.238489 0.824036
vt 0.235018 0.821402
vt 0.232563 0.826011
vt 0.230409 0.820923
vt 0.231307 0.818230
vt 0.225082 0.814339
vt 0.226997 0.812065
vt 0.227356 0.820744
vt 0.222209 0.812783
vt 0.227595 0.823796
vt 0.225920 0.832176
vt 0.222029 0.826909
vt 0.220293 0.826609
vt 0.223884 0.818289
vt 0.217241 0.819247
vt 0.220413 0.809431
vt 0.215325 0.812364
vt 0.206946 0.805840
vt 0.207185 0.808114
vt 0.956978 0.390218
vt 0.957157 0.388183
vt 0.963562 0.390159
vt 0.962664 0.387764
vt 0.968290 0.388064
vt 0.969607 0.390159
vt 0.962185 0.385550
vt 0.957457 0.385849
vt 0.954883 0.386448
vt 0.952189 0.388662
vt 0.951531 0.387405
vt 0.947221 0.367893
vt 0.950573 0.366277
vt 0.953566 0.348380
vt 0.954823 0.371304
vt 0.958534 0.350235
vt 0.954165 0.347422
vt 0.958773 0.367294
vt 0.963861 0.351014
vt 0.963981 0.371663
vt 0.967811 0.351492
vt 0.966495 0.385969
vt 0.969847 0.371005
vt 0.972839 0.351732
vt 0.970505 0.386148
vt 0.976071 0.367174
vt 0.978226 0.352151
vt 0.976550 0.349816
vt 0.973677 0.386268
vt 0.978885 0.371304
vt 0.980680 0.350176
vt 0.977508 0.386687
vt 0.974036 0.388662
vt 0.975892 0.391176
vt 0.978226 0.389381
vt 0.981818 0.389620
vt 0.980860 0.387824
vt 0.983673 0.369209
vt 0.987145 0.369868
vt 0.981219 0.351732
vt 0.984152 0.350954
vt 0.985050 0.349397
vt 0.983494 0.347422
vt 0.889942 0.602471
vt 0.893833 0.602830
vt 0.891738 0.619589
vt 0.898442 0.602950
vt 0.886231 0.622702
vt 0.887129 0.602052
vt 0.885932 0.599598
vt 0.885393 0.635690
vt 0.882939 0.601573
vt 0.881263 0.598999
vt 0.882999 0.622582
vt 0.880784 0.618811
vt 0.879647 0.601274
vt 0.881323 0.636289
vt 0.875098 0.620667
vt 0.876175 0.597682
vt 0.878450 0.595767
vt 0.869172 0.596665
vt 0.871148 0.594331
vt 0.870130 0.598880
vt 0.875038 0.600136
vt 0.873003 0.613664
vt 0.868035 0.612467
vt 0.864384 0.611688
vt 0.867078 0.623480
vt 0.871746 0.624857
vt 0.871507 0.633595
vt 0.875757 0.634134
vt 0.871686 0.637067
vt 0.875038 0.637905
vt 0.877552 0.639940
vt 0.871746 0.648380
vt 0.877193 0.650415
vt 0.881922 0.641077
vt 0.886111 0.638623
vt 0.882999 0.652689
vt 0.879767 0.667832
vt 0.886291 0.641616
vt 0.889643 0.644190
vt 0.889463 0.637187
vt 0.893474 0.643412
vt 0.890361 0.653168
vt 0.890900 0.658675
vt 0.885513 0.668910
vt 0.888745 0.671903
vt 0.897663 0.652270
vt 0.904307 0.653348
vt 0.901075 0.643471
vt 0.897544 0.644788
vt 0.898561 0.640898
vt 0.903829 0.642454
vt 0.901554 0.639701
vt 0.892935 0.639880
vt 0.898262 0.638803
vt 0.904188 0.629406
vt 0.893474 0.637965
vt 0.899220 0.628568
vt 0.903888 0.617494
vt 0.896825 0.621864
vt 0.900836 0.617016
vt 0.904307 0.603189
vt 0.949955 0.720110
vt 0.951631 0.718913
vt 0.953307 0.723522
vt 0.949177 0.721008
vt 0.955342 0.722983
vt 0.954624 0.730525
vt 0.951212 0.727652
vt 0.956479 0.730824
vt 0.958215 0.726694
vt 0.956539 0.720948
vt 0.957796 0.718494
vt 0.959352 0.733638
vt 0.967073 0.722026
vt 0.964799 0.731004
vt 0.961567 0.742376
vt 0.967073 0.725737
vt 0.966056 0.734296
vt 0.963123 0.744591
vt 0.968270 0.737289
vt 0.965816 0.746207
vt 0.965397 0.757041
vt 0.963123 0.754886
vt 0.967911 0.755784
vt 0.967014 0.748123
vt 0.968390 0.746686
vt 0.968390 0.742556
vt 0.972460 0.734775
vt 0.977368 0.730645
vt 0.980241 0.718494
vt 0.868208 0.276382
vt 0.864497 0.298948
vt 0.865335 0.281051
vt 0.860547 0.299606
vt 0.855818 0.267284
vt 0.853724 0.292184
vt 0.854442 0.307208
vt 0.852167 0.284104
vt 0.855340 0.255792
vt 0.843309 0.276861
vt 0.861265 0.303856
vt 0.858512 0.310021
vt 0.843309 0.325823
vt 0.869286 0.312475
vt 0.857854 0.317443
vt 0.854741 0.325523
vt 0.870902 0.317203
vt 0.874014 0.309003
vt 0.858213 0.325344
vt 0.858153 0.331389
vt 0.868508 0.324206
vt 0.866592 0.328396
vt 0.869585 0.333903
vt 0.856956 0.334801
vt 0.872279 0.331928
vt 0.871381 0.324147
vt 0.874194 0.326242
vt 0.875152 0.320076
vt 0.877486 0.316545
vt 0.876169 0.313073
vt 0.880598 0.313133
vt 0.881017 0.309542
vt 0.881975 0.306130
vt 0.886344 0.307148
vt 0.888200 0.303736
vt 0.879162 0.298589
vt 0.874733 0.305711
vt 0.873775 0.300205
vt 0.928255 0.843867
vt 0.938669 0.837702
vt 0.933223 0.857993
vt 0.942321 0.847099
vt 0.935796 0.862662
vt 0.930230 0.871820
vt 0.928255 0.881157
vt 0.936814 0.883671
vt 0.941961 0.859430
vt 0.940704 0.877985
vt 0.939148 0.886604
vt 0.946570 0.866552
vt 0.948426 0.847279
vt 0.948665 0.868168
vt 0.950580 0.848716
vt 0.958421 0.842969
vt 0.950042 0.891691
vt 0.957943 0.868288
vt 0.956446 0.886364
vt 0.961833 0.873675
vt 0.960217 0.881097
vt 0.958960 0.895103
vt 0.317310 0.023189
vt 0.313898 0.019000
vt 0.316771 0.018760
vt 0.315754 0.024207
vt 0.318986 0.019000
vt 0.319106 0.018221
vt 0.321619 0.019119
vt 0.319524 0.024027
vt 0.321260 0.023369
vt 0.324193 0.023968
vt 0.324313 0.019179
vt 0.326647 0.019119
vt 0.321619 0.024446
vt 0.326887 0.023549
vt 0.330119 0.018281
vt 0.323714 0.026242
vt 0.320662 0.025643
vt 0.317669 0.025464
vt 0.315694 0.026362
vt 0.317908 0.026721
vt 0.316771 0.034023
vt 0.319345 0.026541
vt 0.313898 0.033844
vt 0.321320 0.026422
vt 0.319584 0.035280
vt 0.315514 0.037016
vt 0.315454 0.043720
vt 0.318327 0.043241
vt 0.317070 0.037495
vt 0.321500 0.043061
vt 0.322038 0.034981
vt 0.324373 0.043121
vt 0.324732 0.036358
vt 0.326946 0.038931
vt 0.327545 0.043001
vt 0.326647 0.031988
vt 0.328982 0.034682
vt 0.330717 0.043301
vt 0.325630 0.026003
vt 0.327844 0.026003
vt 0.330717 0.034083
vt 0.332693 0.043480
vt 0.332812 0.032766
vt 0.329640 0.025643
vt 0.330957 0.025105
vt 0.328563 0.024985
vt 0.330717 0.023369
vt 0.332992 0.023309
vt 0.333650 0.018341
vt 0.329221 0.022531
vt 0.287270 0.041192
vt 0.285414 0.045322
vt 0.284397 0.041432
vt 0.288347 0.043227
vt 0.283559 0.050949
vt 0.285833 0.052206
vt 0.292298 0.036643
vt 0.296907 0.043527
vt 0.286372 0.052924
vt 0.291819 0.051607
vt 0.301096 0.041791
vt 0.302054 0.036224
vt 0.288706 0.037721
vt 0.302413 0.033471
vt 0.307202 0.029940
vt 0.308339 0.027605
vt 0.297625 0.031196
vt 0.292717 0.035267
vt 0.287569 0.035446
vt 0.295111 0.031436
vt 0.285594 0.033172
vt 0.293196 0.029760
vt 0.292058 0.027785
vt 0.283559 0.031496
vt 0.027485 0.472118
vt 0.027485 0.468168
vt 0.029042 0.469365
vt 0.028683 0.472836
vt 0.026169 0.474452
vt 0.029281 0.466312
vt 0.027186 0.464995
vt 0.027126 0.475350
vt 0.024074 0.477086
vt 0.030418 0.472357
vt 0.030777 0.468168
vt 0.029940 0.464097
vt 0.026288 0.463319
vt 0.027964 0.460327
vt 0.031077 0.466252
vt 0.029820 0.461344
vt 0.032753 0.456376
vt 0.034608 0.458531
vt 0.031256 0.451648
vt 0.033710 0.447518
vt 0.035626 0.454461
vt 0.032094 0.468347
vt 0.036105 0.462242
vt 0.036524 0.459908
vt 0.035865 0.453024
vt 0.037122 0.465294
vt 0.038559 0.464576
vt 0.037421 0.459788
vt 0.036284 0.450810
vt 0.039636 0.455897
vt 0.042330 0.458890
vt 0.046041 0.466970
vt 0.044365 0.469843
vt 0.048854 0.468467
vt 0.042330 0.469484
vt 0.049692 0.473495
vt 0.048016 0.474392
vt 0.037182 0.471819
vt 0.047956 0.476308
vt 0.048854 0.477864
vt 0.037302 0.469903
vt 0.036703 0.467150
vt 0.031915 0.471340
vt 0.040474 0.474692
vt 0.041551 0.475590
vt 0.052924 0.480917
vt 0.035925 0.474572
vt 0.033471 0.476128
vt 0.030837 0.473973
vt 0.028144 0.476128
vt 0.025391 0.477684
vt 0.024672 0.479360
vt 0.021739 0.479839
vt 0.024134 0.480917
vt 0.027246 0.478223
vt 0.029940 0.479779
vt 0.031795 0.477864
vt 0.349544 0.983547
vt 0.351041 0.983187
vt 0.350442 0.986300
vt 0.352417 0.983427
vt 0.351220 0.981272
vt 0.351819 0.989173
vt 0.351759 0.991747
vt 0.350622 0.975047
vt 0.357744 0.982050
vt 0.357625 0.987437
vt 0.363131 0.990430
vt 0.359061 0.976005
vt 0.370254 0.972952
vt 0.369715 0.977561
vt 0.369596 0.981452
vt 0.366543 0.966787
vt 0.356787 0.968403
vt 0.350502 0.965710
vt 0.355470 0.957390
vt 0.349544 0.956672
vt 0.355230 0.956073
vt 0.362712 0.955834
vt 0.363550 0.960502
vt 0.363131 0.955774
vt 0.365346 0.963076
vt 0.371571 0.966308
vt 0.367620 0.957629
vt 0.368159 0.953559
vt 0.370074 0.959545
vt 0.372768 0.961400
vt 0.371810 0.959844
vt 0.369296 0.956253
vt 0.369536 0.952841
vt 0.140522 0.143634
vt 0.135494 0.139205
vt 0.141061 0.143036
vt 0.135015 0.139325
vt 0.134776 0.138188
vt 0.141599 0.146807
vt 0.135554 0.137529
vt 0.133699 0.131185
vt 0.140881 0.140941
vt 0.141779 0.137110
vt 0.143156 0.140342
vt 0.143215 0.142617
vt 0.153092 0.134477
vt 0.159855 0.134956
vt 0.143515 0.143216
vt 0.162489 0.140223
vt 0.144353 0.148602
vt 0.174879 0.143934
vt 0.149141 0.153750
vt 0.143096 0.148243
vt 0.143455 0.155486
vt 0.148183 0.159496
vt 0.145729 0.157042
vt 0.144712 0.158957
vt 0.139624 0.162609
vt 0.141959 0.169193
vt 0.142078 0.153032
vt 0.133878 0.174879
vt 0.141180 0.154109
vt 0.140342 0.152553
vt 0.138367 0.162369
vt 0.135973 0.153810
vt 0.136811 0.166020
vt 0.134058 0.170150
vt 0.133699 0.169612
vt 0.135973 0.152553
vt 0.134656 0.152553
vt 0.136572 0.150937
vt 0.136512 0.148962
vt 0.134776 0.147585
vt 0.820186 0.348698
vt 0.821323 0.347202
vt 0.826590 0.348100
vt 0.822640 0.333256
vt 0.827667 0.350853
vt 0.816175 0.365039
vt 0.828027 0.339182
vt 0.824196 0.377070
vt 0.834251 0.339122
vt 0.848617 0.337565
vt 0.838022 0.350434
vt 0.844846 0.340738
vt 0.844966 0.351332
vt 0.853046 0.347741
vt 0.835269 0.351931
vt 0.844128 0.352948
vt 0.850891 0.353128
vt 0.855620 0.346484
vt 0.846163 0.353128
vt 0.835089 0.377549
vt 0.846163 0.372820
vt 0.849993 0.380960
vt 0.827428 0.396523
vt 0.824914 0.395924
vt 0.823657 0.397540
vt 0.857236 0.380062
vt 0.860588 0.359891
vt 0.857894 0.391674
vt 0.843589 0.397061
vt 0.841434 0.392512
vt 0.853644 0.399815
vt 0.857834 0.400174
vt 0.840476 0.397301
vt 0.846881 0.399156
vt 0.855560 0.411127
vt 0.860588 0.403346
vt 0.859929 0.411726
vt 0.841554 0.410768
vt 0.841314 0.399455
vt 0.832815 0.411726
vt 0.833354 0.398977
vt 0.821742 0.409511
vt 0.824974 0.413282
vt 0.821802 0.418429
vt 0.830062 0.414180
vt 0.825273 0.415975
vt 0.824495 0.418789
vt 0.828505 0.417831
vt 0.977994 0.438613
vt 0.980029 0.440169
vt 0.971589 0.439391
vt 0.982543 0.450105
vt 0.970212 0.451003
vt 0.969793 0.437117
vt 0.982543 0.420836
vt 0.971888 0.408267
vt 0.966023 0.415988
vt 0.965663 0.440528
vt 0.964945 0.438374
vt 0.956565 0.418262
vt 0.951119 0.438134
vt 0.948365 0.428498
vt 0.949383 0.439631
vt 0.966202 0.448669
vt 0.966920 0.450824
vt 0.963928 0.443042
vt 0.952855 0.443042
vt 0.950819 0.443222
vt 0.832217 0.732594
vt 0.829942 0.732415
vt 0.832277 0.731996
vt 0.834252 0.732654
vt 0.832815 0.727387
vt 0.830900 0.727746
vt 0.828685 0.726968
vt 0.830601 0.726369
vt 0.832696 0.726010
vt 0.827967 0.732594
vt 0.830361 0.724334
vt 0.832516 0.724693
vt 0.828685 0.724274
vt 0.826890 0.727985
vt 0.825393 0.732654
vt 0.825393 0.727207
vt 0.823777 0.732474
vt 0.831379 0.718887
vt 0.832935 0.717032
vt 0.834671 0.715954
vt 0.833294 0.705959
vt 0.835449 0.706198
vt 0.831140 0.710867
vt 0.835509 0.704522
vt 0.829823 0.716433
vt 0.830361 0.705061
vt 0.832636 0.704582
vt 0.834013 0.703385
vt 0.835210 0.699255
vt 0.838382 0.700751
vt 0.830720 0.702846
vt 0.836706 0.698836
vt 0.832576 0.702367
vt 0.836107 0.694885
vt 0.839878 0.692671
vt 0.832157 0.698177
vt 0.837484 0.690875
vt 0.832815 0.691414
vt 0.829344 0.697878
vt 0.832097 0.691294
vt 0.827488 0.701709
vt 0.826291 0.696681
vt 0.826770 0.703145
vt 0.824496 0.701290
vt 0.822341 0.695604
vt 0.822101 0.696561
vt 0.814560 0.687044
vt 0.820485 0.690576
vt 0.821323 0.702307
vt 0.820126 0.697160
vt 0.825573 0.688122
vt 0.820126 0.688840
vt 0.829583 0.685668
vt 0.827548 0.685428
vt 0.818510 0.701829
vt 0.816894 0.697459
vt 0.816655 0.703624
vt 0.819767 0.704343
vt 0.817313 0.705540
vt 0.823598 0.704163
vt 0.820665 0.705420
vt 0.826591 0.705420
vt 0.824316 0.705420
vt 0.817792 0.715595
vt 0.814799 0.715416
vt 0.820006 0.714338
vt 0.818271 0.723915
vt 0.816116 0.724574
vt 0.820904 0.723855
vt 0.821682 0.714757
vt 0.823239 0.713081
vt 0.817493 0.725591
vt 0.815158 0.725531
vt 0.814560 0.726788
vt 0.820066 0.725352
vt 0.818031 0.726788
vt 0.816355 0.727866
vt 0.815218 0.732235
vt 0.818271 0.732055
vt 0.819887 0.726788
vt 0.819887 0.732175
vt 0.822939 0.725591
vt 0.822879 0.727626
vt 0.822700 0.731996
vt 0.824136 0.734031
vt 0.826291 0.725711
vt 0.824017 0.724035
vt 0.826650 0.724334
vt 0.828326 0.717211
vt 0.825393 0.719306
vt 0.823239 0.719426
vt 0.825214 0.713022
vt 0.826950 0.717092
vt 0.828386 0.710807
vt 0.829164 0.705540
vt 0.012090 0.975785
vt 0.010893 0.969201
vt 0.017477 0.968902
vt 0.019093 0.969620
vt 0.008858 0.981651
vt 0.018674 0.965251
vt 0.013407 0.961779
vt 0.018853 0.962976
vt 0.022864 0.962438
vt 0.033757 0.964652
vt 0.041419 0.960343
vt 0.027772 0.967944
vt 0.030345 0.968303
vt 0.039803 0.970698
vt 0.021667 0.971715
vt 0.017237 0.976324
vt 0.016579 0.985182
vt 0.019631 0.997752
vt 0.019332 0.985841
vt 0.019811 0.991108
vt 0.030944 0.998650
vt 0.026156 0.993502
vt 0.033278 0.993263
vt 0.029867 0.991527
vt 0.039743 0.987218
vt 0.025018 0.988534
vt 0.022624 0.981711
vt 0.032381 0.988594
vt 0.027293 0.986320
vt 0.038007 0.983387
vt 0.041419 0.976803
vt 0.031902 0.985123
vt 0.027652 0.981651
vt 0.033757 0.979377
vt 0.027233 0.976563
vt 0.024480 0.973990
vt 0.029926 0.973391
vt 0.036271 0.975965
vt 0.028789 0.970698
vt 0.033458 0.973092
vt 0.035912 0.971895
s 1
usemtl Material
f 2308/2611 2275/2612 2307/2613
f 2275/2612 2308/2611 2311/2614
f 2275/2612 2311/2614 2260/2615
f 2311/2614 2308/2611 2316/2616
f 2275/2612 2260/2615 2239/2617
f 2275/2612 2239/2617 2204/2618
f 2204/2618 2239/2617 2238/2619
f 2275/2612 2204/2618 2307/2613
f 2316/2616 2308/2611 2343/2620
f 2343/2620 2308/2611 2307/2613
f 2316/2616 2343/2620 2338/2621
f 2338/2621 2343/2620 2369/2622
f 2338/2621 2369/2622 2364/2623
f 2364/2623 2369/2622 2362/2624
f 2369/2622 2343/2620 2342/2625
f 2342/2625 2343/2620 2307/2613
f 2362/2624 2369/2622 2366/2626
f 2362/2624 2366/2626 2357/2627
f 2369/2622 2342/2625 2371/2628
f 2369/2622 2371/2628 2366/2626
f 2342/2625 2307/2613 2247/2629
f 2247/2629 2307/2613 2204/2618
f 2342/2625 2247/2629 2371/2628
f 2366/2626 2371/2628 2359/2630
f 2357/2627 2366/2626 2360/2631
f 2360/2631 2366/2626 2359/2630
f 2357/2627 2360/2631 2345/2632
f 2345/2632 2360/2631 2339/2633
f 2345/2632 2339/2633 2333/2634
f 2360/2631 2359/2630 2341/2635
f 2360/2631 2341/2635 2339/2633
f 2341/2635 2359/2630 2371/2628
f 2339/2633 2341/2635 2327/2636
f 2327/2636 2341/2635 2325/2637
f 2341/2635 2371/2628 2323/2638
f 2341/2635 2323/2638 2325/2637
f 2323/2638 2371/2628 2247/2629
f 2325/2637 2323/2638 2286/2639
f 2325/2637 2286/2639 2302/2640
f 2302/2640 2286/2639 2251/2641
f 2251/2641 2286/2639 2186/2642
f 2323/2638 2247/2629 2205/2643
f 2323/2638 2205/2643 2286/2639
f 2205/2643 2247/2629 2204/2618
f 2205/2643 2204/2618 2221/2644
f 2205/2643 2221/2644 2286/2639
f 2221/2644 2204/2618 2215/2645
f 2221/2644 2215/2645 2217/2646
f 2217/2646 2215/2645 2227/2647
f 2221/2644 2217/2646 2201/2648
f 2217/2646 2227/2647 2185/2649
f 2217/2646 2185/2649 2201/2648
f 2185/2649 2227/2647 2183/2650
f 2185/2649 2183/2650 2161/2651
f 2185/2649 2161/2651 2132/2652
f 2201/2648 2185/2649 2198/2653
f 2198/2653 2185/2649 2132/2652
f 2201/2648 2198/2653 2221/2644
f 2221/2644 2198/2653 2286/2639
f 2198/2653 2132/2652 2156/2654
f 2198/2653 2156/2654 2286/2639
f 2286/2639 2156/2654 2095/2655
f 2316/2656 2338/2657 2331/2658
f 2331/2658 2338/2657 2364/2659
f 2316/2656 2331/2658 2315/2660
f 2316/2656 2315/2660 2311/2661
f 2331/2658 2364/2659 2365/2662
f 2365/2662 2364/2659 2362/2663
f 2331/2658 2365/2662 2363/2664
f 2365/2662 2362/2663 2357/2665
f 2331/2658 2363/2664 2313/2666
f 2331/2658 2313/2666 2315/2660
f 2363/2664 2365/2662 2356/2667
f 2356/2667 2365/2662 2357/2665
f 2356/2667 2357/2665 2355/2668
f 2355/2668 2357/2665 2348/2669
f 2355/2668 2348/2669 2356/2667
f 2348/2669 2357/2665 2345/2670
f 2356/2667 2348/2669 2346/2671
f 2356/2667 2346/2671 2353/2672
f 2348/2669 2345/2670 2344/2673
f 2348/2669 2344/2673 2346/2671
f 2344/2673 2345/2670 2333/2674
f 2353/2672 2346/2671 2335/2675
f 2335/2675 2346/2671 2344/2673
f 2353/2672 2335/2675 2340/2676
f 2340/2676 2335/2675 2324/2677
f 2324/2677 2335/2675 2241/2678
f 2241/2678 2335/2675 2232/2679
f 2344/2673 2333/2674 2332/2680
f 2344/2673 2332/2680 2335/2675
f 2232/2679 2335/2675 2310/2681
f 2310/2681 2335/2675 2332/2680
f 2232/2679 2310/2681 2236/2682
f 2332/2680 2333/2674 2305/2683
f 2332/2680 2305/2683 2310/2681
f 2310/2681 2305/2683 2236/2682
f 2305/2683 2333/2674 2298/2684
f 2236/2682 2305/2683 2234/2685
f 2305/2683 2298/2684 2238/2686
f 2305/2683 2238/2686 2234/2685
f 2234/2685 2238/2686 2239/2687
f 2339/2688 2327/2689 2303/2690
f 2339/2688 2303/2690 2333/2691
f 2333/2691 2303/2690 2298/2692
f 2298/2692 2303/2690 2238/2693
f 2238/2693 2303/2690 2204/2694
f 2204/2694 2303/2690 2215/2695
f 2215/2695 2303/2690 2294/2696
f 2294/2696 2303/2690 2327/2689
f 2215/2695 2294/2696 2227/2697
f 2294/2696 2327/2689 2320/2698
f 2294/2696 2320/2698 2227/2697
f 2320/2698 2327/2689 2314/2699
f 2314/2699 2327/2689 2325/2700
f 2314/2699 2325/2700 2302/2701
f 2320/2698 2314/2699 2299/2702
f 2320/2698 2299/2702 2227/2697
f 2314/2699 2302/2701 2278/2703
f 2314/2699 2278/2703 2299/2702
f 2251/2704 2266/2705 2302/2701
f 2302/2701 2266/2705 2278/2703
f 2278/2703 2266/2705 2213/2706
f 2227/2697 2299/2702 2223/2707
f 2227/2697 2223/2707 2183/2708
f 2299/2702 2278/2703 2284/2709
f 2183/2708 2223/2707 2211/2710
f 2223/2707 2299/2702 2249/2711
f 2223/2707 2249/2711 2211/2710
f 2249/2711 2299/2702 2282/2712
f 2282/2712 2299/2702 2284/2709
f 2211/2710 2249/2711 2248/2713
f 2183/2708 2211/2710 2187/2714
f 2187/2714 2211/2710 2248/2713
f 2183/2708 2187/2714 2168/2715
f 2183/2708 2168/2715 2161/2716
f 2168/2715 2187/2714 2170/2717
f 2249/2711 2282/2712 2270/2718
f 2249/2711 2270/2718 2248/2713
f 2270/2718 2282/2712 2274/2719
f 2274/2719 2282/2712 2284/2709
f 2170/2717 2187/2714 2203/2720
f 2203/2720 2187/2714 2248/2713
f 2170/2717 2203/2720 2190/2721
f 2170/2717 2190/2721 2179/2722
f 2190/2721 2203/2720 2228/2723
f 2203/2720 2248/2713 2252/2724
f 2203/2720 2252/2724 2228/2723
f 2252/2724 2248/2713 2270/2718
f 2228/2723 2252/2724 2257/2725
f 2252/2724 2270/2718 2277/2726
f 2252/2724 2277/2726 2257/2725
f 2277/2726 2270/2718 2274/2719
f 2257/2725 2277/2726 2263/2727
f 2263/2727 2277/2726 2237/2728
f 2237/2728 2277/2726 2242/2729
f 2242/2729 2277/2726 2274/2719
f 2237/2728 2242/2729 2209/2730
f 2242/2729 2274/2719 2219/2731
f 2209/2730 2242/2729 2196/2732
f 2196/2732 2242/2729 2219/2731
f 2209/2730 2196/2732 2179/2733
f 2219/2731 2274/2719 2262/2734
f 2262/2734 2274/2719 2284/2709
f 2262/2734 2284/2709 2253/2735
f 2262/2734 2253/2735 2219/2731
f 2253/2735 2284/2709 2278/2703
f 2253/2735 2278/2703 2208/2736
f 2253/2735 2208/2736 2219/2731
f 2208/2736 2278/2703 2213/2706
f 2197/2737 2196/2732 2219/2731
f 2197/2737 2219/2731 2208/2736
f 2208/2736 2213/2706 2173/2738
f 2208/2736 2173/2738 2197/2737
f 2173/2738 2213/2706 2122/2739
f 2132/2740 2122/2739 2105/2741
f 2122/2739 2132/2740 2161/2742
f 2122/2739 2161/2742 2173/2738
f 2173/2738 2161/2742 2165/2743
f 2197/2737 2173/2738 2169/2744
f 2169/2744 2173/2738 2165/2743
f 2165/2743 2161/2742 2168/2745
f 2165/2743 2168/2745 2169/2744
f 2169/2744 2168/2745 2197/2737
f 2197/2737 2168/2745 2175/2746
f 2197/2737 2175/2746 2196/2732
f 2175/2746 2168/2745 2170/2747
f 2196/2732 2175/2746 2179/2733
f 2179/2733 2175/2746 2170/2747
f 2236/2748 2234/2749 2243/2750
f 2236/2748 2243/2750 2233/2751
f 2233/2751 2243/2750 2271/2752
f 2243/2750 2234/2749 2256/2753
f 2243/2750 2256/2753 2271/2752
f 2256/2753 2234/2749 2239/2754
f 2256/2753 2239/2754 2260/2755
f 2271/2752 2256/2753 2296/2756
f 2296/2756 2256/2753 2260/2755
f 2271/2752 2296/2756 2300/2757
f 2271/2752 2300/2757 2313/2666
f 2296/2756 2260/2755 2304/2758
f 2304/2758 2260/2755 2311/2661
f 2300/2757 2296/2756 2306/2759
f 2300/2757 2306/2759 2313/2666
f 2306/2759 2296/2756 2304/2758
f 2306/2759 2304/2758 2311/2661
f 2313/2666 2306/2759 2315/2660
f 2315/2660 2306/2759 2311/2661
f 2232/2760 2236/2761 2233/2762
f 2232/2760 2233/2762 2207/2763
f 2232/2760 2207/2763 2241/2764
f 2241/2764 2207/2763 2229/2765
f 2229/2765 2207/2763 2230/2766
f 2207/2763 2233/2762 2276/2767
f 2276/2767 2233/2762 2271/2768
f 2230/2766 2207/2763 2210/2769
f 2210/2769 2207/2763 2276/2767
f 2276/2767 2271/2768 2313/2770
f 2230/2766 2210/2769 2337/2771
f 2230/2766 2337/2771 2322/2772
f 2322/2772 2337/2771 2326/2773
f 2326/2773 2337/2771 2340/2774
f 2326/2773 2340/2774 2324/2775
f 2337/2771 2210/2769 2287/2776
f 2287/2776 2210/2769 2267/2777
f 2267/2777 2210/2769 2276/2767
f 2267/2777 2276/2767 2295/2778
f 2295/2778 2276/2767 2313/2770
f 2267/2777 2295/2778 2309/2779
f 2295/2778 2313/2770 2312/2780
f 2295/2778 2312/2780 2309/2779
f 2312/2780 2313/2770 2363/2781
f 2312/2780 2363/2781 2367/2782
f 2367/2782 2363/2781 2356/2783
f 2367/2782 2356/2783 2361/2784
f 2361/2784 2356/2783 2353/2785
f 2312/2780 2367/2782 2368/2786
f 2312/2780 2368/2786 2309/2779
f 2309/2779 2368/2786 2329/2787
f 2329/2787 2368/2786 2354/2788
f 2309/2779 2329/2787 2290/2789
f 2329/2787 2354/2788 2347/2790
f 2290/2789 2329/2787 2319/2791
f 2319/2791 2329/2787 2347/2790
f 2319/2791 2347/2790 2350/2792
f 2319/2791 2350/2792 2321/2793
f 2350/2792 2347/2790 2358/2794
f 2321/2793 2350/2792 2352/2795
f 2352/2795 2350/2792 2358/2794
f 2352/2795 2358/2794 2351/2796
f 2367/2797 2361/2798 2370/2799
f 2370/2799 2361/2798 2353/2800
f 2367/2797 2370/2799 2368/2801
f 2368/2801 2370/2799 2353/2800
f 2368/2801 2353/2800 2349/2802
f 2349/2802 2353/2800 2340/2803
f 2368/2801 2349/2802 2354/2804
f 2349/2802 2340/2803 2337/2805
f 2349/2802 2337/2805 2330/2806
f 2349/2802 2330/2806 2354/2804
f 2330/2806 2337/2805 2287/2807
f 2354/2804 2330/2806 2334/2808
f 2354/2804 2334/2808 2347/2809
f 2347/2809 2334/2808 2358/2810
f 2358/2810 2334/2808 2351/2811
f 2351/2811 2334/2808 2318/2812
f 2330/2806 2287/2807 2317/2813
f 2330/2806 2317/2813 2334/2808
f 2334/2808 2317/2813 2318/2812
f 2317/2813 2287/2807 2289/2814
f 2317/2813 2289/2814 2318/2812
f 2267/2815 2309/2816 2290/2817
f 2267/2815 2290/2817 2287/2818
f 2287/2818 2290/2817 2289/2819
f 2289/2819 2290/2817 2319/2820
f 2289/2819 2319/2820 2291/2821
f 2291/2821 2319/2820 2321/2822
f 2289/2819 2291/2821 2259/2823
f 2289/2819 2259/2823 2280/2824
f 2289/2819 2280/2824 2318/2825
f 2259/2823 2291/2821 2255/2826
f 2259/2823 2255/2826 2280/2824
f 2291/2821 2321/2822 2293/2827
f 2291/2821 2293/2827 2255/2826
f 2280/2824 2255/2826 2297/2828
f 2280/2824 2297/2828 2318/2825
f 2255/2826 2293/2827 2292/2829
f 2255/2826 2292/2829 2297/2828
f 2293/2827 2321/2822 2336/2830
f 2293/2827 2336/2830 2292/2829
f 2336/2830 2321/2822 2352/2831
f 2336/2830 2352/2831 2351/2832
f 2318/2825 2297/2828 2328/2833
f 2328/2833 2297/2828 2292/2829
f 2318/2825 2328/2833 2351/2832
f 2328/2833 2292/2829 2336/2830
f 2328/2833 2336/2830 2351/2832
f 2229/2834 2230/2835 2216/2836
f 2229/2834 2216/2836 2181/2837
f 2229/2834 2181/2837 2241/2838
f 2241/2838 2181/2837 2193/2839
f 2193/2839 2181/2837 2164/2840
f 2164/2840 2181/2837 2128/2841
f 2164/2840 2128/2841 2160/2842
f 2160/2842 2128/2841 2082/2843
f 2128/2841 2181/2837 2134/2844
f 2134/2844 2181/2837 2216/2836
f 2082/2843 2128/2841 2052/2845
f 2082/2843 2052/2845 2070/2846
f 2070/2846 2052/2845 1977/2847
f 2052/2845 2128/2841 2068/2848
f 2068/2848 2128/2841 2134/2844
f 2031/2849 1971/2850 2052/2845
f 2031/2849 2052/2845 2068/2848
f 2068/2848 2134/2844 2152/2851
f 2152/2851 2134/2844 2216/2836
f 2031/2849 2068/2848 2044/2852
f 2031/2849 2044/2852 2011/2853
f 2068/2848 2152/2851 2146/2854
f 2068/2848 2146/2854 2044/2852
f 2152/2851 2216/2836 2231/2855
f 2152/2851 2231/2855 2146/2854
f 2231/2855 2216/2836 2230/2835
f 2231/2855 2230/2835 2288/2856
f 2231/2855 2288/2856 2146/2854
f 2288/2856 2230/2835 2322/2857
f 2044/2852 2146/2854 2119/2858
f 2044/2852 2119/2858 2091/2859
f 2146/2854 2288/2856 2195/2860
f 2146/2854 2195/2860 2119/2858
f 2288/2856 2322/2857 2226/2861
f 2288/2856 2226/2861 2195/2860
f 2119/2858 2195/2860 2140/2862
f 2119/2858 2140/2862 2091/2859
f 2140/2862 2195/2860 2226/2861
f 2091/2859 2140/2862 2162/2863
f 2162/2863 2140/2862 2226/2861
f 2091/2859 2162/2863 2094/2864
f 2285/2865 2226/2861 2322/2857
f 2285/2865 2322/2857 2326/2866
f 2285/2865 2326/2866 2324/2867
f 2226/2861 2285/2865 2235/2868
f 2235/2868 2285/2865 2324/2867
f 2226/2861 2235/2868 2162/2863
f 2094/2864 2162/2863 2167/2869
f 2167/2869 2162/2863 2235/2868
f 2094/2864 2167/2869 2083/2870
f 2235/2868 2324/2867 2301/2871
f 2235/2868 2301/2871 2167/2869
f 2098/2872 2070/2873 2083/2870
f 2098/2872 2083/2870 2130/2874
f 2130/2874 2083/2870 2167/2869
f 2130/2874 2167/2869 2159/2875
f 2159/2875 2167/2869 2218/2876
f 2218/2876 2167/2869 2301/2871
f 2159/2875 2218/2876 2117/2877
f 2117/2877 2218/2876 2160/2878
f 2117/2877 2160/2878 2082/2879
f 2160/2878 2218/2876 2192/2880
f 2160/2878 2192/2880 2177/2881
f 2218/2876 2301/2871 2244/2882
f 2218/2876 2244/2882 2192/2880
f 2177/2881 2192/2880 2206/2883
f 2206/2883 2192/2880 2244/2882
f 2177/2881 2206/2883 2200/2884
f 2177/2881 2200/2884 2172/2885
f 2206/2883 2244/2882 2254/2886
f 2206/2883 2254/2886 2200/2884
f 2283/2887 2244/2882 2301/2871
f 2244/2882 2283/2887 2254/2886
f 2172/2885 2200/2884 2194/2888
f 2172/2885 2194/2888 2174/2889
f 2283/2887 2301/2871 2268/2890
f 2268/2890 2301/2871 2324/2867
f 2268/2890 2324/2867 2241/2891
f 2268/2890 2241/2891 2193/2892
f 2283/2887 2268/2890 2279/2893
f 2283/2887 2279/2893 2254/2886
f 2268/2890 2193/2892 2245/2894
f 2268/2890 2245/2894 2250/2895
f 2268/2890 2250/2895 2279/2893
f 2245/2894 2193/2892 2199/2896
f 2245/2894 2199/2896 2250/2895
f 2279/2893 2250/2895 2220/2897
f 2220/2897 2250/2895 2199/2896
f 2269/2898 2254/2886 2279/2893
f 2199/2896 2193/2892 2178/2899
f 2199/2896 2178/2899 2220/2897
f 2178/2899 2193/2892 2164/2900
f 2279/2893 2220/2897 2264/2901
f 2279/2893 2264/2901 2269/2898
f 2254/2886 2269/2898 2258/2902
f 2258/2902 2269/2898 2264/2901
f 2254/2886 2258/2902 2224/2903
f 2254/2886 2224/2903 2200/2884
f 2200/2884 2224/2903 2194/2888
f 2224/2903 2258/2902 2261/2904
f 2261/2904 2258/2902 2281/2905
f 2281/2905 2258/2902 2264/2901
f 2224/2903 2261/2904 2222/2906
f 2224/2903 2222/2906 2194/2888
f 2222/2906 2261/2904 2265/2907
f 2265/2907 2261/2904 2281/2905
f 2194/2888 2222/2906 2184/2908
f 2265/2907 2281/2905 2263/2909
f 2265/2907 2263/2909 2237/2910
f 2222/2906 2265/2907 2214/2911
f 2214/2911 2265/2907 2237/2910
f 2222/2906 2214/2911 2184/2908
f 2214/2911 2237/2910 2209/2912
f 2214/2911 2209/2912 2184/2908
f 2184/2908 2209/2912 2179/2913
f 2184/2908 2179/2913 2166/2914
f 2176/2915 2194/2888 2184/2908
f 2176/2915 2184/2908 2166/2914
f 2194/2888 2176/2915 2174/2889
f 2176/2915 2166/2914 2171/2916
f 2176/2915 2171/2916 2174/2889
f 2272/2917 2263/2909 2281/2905
f 2263/2909 2272/2917 2257/2918
f 2272/2917 2281/2905 2273/2919
f 2273/2919 2281/2905 2264/2901
f 2257/2918 2272/2917 2240/2920
f 2240/2920 2272/2917 2273/2919
f 2257/2918 2240/2920 2228/2921
f 2273/2919 2264/2901 2246/2922
f 2273/2919 2246/2922 2240/2920
f 2246/2922 2264/2901 2225/2923
f 2225/2923 2264/2901 2220/2897
f 2240/2920 2246/2922 2212/2924
f 2212/2924 2246/2922 2225/2923
f 2228/2921 2240/2920 2202/2925
f 2202/2925 2240/2920 2212/2924
f 2228/2921 2202/2925 2190/2926
f 2225/2923 2220/2897 2191/2927
f 2191/2927 2220/2897 2178/2899
f 2212/2924 2225/2923 2188/2928
f 2188/2928 2225/2923 2191/2927
f 2191/2927 2178/2899 2174/2929
f 2191/2927 2174/2929 2188/2928
f 2174/2929 2178/2899 2172/2930
f 2188/2928 2174/2929 2171/2931
f 2172/2930 2178/2899 2163/2932
f 2172/2930 2163/2932 2177/2933
f 2163/2932 2178/2899 2164/2900
f 2177/2933 2163/2932 2160/2934
f 2160/2934 2163/2932 2164/2900
f 2188/2928 2171/2931 2189/2935
f 2188/2928 2189/2935 2212/2924
f 2212/2924 2189/2935 2202/2925
f 2189/2935 2171/2931 2180/2936
f 2189/2935 2180/2936 2202/2925
f 2180/2936 2171/2931 2166/2937
f 2202/2925 2180/2936 2190/2926
f 2180/2936 2166/2937 2179/2938
f 2180/2936 2179/2938 2190/2926
f 2156/2939 2132/2940 2095/2941
f 2095/2941 2132/2940 2105/2942
f 2095/2941 2105/2942 2067/2943
f 2095/2941 2067/2943 2030/2944
f 2030/2944 2067/2943 2034/2945
f 2030/2944 2034/2945 1987/2946
f 2095/2941 2030/2944 2143/2947
f 2143/2947 2030/2944 1987/2946
f 2095/2941 2143/2947 2286/2948
f 2286/2948 2143/2947 2186/2949
f 2143/2947 1987/2946 2113/2950
f 2113/2950 1987/2946 2064/2951
f 2064/2951 1987/2946 2419/2952
f 2064/2951 2419/2952 2013/2953
f 2064/2951 2013/2953 2041/2954
f 2013/2953 2419/2952 2402/2955
f 2402/2955 2419/2952 2450/2956
f 2402/2955 2450/2956 2415/2957
f 2013/2953 2402/2955 1974/2958
f 1974/2958 2402/2955 2415/2957
f 2013/2953 1974/2958 2041/2954
f 1974/2958 2415/2957 2424/2959
f 1974/2958 2424/2959 1972/2960
f 1974/2958 1972/2960 2041/2954
f 2041/2954 1972/2960 2019/2961
f 2117/2962 2082/2963 2116/2964
f 2116/2964 2082/2963 2080/2965
f 2080/2965 2082/2963 2070/2966
f 2080/2965 2070/2966 2073/2967
f 2080/2965 2073/2967 2116/2964
f 2117/2962 2116/2964 2144/2968
f 2117/2962 2144/2968 2159/2969
f 2144/2968 2116/2964 2145/2970
f 2144/2968 2145/2970 2159/2969
f 2116/2964 2073/2967 2096/2971
f 2096/2971 2073/2967 2084/2972
f 2084/2972 2073/2967 2093/2973
f 2116/2964 2096/2971 2124/2974
f 2116/2964 2124/2974 2145/2970
f 2124/2974 2096/2971 2114/2975
f 2114/2975 2096/2971 2084/2972
f 2084/2972 2093/2973 2071/2976
f 2071/2976 2093/2973 2092/2977
f 2084/2972 2071/2976 2072/2978
f 2084/2972 2072/2978 2085/2979
f 2084/2972 2085/2979 2114/2975
f 2114/2975 2085/2979 2110/2980
f 2110/2980 2085/2979 2106/2981
f 2110/2980 2106/2981 2127/2982
f 2110/2980 2127/2982 2114/2975
f 2127/2982 2106/2981 2136/2983
f 2114/2975 2127/2982 2141/2984
f 2114/2975 2141/2984 2124/2974
f 2127/2982 2136/2983 2153/2985
f 2127/2982 2153/2985 2141/2984
f 2153/2985 2136/2983 2148/2986
f 2124/2974 2141/2984 2151/2987
f 2124/2974 2151/2987 2145/2970
f 2141/2984 2153/2985 2137/2988
f 2137/2988 2153/2985 2148/2986
f 2141/2984 2137/2988 2151/2987
f 2137/2988 2148/2986 2131/2989
f 2137/2988 2131/2989 2121/2990
f 2151/2987 2137/2988 2135/2991
f 2151/2987 2135/2991 2145/2970
f 2137/2988 2121/2990 2111/2992
f 2137/2988 2111/2992 2135/2991
f 2111/2992 2121/2990 2092/2993
f 2111/2992 2092/2993 2093/2994
f 2111/2992 2093/2994 2102/2995
f 2111/2992 2102/2995 2135/2991
f 2102/2995 2093/2994 2073/2996
f 2155/2997 2145/2970 2135/2991
f 2145/2970 2155/2997 2159/2969
f 2159/2969 2155/2997 2130/2998
f 2155/2997 2135/2991 2118/2999
f 2155/2997 2118/2999 2130/2998
f 2118/2999 2135/2991 2102/2995
f 2130/2998 2118/2999 2098/3000
f 2089/3001 2102/2995 2073/2996
f 2102/2995 2089/3001 2118/2999
f 2118/2999 2089/3001 2098/3000
f 2089/3001 2073/2996 2070/3002
f 2089/3001 2070/3002 2098/3000
f 2072/3003 2071/3004 2087/3005
f 2087/3005 2071/3004 2090/3006
f 2090/3006 2071/3004 2092/3007
f 2090/3006 2092/3007 2108/3008
f 2108/3008 2092/3007 2121/3009
f 2108/3008 2121/3009 2131/3010
f 2090/3006 2108/3008 2115/3011
f 2115/3011 2108/3008 2131/3010
f 2090/3006 2115/3011 2087/3005
f 2115/3011 2131/3010 2129/3012
f 2129/3012 2131/3010 2148/3013
f 2129/3012 2148/3013 2136/3014
f 2129/3012 2136/3014 2154/3015
f 2154/3015 2136/3014 2142/3016
f 2115/3011 2129/3012 2123/3017
f 2123/3017 2129/3012 2154/3015
f 2115/3011 2123/3017 2099/3018
f 2115/3011 2099/3018 2087/3005
f 2123/3017 2154/3015 2133/3019
f 2154/3015 2142/3016 2150/3020
f 2154/3015 2150/3020 2133/3019
f 2150/3020 2142/3016 2125/3021
f 2150/3020 2125/3021 2138/3022
f 2150/3020 2138/3022 2157/3023
f 2150/3020 2157/3023 2133/3019
f 2157/3023 2138/3022 2149/3024
f 2123/3017 2133/3019 2112/3025
f 2123/3017 2112/3025 2099/3018
f 2112/3025 2133/3019 2120/3026
f 2157/3023 2149/3024 2158/3027
f 2133/3019 2157/3023 2139/3028
f 2133/3019 2139/3028 2120/3026
f 2139/3028 2157/3023 2158/3027
f 2158/3027 2149/3024 2213/3029
f 2120/3026 2139/3028 2147/3030
f 2147/3030 2139/3028 2158/3027
f 2112/3025 2120/3026 2097/3031
f 2147/3030 2158/3027 2182/3032
f 2182/3032 2158/3027 2213/3029
f 2147/3030 2182/3032 2186/3033
f 2182/3032 2213/3029 2266/3034
f 2182/3032 2266/3034 2186/3033
f 2186/3033 2266/3034 2251/3035
f 2112/3025 2097/3031 2081/3036
f 2112/3025 2081/3036 2099/3018
f 2081/3036 2097/3031 2075/3037
f 2075/3037 2097/3031 2069/3038
f 2075/3037 2069/3038 2081/3036
f 2099/3018 2081/3036 2074/3039
f 2074/3039 2081/3036 2069/3038
f 2099/3018 2074/3039 2078/3040
f 2099/3018 2078/3040 2087/3005
f 2078/3040 2074/3039 2076/3041
f 2078/3040 2076/3041 2087/3005
f 2087/3005 2076/3041 2086/3042
f 2087/3005 2086/3042 2072/3003
f 2072/3003 2086/3042 2085/3043
f 2085/3043 2086/3042 2106/3044
f 2106/3044 2086/3042 2109/3045
f 2109/3045 2086/3042 2076/3041
f 2106/3044 2109/3045 2136/3046
f 2136/3046 2109/3045 2142/3047
f 2142/3047 2109/3045 2125/3048
f 2109/3045 2076/3041 2100/3049
f 2109/3045 2100/3049 2125/3048
f 2100/3049 2076/3041 2074/3039
f 2125/3048 2100/3049 2107/3050
f 2125/3048 2107/3050 2138/3051
f 2100/3049 2074/3039 2079/3052
f 2100/3049 2079/3052 2107/3050
f 2079/3052 2074/3039 2069/3038
f 2138/3051 2107/3050 2126/3053
f 2138/3051 2126/3053 2149/3054
f 2107/3050 2079/3052 2103/3055
f 2107/3050 2103/3055 2126/3053
f 2149/3054 2126/3053 2122/3056
f 2149/3054 2122/3056 2213/3057
f 2122/3056 2126/3053 2088/3058
f 2088/3058 2126/3053 2103/3055
f 2122/3056 2088/3058 2105/3059
f 2105/3059 2088/3058 2067/3060
f 2077/3061 2103/3055 2079/3052
f 2103/3055 2077/3061 2088/3058
f 2077/3061 2079/3052 2069/3038
f 2067/3060 2088/3058 2063/3062
f 2063/3062 2088/3058 2077/3061
f 2063/3062 2077/3061 2069/3038
f 2067/3060 2063/3062 2034/3063
f 2034/3063 2063/3062 2069/3038
f 2097/3064 2120/3065 2101/3066
f 2101/3066 2120/3065 2147/3067
f 2097/3064 2101/3066 2058/3068
f 2143/3069 2147/3067 2186/3070
f 2147/3067 2143/3069 2104/3071
f 2147/3067 2104/3071 2101/3066
f 2104/3071 2143/3069 2113/3072
f 2104/3071 2113/3072 2064/3073
f 2104/3071 2064/3073 2041/3074
f 2101/3066 2104/3071 2066/3075
f 2066/3075 2104/3071 2041/3074
f 2101/3066 2066/3075 2058/3068
f 2066/3075 2041/3074 2019/3076
f 2066/3075 2019/3076 2049/3077
f 2058/3068 2066/3075 2061/3078
f 2061/3078 2066/3075 2049/3077
f 2037/3079 2097/3064 2058/3068
f 2097/3064 2037/3079 2069/3080
f 2021/3081 2034/3082 2069/3080
f 2021/3081 2069/3080 2037/3079
f 2021/3081 2037/3079 2007/3083
f 2007/3083 2037/3079 2024/3084
f 2024/3084 2037/3079 2043/3085
f 2043/3085 2037/3079 2058/3068
f 2024/3084 2043/3085 2057/3086
f 2057/3086 2043/3085 2058/3068
f 2057/3086 2058/3068 2061/3078
f 2057/3086 2061/3078 2046/3087
f 2046/3087 2061/3078 2049/3077
f 2057/3086 2046/3087 2060/3088
f 2060/3088 2046/3087 2040/3089
f 2040/3089 2046/3087 2026/3090
f 2026/3090 2046/3087 2049/3077
f 2040/3089 2026/3090 2006/3091
f 2006/3091 2026/3090 1991/3092
f 2026/3090 2049/3077 2020/3093
f 2020/3093 2049/3077 2019/3076
f 1991/3092 2026/3090 2008/3094
f 2008/3094 2026/3090 2020/3093
f 2008/3094 2020/3093 1986/3095
f 1986/3095 2020/3093 2019/3076
f 2008/3094 1986/3095 1991/3092
f 1986/3095 2019/3076 2416/3096
f 1986/3095 2416/3096 1973/3097
f 1986/3095 1973/3097 1976/3098
f 1976/3098 1973/3097 1981/3099
f 1991/3092 1986/3095 1978/3100
f 1978/3100 1986/3095 1976/3098
f 1978/3100 1976/3098 1981/3099
f 1991/3092 1978/3100 1990/3101
f 1990/3101 1978/3100 1999/3102
f 1999/3102 1978/3100 1981/3099
f 1990/3101 1999/3102 2024/3103
f 2024/3103 1999/3102 2007/3104
f 2007/3104 1999/3102 1981/3099
f 2007/3104 1981/3099 2021/3105
f 1985/3106 1987/3107 2034/3108
f 1985/3106 2034/3108 2021/3109
f 1985/3106 2021/3109 1981/3110
f 1985/3106 1981/3110 1973/3111
f 1985/3106 1973/3111 2388/3112
f 1985/3106 2388/3112 1987/3107
f 2388/3112 1973/3111 2416/3113
f 1987/3107 2388/3112 2403/3114
f 1987/3107 2403/3114 2419/3115
f 2388/3112 2416/3113 2435/3116
f 2388/3112 2435/3116 2403/3114
f 2419/3115 2403/3114 2436/3117
f 2436/3117 2403/3114 2435/3116
f 2419/3115 2436/3117 2466/3118
f 2419/3115 2466/3118 2502/3119
f 2502/3119 2466/3118 2485/3120
f 2485/3120 2466/3118 2436/3117
f 2485/3120 2436/3117 2435/3116
f 2485/3120 2435/3116 2468/3121
f 2503/3122 2468/3121 2433/3123
f 2433/3123 2468/3121 2457/3124
f 2433/3123 2457/3124 2426/3125
f 2468/3121 2435/3116 2461/3126
f 2468/3121 2461/3126 2457/3124
f 2426/3125 2457/3124 2452/3127
f 2452/3127 2457/3124 2461/3126
f 2426/3125 2452/3127 2408/3128
f 2408/3128 2452/3127 2440/3129
f 2452/3127 2461/3126 2459/3130
f 2452/3127 2459/3130 2441/3131
f 2441/3131 2459/3130 2461/3126
f 2452/3127 2441/3131 2456/3132
f 2431/3133 2461/3126 2435/3116
f 2461/3126 2431/3133 2441/3131
f 2431/3133 2435/3116 2416/3113
f 2456/3132 2441/3131 2443/3134
f 2431/3133 2416/3113 2399/3135
f 2399/3135 2416/3113 2019/3136
f 2441/3131 2431/3133 2405/3137
f 2405/3137 2431/3133 2399/3135
f 2443/3134 2441/3131 2423/3138
f 2423/3138 2441/3131 2405/3137
f 2443/3134 2423/3138 2412/3139
f 2443/3134 2412/3139 2418/3140
f 2418/3140 2412/3139 2401/3141
f 2412/3139 2423/3138 2390/3142
f 2390/3142 2423/3138 2405/3137
f 2401/3141 2412/3139 2381/3143
f 2381/3143 2412/3139 2390/3142
f 2401/3141 2381/3143 2387/3144
f 2387/3144 2381/3143 2391/3145
f 2387/3144 2391/3145 2406/3146
f 2391/3145 2381/3143 2382/3147
f 2382/3147 2381/3143 2390/3142
f 2391/3145 2382/3147 2408/3148
f 2375/3149 2390/3142 2405/3137
f 2390/3142 2375/3149 2382/3147
f 2375/3149 2405/3137 2378/3150
f 2378/3150 2405/3137 2399/3135
f 2378/3150 2399/3135 2019/3136
f 2378/3150 2019/3136 2374/3151
f 2378/3150 2374/3151 2375/3149
f 2374/3151 2019/3136 1972/3152
f 2382/3147 2375/3149 2385/3153
f 2385/3153 2375/3149 2374/3151
f 2382/3147 2385/3153 2408/3148
f 2385/3153 2374/3151 2397/3154
f 2385/3153 2397/3154 2408/3148
f 2397/3154 2374/3151 1972/3152
f 2408/3148 2397/3154 2426/3155
f 2426/3155 2397/3154 2433/3156
f 2433/3156 2397/3154 2434/3157
f 2434/3157 2397/3154 1972/3152
f 2434/3157 1972/3152 2424/3158
f 2057/3159 2060/3160 2024/3161
f 2024/3161 2060/3160 2029/3162
f 2024/3161 2029/3162 1996/3163
f 2024/3161 1996/3163 1990/3164
f 2029/3162 2060/3160 2036/3165
f 2029/3162 2036/3165 1996/3163
f 2036/3165 2060/3160 2048/3166
f 2048/3166 2060/3160 2045/3167
f 2045/3167 2060/3160 2040/3168
f 2045/3167 2040/3168 2028/3169
f 2045/3167 2028/3169 2038/3170
f 2045/3167 2038/3170 2053/3171
f 2053/3171 2038/3170 2033/3172
f 2048/3166 2045/3167 2059/3173
f 2059/3173 2045/3167 2053/3171
f 2053/3171 2033/3172 2050/3174
f 2053/3171 2050/3174 2059/3173
f 2050/3174 2033/3172 2039/3175
f 2048/3166 2059/3173 2051/3176
f 2051/3176 2059/3173 2050/3174
f 2048/3166 2051/3176 2036/3165
f 2051/3176 2050/3174 2035/3177
f 2051/3176 2035/3177 2027/3178
f 2051/3176 2027/3178 2036/3165
f 2027/3178 2035/3177 2015/3179
f 2036/3165 2027/3178 2010/3180
f 2027/3178 2015/3179 2000/3181
f 2027/3178 2000/3181 2010/3180
f 2000/3181 2015/3179 1995/3182
f 2036/3165 2010/3180 1996/3163
f 2010/3180 2000/3181 1994/3183
f 2010/3180 1994/3183 1996/3163
f 2000/3181 1995/3182 1979/3184
f 2000/3181 1979/3184 1994/3183
f 1979/3184 1995/3182 1998/3185
f 1998/3185 1995/3182 1982/3186
f 1994/3183 1979/3184 1993/3187
f 1994/3183 1993/3187 1996/3163
f 1993/3187 1979/3184 1988/3188
f 1988/3188 1979/3184 1998/3185
f 1998/3185 1982/3186 2005/3189
f 1993/3187 1988/3188 2004/3190
f 1996/3163 1993/3187 1983/3191
f 1983/3191 1993/3187 2004/3190
f 1996/3163 1983/3191 1990/3164
f 1990/3164 1983/3191 1991/3192
f 1991/3192 1983/3191 2006/3193
f 2006/3193 1983/3191 2004/3190
f 2006/3193 2004/3190 2040/3194
f 2040/3194 2004/3190 2028/3195
f 2012/3196 2004/3190 1988/3188
f 2004/3190 2012/3196 2028/3195
f 2012/3196 1988/3188 1998/3185
f 2028/3195 2012/3196 2038/3197
f 2012/3196 1998/3185 2014/3198
f 2012/3196 2014/3198 2038/3197
f 2014/3198 1998/3185 2005/3189
f 2038/3197 2014/3198 2033/3199
f 2033/3199 2014/3198 2005/3189
f 2033/3199 2005/3189 2039/3200
f 2039/3200 2005/3189 2025/3201
f 2418/3202 2401/3203 2393/3204
f 2393/3204 2401/3203 2387/3205
f 2418/3202 2393/3204 2421/3206
f 2418/3202 2421/3206 2427/3207
f 2418/3202 2427/3207 2443/3208
f 2421/3206 2393/3204 2417/3209
f 2443/3208 2427/3207 2445/3210
f 2443/3208 2445/3210 2456/3211
f 2427/3207 2421/3206 2439/3212
f 2439/3212 2421/3206 2417/3209
f 2445/3210 2427/3207 2451/3213
f 2451/3213 2427/3207 2439/3212
f 2456/3211 2445/3210 2448/3214
f 2448/3214 2445/3210 2451/3213
f 2451/3213 2439/3212 2437/3215
f 2437/3215 2439/3212 2417/3209
f 2451/3213 2437/3215 2458/3216
f 2451/3213 2458/3216 2448/3214
f 2456/3211 2448/3214 2440/3217
f 2456/3211 2440/3217 2452/3218
f 2391/3219 2408/3220 2440/3217
f 2391/3219 2440/3217 2406/3221
f 2440/3217 2448/3214 2430/3222
f 2440/3217 2430/3222 2406/3221
f 2430/3222 2448/3214 2446/3223
f 2446/3223 2448/3214 2458/3216
f 2406/3221 2430/3222 2420/3224
f 2420/3224 2430/3222 2446/3223
f 2406/3221 2420/3224 2392/3225
f 2392/3225 2420/3224 2413/3226
f 2420/3224 2446/3223 2438/3227
f 2420/3224 2438/3227 2413/3226
f 2438/3227 2446/3223 2458/3216
f 2413/3226 2438/3227 2425/3228
f 2438/3227 2458/3216 2447/3229
f 2438/3227 2447/3229 2425/3228
f 2425/3228 2447/3229 2442/3230
f 2442/3230 2447/3229 2455/3231
f 2447/3229 2458/3216 2437/3215
f 2447/3229 2437/3215 2455/3231
f 2455/3231 2437/3215 2453/3232
f 2455/3231 2453/3232 2463/3233
f 2463/3233 2453/3232 2449/3234
f 2453/3232 2437/3215 2429/3235
f 2453/3232 2429/3235 2449/3234
f 2429/3235 2437/3215 2411/3236
f 2411/3236 2437/3215 2417/3209
f 2449/3234 2429/3235 2414/3237
f 2449/3234 2414/3237 1975/3238
f 2414/3237 2429/3235 2404/3239
f 2404/3239 2429/3235 2411/3236
f 2414/3237 2404/3239 2380/3240
f 2411/3236 2417/3209 2394/3241
f 2394/3241 2417/3209 2393/3204
f 2404/3239 2411/3236 2377/3242
f 2404/3239 2377/3242 2380/3240
f 2414/3237 2380/3240 2372/3243
f 2414/3237 2372/3243 1975/3238
f 2372/3243 2380/3240 2377/3242
f 1975/3238 2372/3243 2003/3244
f 1975/3238 2003/3244 2016/3245
f 2016/3245 2003/3244 2042/3246
f 2003/3244 2372/3243 2396/3247
f 2396/3247 2372/3243 2377/3242
f 2003/3244 2396/3247 2444/3248
f 2444/3248 2396/3247 2422/3249
f 2422/3249 2396/3247 2395/3250
f 2395/3250 2396/3247 2377/3242
f 2395/3250 2377/3242 2422/3249
f 2422/3249 2377/3242 2409/3251
f 2422/3249 2409/3251 2442/3252
f 2442/3252 2409/3251 2425/3253
f 2409/3251 2377/3242 2379/3254
f 2379/3254 2377/3242 2411/3236
f 2425/3253 2409/3251 2407/3255
f 2407/3255 2409/3251 2379/3254
f 2425/3253 2407/3255 2413/3256
f 2379/3254 2411/3236 2394/3241
f 2407/3255 2379/3254 2386/3257
f 2386/3257 2379/3254 2394/3241
f 2413/3256 2407/3255 2384/3258
f 2384/3258 2407/3255 2386/3257
f 2413/3256 2384/3258 2392/3259
f 2386/3257 2394/3241 2376/3260
f 2386/3257 2376/3260 2384/3258
f 2376/3260 2394/3241 2393/3204
f 2376/3260 2393/3204 2387/3205
f 2384/3258 2376/3260 2383/3261
f 2383/3261 2376/3260 2387/3205
f 2384/3258 2383/3261 2392/3259
f 2383/3261 2387/3205 2406/3262
f 2383/3261 2406/3262 2392/3259
f 2442/3263 2455/3264 2444/3265
f 2442/3263 2444/3265 2422/3266
f 2444/3265 2455/3264 2463/3267
f 2444/3265 2463/3267 2491/3268
f 2444/3265 2491/3268 2432/3269
f 2491/3268 2463/3267 2523/3270
f 2523/3270 2463/3267 2500/3271
f 2500/3271 2463/3267 2449/3272
f 2500/3271 2449/3272 2428/3273
f 2523/3270 2500/3271 2559/3274
f 2500/3271 2428/3273 2462/3275
f 2559/3274 2500/3271 2527/3276
f 2527/3276 2500/3271 2462/3275
f 2559/3274 2527/3276 2611/3277
f 2527/3276 2462/3275 2479/3278
f 2611/3277 2527/3276 2534/3279
f 2534/3279 2527/3276 2479/3278
f 2611/3277 2534/3279 2623/3280
f 2534/3279 2479/3278 2532/3281
f 2623/3280 2534/3279 2595/3282
f 2595/3282 2534/3279 2532/3281
f 2687/3283 2708/3284 2623/3280
f 2687/3283 2623/3280 2595/3282
f 2687/3283 2595/3282 2622/3285
f 2622/3285 2595/3282 2593/3286
f 2622/3285 2593/3286 2564/3287
f 2564/3287 2593/3286 2548/3288
f 2548/3288 2593/3286 2595/3282
s 0
f 2548/3288 2595/3282 2532/3281
s 1
f 2548/3288 2532/3281 2498/3289
f 2498/3289 2532/3281 2479/3278
f 2548/3288 2498/3289 2460/3290
f 2498/3289 2479/3278 2373/3291
f 2498/3289 2373/3291 2460/3290
f 2449/3292 1975/3293 2428/3294
f 2428/3294 1975/3293 1977/3295
f 2428/3294 1977/3295 2462/3296
f 2462/3296 1977/3295 1971/3297
f 1971/3297 1977/3295 2052/3298
f 2462/3296 1971/3297 2398/3299
f 2462/3296 2398/3299 2479/3300
f 2479/3300 2398/3299 2373/3301
f 1977/3295 1975/3293 1992/3302
f 1977/3295 1992/3302 2023/3303
f 1977/3295 2023/3303 2070/3304
f 2023/3303 1992/3302 2009/3305
f 2070/3304 2023/3303 2047/3306
f 2070/3304 2047/3306 2083/3307
f 2023/3303 2009/3305 2032/3308
f 2023/3303 2032/3308 2047/3306
f 2009/3305 1992/3302 1984/3309
f 1984/3309 1992/3302 1975/3293
f 2009/3305 1984/3309 2032/3308
f 2083/3307 2047/3306 2062/3310
f 2083/3307 2062/3310 2042/3311
f 2062/3310 2047/3306 2055/3312
f 2055/3312 2047/3306 2032/3308
f 2042/3311 2062/3310 2054/3313
f 2054/3313 2062/3310 2055/3312
f 2042/3311 2054/3313 2025/3314
f 2025/3314 2054/3313 2055/3312
f 2042/3311 2025/3314 2016/3315
f 2025/3314 2055/3312 2039/3316
f 2039/3316 2055/3312 2056/3317
f 2056/3317 2055/3312 2032/3308
f 2039/3316 2056/3317 2050/3318
f 2050/3318 2056/3317 2035/3319
f 2035/3319 2056/3317 2032/3308
f 2035/3319 2032/3308 2015/3320
f 2015/3320 2032/3308 2001/3321
f 2015/3320 2001/3321 1995/3322
f 1995/3322 2001/3321 1982/3323
f 2001/3321 2032/3308 1984/3309
f 2001/3321 1984/3309 1982/3323
f 1982/3323 1984/3309 2002/3324
f 1982/3323 2002/3324 2005/3325
f 2005/3325 2002/3324 2025/3326
f 2025/3326 2002/3324 2016/3327
f 2002/3324 1984/3309 1980/3328
f 2016/3327 2002/3324 1989/3329
f 1989/3329 2002/3324 1980/3328
f 1980/3328 1984/3309 1975/3293
f 2016/3327 1989/3329 1975/3293
f 1975/3293 1989/3329 1980/3328
f 2444/3330 2432/3331 2003/3332
f 2003/3332 2432/3331 2389/3333
f 2003/3332 2389/3333 2018/3334
f 2003/3332 2018/3334 2042/3335
f 2042/3335 2018/3334 2083/3336
f 2083/3336 2018/3334 2094/3337
f 2018/3334 2389/3333 1997/3338
f 2094/3337 2018/3334 2065/3339
f 2065/3339 2018/3334 1997/3338
f 2094/3337 2065/3339 2091/3340
f 1997/3338 2389/3333 2022/3341
f 1997/3338 2022/3341 2065/3339
f 2022/3341 2389/3333 2400/3342
f 2091/3340 2065/3339 2017/3343
f 2017/3343 2065/3339 2022/3341
f 2017/3343 2022/3341 2400/3342
f 2017/3343 2400/3342 2410/3344
f 2017/3343 2410/3344 2460/3345
f 2091/3340 2017/3343 2044/3346
f 2017/3343 2460/3345 2373/3347
f 2017/3343 2373/3347 2044/3346
f 2044/3346 2373/3347 2011/3348
f 2011/3348 2373/3347 2398/3349
f 2011/3348 2398/3349 1971/3350
f 2011/3348 1971/3350 2031/3351
f 2524/3352 2491/3353 2523/3354
f 2491/3353 2524/3352 2497/3355
f 2524/3352 2523/3354 2551/3356
f 2551/3356 2523/3354 2559/3357
f 2551/3356 2559/3357 2557/3358
f 2524/3352 2551/3356 2547/3359
f 2524/3352 2547/3359 2497/3355
f 2551/3356 2557/3358 2558/3360
f 2551/3356 2558/3360 2547/3359
f 2558/3360 2557/3358 2528/3361
f 2528/3361 2557/3358 2529/3362
f 2528/3361 2529/3362 2496/3363
f 2547/3359 2558/3360 2550/3364
f 2550/3364 2558/3360 2528/3361
f 2528/3361 2496/3363 2493/3365
f 2493/3365 2496/3363 2467/3366
f 2550/3364 2528/3361 2531/3367
f 2547/3359 2550/3364 2553/3368
f 2553/3368 2550/3364 2531/3367
f 2517/3369 2497/3355 2547/3359
f 2517/3369 2547/3359 2553/3368
f 2497/3355 2517/3369 2488/3370
f 2488/3370 2517/3369 2516/3371
f 2488/3370 2516/3371 2512/3372
f 2516/3371 2517/3369 2536/3373
f 2536/3373 2517/3369 2553/3368
f 2516/3371 2536/3373 2512/3372
f 2488/3370 2512/3372 2482/3374
f 2536/3373 2553/3368 2541/3375
f 2541/3375 2553/3368 2531/3367
f 2512/3372 2536/3373 2546/3376
f 2546/3376 2536/3373 2541/3375
f 2482/3374 2512/3372 2495/3377
f 2482/3374 2495/3377 2489/3378
f 2489/3378 2495/3377 2520/3379
f 2495/3377 2512/3372 2515/3380
f 2495/3377 2515/3380 2520/3379
f 2515/3380 2512/3372 2546/3376
f 2515/3380 2546/3376 2520/3379
f 2520/3379 2546/3376 2539/3381
f 2555/3382 2546/3376 2541/3375
f 2546/3376 2555/3382 2539/3381
f 2555/3382 2541/3375 2531/3367
f 2539/3381 2555/3382 2537/3383
f 2555/3382 2531/3367 2535/3384
f 2555/3382 2535/3384 2537/3383
f 2537/3383 2535/3384 2507/3385
f 2537/3383 2507/3385 2501/3386
f 2535/3384 2531/3367 2505/3387
f 2535/3384 2505/3387 2507/3385
f 2501/3386 2507/3385 2481/3388
f 2481/3388 2507/3385 2505/3387
f 2501/3386 2481/3388 2483/3389
f 2505/3387 2531/3367 2511/3390
f 2511/3390 2531/3367 2528/3361
f 2511/3390 2528/3361 2493/3365
f 2505/3387 2511/3390 2487/3391
f 2505/3387 2487/3391 2481/3388
f 2483/3389 2481/3388 2470/3392
f 2470/3392 2481/3388 2487/3391
f 2483/3389 2470/3392 2489/3393
f 2489/3393 2470/3392 2482/3394
f 2482/3394 2470/3392 2480/3395
f 2480/3395 2470/3392 2487/3391
f 2482/3394 2480/3395 2488/3396
f 2475/3397 2487/3391 2511/3390
f 2487/3391 2475/3397 2480/3395
f 2480/3395 2475/3397 2488/3396
f 2475/3397 2511/3390 2493/3365
f 2488/3396 2475/3397 2476/3398
f 2476/3398 2475/3397 2493/3365
f 2488/3396 2476/3398 2497/3399
f 2497/3399 2476/3398 2491/3400
f 2491/3400 2476/3398 2467/3366
f 2476/3398 2493/3365 2469/3401
f 2469/3401 2493/3365 2467/3366
f 2469/3401 2467/3366 2476/3398
f 2467/3402 2432/3403 2491/3404
f 2432/3403 2467/3402 2454/3405
f 2432/3403 2454/3405 2389/3406
f 2389/3406 2454/3405 2400/3407
f 2454/3405 2467/3402 2508/3408
f 2400/3407 2454/3405 2492/3409
f 2492/3409 2454/3405 2508/3408
f 2400/3407 2492/3409 2410/3410
f 2410/3410 2492/3409 2460/3411
f 2460/3411 2492/3409 2548/3412
f 2548/3412 2492/3409 2564/3413
f 2508/3408 2467/3402 2496/3414
f 2564/3413 2492/3409 2572/3415
f 2572/3415 2492/3409 2508/3408
f 2564/3413 2572/3415 2622/3416
f 2622/3416 2572/3415 2645/3417
f 2645/3417 2572/3415 2561/3418
f 2561/3418 2572/3415 2508/3408
f 2508/3408 2496/3414 2518/3419
f 2508/3408 2518/3419 2561/3418
f 2518/3419 2496/3414 2529/3420
f 2561/3418 2518/3419 2567/3421
f 2518/3419 2529/3420 2557/3422
f 2567/3421 2518/3419 2603/3423
f 2603/3423 2518/3419 2557/3422
f 2603/3423 2557/3422 2636/3424
f 2636/3424 2557/3422 2559/3425
f 2537/3426 2501/3427 2513/3428
f 2537/3426 2513/3428 2549/3429
f 2537/3426 2549/3429 2539/3430
f 2513/3428 2501/3427 2484/3431
f 2484/3431 2501/3427 2483/3432
f 2539/3430 2549/3429 2552/3433
f 2539/3430 2552/3433 2520/3434
f 2549/3429 2513/3428 2540/3435
f 2549/3429 2540/3435 2552/3433
f 2513/3428 2484/3431 2504/3436
f 2513/3428 2504/3436 2540/3435
f 2484/3431 2483/3432 2473/3437
f 2473/3437 2483/3432 2489/3438
f 2473/3437 2489/3438 2494/3439
f 2504/3436 2484/3431 2486/3440
f 2486/3440 2484/3431 2473/3437
f 2473/3437 2494/3439 2477/3441
f 2477/3441 2494/3439 2499/3442
f 2473/3437 2477/3441 2472/3443
f 2472/3443 2477/3441 2499/3442
f 2503/3444 2433/3445 2499/3442
f 2499/3442 2433/3445 2472/3443
f 2472/3443 2433/3445 2434/3446
f 2509/3447 2504/3436 2486/3440
f 2504/3436 2509/3447 2540/3435
f 2471/3448 2486/3440 2473/3437
f 2471/3448 2473/3437 2472/3443
f 2472/3443 2434/3446 2465/3449
f 2472/3443 2465/3449 2471/3448
f 2465/3449 2434/3446 2424/3450
f 2486/3440 2471/3448 2490/3451
f 2486/3440 2490/3451 2509/3447
f 2471/3448 2465/3449 2478/3452
f 2471/3448 2478/3452 2490/3451
f 2465/3449 2424/3450 2464/3453
f 2465/3449 2464/3453 2478/3452
f 2464/3453 2424/3450 2415/3454
f 2464/3453 2415/3454 2450/3455
f 2464/3453 2450/3455 2474/3456
f 2464/3453 2474/3456 2514/3457
f 2464/3453 2514/3457 2478/3452
f 2478/3452 2514/3457 2522/3458
f 2522/3458 2514/3457 2544/3459
f 2478/3452 2522/3458 2519/3460
f 2478/3452 2519/3460 2490/3451
f 2519/3460 2522/3458 2562/3461
f 2519/3460 2562/3461 2576/3462
f 2519/3460 2576/3462 2554/3463
f 2554/3463 2576/3462 2598/3464
f 2554/3463 2598/3464 2625/3465
f 2490/3451 2519/3460 2533/3466
f 2533/3466 2519/3460 2554/3463
f 2490/3451 2533/3466 2506/3467
f 2490/3451 2506/3467 2509/3447
f 2509/3447 2506/3467 2533/3466
f 2509/3447 2533/3466 2538/3468
f 2538/3468 2533/3466 2554/3463
f 2509/3447 2538/3468 2540/3435
f 2586/3469 2554/3463 2625/3465
f 2586/3469 2625/3465 2597/3470
f 2597/3470 2625/3465 2680/3471
f 2554/3463 2586/3469 2560/3472
f 2560/3472 2586/3469 2597/3470
f 2554/3463 2560/3472 2538/3468
f 2560/3472 2597/3470 2545/3473
f 2538/3468 2560/3472 2556/3474
f 2556/3474 2560/3472 2545/3473
f 2538/3468 2556/3474 2540/3435
f 2540/3435 2556/3474 2542/3475
f 2542/3475 2556/3474 2545/3473
f 2540/3435 2542/3475 2552/3433
f 2552/3433 2542/3475 2526/3476
f 2552/3433 2526/3476 2520/3434
f 2520/3434 2526/3476 2510/3477
f 2510/3477 2526/3476 2542/3475
f 2520/3434 2510/3477 2489/3478
f 2489/3478 2510/3477 2494/3479
f 2510/3477 2542/3475 2521/3480
f 2510/3477 2521/3480 2494/3479
f 2521/3480 2542/3475 2545/3473
f 2494/3479 2521/3480 2499/3481
f 2521/3480 2545/3473 2525/3482
f 2521/3480 2525/3482 2499/3481
f 2499/3483 2525/3484 2503/3485
f 2503/3485 2525/3484 2530/3486
f 2530/3486 2525/3484 2545/3487
f 2503/3485 2530/3486 2485/3488
f 2503/3485 2485/3488 2468/3489
f 2530/3486 2545/3487 2597/3490
f 2485/3488 2530/3486 2543/3491
f 2543/3491 2530/3486 2597/3490
f 2485/3488 2543/3491 2502/3492
f 2502/3492 2543/3491 2419/3493
f 2543/3491 2597/3490 2583/3494
f 2543/3491 2583/3494 2419/3493
f 2419/3493 2583/3494 2514/3495
f 2419/3493 2514/3495 2474/3496
f 2419/3493 2474/3496 2450/3497
f 2514/3495 2583/3494 2544/3498
f 2583/3494 2597/3490 2651/3499
f 2583/3494 2651/3499 2544/3498
f 2651/3499 2597/3490 2680/3500
f 2651/3499 2680/3500 2712/3501
f 2712/3501 2680/3500 2716/3502
f 2712/3501 2716/3502 2718/3503
f 2712/3501 2718/3503 2647/3504
f 2651/3499 2712/3501 2605/3505
f 2605/3505 2712/3501 2647/3504
f 2651/3499 2605/3505 2544/3498
f 2605/3505 2647/3504 2641/3506
f 2544/3498 2605/3505 2568/3507
f 2568/3507 2605/3505 2641/3506
f 2544/3498 2568/3507 2522/3508
f 2568/3507 2641/3506 2607/3509
f 2607/3509 2641/3506 2638/3510
f 2522/3508 2568/3507 2588/3511
f 2588/3511 2568/3507 2607/3509
f 2522/3508 2588/3511 2562/3512
f 2562/3512 2588/3511 2584/3513
f 2588/3511 2607/3509 2616/3514
f 2588/3511 2616/3514 2584/3513
f 2616/3514 2607/3509 2638/3510
f 2584/3513 2616/3514 2677/3515
f 2677/3515 2616/3514 2638/3510
f 2638/3516 2641/3517 2630/3518
f 2647/3519 2635/3520 2641/3517
f 2641/3517 2635/3520 2630/3518
f 2638/3516 2630/3518 2677/3521
f 2630/3518 2635/3520 2613/3522
f 2613/3522 2635/3520 2672/3523
f 2613/3522 2672/3523 2612/3524
f 2613/3522 2612/3524 2630/3518
f 2612/3524 2672/3523 2673/3525
f 2612/3524 2673/3525 2675/3526
f 2612/3524 2675/3526 2640/3527
f 2612/3524 2640/3527 2630/3518
f 2640/3527 2675/3526 2669/3528
f 2640/3527 2669/3528 2639/3529
f 2640/3527 2639/3529 2650/3530
f 2650/3530 2639/3529 2697/3531
f 2640/3527 2650/3530 2696/3532
f 2696/3532 2650/3530 2697/3531
f 2640/3527 2696/3532 2630/3518
f 2696/3532 2697/3531 2727/3533
f 2696/3532 2727/3533 2724/3534
f 2630/3518 2696/3532 2685/3535
f 2630/3518 2685/3535 2677/3521
f 2696/3532 2724/3534 2733/3536
f 2696/3532 2733/3536 2685/3535
f 2748/3537 2728/3538 2724/3534
f 2724/3534 2728/3538 2733/3536
f 2733/3536 2728/3538 2745/3539
f 2733/3536 2745/3539 2735/3540
f 2735/3540 2745/3539 2757/3541
f 2685/3535 2733/3536 2713/3542
f 2685/3535 2713/3542 2677/3521
f 2735/3540 2757/3541 2672/3543
f 2713/3542 2733/3536 2716/3544
f 2716/3544 2733/3536 2735/3540
f 2677/3521 2713/3542 2709/3545
f 2709/3545 2713/3542 2716/3544
f 2716/3544 2735/3540 2718/3546
f 2709/3545 2716/3544 2680/3547
f 2735/3540 2672/3543 2702/3548
f 2735/3540 2702/3548 2718/3546
f 2702/3548 2672/3543 2635/3549
f 2718/3546 2702/3548 2647/3550
f 2647/3550 2702/3548 2635/3549
f 2709/3545 2680/3547 2671/3551
f 2671/3551 2680/3547 2654/3552
f 2709/3545 2671/3551 2656/3553
f 2709/3545 2656/3553 2615/3554
f 2709/3545 2615/3554 2677/3521
f 2677/3521 2615/3554 2584/3555
f 2675/3556 2673/3557 2690/3558
f 2690/3558 2673/3557 2672/3559
f 2675/3556 2690/3558 2699/3560
f 2675/3556 2699/3560 2669/3561
f 2690/3558 2672/3559 2693/3562
f 2669/3561 2699/3560 2700/3563
f 2693/3562 2672/3559 2723/3564
f 2693/3562 2723/3564 2690/3558
f 2723/3564 2672/3559 2757/3565
f 2699/3560 2690/3558 2742/3566
f 2742/3566 2690/3558 2723/3564
f 2723/3564 2757/3565 2760/3567
f 2723/3564 2760/3567 2742/3566
f 2760/3567 2757/3565 2761/3568
f 2760/3567 2761/3568 2742/3566
f 2761/3568 2757/3565 2745/3569
f 2699/3560 2742/3566 2725/3570
f 2699/3560 2725/3570 2700/3563
f 2742/3566 2761/3568 2752/3571
f 2742/3566 2752/3571 2725/3570
f 2761/3568 2745/3569 2748/3572
f 2748/3572 2745/3569 2728/3573
f 2752/3571 2761/3568 2753/3574
f 2753/3574 2761/3568 2748/3572
f 2725/3570 2752/3571 2736/3575
f 2725/3570 2736/3575 2700/3563
f 2752/3571 2753/3574 2755/3576
f 2752/3571 2755/3576 2736/3575
f 2753/3574 2748/3572 2749/3577
f 2753/3574 2749/3577 2755/3576
f 2700/3563 2736/3575 2705/3578
f 2700/3563 2705/3578 2691/3579
f 2691/3579 2705/3578 2694/3580
f 2749/3577 2748/3572 2738/3581
f 2738/3581 2748/3572 2724/3582
f 2738/3581 2724/3582 2727/3583
f 2749/3577 2738/3581 2751/3584
f 2751/3584 2738/3581 2727/3583
f 2749/3577 2751/3584 2755/3576
f 2754/3585 2736/3575 2755/3576
f 2736/3575 2754/3585 2705/3578
f 2754/3585 2755/3576 2751/3584
f 2751/3584 2727/3583 2740/3586
f 2740/3586 2727/3583 2731/3587
f 2754/3585 2751/3584 2756/3588
f 2754/3585 2756/3588 2705/3578
f 2751/3584 2740/3586 2750/3589
f 2751/3584 2750/3589 2756/3588
f 2740/3586 2731/3587 2732/3590
f 2740/3586 2732/3590 2750/3589
f 2732/3590 2731/3587 2715/3591
f 2732/3590 2715/3591 2717/3592
f 2750/3589 2732/3590 2758/3593
f 2750/3589 2758/3593 2759/3594
f 2750/3589 2759/3594 2756/3588
f 2759/3594 2758/3593 2730/3595
f 2756/3588 2759/3594 2737/3596
f 2737/3596 2759/3594 2730/3595
f 2756/3588 2737/3596 2705/3578
f 2705/3578 2737/3596 2694/3580
f 2694/3580 2737/3596 2695/3597
f 2695/3597 2737/3596 2730/3595
f 2695/3597 2730/3595 2707/3598
f 2695/3597 2707/3598 2682/3599
f 2707/3598 2730/3595 2720/3600
f 2682/3599 2707/3598 2704/3601
f 2704/3601 2707/3598 2720/3600
f 2704/3601 2720/3600 2689/3602
f 2689/3602 2720/3600 2714/3603
f 2691/3604 2694/3605 2657/3606
f 2657/3606 2694/3605 2695/3607
f 2657/3606 2695/3607 2618/3608
f 2691/3604 2657/3606 2667/3609
f 2691/3604 2667/3609 2700/3610
f 2700/3610 2667/3609 2669/3611
f 2669/3611 2667/3609 2639/3612
f 2667/3609 2657/3606 2620/3613
f 2620/3613 2657/3606 2618/3608
f 2639/3612 2667/3609 2642/3614
f 2642/3614 2667/3609 2620/3613
f 2639/3612 2642/3614 2697/3615
f 2697/3615 2642/3614 2722/3616
f 2722/3616 2642/3614 2620/3613
f 2697/3615 2722/3616 2727/3617
f 2727/3617 2722/3616 2731/3618
f 2731/3618 2722/3616 2620/3613
f 2645/3619 2620/3613 2618/3608
f 2645/3619 2618/3608 2655/3620
f 2620/3613 2645/3619 2649/3621
f 2620/3613 2649/3621 2710/3622
f 2620/3613 2710/3622 2731/3618
f 2731/3618 2710/3622 2715/3623
f 2584/3624 2615/3625 2581/3626
f 2584/3624 2581/3626 2562/3627
f 2562/3627 2581/3626 2570/3628
f 2581/3626 2615/3625 2596/3629
f 2581/3626 2596/3629 2570/3628
f 2596/3629 2615/3625 2629/3630
f 2570/3628 2596/3629 2599/3631
f 2599/3631 2596/3629 2629/3630
f 2570/3628 2599/3631 2571/3632
f 2629/3630 2615/3625 2656/3633
f 2571/3632 2599/3631 2604/3634
f 2571/3632 2604/3634 2580/3635
f 2604/3634 2599/3631 2624/3636
f 2624/3636 2599/3631 2629/3630
f 2629/3630 2656/3633 2661/3637
f 2661/3637 2656/3633 2671/3638
f 2661/3637 2671/3638 2663/3639
f 2661/3637 2663/3639 2629/3630
f 2663/3639 2671/3638 2654/3640
f 2600/3641 2580/3635 2604/3634
f 2600/3641 2604/3634 2624/3636
f 2580/3635 2600/3641 2585/3642
f 2580/3635 2585/3642 2569/3643
f 2569/3643 2585/3642 2587/3644
f 2569/3643 2587/3644 2575/3645
f 2585/3642 2600/3641 2609/3646
f 2585/3642 2609/3646 2587/3644
f 2575/3645 2587/3644 2566/3647
f 2609/3646 2600/3641 2626/3648
f 2626/3648 2600/3641 2624/3636
f 2587/3644 2609/3646 2617/3649
f 2566/3647 2587/3644 2590/3650
f 2590/3650 2587/3644 2617/3649
f 2566/3647 2590/3650 2578/3651
f 2566/3647 2578/3651 2574/3652
f 2566/3647 2574/3652 2567/3653
f 2578/3651 2590/3650 2619/3654
f 2619/3654 2590/3650 2617/3649
f 2567/3653 2574/3652 2561/3655
f 2574/3652 2578/3651 2594/3656
f 2594/3656 2578/3651 2619/3654
f 2561/3655 2574/3652 2608/3657
f 2561/3655 2608/3657 2645/3658
f 2574/3652 2594/3656 2614/3659
f 2574/3652 2614/3659 2608/3657
f 2614/3659 2594/3656 2619/3654
f 2645/3658 2608/3657 2649/3660
f 2649/3660 2608/3657 2710/3661
f 2608/3657 2614/3659 2660/3662
f 2608/3657 2660/3662 2710/3661
f 2660/3662 2614/3659 2619/3654
f 2710/3661 2660/3662 2715/3663
f 2660/3662 2619/3654 2670/3664
f 2715/3663 2660/3662 2674/3665
f 2674/3665 2660/3662 2670/3664
f 2670/3664 2619/3654 2665/3666
f 2665/3666 2619/3654 2617/3649
f 2674/3665 2670/3664 2659/3667
f 2659/3667 2670/3664 2665/3666
f 2715/3663 2674/3665 2653/3668
f 2674/3665 2659/3667 2636/3669
f 2674/3665 2636/3669 2653/3668
f 2653/3668 2636/3669 2559/3670
f 2653/3668 2559/3670 2611/3671
f 2636/3669 2659/3667 2610/3672
f 2610/3672 2659/3667 2665/3666
f 2636/3669 2610/3672 2603/3673
f 2653/3668 2611/3671 2686/3674
f 2653/3668 2686/3674 2715/3663
f 2686/3674 2611/3671 2623/3675
f 2715/3663 2686/3674 2717/3676
f 2686/3674 2623/3675 2708/3677
f 2686/3674 2708/3677 2717/3676
f 2603/3673 2610/3672 2577/3678
f 2603/3673 2577/3678 2567/3679
f 2567/3679 2577/3678 2566/3680
f 2566/3680 2577/3678 2610/3672
f 2566/3680 2610/3672 2589/3681
f 2566/3680 2589/3681 2575/3682
f 2589/3681 2610/3672 2644/3683
f 2575/3682 2589/3681 2602/3684
f 2602/3684 2589/3681 2644/3683
f 2644/3683 2610/3672 2665/3666
f 2644/3683 2665/3666 2652/3685
f 2602/3684 2644/3683 2637/3686
f 2637/3686 2644/3683 2652/3685
f 2575/3682 2602/3684 2579/3687
f 2575/3682 2579/3687 2569/3688
f 2579/3687 2602/3684 2601/3689
f 2569/3688 2579/3687 2582/3690
f 2569/3688 2582/3690 2580/3691
f 2579/3687 2601/3689 2606/3692
f 2579/3687 2606/3692 2582/3690
f 2601/3689 2602/3684 2621/3693
f 2621/3693 2602/3684 2637/3686
f 2601/3689 2621/3693 2606/3692
f 2621/3693 2637/3686 2633/3694
f 2580/3691 2582/3690 2565/3695
f 2580/3691 2565/3695 2571/3696
f 2571/3696 2565/3695 2570/3697
f 2565/3695 2582/3690 2591/3698
f 2591/3698 2582/3690 2606/3692
f 2570/3697 2565/3695 2573/3699
f 2570/3697 2573/3699 2563/3700
f 2570/3697 2563/3700 2562/3701
f 2562/3701 2563/3700 2576/3702
f 2576/3702 2563/3700 2573/3699
f 2576/3702 2573/3699 2592/3703
f 2592/3703 2573/3699 2565/3695
f 2592/3703 2565/3695 2591/3698
f 2576/3702 2592/3703 2598/3704
f 2631/3705 2591/3698 2606/3692
f 2591/3698 2631/3705 2592/3703
f 2598/3704 2592/3703 2628/3706
f 2628/3706 2592/3703 2631/3705
f 2598/3704 2628/3706 2625/3707
f 2625/3707 2628/3706 2654/3640
f 2625/3707 2654/3640 2680/3708
f 2654/3640 2628/3706 2663/3639
f 2663/3639 2628/3706 2631/3705
f 2663/3639 2631/3705 2664/3709
f 2663/3639 2664/3709 2629/3630
f 2629/3630 2664/3709 2624/3636
f 2664/3709 2631/3705 2634/3710
f 2634/3710 2631/3705 2606/3692
f 2624/3636 2664/3709 2643/3711
f 2643/3711 2664/3709 2634/3710
f 2624/3636 2643/3711 2648/3712
f 2624/3636 2648/3712 2626/3648
f 2643/3711 2634/3710 2658/3713
f 2634/3710 2606/3692 2632/3714
f 2634/3710 2632/3714 2658/3713
f 2632/3714 2606/3692 2621/3693
f 2632/3714 2621/3693 2633/3694
f 2632/3714 2633/3694 2662/3715
f 2632/3714 2662/3715 2658/3713
f 2662/3715 2633/3694 2637/3686
f 2643/3711 2658/3713 2666/3716
f 2666/3716 2658/3713 2662/3715
f 2643/3711 2666/3716 2648/3712
f 2662/3715 2637/3686 2652/3685
f 2662/3715 2652/3685 2666/3716
f 2648/3712 2666/3716 2646/3717
f 2648/3712 2646/3717 2626/3648
f 2646/3717 2666/3716 2652/3685
f 2626/3648 2646/3717 2609/3646
f 2646/3717 2652/3685 2627/3718
f 2646/3717 2627/3718 2609/3646
f 2627/3718 2652/3685 2665/3666
f 2609/3646 2627/3718 2617/3649
f 2617/3649 2627/3718 2665/3666
f 2717/3719 2708/3720 2687/3721
f 2717/3719 2687/3721 2688/3722
f 2717/3719 2688/3722 2732/3723
f 2688/3722 2687/3721 2655/3724
f 2655/3724 2687/3721 2622/3725
f 2655/3724 2622/3725 2645/3726
f 2688/3722 2655/3724 2618/3727
f 2682/3728 2618/3727 2695/3729
f 2618/3727 2682/3728 2688/3722
f 2688/3722 2682/3728 2683/3730
f 2683/3730 2682/3728 2684/3731
f 2684/3731 2682/3728 2704/3732
f 2688/3722 2683/3730 2701/3733
f 2701/3733 2683/3730 2684/3731
f 2711/3734 2732/3723 2688/3722
f 2711/3734 2688/3722 2701/3733
f 2732/3723 2711/3734 2729/3735
f 2732/3723 2729/3735 2758/3736
f 2729/3735 2711/3734 2726/3737
f 2726/3737 2711/3734 2701/3733
f 2758/3736 2729/3735 2743/3738
f 2743/3738 2729/3735 2726/3737
f 2758/3736 2743/3738 2730/3739
f 2730/3739 2743/3738 2739/3740
f 2739/3740 2743/3738 2726/3737
f 2730/3739 2739/3740 2720/3741
f 2720/3741 2739/3740 2744/3742
f 2720/3741 2744/3742 2714/3743
f 2739/3740 2726/3737 2747/3744
f 2739/3740 2747/3744 2744/3742
f 2747/3744 2726/3737 2721/3745
f 2721/3745 2726/3737 2701/3733
f 2744/3742 2747/3744 2741/3746
f 2744/3742 2741/3746 2714/3743
f 2741/3746 2747/3744 2746/3747
f 2746/3747 2747/3744 2721/3745
f 2714/3743 2741/3746 2706/3748
f 2714/3743 2706/3748 2689/3749
f 2741/3746 2746/3747 2734/3750
f 2741/3746 2734/3750 2706/3748
f 2746/3747 2721/3745 2719/3751
f 2746/3747 2719/3751 2734/3750
f 2734/3750 2719/3751 2703/3752
f 2734/3750 2703/3752 2706/3748
f 2719/3751 2721/3745 2698/3753
f 2719/3751 2698/3753 2703/3752
f 2698/3753 2721/3745 2692/3754
f 2692/3754 2721/3745 2701/3733
f 2703/3752 2698/3753 2676/3755
f 2676/3755 2698/3753 2692/3754
f 2706/3748 2703/3752 2678/3756
f 2678/3756 2703/3752 2676/3755
f 2706/3748 2678/3756 2689/3749
f 2692/3754 2701/3733 2681/3757
f 2692/3754 2681/3757 2676/3755
f 2681/3757 2701/3733 2684/3731
f 2678/3756 2676/3755 2668/3758
f 2668/3758 2676/3755 2681/3757
f 2689/3749 2678/3756 2679/3759
f 2679/3759 2678/3756 2668/3758
f 2679/3759 2668/3758 2681/3757
f 2679/3759 2681/3757 2684/3731
f 2689/3749 2679/3759 2704/3732
f 2704/3732 2679/3759 2684/3731
o tripo_part_3
v 0.126135 0.058775 0.251532
v 0.126741 0.131429 0.288023
v 0.127839 0.053479 0.245840
v 0.128163 0.059948 0.238692
v 0.129839 0.019502 0.300166
v 0.130035 0.038060 0.298972
v 0.130523 0.039577 0.228274
v 0.130615 0.051131 0.227438
v 0.130831 0.038358 0.227049
v 0.130938 0.050971 0.299797
v 0.131544 0.060003 0.223570
v 0.131735 0.036698 0.301977
v 0.132988 0.121907 0.297318
v 0.133403 0.051875 0.297091
v 0.133987 0.079841 0.297568
v 0.134203 0.058867 0.222700
v 0.134203 0.053800 0.222910
v 0.134279 0.121019 0.292425
v 0.134662 0.111432 0.299624
v 0.134663 0.056175 0.297427
v 0.134685 0.080544 0.292593
v 0.134803 0.106832 0.294283
v 0.134818 0.038125 0.287965
v 0.134885 0.050775 0.287819
v 0.135869 0.123021 0.301655
v 0.136528 0.052306 0.290178
v 0.136734 0.052066 0.300890
v 0.136844 0.056681 0.291562
v 0.136874 0.020173 0.228419
v 0.137345 0.078748 0.300860
v 0.137393 0.110990 0.291070
v 0.137800 0.106252 0.300183
v 0.138247 0.019509 0.284345
v 0.138764 0.038457 0.229781
v 0.138995 0.056657 0.300253
v 0.139155 0.036470 0.305146
v 0.140469 0.111417 0.301115
v 0.140678 0.107991 0.292059
v 0.141155 0.129750 0.303210
v 0.141456 0.080215 0.300595
v 0.141559 0.083989 0.290539
v 0.141607 0.132280 0.298888
v 0.141870 0.122163 0.301508
v 0.142150 0.050676 0.304436
v 0.142486 0.057379 0.292259
v 0.142850 0.052171 0.300064
v 0.143039 0.122369 0.292215
v 0.143283 0.107255 0.296692
v 0.143463 0.056214 0.297333
v 0.143743 0.038037 0.306231
v 0.143833 0.039174 0.303780
v 0.144281 0.052051 0.292711
v 0.144287 0.113164 0.296942
v 0.144540 0.080015 0.296793
v 0.145088 0.019399 0.231333
v 0.145511 0.050849 0.290571
v 0.146875 0.050710 0.294293
v 0.147235 0.039436 0.290728
v 0.147857 0.130288 0.295336
v 0.148191 0.020402 0.308583
v 0.148206 0.037507 0.230959
v 0.149213 0.038129 0.290597
v 0.152139 0.056353 0.315630
v 0.152339 0.062695 0.315291
v 0.155549 0.038419 0.312312
v 0.155643 0.053590 0.312113
v 0.157505 0.038884 0.302931
v 0.159923 0.131993 0.309901
v 0.160816 0.062126 0.286164
v 0.161022 0.055896 0.282257
v 0.162078 0.123334 0.313753
v 0.163742 0.132299 0.305243
v 0.164188 0.122460 0.310950
v 0.164928 0.114499 0.308897
v 0.165161 0.038961 0.275579
v 0.165184 0.080805 0.312922
v 0.165191 0.109265 0.309016
v 0.165359 0.062946 0.312853
v 0.165493 0.053653 0.276750
v 0.165676 0.107164 0.312022
v 0.165733 0.112146 0.313998
v 0.166099 0.082770 0.306742
v 0.166244 0.062892 0.307482
v 0.167343 0.038518 0.236250
v 0.167835 0.123243 0.303820
v 0.168907 0.109674 0.306591
v 0.169414 0.080553 0.316519
v 0.170188 0.062665 0.251213
v 0.170394 0.111619 0.316206
v 0.170505 0.106069 0.315245
v 0.170532 0.130094 0.305828
v 0.170585 0.123052 0.317313
v 0.170959 0.054151 0.319388
v 0.171134 0.121125 0.305298
v 0.171447 0.020696 0.318690
v 0.171615 0.037450 0.319430
v 0.172157 0.038926 0.252600
v 0.172477 0.054355 0.317904
v 0.172630 0.038907 0.318346
v 0.172691 0.063167 0.315337
v 0.172760 0.062719 0.325156
v 0.173145 0.056812 0.325236
v 0.173175 0.080005 0.306162
v 0.173286 0.062919 0.306750
v 0.174217 0.106500 0.309527
v 0.174526 0.020562 0.237261
v 0.174530 0.111402 0.313444
v 0.174968 0.056445 0.234572
v 0.175014 0.062766 0.234755
v 0.175060 0.112149 0.308585
v 0.175136 0.080192 0.312804
v 0.176189 0.123212 0.308007
v 0.176227 0.038884 0.238367
v 0.176673 0.062856 0.311621
v 0.176776 0.054090 0.237330
v 0.177417 0.037957 0.237360
v 0.181121 0.039037 0.289456
v 0.181846 0.062948 0.273947
v 0.181880 0.130033 0.323092
v 0.182716 0.038240 0.323031
v 0.184375 0.050563 0.274852
v 0.184848 0.133226 0.320101
v 0.185161 0.123693 0.325331
v 0.185920 0.055555 0.273474
v 0.186546 0.132493 0.315550
v 0.188644 0.132272 0.324751
v 0.188652 0.062867 0.268375
v 0.189132 0.038518 0.263301
v 0.190429 0.039476 0.253373
v 0.190574 0.020055 0.327677
v 0.193290 0.038297 0.329008
v 0.193565 0.054362 0.241198
v 0.193748 0.038716 0.241091
v 0.193824 0.033891 0.329302
v 0.194915 0.054359 0.331339
v 0.195388 0.054338 0.322733
v 0.196510 0.080425 0.324030
v 0.196609 0.034867 0.334151
v 0.196640 0.111657 0.324015
v 0.196716 0.123319 0.329348
v 0.196945 0.077908 0.329432
v 0.196983 0.056694 0.327654
v 0.196990 0.123292 0.322581
v 0.197242 0.038282 0.318106
v 0.197654 0.062973 0.234675
v 0.197700 0.056862 0.234637
v 0.197784 0.112256 0.330244
v 0.198120 0.107419 0.329184
v 0.198524 0.106824 0.322920
v 0.198776 0.054080 0.318083
v 0.198783 0.038205 0.266016
v 0.199363 0.056378 0.321398
v 0.200157 0.124211 0.332350
v 0.200691 0.081146 0.320639
v 0.200729 0.056876 0.330984
v 0.201271 0.115220 0.331988
v 0.201705 0.112867 0.321181
v 0.201881 0.053788 0.333826
v 0.203079 0.080679 0.331324
v 0.203529 0.130719 0.321780
v 0.203796 0.123704 0.331808
v 0.205024 0.049394 0.333681
v 0.205268 0.107041 0.327963
v 0.205276 0.034310 0.334044
v 0.205528 0.111264 0.323580
v 0.205642 0.058007 0.323878
v 0.205909 0.112256 0.328509
v 0.205963 0.080021 0.322928
v 0.206001 0.051099 0.318976
v 0.206329 0.058923 0.327628
v 0.206573 0.123761 0.322352
v 0.206977 0.020112 0.244120
v 0.208274 0.048438 0.320849
v 0.208534 0.038823 0.319064
v 0.209716 0.037965 0.244635
v 0.210533 0.057063 0.302952
v 0.210929 0.133500 0.334898
v 0.212799 0.134210 0.329932
v 0.214935 0.019609 0.320135
v 0.215492 0.058108 0.290350
v 0.216209 0.038968 0.290907
v 0.217201 0.047889 0.289117
v 0.217689 0.050601 0.276472
v 0.218803 0.019616 0.339613
v 0.219017 0.124337 0.341734
v 0.219932 0.049112 0.340582
v 0.220809 0.038011 0.341086
v 0.221328 0.019776 0.247279
v 0.221427 0.038678 0.247147
v 0.221778 0.057033 0.261370
v 0.222724 0.131505 0.342818
v 0.222969 0.049907 0.337694
v 0.223495 0.057878 0.338435
v 0.225227 0.058043 0.285113
v 0.226058 0.037950 0.346564
v 0.226234 0.053338 0.346884
v 0.226562 0.033509 0.345244
v 0.226867 0.038617 0.320723
v 0.227455 0.038938 0.248152
v 0.227745 0.048555 0.248144
v 0.227943 0.050588 0.239535
v 0.228111 0.057902 0.239432
v 0.228599 0.057917 0.320078
v 0.229621 0.079415 0.344344
v 0.229652 0.054540 0.341696
v 0.229682 0.124074 0.340124
v 0.230072 0.112157 0.339972
v 0.230171 0.038106 0.333086
v 0.230590 0.081720 0.338099
v 0.230705 0.113038 0.345869
v 0.230712 0.053409 0.333384
v 0.230751 0.106153 0.339796
v 0.230751 0.124021 0.345984
v 0.231575 0.048225 0.299319
v 0.232925 0.056984 0.346907
v 0.233055 0.109170 0.347311
v 0.233497 0.106481 0.345702
v 0.234046 0.135057 0.340529
v 0.234573 0.055932 0.337115
v 0.234603 0.035104 0.351340
v 0.234817 0.019483 0.349722
v 0.234863 0.124440 0.335821
v 0.234924 0.111585 0.336806
v 0.235160 0.038041 0.290763
v 0.235603 0.050458 0.294371
v 0.235916 0.132630 0.337729
v 0.236038 0.133927 0.348257
v 0.236824 0.057755 0.288624
v 0.237106 0.084685 0.337019
v 0.237289 0.054443 0.346243
v 0.237815 0.021470 0.249985
v 0.238067 0.036756 0.351279
v 0.238319 0.079429 0.346236
v 0.238349 0.124330 0.347311
v 0.238502 0.112615 0.346251
v 0.238510 0.021955 0.317610
v 0.238662 0.124574 0.337591
v 0.238861 0.125398 0.351202
v 0.239219 0.038690 0.272295
v 0.239402 0.110810 0.340979
v 0.239860 0.022847 0.351935
v 0.239990 0.058270 0.341971
v 0.240112 0.053422 0.349379
v 0.240997 0.038251 0.335753
v 0.242012 0.053165 0.336668
v 0.242446 0.038434 0.339693
v 0.243019 0.023675 0.327486
v 0.243721 0.038190 0.354559
v 0.244140 0.047959 0.250260
v 0.244476 0.038373 0.250128
v 0.246391 0.133897 0.344885
v 0.246849 0.023832 0.356589
v 0.247123 0.058025 0.249253
v 0.247215 0.023934 0.250029
v 0.247268 0.049705 0.248659
v 0.247283 0.038079 0.286558
v 0.250610 0.022405 0.273123
v 0.251770 0.038694 0.361403
v 0.252014 0.021333 0.349371
v 0.253616 0.135743 0.353308
v 0.255020 0.124524 0.358946
v 0.255157 0.018384 0.342291
v 0.255187 0.133798 0.358290
v 0.255538 0.018598 0.291899
v 0.255889 0.018617 0.249691
v 0.256668 0.017289 0.344519
v 0.257003 0.038945 0.343726
v 0.257369 0.135949 0.351675
v 0.257690 0.132737 0.348158
v 0.264739 0.018312 0.345488
v 0.265350 0.038571 0.249720
v 0.265579 0.038621 0.263713
v 0.273620 0.040111 0.347182
v 0.274505 0.018510 0.301142
v 0.274932 0.018598 0.249564
v 0.277160 0.017957 0.349432
v 0.278091 0.037824 0.249426
v 0.278503 0.038713 0.264551
v 0.281723 0.039693 0.317297
v 0.287063 0.039029 0.261555
v 0.288192 0.039155 0.290333
v 0.293640 0.039624 0.249007
v 0.125045 0.122331 0.296439
v 0.124030 0.050840 0.249897
v 0.120724 0.039264 0.264012
v 0.120401 0.053359 0.273224
v 0.119577 0.059647 0.241606
v 0.119084 0.058678 0.275187
v 0.117122 0.122064 0.279789
v 0.114125 0.050563 0.223486
v 0.113941 0.038755 0.223326
v 0.113254 0.059654 0.221571
v 0.113059 0.129579 0.289210
v 0.112866 0.053216 0.219172
v 0.112804 0.052804 0.298985
v 0.112678 0.058389 0.219221
v 0.112527 0.018926 0.223444
v 0.112442 0.058668 0.298943
v 0.112384 0.050038 0.292460
v 0.112280 0.037992 0.293549
v 0.112274 0.038396 0.223902
v 0.111919 0.078235 0.278976
v 0.111831 0.110623 0.280784
v 0.111778 0.128083 0.277835
v 0.111679 0.121648 0.277679
v 0.111396 0.059347 0.279161
v 0.111251 0.018846 0.292034
v 0.111211 0.121419 0.284974
v 0.111163 0.049640 0.293429
v 0.111104 0.077824 0.283379
v 0.111002 0.105302 0.279998
v 0.110849 0.112023 0.284614
v 0.110257 0.112023 0.276863
v 0.110223 0.107206 0.284383
v 0.110134 0.059356 0.283738
v 0.109012 0.039567 0.240324
v 0.108839 0.019948 0.292240
v 0.108818 0.104253 0.277265
v 0.108026 0.079081 0.275230
v 0.107755 0.109143 0.276018
v 0.107648 0.104234 0.284767
v 0.106933 0.060219 0.275673
v 0.106349 0.038522 0.222563
v 0.106279 0.109197 0.286044
v 0.106203 0.059222 0.285558
v 0.106027 0.122056 0.274899
v 0.105962 0.050323 0.251395
v 0.105840 0.131501 0.279316
v 0.105642 0.122064 0.287156
v 0.105453 0.077715 0.285833
v 0.105054 0.018182 0.249705
v 0.104623 0.058845 0.249678
v 0.103889 0.079945 0.275833
v 0.103311 0.103974 0.278277
v 0.103273 0.104299 0.283588
v 0.103141 0.111833 0.276288
v 0.102983 0.106370 0.277035
v 0.102941 0.110955 0.285120
v 0.102884 0.059271 0.277614
v 0.102483 0.060249 0.282416
v 0.101669 0.038995 0.263518
v 0.101305 0.076826 0.281001
v 0.101287 0.121484 0.277830
v 0.101257 0.110341 0.280442
v 0.101125 0.121598 0.284495
v 0.100837 0.052714 0.260004
v 0.096879 0.058621 0.274115
v 0.096851 0.037347 0.219382
v 0.095870 0.049310 0.286920
v 0.095567 0.037042 0.286964
v 0.095136 0.038087 0.220324
v 0.095066 0.038030 0.285793
v 0.093406 0.129563 0.279785
v 0.092178 0.058677 0.291464
v 0.092170 0.052180 0.291537
v 0.089950 0.017793 0.218474
v 0.089500 0.038392 0.246012
v 0.087631 0.121656 0.278586
v 0.087242 0.131528 0.273924
v 0.087181 0.038724 0.218115
v 0.085994 0.049743 0.211096
v 0.085594 0.055690 0.211134
v 0.085109 0.018296 0.282206
v 0.082225 0.047506 0.216013
v 0.082107 0.039287 0.217230
v 0.082015 0.049930 0.226279
v 0.081573 0.037721 0.215720
v 0.081192 0.121789 0.263125
v 0.080814 0.130597 0.264554
v 0.079486 0.055609 0.234034
v 0.077846 0.120732 0.263294
v 0.077011 0.038606 0.261454
v 0.077003 0.111211 0.264500
v 0.077003 0.120576 0.268061
v 0.076671 0.057134 0.260428
v 0.076313 0.037767 0.279210
v 0.075828 0.105424 0.263679
v 0.075817 0.081905 0.262223
v 0.075695 0.038430 0.257565
v 0.075073 0.118119 0.260077
v 0.074996 0.084004 0.267300
v 0.074977 0.047305 0.240157
v 0.074535 0.056856 0.270439
v 0.074298 0.121400 0.270856
v 0.074245 0.112279 0.270041
v 0.074123 0.106572 0.260716
v 0.073982 0.038495 0.271319
v 0.073566 0.038598 0.245959
v 0.073432 0.105901 0.268557
v 0.073272 0.058862 0.261135
v 0.073245 0.058590 0.266914
v 0.073028 0.049750 0.256689
v 0.072673 0.055638 0.256722
v 0.072395 0.016271 0.213789
v 0.072151 0.055783 0.231745
v 0.071117 0.016847 0.258473
v 0.071002 0.038758 0.255247
v 0.070945 0.047458 0.255888
v 0.070701 0.038972 0.272934
v 0.070419 0.130632 0.268515
v 0.070415 0.085862 0.258370
v 0.070190 0.110959 0.259537
v 0.069210 0.082564 0.269613
v 0.069156 0.131063 0.260069
v 0.068927 0.049556 0.272064
v 0.068809 0.058993 0.259413
v 0.068748 0.055273 0.271594
v 0.068675 0.105790 0.267696
v 0.068225 0.104802 0.261315
v 0.068225 0.120893 0.260681
v 0.067760 0.111066 0.268374
v 0.067550 0.120839 0.268603
v 0.067428 0.123777 0.268936
v 0.067108 0.016889 0.274492
v 0.067081 0.059439 0.267645
v 0.066841 0.111734 0.263209
v 0.066020 0.047216 0.211661
v 0.065834 0.047076 0.271232
v 0.065708 0.049626 0.279874
v 0.065673 0.039155 0.211737
v 0.065624 0.121793 0.268209
v 0.065570 0.055188 0.280262
v 0.065570 0.015683 0.272974
v 0.065227 0.059070 0.262721
v 0.065082 0.039653 0.271421
v 0.065071 0.081798 0.263942
v 0.065010 0.055295 0.205855
v 0.064964 0.049665 0.205962
v 0.064891 0.016488 0.254771
v 0.064834 0.055613 0.255673
v 0.064380 0.038686 0.212355
v 0.063453 0.038205 0.274330
v 0.063232 0.047151 0.275246
v 0.063213 0.045655 0.274294
v 0.061454 0.055517 0.266823
v 0.060760 0.050044 0.219546
v 0.060501 0.054923 0.220560
v 0.060379 0.039579 0.228857
v 0.060256 0.055816 0.226904
v 0.060020 0.015371 0.272307
v 0.059860 0.017484 0.272776
v 0.059417 0.016770 0.210173
v 0.058197 0.055659 0.249585
v 0.058013 0.015706 0.210821
v 0.057037 0.125730 0.251747
v 0.057014 0.015725 0.226065
v 0.055404 0.039506 0.244936
v 0.055274 0.046300 0.245047
v 0.055114 0.038606 0.241999
v 0.055084 0.132028 0.258013
v 0.055038 0.016370 0.269857
v 0.054702 0.055406 0.276194
v 0.053810 0.054586 0.242190
v 0.053649 0.039495 0.242949
v 0.053382 0.049400 0.275405
v 0.053359 0.049523 0.242712
v 0.052513 0.052594 0.242419
v 0.051383 0.053727 0.245016
v 0.050964 0.038468 0.208159
v 0.050559 0.121785 0.249371
v 0.050369 0.132875 0.243632
v 0.050361 0.062040 0.243742
v 0.050292 0.054229 0.243258
v 0.050262 0.055473 0.256617
v 0.050048 0.042047 0.260685
v 0.049858 0.062610 0.245566
v 0.049804 0.109899 0.243967
v 0.049789 0.058265 0.247313
v 0.049644 0.094710 0.246207
v 0.048614 0.121804 0.248322
v 0.048500 0.090448 0.243178
v 0.048126 0.133020 0.250475
v 0.048057 0.054437 0.248333
v 0.047676 0.047130 0.268265
v 0.047622 0.062663 0.250185
v 0.047439 0.038140 0.268037
v 0.046897 0.056448 0.254336
v 0.046730 0.049695 0.262806
v 0.046546 0.053235 0.262104
v 0.046440 0.121507 0.254221
v 0.046257 0.058262 0.241198
v 0.046020 0.038915 0.262437
v 0.045944 0.054181 0.254763
v 0.045913 0.130132 0.257519
v 0.045898 0.139756 0.254006
v 0.045829 0.122460 0.242060
v 0.045806 0.083964 0.254862
v 0.045501 0.062804 0.255005
v 0.045471 0.074244 0.257313
v 0.045104 0.109403 0.258305
v 0.045036 0.121675 0.258820
v 0.044837 0.141626 0.241595
v 0.044723 0.062682 0.241991
v 0.044448 0.062626 0.259203
v 0.044441 0.055435 0.271624
v 0.044395 0.144952 0.254896
v 0.044395 0.146913 0.244562
v 0.044349 0.053786 0.259882
v 0.044197 0.049966 0.271915
v 0.044128 0.054385 0.241400
v 0.044105 0.092279 0.259148
v 0.044052 0.133042 0.259880
v 0.043975 0.059384 0.261132
v 0.043945 0.092298 0.241846
v 0.043434 0.120607 0.259995
v 0.042999 0.133157 0.241328
v 0.042808 0.135026 0.250515
v 0.042755 0.062239 0.259455
v 0.041465 0.124635 0.240797
v 0.041442 0.052556 0.238711
v 0.041084 0.038724 0.206786
v 0.040534 0.039479 0.202925
v 0.040489 0.136201 0.242190
v 0.039634 0.048062 0.202338
v 0.039619 0.035272 0.205183
v 0.039466 0.099254 0.257759
v 0.039184 0.062249 0.257529
v 0.039100 0.046804 0.211302
v 0.039085 0.122590 0.257151
v 0.039047 0.054517 0.258065
v 0.038963 0.052634 0.260014
v 0.038146 0.150537 0.248865
v 0.038009 0.136102 0.255411
v 0.037673 0.140557 0.237822
v 0.036834 0.062239 0.239149
v 0.036651 0.057297 0.238428
v 0.036422 0.039493 0.220892
v 0.036041 0.048074 0.216734
v 0.035209 0.133561 0.256731
v 0.034996 0.140390 0.258978
v 0.034446 0.146806 0.257014
v 0.034400 0.038507 0.234221
v 0.033836 0.120618 0.238112
v 0.033653 0.146081 0.238470
v 0.033653 0.014756 0.204420
v 0.033180 0.123765 0.255892
v 0.032936 0.047044 0.233897
v 0.032661 0.039251 0.235369
v 0.032440 0.135339 0.242144
v 0.032188 0.048041 0.235148
v 0.032089 0.015702 0.261593
v 0.031707 0.054124 0.237391
v 0.031623 0.103238 0.237524
v 0.031517 0.062757 0.237429
v 0.031158 0.062180 0.255122
v 0.030883 0.135484 0.252663
v 0.030776 0.054456 0.255068
v 0.030738 0.132821 0.237078
v 0.030738 0.058176 0.236780
v 0.030128 0.052333 0.234942
v 0.030052 0.136377 0.241865
v 0.029907 0.059528 0.241602
v 0.029884 0.119813 0.239989
v 0.029533 0.085074 0.241503
v 0.029342 0.048267 0.235312
v 0.028961 0.148492 0.249571
v 0.028358 0.062357 0.245680
v 0.027564 0.121106 0.247492
v 0.027496 0.081531 0.248242
v 0.027427 0.133386 0.246567
v 0.027397 0.034204 0.203467
v 0.027297 0.047975 0.199454
v 0.027229 0.059861 0.248616
v 0.027008 0.038297 0.199530
v 0.026931 0.110154 0.253395
v 0.026245 0.039439 0.255598
v 0.026229 0.053947 0.252261
v 0.026191 0.124707 0.249630
v 0.026100 0.047967 0.217215
v 0.025924 0.048391 0.255684
v 0.025878 0.060487 0.253613
v 0.025535 0.141984 0.252961
v 0.025321 0.034108 0.204939
v 0.025230 0.014676 0.205252
v 0.025169 0.141153 0.244730
v 0.024963 0.037698 0.259552
v 0.024955 0.132272 0.253002
v 0.023971 0.034520 0.258944
v 0.023391 0.052314 0.254477
v 0.023323 0.047736 0.262805
v 0.023017 0.048043 0.253678
v 0.022422 0.038594 0.262587
v 0.020668 0.047898 0.203680
v 0.020538 0.013993 0.225649
v 0.020515 0.038221 0.203726
v 0.018028 0.033929 0.230662
v 0.015785 0.047975 0.223994
v 0.015647 0.015161 0.239119
v 0.015617 0.014318 0.242884
v 0.012443 0.046910 0.232657
v 0.011444 0.014516 0.253607
v 0.011390 0.034238 0.253729
v 0.011093 0.047914 0.258456
v 0.011085 0.038121 0.258225
v 0.007286 0.047908 0.252304
v 0.007217 0.038098 0.252022
vt 0.179182 0.126091
vt 0.179481 0.129862
vt 0.171999 0.127169
vt 0.170922 0.125852
vt 0.168887 0.122500
vt 0.170802 0.130820
vt 0.178164 0.131658
vt 0.168887 0.133453
vt 0.179421 0.132795
vt 0.174273 0.133992
vt 0.179002 0.134710
vt 0.170203 0.138062
vt 0.584210 0.960376
vt 0.583551 0.958521
vt 0.587921 0.960317
vt 0.594565 0.958042
vt 0.589477 0.963250
vt 0.588699 0.966661
vt 0.593607 0.953134
vt 0.585168 0.954032
vt 0.605099 0.964447
vt 0.608750 0.971629
vt 0.604980 0.960855
vt 0.587681 0.971330
vt 0.603483 0.975639
vt 0.614377 0.973126
vt 0.587981 0.973724
vt 0.582295 0.975639
vt 0.605698 0.958700
vt 0.612521 0.950979
vt 0.598276 0.948465
vt 0.595044 0.945353
vt 0.585467 0.949722
vt 0.595403 0.931526
vt 0.607733 0.960077
vt 0.609349 0.962352
vt 0.606775 0.957683
vt 0.609409 0.959060
vt 0.383614 0.980986
vt 0.378586 0.982543
vt 0.384153 0.976497
vt 0.387624 0.977575
vt 0.390498 0.970931
vt 0.387146 0.969614
vt 0.391754 0.978173
vt 0.393191 0.955847
vt 0.393909 0.940225
vt 0.397501 0.939686
vt 0.393730 0.972008
vt 0.394627 0.968656
vt 0.396842 0.954590
vt 0.402768 0.940165
vt 0.400254 0.954471
vt 0.404982 0.942260
vt 0.398997 0.970153
vt 0.396902 0.973385
vt 0.395166 0.979251
vt 0.399595 0.980807
vt 0.398757 0.972008
vt 0.401571 0.974941
vt 0.404982 0.982363
vt 0.403845 0.974283
vt 0.127706 0.727612
vt 0.123995 0.712768
vt 0.131476 0.726774
vt 0.137641 0.749878
vt 0.135487 0.730066
vt 0.140515 0.751554
vt 0.121900 0.764602
vt 0.141472 0.731921
vt 0.127047 0.714623
vt 0.127825 0.765021
vt 0.108073 0.774658
vt 0.145063 0.749638
vt 0.098257 0.784653
vt 0.123516 0.771785
vt 0.144824 0.760053
vt 0.142071 0.713007
vt 0.126269 0.774179
vt 0.149134 0.740899
vt 0.145243 0.711989
vt 0.150750 0.753289
vt 0.148595 0.719471
vt 0.142490 0.767535
vt 0.123336 0.776753
vt 0.146141 0.771904
vt 0.150570 0.767774
vt 0.147637 0.762926
vt 0.157932 0.762926
vt 0.155179 0.759634
vt 0.157813 0.768193
vt 0.164157 0.759993
vt 0.166851 0.766218
vt 0.164636 0.769869
vt 0.163678 0.763225
vt 0.190613 0.777531
vt 0.190434 0.774358
vt 0.207313 0.779925
vt 0.207013 0.784653
vt 0.189596 0.770588
vt 0.207851 0.777531
vt 0.209048 0.773341
vt 0.192229 0.767176
vt 0.193307 0.763525
vt 0.210545 0.768971
vt 0.194863 0.760173
vt 0.170203 0.752631
vt 0.168407 0.757000
vt 0.160027 0.753110
vt 0.163379 0.751494
vt 0.166252 0.747124
vt 0.155538 0.740540
vt 0.153443 0.724918
vt 0.149732 0.714922
vt 0.156855 0.725696
vt 0.149134 0.710852
vt 0.914163 0.121782
vt 0.916377 0.108314
vt 0.920148 0.109751
vt 0.911409 0.138062
vt 0.926313 0.107237
vt 0.920807 0.089520
vt 0.925775 0.098318
vt 0.913385 0.095505
vt 0.927869 0.104124
vt 0.917395 0.081499
vt 0.911409 0.083774
vt 0.921166 0.074376
vt 0.926433 0.084552
vt 0.929845 0.087964
vt 0.935411 0.087305
vt 0.934035 0.093171
vt 0.932478 0.103945
vt 0.938823 0.104783
vt 0.893772 0.408226
vt 0.897723 0.407807
vt 0.895807 0.415289
vt 0.899877 0.415528
vt 0.900596 0.408166
vt 0.897962 0.418761
vt 0.904067 0.409064
vt 0.903110 0.419658
vt 0.905803 0.416486
vt 0.909873 0.408944
vt 0.898621 0.437974
vt 0.908317 0.418940
vt 0.902511 0.437914
vt 0.900476 0.454913
vt 0.907958 0.435819
vt 0.912866 0.415289
vt 0.916218 0.408645
vt 0.916996 0.415947
vt 0.912627 0.419479
vt 0.918133 0.419599
vt 0.905384 0.454674
vt 0.899997 0.457606
vt 0.904965 0.457846
vt 0.898381 0.458504
vt 0.910173 0.454314
vt 0.913704 0.438573
vt 0.917714 0.438213
vt 0.914602 0.455212
vt 0.920887 0.439171
vt 0.924538 0.437914
vt 0.923161 0.455212
vt 0.918971 0.454733
vt 0.911190 0.458325
vt 0.916757 0.458205
vt 0.921306 0.458385
vt 0.924598 0.457547
vt 0.925017 0.459522
vt 0.918732 0.460839
vt 0.912686 0.460180
vt 0.910412 0.460061
vt 0.916637 0.468979
vt 0.919330 0.469338
vt 0.918253 0.470954
vt 0.921186 0.478616
vt 0.909215 0.469278
vt 0.909215 0.467902
vt 0.901434 0.468201
vt 0.904427 0.460061
vt 0.893772 0.468141
vt 0.421487 0.852473
vt 0.413706 0.855526
vt 0.413048 0.850438
vt 0.419692 0.849899
vt 0.420948 0.859356
vt 0.421308 0.837749
vt 0.433997 0.865581
vt 0.421367 0.869831
vt 0.433219 0.838527
vt 0.415861 0.834935
vt 0.425797 0.824700
vt 0.434356 0.852832
vt 0.434476 0.839724
vt 0.446686 0.854328
vt 0.463445 0.828232
vt 0.484155 0.848522
vt 0.482779 0.868574
vt 0.433338 0.887368
vt 0.486669 0.904307
vt 0.429208 0.903170
vt 0.411970 0.887309
vt 0.413407 0.874799
vt 0.421786 0.890660
vt 0.413945 0.904307
vt 0.420529 0.891020
vt 0.417537 0.897065
vt 0.920887 0.806340
vt 0.908856 0.807178
vt 0.905564 0.801073
vt 0.922024 0.787306
vt 0.908616 0.763544
vt 0.914722 0.762107
vt 0.893653 0.799936
vt 0.902092 0.762287
vt 0.888146 0.748999
vt 0.914961 0.743792
vt 0.910472 0.743552
vt 0.925017 0.738225
vt 0.880485 0.760431
vt 0.886290 0.762945
vt 0.880245 0.761928
vt 0.870189 0.764980
vt 0.881023 0.772462
vt 0.882520 0.788025
vt 0.870189 0.791556
vt 0.876594 0.812266
vt 0.884674 0.804784
vt 0.890361 0.809213
vt 0.883657 0.811787
vt 0.904986 0.237292
vt 0.911210 0.263927
vt 0.902891 0.239925
vt 0.900616 0.204132
vt 0.906123 0.264466
vt 0.910911 0.275838
vt 0.902711 0.277275
vt 0.899299 0.277035
vt 0.898761 0.205509
vt 0.874100 0.199044
vt 0.898521 0.244295
vt 0.901035 0.263987
vt 0.894391 0.264825
vt 0.893793 0.271170
vt 0.892057 0.260875
vt 0.885353 0.257882
vt 0.895588 0.219934
vt 0.880864 0.234179
vt 0.877512 0.259378
vt 0.879427 0.263808
vt 0.873622 0.270032
vt 0.871048 0.268416
vt 0.871048 0.226219
vt 0.894750 0.209220
vt 0.881223 0.206706
vt 0.876854 0.226039
vt 0.878171 0.202696
vt 0.553219 0.081687
vt 0.545558 0.070913
vt 0.561060 0.069895
vt 0.548251 0.059361
vt 0.537897 0.071930
vt 0.561180 0.058463
vt 0.535981 0.061456
vt 0.555853 0.043499
vt 0.563754 0.008903
vt 0.549808 0.004653
vt 0.558726 0.001361
vt 0.546575 0.045235
vt 0.544481 0.027518
vt 0.543643 0.006509
vt 0.545558 0.051879
vt 0.534425 0.037873
vt 0.530056 0.039250
vt 0.533348 0.008544
vt 0.533467 0.006270
vt 0.530056 0.003696
vt 0.083815 0.954071
vt 0.086688 0.954670
vt 0.081421 0.959698
vt 0.084533 0.959698
vt 0.081720 0.962152
vt 0.085191 0.961912
vt 0.076812 0.962631
vt 0.075914 0.959099
vt 0.087227 0.976098
vt 0.089740 0.975679
vt 0.087107 0.989446
vt 0.083695 0.989206
vt 0.083575 0.977295
vt 0.080223 0.988967
vt 0.079625 0.976397
vt 0.075555 0.987470
vt 0.071844 0.976218
vt 0.074058 0.988428
vt 0.069689 0.989386
vt 0.066996 0.975559
vt 0.073939 0.960356
vt 0.069210 0.961553
vt 0.071006 0.959398
vt 0.068312 0.959219
vt 0.070647 0.954909
vt 0.076153 0.954011
vt 0.066996 0.954131
vt 0.067594 0.391176
vt 0.066098 0.388183
vt 0.071664 0.372322
vt 0.073460 0.357418
vt 0.076692 0.362147
vt 0.075794 0.358555
vt 0.073699 0.352390
vt 0.079146 0.362386
vt 0.078129 0.356341
vt 0.087167 0.354186
vt 0.084114 0.347721
vt 0.082139 0.346345
vt 0.075375 0.342574
vt 0.079625 0.341078
vt 0.074777 0.335272
vt 0.084653 0.337067
vt 0.070527 0.332339
vt 0.079146 0.322104
vt 0.089740 0.313185
vt 0.081002 0.313365
vt 0.078188 0.311988
vt 0.070407 0.319470
vt 0.068731 0.331680
vt 0.078548 0.315939
vt 0.068612 0.317016
vt 0.066337 0.316357
vt 0.068851 0.312826
vt 0.066936 0.311509
vt 0.068252 0.307798
vt 0.076034 0.304626
vt 0.066098 0.307260
vt 0.066577 0.304626
vt 0.249628 0.865394
vt 0.248191 0.867788
vt 0.245677 0.864317
vt 0.249508 0.870721
vt 0.245917 0.870781
vt 0.244899 0.873535
vt 0.242385 0.870302
vt 0.256032 0.878024
vt 0.257648 0.872278
vt 0.255913 0.868447
vt 0.259983 0.863958
vt 0.246575 0.879341
vt 0.277281 0.858511
vt 0.258666 0.854920
vt 0.286139 0.873834
vt 0.260701 0.881555
vt 0.277939 0.881495
vt 0.286379 0.883770
vt 0.302959 0.878323
vt 0.298709 0.890474
vt 0.247653 0.883471
vt 0.297991 0.895561
vt 0.250107 0.888917
vt 0.247413 0.888618
vt 0.271415 0.888857
vt 0.273929 0.891790
vt 0.296135 0.898075
vt 0.303737 0.902923
vt 0.297751 0.914176
vt 0.294699 0.913817
vt 0.289252 0.902205
vt 0.272971 0.898973
vt 0.269679 0.909807
vt 0.259145 0.895860
vt 0.251364 0.896698
vt 0.242385 0.898255
vt 0.244421 0.904240
vt 0.247413 0.907652
vt 0.249688 0.910884
vt 0.266447 0.916929
vt 0.258786 0.918605
vt 0.281291 0.918007
vt 0.279196 0.926087
vt 0.254476 0.926686
vt 0.255314 0.929499
vt 0.273211 0.929619
vt 0.912726 0.012555
vt 0.919729 0.015847
vt 0.911290 0.023089
vt 0.923979 0.023448
vt 0.925355 0.034821
vt 0.938823 0.027758
vt 0.934573 0.070793
vt 0.924218 0.071332
vt 0.910452 0.070853
vt 0.907878 0.037694
vt 0.903688 0.031828
vt 0.906681 0.071332
vt 0.908476 0.020336
vt 0.905603 0.016026
vt 0.909733 0.011238
vt 0.914402 0.006569
vt 0.903688 0.008784
vt 0.907997 0.003337
vt 0.361263 0.034301
vt 0.340506 0.039118
vt 0.340506 0.013433
vt 0.426895 0.087372
vt 0.435933 0.112751
vt 0.427494 0.101438
vt 0.422286 0.087672
vt 0.424082 0.080190
vt 0.416660 0.083123
vt 0.423064 0.070314
vt 0.430486 0.078873
vt 0.432462 0.067800
vt 0.416660 0.044815
vt 0.427194 0.046970
vt 0.432701 0.055410
vt 0.440722 0.076000
vt 0.437489 0.069296
vt 0.441799 0.066842
vt 0.206242 0.128858
vt 0.206242 0.109345
vt 0.210432 0.114493
vt 0.216297 0.110483
vt 0.975640 0.189037
vt 0.968637 0.186643
vt 0.974323 0.163779
vt 0.961753 0.160666
vt 0.962711 0.185925
vt 0.963848 0.187361
vt 0.960197 0.189516
vt 0.956965 0.151927
vt 0.956965 0.193287
vt 0.894471 0.321320
vt 0.894471 0.276369
vt 0.897404 0.291931
vt 0.897284 0.333650
vt 0.929732 0.313626
vt 0.923806 0.315242
vt 0.922848 0.304648
vt 0.915726 0.313865
vt 0.928116 0.304289
vt 0.934221 0.312728
vt 0.929313 0.280646
vt 0.919137 0.304408
vt 0.906568 0.313805
vt 0.911476 0.305067
vt 0.915426 0.262390
vt 0.923207 0.280047
vt 0.922848 0.264724
vt 0.928594 0.262091
vt 0.925841 0.257063
vt 0.929612 0.259577
vt 0.925662 0.255148
vt 0.927936 0.255327
vt 0.934221 0.250838
vt 0.039384 0.391794
vt 0.041419 0.398378
vt 0.039384 0.414300
vt 0.041119 0.418789
vt 0.229651 0.787300
vt 0.219057 0.789395
vt 0.225521 0.779519
vt 0.215705 0.778202
vt 0.212653 0.786163
vt 0.211635 0.796159
vt 0.206009 0.791669
vt 0.217621 0.772516
vt 0.227137 0.776107
vt 0.219895 0.771319
vt 0.211695 0.759228
vt 0.231686 0.772456
vt 0.232405 0.770241
vt 0.211515 0.752584
vt 0.221930 0.769284
vt 0.231387 0.768745
vt 0.216842 0.755697
vt 0.222229 0.768146
vt 0.225521 0.758091
vt 0.214867 0.741571
vt 0.211635 0.744444
vt 0.213969 0.737201
vt 0.207864 0.736244
vt 0.206009 0.737022
vt 0.967459 0.047716
vt 0.973026 0.034189
vt 0.980986 0.051307
vt 0.966023 0.058011
vt 0.982543 0.068246
vt 0.966023 0.073633
vt 0.318660 0.970106
vt 0.322610 0.956878
vt 0.322730 0.958135
vt 0.305372 0.961606
vt 0.329075 0.966215
vt 0.328476 0.976091
vt 0.307826 0.978126
vt 0.317882 0.982915
vt 0.327818 0.982855
vt 0.331349 0.983872
vt 0.329733 0.994048
vt 0.325005 0.992910
vt 0.307946 0.994048
vt 0.316146 0.979263
vt 0.315188 0.980101
vt 0.315248 0.984950
vt 0.315967 0.982615
vt 0.306988 0.981718
vt 0.294778 0.988601
vt 0.937805 0.784873
vt 0.929006 0.784454
vt 0.937685 0.782897
vt 0.929006 0.764642
vt 0.941456 0.784873
vt 0.943491 0.798460
vt 0.944987 0.785411
vt 0.950494 0.793731
vt 0.954026 0.784394
vt 0.952589 0.780324
vt 0.949836 0.772842
vt 0.953487 0.777630
vt 0.959532 0.778468
vt 0.958934 0.754227
vt 0.944329 0.770507
vt 0.952110 0.750695
vt 0.951272 0.740400
vt 0.950015 0.738784
vt 0.949955 0.758357
vt 0.943790 0.739263
vt 0.944868 0.754526
vt 0.941516 0.757399
vt 0.940079 0.742016
vt 0.930922 0.741717
vt 0.930024 0.740700
vt 0.957291 0.714006
vt 0.941130 0.714545
vt 0.940352 0.708619
vt 0.949390 0.709158
vt 0.941070 0.708081
vt 0.959745 0.707542
vt 0.940950 0.705267
vt 0.939753 0.700958
vt 0.940471 0.700180
vt 0.940052 0.696529
vt 0.953101 0.698743
vt 0.939095 0.694374
vt 0.939753 0.693356
vt 0.937478 0.688747
vt 0.951485 0.691381
vt 0.948851 0.687012
vt 0.942327 0.685515
vt 0.935324 0.688149
vt 0.935982 0.685216
vt 0.946038 0.681206
vt 0.955974 0.685455
vt 0.958966 0.683720
vt 0.955435 0.686952
vt 0.956453 0.690364
vt 0.959505 0.692099
vt 0.961002 0.684857
vt 0.961720 0.681266
vt 0.962139 0.682822
vt 0.964174 0.682882
vt 0.961959 0.693536
vt 0.965371 0.685156
vt 0.968783 0.697666
vt 0.967586 0.683121
vt 0.972613 0.674442
vt 0.970937 0.672766
vt 0.977940 0.663908
vt 0.968543 0.686114
vt 0.968902 0.688747
vt 0.966269 0.693835
vt 0.967825 0.694015
vt 0.970578 0.706943
vt 0.971297 0.707482
vt 0.970399 0.712450
vt 0.977940 0.712630
vt 0.961780 0.715143
vt 0.972314 0.715622
vt 0.920587 0.988155
vt 0.909933 0.983427
vt 0.914422 0.977142
vt 0.911309 0.967206
vt 0.919150 0.973611
vt 0.918851 0.972773
vt 0.928727 0.967984
vt 0.909933 0.951404
vt 0.929505 0.955235
vt 0.928308 0.984863
vt 0.922502 0.991747
vt 0.928188 0.988215
vt 0.933994 0.980614
vt 0.931899 0.963555
vt 0.930164 0.950507
vt 0.941237 0.956851
vt 0.938543 0.968583
vt 0.941416 0.968463
vt 0.938064 0.969780
vt 0.935610 0.975047
vt 0.936448 0.976963
vt 0.938304 0.976184
vt 0.940459 0.971037
vt 0.945726 0.969600
vt 0.942374 0.976723
vt 0.944649 0.972234
vt 0.915653 0.660963
vt 0.914575 0.658868
vt 0.917388 0.650787
vt 0.919962 0.652164
vt 0.922716 0.653122
vt 0.916730 0.662699
vt 0.919483 0.645700
vt 0.922476 0.645520
vt 0.916371 0.632771
vt 0.921040 0.633908
vt 0.918586 0.633130
vt 0.920561 0.632951
vt 0.915114 0.629180
vt 0.914575 0.629659
vt 0.922356 0.627204
vt 0.919364 0.620142
vt 0.921698 0.631574
vt 0.921878 0.631993
vt 0.003232 0.555414
vt 0.004249 0.551284
vt 0.012449 0.552422
vt 0.020709 0.556851
vt 0.020111 0.553200
vt 0.004848 0.550865
vt 0.006105 0.544521
vt 0.018914 0.552242
vt 0.019812 0.552122
vt 0.019692 0.540151
vt 0.018435 0.540690
vt 0.007242 0.538236
vt 0.013227 0.538535
vt 0.019572 0.534226
vt 0.004908 0.537218
vt 0.009457 0.534465
vt 0.011671 0.533088
vt 0.005267 0.534704
vt 0.010953 0.528839
vt 0.003232 0.529617
vt 0.005087 0.526504
vt 0.969361 0.938823
vt 0.961221 0.937506
vt 0.959665 0.928348
vt 0.959306 0.930982
vt 0.955236 0.922363
vt 0.966429 0.927391
vt 0.970499 0.927450
vt 0.971037 0.916258
vt 0.953739 0.922183
vt 0.953440 0.920148
vt 0.956672 0.916078
vt 0.955595 0.912008
vt 0.960563 0.919071
vt 0.966069 0.916198
vt 0.970140 0.913923
vt 0.969421 0.912008
vt 0.958588 0.909554
vt 0.955116 0.908656
vt 0.966069 0.911050
vt 0.969960 0.909554
vt 0.968703 0.907399
vt 0.966010 0.905065
vt 0.961999 0.906741
vt 0.969242 0.903568
vt 0.957510 0.906621
vt 0.960563 0.903927
vt 0.965231 0.903030
vt 0.955355 0.904167
vt 0.952482 0.906322
vt 0.952063 0.903628
vt 0.964034 0.900755
vt 0.963975 0.900097
vt 0.967207 0.901413
vt 0.969661 0.898181
vt 0.966488 0.898600
vt 0.965291 0.897403
vt 0.971037 0.895428
vt 0.011824 0.589005
vt 0.009011 0.589065
vt 0.011645 0.577214
vt 0.014637 0.588766
vt 0.007754 0.578950
vt 0.006018 0.589005
vt 0.004223 0.578591
vt 0.015236 0.578471
vt 0.017870 0.588946
vt 0.017810 0.577274
vt 0.006318 0.568236
vt 0.003923 0.567817
vt 0.009669 0.568774
vt 0.012722 0.567757
vt 0.014518 0.568056
vt 0.016972 0.567278
vt 0.006138 0.565901
vt 0.002846 0.565063
vt 0.014637 0.565363
vt 0.017570 0.564525
vt 0.018408 0.560814
vt 0.016613 0.561352
vt 0.014757 0.561293
vt 0.012602 0.562430
vt 0.010867 0.565961
vt 0.009550 0.561592
vt 0.008592 0.565662
vt 0.005899 0.561831
vt 0.005839 0.560814
vt 0.002547 0.561233
vt 0.174899 0.336177
vt 0.174120 0.337913
vt 0.172445 0.334501
vt 0.169631 0.345155
vt 0.177532 0.335698
vt 0.169631 0.320256
vt 0.179208 0.335519
vt 0.172325 0.322770
vt 0.178250 0.329054
vt 0.174300 0.323967
vt 0.178071 0.322650
vt 0.181782 0.326122
vt 0.958634 0.201812
vt 0.960370 0.199238
vt 0.965457 0.203129
vt 0.959771 0.196724
vt 0.965816 0.200136
vt 0.966116 0.201513
vt 0.966235 0.203189
vt 0.963362 0.207259
vt 0.971742 0.206361
vt 0.966056 0.215758
vt 0.964260 0.221085
vt 0.958634 0.237007
vt 0.962524 0.235451
vt 0.968091 0.224796
vt 0.967552 0.230064
vt 0.971862 0.212765
vt 0.976171 0.208336
vt 0.972041 0.220487
vt 0.975693 0.220786
vt 0.974436 0.230961
vt 0.977368 0.224078
vt 0.977368 0.221205
vt 0.977309 0.220427
vt 0.980241 0.209473
vt 0.933230 0.616990
vt 0.936522 0.628183
vt 0.931374 0.617828
vt 0.930417 0.613638
vt 0.934307 0.612800
vt 0.929698 0.606815
vt 0.931135 0.604720
vt 0.926526 0.605797
vt 0.924252 0.613459
vt 0.923713 0.606934
vt 0.919403 0.613099
vt 0.926706 0.601428
vt 0.929639 0.601308
vt 0.920062 0.604181
vt 0.923473 0.602924
vt 0.921618 0.600470
vt 0.929459 0.582633
vt 0.933589 0.582693
vt 0.936282 0.583591
vt 0.935265 0.569226
vt 0.930177 0.568927
vt 0.936522 0.566233
vt 0.926287 0.581915
vt 0.926167 0.568747
vt 0.921139 0.581556
vt 0.922755 0.568208
vt 0.918865 0.568507
vt 0.918446 0.565156
vt 0.916051 0.580359
vt 0.917608 0.600350
vt 0.913119 0.599512
vt 0.911443 0.582095
vt 0.908929 0.600111
vt 0.912340 0.601368
vt 0.908390 0.603283
vt 0.917308 0.605378
vt 0.913777 0.604420
vt 0.915154 0.612501
vt 0.911682 0.619564
vt 0.911024 0.611902
vt 0.910605 0.605797
vt 0.907073 0.612321
vt 0.167976 0.077922
vt 0.167976 0.087320
vt 0.165821 0.087439
vt 0.165103 0.079060
vt 0.163666 0.086721
vt 0.969760 0.791821
vt 0.984844 0.806247
vt 0.972035 0.799004
vt 0.970179 0.797927
vt 0.974249 0.803613
vt 0.960004 0.802954
vt 0.975805 0.815045
vt 0.983048 0.823126
vt 0.971077 0.809778
vt 0.965630 0.809778
vt 0.945519 0.805708
vt 0.973471 0.815943
vt 0.975027 0.818756
vt 0.969461 0.812112
vt 0.967067 0.816182
vt 0.956173 0.812651
vt 0.944980 0.815823
vt 0.952881 0.814686
vt 0.963236 0.813549
vt 0.950188 0.822407
vt 0.970957 0.819475
vt 0.967366 0.822826
vt 0.970718 0.823126
vt 0.974369 0.820971
vt 0.981731 0.824562
vt 0.983706 0.826837
vt 0.980594 0.828812
vt 0.975865 0.828333
vt 0.979157 0.829650
vt 0.968743 0.824622
vt 0.978379 0.830548
vt 0.975566 0.829291
vt 0.980115 0.831625
vt 0.971197 0.828094
vt 0.984245 0.834797
vt 0.981731 0.833600
vt 0.983766 0.835276
vt 0.968503 0.826298
vt 0.959106 0.828273
vt 0.959824 0.829650
vt 0.958268 0.826118
vt 0.956891 0.828034
vt 0.949170 0.824981
vt 0.955934 0.828034
vt 0.953061 0.830069
vt 0.956353 0.832822
vt 0.955634 0.834977
vt 0.953719 0.835276
vt 0.009257 0.482133
vt 0.011891 0.483510
vt 0.009138 0.483330
vt 0.006504 0.486263
vt 0.007462 0.483151
vt 0.003332 0.478003
vt 0.010873 0.485305
vt 0.013806 0.483689
vt 0.012011 0.486682
vt 0.010574 0.487041
vt 0.012310 0.497516
vt 0.010215 0.499431
vt 0.008060 0.508350
vt 0.003332 0.508529
vt 0.996349 0.260303
vt 0.995211 0.260782
vt 0.996229 0.257969
vt 0.992817 0.258567
vt 0.991560 0.260901
vt 0.995690 0.255933
vt 0.990243 0.259824
vt 0.984916 0.263475
vt 0.983001 0.266049
vt 0.975699 0.269221
vt 0.977913 0.265690
vt 0.990243 0.259106
vt 0.973125 0.263415
vt 0.990363 0.257250
vt 0.991201 0.253479
vt 0.994972 0.252043
vt 0.972107 0.253599
vt 0.991860 0.250846
vt 0.994972 0.249709
vt 0.966242 0.257310
vt 0.991500 0.248511
vt 0.991979 0.245279
vt 0.982642 0.249170
vt 0.994733 0.243244
vt 0.989585 0.247195
vt 0.967977 0.249110
vt 0.992877 0.243244
vt 0.981325 0.243364
vt 0.993835 0.240790
vt 0.995630 0.237498
vt 0.990842 0.242945
vt 0.991800 0.240311
vt 0.973424 0.239114
vt 0.978153 0.232949
vt 0.968396 0.244441
vt 0.962112 0.243543
vt 0.966421 0.250008
vt 0.962291 0.248930
vt 0.963548 0.251803
vt 0.961154 0.252821
vt 0.962231 0.256652
vt 0.992219 0.236780
vt 0.978991 0.231692
vt 0.993117 0.234565
vt 0.994314 0.236421
vt 0.996349 0.234924
vt 0.632785 0.928899
vt 0.631229 0.937159
vt 0.628715 0.941589
vt 0.629194 0.942905
vt 0.630271 0.930934
vt 0.627638 0.946617
vt 0.626560 0.940571
vt 0.623567 0.940451
vt 0.622370 0.945120
vt 0.626081 0.946317
vt 0.626680 0.950268
vt 0.623029 0.949729
vt 0.621772 0.946916
vt 0.619318 0.948771
vt 0.620036 0.952422
vt 0.621772 0.953260
vt 0.625483 0.953739
vt 0.629792 0.955116
vt 0.629373 0.961880
vt 0.632785 0.967865
vt 0.632067 0.970379
vt 0.624884 0.958169
vt 0.629852 0.971037
vt 0.622191 0.957750
vt 0.616145 0.956493
vt 0.619437 0.961520
vt 0.621053 0.969840
vt 0.266920 0.454527
vt 0.266202 0.466319
vt 0.264466 0.449081
vt 0.264466 0.476315
vt 0.266741 0.448841
vt 0.018674 0.358962
vt 0.015263 0.358603
vt 0.020709 0.354353
vt 0.014125 0.356867
vt 0.003232 0.357046
vt 0.015741 0.352557
vt 0.013766 0.348367
vt 0.007422 0.355490
vt 0.012150 0.354293
vt 0.011911 0.351300
vt 0.009157 0.352138
vt 0.006524 0.352258
vt 0.009516 0.346272
vt 0.006045 0.347110
vt 0.004967 0.339988
vt 0.014125 0.344417
vt 0.018315 0.344836
vt 0.007900 0.342980
vt 0.012030 0.340287
vt 0.003232 0.337593
vt 0.012449 0.336336
s 1
usemtl Material
f 3022/3760 3024/3761 2999/3762
f 3022/3760 2999/3762 2995/3763
f 3022/3760 2995/3763 2998/3764
f 2999/3762 3024/3761 2988/3765
f 2988/3765 3024/3761 3021/3766
f 2988/3765 3021/3766 2979/3767
f 3021/3766 3024/3761 3029/3768
f 2979/3767 3021/3766 3012/3769
f 3012/3769 3021/3766 3029/3768
f 3012/3769 3029/3768 3030/3770
f 3012/3769 3030/3770 2998/3771
f 2995/3772 2999/3773 2974/3774
f 2974/3774 2999/3773 2946/3775
f 2974/3774 2946/3775 2967/3776
f 2967/3776 2946/3775 2983/3777
f 2946/3775 2999/3773 2952/3778
f 2952/3778 2999/3773 2988/3779
f 2983/3777 2946/3775 2932/3780
f 2983/3777 2932/3780 2921/3781
f 2932/3780 2946/3775 2922/3782
f 2983/3777 2921/3781 2987/3783
f 2987/3783 2921/3781 2939/3784
f 2939/3784 2921/3781 2886/3785
f 2987/3783 2939/3784 2979/3786
f 2987/3783 2979/3786 3012/3787
f 2922/3782 2946/3775 2914/3788
f 2914/3788 2946/3775 2952/3778
f 2914/3788 2952/3778 2880/3789
f 2880/3789 2952/3778 2938/3790
f 2938/3790 2952/3778 2988/3779
f 2938/3790 2988/3779 2939/3791
f 2939/3791 2988/3779 2979/3792
f 2938/3790 2939/3791 2883/3793
f 2922/3782 2914/3788 2917/3794
f 2922/3782 2917/3794 2928/3795
f 2917/3794 2914/3788 2901/3796
f 2928/3795 2917/3794 2908/3797
f 2908/3797 2917/3794 2901/3796
f 2987/3798 3012/3799 2998/3800
f 2987/3798 2998/3800 2983/3801
f 2983/3801 2998/3800 2984/3802
f 2984/3802 2998/3800 3001/3803
f 2983/3801 2984/3802 2967/3804
f 2984/3802 3001/3803 2990/3805
f 2990/3805 3001/3803 3003/3806
f 2990/3805 3003/3806 2980/3807
f 2967/3804 2984/3802 2968/3808
f 2984/3802 2990/3805 2973/3809
f 2984/3802 2973/3809 2968/3808
f 2990/3805 2980/3807 2970/3810
f 2990/3805 2970/3810 2973/3809
f 2970/3810 2980/3807 2966/3811
f 2970/3810 2966/3811 2965/3812
f 2970/3810 2965/3812 2973/3809
f 2965/3812 2966/3811 2976/3813
f 2965/3812 2976/3813 2978/3814
f 2965/3812 2978/3814 2973/3809
f 2971/3815 2968/3808 2973/3809
f 2968/3808 2971/3815 2967/3804
f 2971/3815 2973/3809 2978/3814
f 2967/3804 2971/3815 2974/3816
f 2974/3816 2971/3815 2995/3817
f 2971/3815 2978/3814 2977/3818
f 2995/3817 2971/3815 2996/3819
f 2996/3819 2971/3815 2977/3818
f 2996/3819 2977/3818 2978/3814
f 2995/3817 2996/3819 2998/3820
f 2996/3819 2978/3814 3001/3821
f 2996/3819 3001/3821 2998/3820
f 2880/3822 2938/3823 2887/3824
f 2880/3822 2887/3824 2829/3825
f 2887/3824 2938/3823 2883/3826
f 2887/3824 2883/3826 2829/3825
f 2829/3825 2883/3826 2833/3827
f 2829/3825 2833/3827 2803/3828
f 2833/3827 2883/3826 2886/3829
f 2886/3829 2883/3826 2939/3830
f 2803/3828 2833/3827 2820/3831
f 2803/3828 2820/3831 2763/3832
f 2833/3827 2886/3829 2852/3833
f 2833/3827 2852/3833 2820/3831
f 2763/3832 2820/3831 3050/3834
f 3050/3834 2820/3831 2808/3835
f 2808/3835 2820/3831 2846/3836
f 2846/3836 2820/3831 2852/3833
f 2852/3833 2886/3829 2921/3837
f 2808/3835 2846/3836 2804/3838
f 2852/3833 2921/3837 2873/3839
f 2873/3839 2921/3837 2932/3840
f 2846/3836 2852/3833 2855/3841
f 2855/3841 2852/3833 2873/3839
f 2873/3839 2932/3840 2904/3842
f 2804/3838 2846/3836 2832/3843
f 2804/3838 2832/3843 2786/3844
f 2786/3844 2832/3843 2880/3845
f 2880/3845 2832/3843 2853/3846
f 2832/3843 2846/3836 2834/3847
f 2832/3843 2834/3847 2853/3846
f 2834/3847 2846/3836 2855/3841
f 2853/3846 2834/3847 2842/3848
f 2834/3847 2855/3841 2835/3849
f 2834/3847 2835/3849 2842/3848
f 2853/3846 2842/3848 2850/3850
f 2835/3849 2855/3841 2847/3851
f 2835/3849 2847/3851 2842/3848
f 2850/3850 2842/3848 2841/3852
f 2850/3850 2841/3852 2851/3853
f 2842/3848 2847/3851 2838/3854
f 2842/3848 2838/3854 2841/3852
f 2841/3852 2838/3854 2847/3851
f 2851/3853 2841/3852 2848/3855
f 2848/3855 2841/3852 2837/3856
f 2848/3855 2837/3856 2839/3857
f 2848/3855 2839/3857 2861/3858
f 2837/3856 2841/3852 2843/3859
f 2837/3856 2843/3859 2839/3857
f 2843/3859 2841/3852 2847/3851
f 2839/3857 2843/3859 2844/3860
f 2844/3860 2843/3859 2865/3861
f 2843/3859 2847/3851 2864/3862
f 2843/3859 2864/3862 2865/3861
f 2865/3861 2864/3862 2872/3863
f 2865/3861 2872/3863 2861/3864
f 2861/3864 2872/3863 2848/3865
f 2848/3865 2872/3863 2851/3866
f 2872/3863 2864/3862 2866/3867
f 2866/3867 2864/3862 2847/3851
f 2872/3863 2866/3867 2851/3866
f 2866/3867 2847/3851 2871/3868
f 2871/3868 2847/3851 2855/3841
f 2871/3868 2855/3841 2873/3839
f 2866/3867 2871/3868 2868/3869
f 2866/3867 2868/3869 2851/3866
f 2868/3869 2871/3868 2873/3839
f 2851/3866 2868/3869 2850/3870
f 2850/3870 2868/3869 2853/3871
f 2853/3871 2868/3869 2873/3839
f 2853/3871 2873/3839 2904/3842
f 2853/3871 2904/3842 2884/3872
f 2884/3872 2904/3842 2901/3873
f 2853/3871 2884/3872 2880/3874
f 2884/3872 2901/3873 2914/3875
f 2884/3872 2914/3875 2880/3874
f 2829/3876 2803/3877 2800/3878
f 2829/3876 2800/3878 2880/3879
f 2880/3879 2800/3878 2786/3880
f 2800/3878 2803/3877 3054/3881
f 2786/3880 2800/3878 3044/3882
f 3044/3882 2800/3878 3054/3881
f 3054/3881 2803/3877 2763/3883
f 2786/3880 3044/3882 2774/3884
f 3054/3881 2763/3883 3089/3885
f 3089/3885 2763/3883 3065/3886
f 3054/3881 3089/3885 3114/3887
f 3054/3881 3114/3887 3090/3888
f 3054/3881 3090/3888 3044/3882
f 3044/3882 3090/3888 3069/3889
f 3044/3882 3069/3889 3066/3890
f 3044/3882 3066/3890 3050/3891
f 3044/3882 3050/3891 2774/3884
f 2774/3884 3050/3891 2779/3892
f 2779/3892 3050/3891 2808/3893
f 2804/3894 2786/3895 2798/3896
f 2798/3896 2786/3895 2780/3897
f 2780/3897 2786/3895 2774/3898
f 2798/3896 2780/3897 2793/3899
f 2780/3897 2774/3898 2779/3900
f 2793/3899 2780/3897 2783/3901
f 2780/3897 2779/3900 2792/3902
f 2780/3897 2792/3902 2783/3901
f 2792/3902 2779/3900 2808/3903
f 2793/3899 2783/3901 2776/3904
f 2792/3902 2808/3903 2799/3905
f 2792/3902 2799/3905 2783/3901
f 2776/3904 2783/3901 2782/3906
f 2776/3904 2782/3906 2781/3907
f 2783/3901 2799/3905 2802/3908
f 2783/3901 2802/3908 2782/3906
f 2799/3905 2808/3903 2814/3909
f 2814/3909 2808/3903 2804/3910
f 2814/3909 2804/3910 2798/3911
f 2799/3905 2814/3909 2809/3912
f 2809/3912 2814/3909 2798/3911
f 2799/3905 2809/3912 2802/3908
f 2809/3912 2798/3911 2793/3913
f 2789/3914 2782/3906 2802/3908
f 2782/3906 2789/3914 2781/3907
f 2781/3907 2789/3914 2775/3915
f 2775/3915 2789/3914 2787/3916
f 2775/3915 2787/3916 2771/3917
f 2789/3914 2802/3908 2806/3918
f 2789/3914 2806/3918 2787/3916
f 2806/3918 2802/3908 2815/3919
f 2815/3919 2802/3908 2809/3912
f 2815/3919 2809/3912 2801/3920
f 2801/3920 2809/3912 2793/3913
f 2806/3918 2815/3919 2810/3921
f 2810/3921 2815/3919 2801/3920
f 2801/3920 2793/3913 2791/3922
f 2791/3922 2793/3913 2776/3923
f 2791/3922 2776/3923 2781/3924
f 2801/3920 2791/3922 2796/3925
f 2801/3920 2796/3925 2810/3921
f 2796/3925 2791/3922 2781/3924
f 2806/3918 2810/3921 2813/3926
f 2806/3918 2813/3926 2787/3916
f 2810/3921 2796/3925 2807/3927
f 2810/3921 2807/3927 2813/3926
f 2796/3925 2781/3924 2788/3928
f 2796/3925 2788/3928 2807/3927
f 2788/3928 2781/3924 2775/3929
f 2788/3928 2775/3929 2771/3930
f 2788/3928 2771/3930 2805/3931
f 2788/3928 2805/3931 2807/3927
f 2813/3926 2807/3927 2818/3932
f 2818/3932 2807/3927 2805/3931
f 2813/3926 2818/3932 2817/3933
f 2813/3926 2817/3933 2787/3916
f 2818/3932 2805/3931 2812/3934
f 2812/3934 2805/3931 2797/3935
f 2812/3934 2797/3935 2811/3936
f 2811/3936 2797/3935 2826/3937
f 2812/3934 2811/3936 2823/3938
f 2818/3932 2812/3934 2819/3939
f 2819/3939 2812/3934 2823/3938
f 2818/3932 2819/3939 2817/3933
f 2819/3939 2823/3938 2784/3940
f 2785/3941 2787/3916 2817/3933
f 2785/3941 2817/3933 2819/3939
f 2785/3941 2819/3939 2784/3940
f 2787/3916 2785/3941 2771/3917
f 2785/3941 2784/3940 2767/3942
f 2785/3941 2767/3942 2771/3917
f 2773/3943 2805/3944 2771/3945
f 2773/3943 2771/3945 2767/3946
f 2805/3944 2773/3943 2797/3947
f 2773/3943 2767/3946 3061/3948
f 2797/3947 2773/3943 2821/3949
f 2797/3947 2821/3949 2826/3950
f 2773/3943 3061/3948 3078/3951
f 2773/3943 3078/3951 2821/3949
f 3078/3951 3061/3948 3070/3952
f 3078/3951 3070/3952 3111/3953
f 2821/3949 3078/3951 2766/3954
f 2766/3954 3078/3951 3068/3955
f 2766/3954 3068/3955 2794/3956
f 2766/3954 2794/3956 2821/3949
f 2794/3956 3068/3955 3092/3957
f 2794/3956 3092/3957 2816/3958
f 2794/3956 2816/3958 2867/3959
f 2794/3956 2867/3959 2821/3949
f 2821/3949 2867/3959 2856/3960
f 2821/3949 2856/3960 2826/3950
f 2856/3960 2867/3959 2933/3961
f 2856/3960 2933/3961 2891/3962
f 2826/3950 2856/3960 2854/3963
f 2826/3950 2854/3963 2827/3964
f 2856/3960 2891/3962 2857/3965
f 2856/3960 2857/3965 2854/3963
f 2857/3965 2891/3962 2892/3966
f 2854/3963 2857/3965 2860/3967
f 2857/3965 2892/3966 2881/3968
f 2857/3965 2881/3968 2860/3967
f 3061/3969 2767/3970 2784/3971
f 3061/3969 2784/3971 3046/3972
f 3046/3972 2784/3971 2795/3973
f 3046/3972 2795/3973 2770/3974
f 2795/3973 2784/3971 2823/3975
f 2770/3974 2795/3973 2822/3976
f 2770/3974 2822/3976 2867/3977
f 2770/3974 2867/3977 2790/3978
f 2790/3978 2867/3977 2816/3979
f 2790/3978 2816/3979 3058/3980
f 2867/3977 2822/3976 2877/3981
f 2822/3976 2795/3973 2845/3982
f 2822/3976 2845/3982 2877/3981
f 2845/3982 2795/3973 2823/3975
f 2877/3981 2845/3982 2874/3983
f 2877/3981 2874/3983 2876/3984
f 2874/3983 2845/3982 2858/3985
f 2874/3983 2858/3985 2876/3984
f 2858/3985 2845/3982 2836/3986
f 2858/3985 2836/3986 2876/3984
f 2836/3986 2845/3982 2823/3975
f 2876/3984 2836/3986 2840/3987
f 2840/3987 2836/3986 2827/3988
f 2836/3986 2823/3975 2828/3989
f 2836/3986 2828/3989 2827/3988
f 2828/3989 2823/3975 2811/3990
f 2827/3988 2828/3989 2826/3991
f 2826/3991 2828/3989 2811/3990
f 2840/3992 2827/3993 2831/3994
f 2840/3992 2831/3994 2876/3995
f 2831/3994 2827/3993 2824/3996
f 2824/3996 2827/3993 2854/3997
f 2824/3996 2854/3997 2863/3998
f 2824/3996 2863/3998 2862/3999
f 2876/3995 2831/3994 2869/4000
f 2876/3995 2869/4000 2893/4001
f 2831/3994 2824/3996 2830/4002
f 2824/3996 2862/3999 2825/4003
f 2824/3996 2825/4003 2830/4002
f 2825/4003 2862/3999 2839/4004
f 2839/4004 2862/3999 2861/4005
f 2825/4003 2839/4004 2844/4006
f 2825/4003 2844/4006 2830/4002
f 2830/4002 2844/4006 2865/4007
f 2831/3994 2830/4002 2849/4008
f 2831/3994 2849/4008 2869/4000
f 2830/4002 2865/4007 2879/4009
f 2830/4002 2879/4009 2849/4008
f 2879/4009 2865/4007 2875/4010
f 2875/4010 2865/4007 2861/4011
f 2875/4010 2861/4011 2862/4012
f 2875/4010 2862/4012 2863/4013
f 2875/4010 2863/4013 2885/4014
f 2870/4015 2869/4000 2849/4008
f 2870/4015 2849/4008 2906/4016
f 2870/4015 2906/4016 2869/4000
f 2906/4016 2849/4008 2879/4009
f 2888/4017 2879/4009 2875/4010
f 2879/4009 2888/4017 2906/4016
f 2888/4017 2875/4010 2885/4014
f 2869/4000 2906/4016 2907/4018
f 2907/4018 2906/4016 2888/4017
f 2907/4018 2888/4017 2885/4014
f 2869/4000 2907/4018 2893/4001
f 2893/4001 2907/4018 2885/4014
f 2867/4019 2877/4020 2933/4021
f 2933/4021 2877/4020 2894/4022
f 2894/4022 2877/4020 2876/4023
f 2933/4021 2894/4022 2936/4024
f 2894/4022 2876/4023 2893/4025
f 2936/4024 2894/4022 2912/4026
f 2936/4024 2912/4026 2905/4027
f 2905/4027 2912/4026 2881/4028
f 2905/4027 2881/4028 2892/4029
f 2912/4026 2894/4022 2889/4030
f 2881/4028 2912/4026 2878/4031
f 2878/4031 2912/4026 2889/4030
f 2881/4028 2878/4031 2860/4032
f 2889/4030 2894/4022 2890/4033
f 2889/4030 2890/4033 2878/4031
f 2890/4033 2894/4022 2893/4025
f 2890/4033 2893/4025 2882/4034
f 2890/4033 2882/4034 2878/4031
f 2882/4034 2893/4025 2885/4035
f 2860/4032 2878/4031 2859/4036
f 2859/4036 2878/4031 2882/4034
f 2859/4036 2882/4034 2885/4035
f 2860/4032 2859/4036 2854/4037
f 2859/4036 2885/4035 2863/4038
f 2859/4036 2863/4038 2854/4037
f 2901/4039 2904/4040 2908/4041
f 2908/4041 2904/4040 2900/4042
f 2908/4041 2900/4042 2909/4043
f 2909/4043 2900/4042 2910/4044
f 2908/4041 2909/4043 2924/4045
f 2908/4041 2924/4045 2928/4046
f 2909/4043 2910/4044 2898/4047
f 2898/4047 2910/4044 2915/4048
f 2898/4047 2915/4048 2913/4049
f 2898/4047 2913/4049 2903/4050
f 2898/4047 2903/4050 2902/4051
f 2898/4047 2902/4051 2909/4043
f 2902/4051 2903/4050 2916/4052
f 2909/4043 2902/4051 2920/4053
f 2920/4053 2902/4051 2916/4052
f 2909/4043 2920/4053 2924/4045
f 2920/4053 2916/4052 2931/4054
f 2920/4053 2931/4054 2924/4045
f 2924/4045 2931/4054 2929/4055
f 2929/4055 2931/4054 2927/4056
f 2929/4055 2927/4056 2913/4057
f 2929/4055 2913/4057 2915/4058
f 2924/4045 2929/4055 2926/4059
f 2926/4059 2929/4055 2915/4058
f 2924/4045 2926/4059 2928/4046
f 2926/4059 2915/4058 2910/4060
f 2926/4059 2910/4060 2918/4061
f 2918/4061 2910/4060 2900/4062
f 2928/4046 2926/4059 2932/4063
f 2932/4063 2926/4059 2918/4061
f 2932/4063 2918/4061 2900/4062
f 2928/4046 2932/4063 2922/4064
f 2932/4063 2900/4062 2904/4065
f 3001/4066 2978/4067 2994/4068
f 2994/4068 2978/4067 2976/4069
f 3001/4066 2994/4068 3003/4070
f 2994/4068 2976/4069 2991/4071
f 2994/4068 2991/4071 3003/4070
f 2991/4071 2976/4069 2957/4072
f 3003/4070 2991/4071 3006/4073
f 3006/4073 2991/4071 3004/4074
f 3004/4074 2991/4071 2957/4072
f 3006/4073 3004/4074 3007/4075
f 3007/4075 3004/4074 2993/4076
f 3004/4074 2957/4072 2981/4077
f 3004/4074 2981/4077 2993/4076
f 2981/4077 2957/4072 2956/4078
f 2993/4076 2981/4077 2958/4079
f 2958/4079 2981/4077 2956/4078
f 2958/4079 2956/4078 2948/4080
f 2958/4079 2948/4080 2945/4081
f 2945/4081 2948/4080 2947/4082
f 2945/4081 2947/4082 2925/4083
f 2945/4081 2925/4083 2891/4084
f 2891/4084 2925/4083 2895/4085
f 2891/4084 2895/4085 2892/4086
f 2925/4083 2947/4082 2923/4087
f 2923/4087 2947/4082 2953/4088
f 2895/4085 2925/4083 2899/4089
f 2899/4089 2925/4083 2923/4087
f 2895/4085 2899/4089 2892/4086
f 2899/4089 2923/4087 2919/4090
f 2919/4090 2923/4087 2916/4091
f 2899/4089 2919/4090 2896/4092
f 2896/4092 2919/4090 2916/4091
f 2899/4089 2896/4092 2892/4086
f 2896/4092 2916/4091 2903/4093
f 2892/4086 2896/4092 2897/4094
f 2897/4094 2896/4092 2903/4093
f 2892/4086 2897/4094 2905/4095
f 2897/4094 2903/4093 2913/4096
f 2905/4095 2897/4094 2911/4097
f 2911/4097 2897/4094 2913/4096
f 3006/4098 2980/4099 3003/4100
f 2980/4099 3006/4098 2972/4101
f 2980/4099 2972/4101 2966/4102
f 2966/4102 2972/4101 2957/4103
f 2966/4102 2957/4103 2976/4104
f 2957/4103 2972/4101 2969/4105
f 2972/4101 3006/4098 3005/4106
f 2972/4101 3005/4106 2969/4105
f 3005/4106 3006/4098 3007/4107
f 3005/4106 3007/4107 3028/4108
f 2957/4103 2969/4105 2956/4109
s 0
f 3040/4110 3028/4108 3034/4111
s 1
f 3028/4108 3040/4110 3017/4112
f 3028/4108 3017/4112 3005/4106
f 3005/4106 3017/4112 2969/4105
f 2956/4109 2969/4105 2959/4113
f 2969/4105 3017/4112 2985/4114
f 2969/4105 2985/4114 2959/4113
f 2985/4114 3017/4112 3000/4115
f 2985/4114 3000/4115 2959/4113
f 3000/4115 3017/4112 3032/4116
f 3000/4115 3032/4116 3011/4117
f 2956/4109 2959/4113 2948/4118
f 3000/4115 3011/4117 3010/4119
f 2948/4118 2959/4113 2953/4120
f 2948/4118 2953/4120 2947/4121
f 2959/4113 3000/4115 2975/4122
f 2975/4122 3000/4115 3010/4119
f 2959/4113 2975/4122 2953/4120
f 2975/4122 3010/4119 2986/4123
f 2975/4122 2986/4123 2953/4120
f 2986/4123 3010/4119 3016/4124
f 3016/4124 3010/4119 2961/4125
f 3016/4124 2961/4125 2962/4126
f 3016/4124 2962/4126 2963/4127
f 2986/4123 3016/4124 3014/4128
f 3014/4128 3016/4124 2963/4127
f 2986/4123 3014/4128 2989/4129
f 2989/4129 3014/4128 2955/4130
f 2955/4130 3014/4128 2963/4127
f 2986/4123 2989/4129 2964/4131
f 2986/4123 2964/4131 2953/4120
f 2964/4131 2989/4129 2955/4130
f 2953/4120 2964/4131 2954/4132
f 2954/4132 2964/4131 2955/4130
f 2953/4120 2954/4132 2923/4133
f 2923/4133 2954/4132 2916/4134
f 2916/4134 2954/4132 2931/4135
f 2931/4135 2954/4132 2927/4136
f 2927/4136 2954/4132 2955/4130
f 2927/4136 2955/4130 2941/4137
f 2941/4137 2955/4130 2963/4127
f 2927/4136 2941/4137 2937/4138
f 2941/4137 2963/4127 2951/4139
f 2941/4137 2951/4139 2937/4138
f 2951/4139 2963/4127 2944/4140
f 2951/4139 2944/4140 2937/4138
f 2944/4140 2963/4127 2962/4126
f 2937/4138 2944/4140 2930/4141
f 2930/4141 2944/4140 2934/4142
f 2934/4142 2944/4140 2943/4143
f 2993/4144 2958/4145 2982/4146
f 2982/4146 2958/4145 2945/4147
f 2982/4146 2945/4147 2940/4148
f 2940/4148 2945/4147 2891/4149
f 2940/4148 2891/4149 2933/4150
f 2940/4148 2933/4150 2949/4151
f 2940/4148 2949/4151 2992/4152
f 2940/4148 2992/4152 2982/4146
f 2982/4146 2992/4152 2997/4153
f 2997/4153 2992/4152 3008/4154
f 3008/4154 2992/4152 3015/4155
f 2982/4146 2997/4153 3002/4156
f 3002/4156 2997/4153 3008/4154
f 2982/4146 3002/4156 2993/4144
f 3002/4156 3008/4154 3013/4157
f 2993/4144 3002/4156 3009/4158
f 3009/4158 3002/4156 3013/4157
f 2993/4144 3009/4158 3007/4159
f 3009/4158 3013/4157 3019/4160
f 3007/4159 3009/4158 3028/4161
f 3028/4161 3009/4158 3019/4160
f 3039/4162 3017/4163 3040/4164
f 3039/4165 3040/4166 3042/4167
f 3039/4165 3042/4167 3041/4168
f 3039/4165 3041/4168 3038/4169
f 3038/4169 3041/4168 3043/4170
f 3038/4169 3043/4170 3036/4171
f 3038/4169 3036/4171 3032/4172
f 3032/4172 3036/4171 3026/4173
f 3026/4173 3036/4171 3035/4174
f 3026/4173 3035/4174 3025/4175
f 3026/4173 3025/4175 3018/4176
f 3032/4172 3026/4173 3011/4177
f 3026/4173 3018/4176 3015/4178
f 3026/4173 3015/4178 3011/4177
f 3011/4177 3015/4178 2992/4179
f 3017/4180 3039/4181 3033/4182
f 3017/4180 3033/4182 3032/4183
f 3037/4184 3031/4185 3035/4186
f 3035/4186 3031/4185 3025/4187
f 3025/4187 3031/4185 3023/4188
f 3023/4188 3031/4185 3027/4189
f 3023/4188 3027/4189 3020/4190
f 3023/4188 3020/4190 3025/4187
f 3025/4187 3020/4190 3018/4191
f 3018/4191 3020/4190 3013/4192
f 3018/4193 3013/4194 3008/4195
f 3018/4193 3008/4195 3015/4196
f 3011/4197 2992/4198 2960/4199
f 2960/4199 2992/4198 2949/4200
f 2961/4201 3010/4202 3011/4197
f 2961/4201 3011/4197 2960/4199
f 2961/4201 2960/4199 2943/4203
f 2960/4199 2949/4200 2950/4204
f 2950/4204 2949/4200 2933/4205
f 2950/4204 2933/4205 2936/4206
f 2950/4204 2936/4206 2905/4207
f 2960/4199 2950/4204 2942/4208
f 2960/4199 2942/4208 2943/4203
f 2942/4208 2950/4204 2905/4207
f 2943/4203 2942/4208 2935/4209
f 2935/4209 2942/4208 2905/4207
f 2943/4203 2935/4209 2934/4210
f 2935/4209 2905/4207 2911/4211
f 2934/4210 2935/4209 2930/4212
f 2930/4212 2935/4209 2911/4211
f 2930/4212 2911/4211 2913/4213
f 2930/4212 2913/4213 2927/4214
f 2930/4212 2927/4214 2937/4215
f 2943/4216 2944/4217 2961/4218
f 2961/4218 2944/4217 2962/4219
f 2790/4220 3058/4221 2770/4222
f 2770/4222 3058/4221 3052/4223
f 3052/4223 3058/4221 3109/4224
f 3109/4224 3058/4221 3117/4225
f 3109/4224 3117/4225 3128/4226
f 2770/4222 3052/4223 3051/4227
f 2770/4222 3051/4227 2769/4228
f 2769/4228 3051/4227 3055/4229
f 3055/4229 3051/4227 3088/4230
f 2769/4228 3055/4229 2778/4231
f 2778/4231 3055/4229 2777/4232
f 3055/4229 3088/4230 3107/4233
f 2777/4232 3055/4229 3057/4234
f 2777/4232 3057/4234 2772/4235
f 3055/4229 3107/4233 3093/4236
f 3055/4229 3093/4236 3057/4234
f 2772/4235 3057/4234 3053/4237
f 3053/4237 3057/4234 3093/4236
f 2772/4235 3053/4237 3048/4238
f 3048/4238 3053/4237 3093/4236
f 3048/4238 3093/4236 3100/4239
f 3100/4239 3093/4236 3108/4240
f 3108/4240 3093/4236 3107/4233
f 3100/4239 3108/4240 3086/4241
f 3086/4241 3108/4240 3115/4242
f 3115/4242 3108/4240 3107/4233
f 3115/4242 3107/4233 3116/4243
f 3058/4244 2816/4245 3092/4246
f 3058/4244 3092/4246 3117/4247
f 3117/4247 3092/4246 3157/4248
f 3117/4247 3157/4248 3207/4249
f 3124/4250 3068/4251 3078/4252
f 3068/4251 3124/4250 3092/4253
f 3124/4250 3078/4252 3111/4254
f 3124/4250 3111/4254 3137/4255
f 3092/4253 3124/4250 3157/4256
f 3124/4250 3137/4255 3202/4257
f 3202/4257 3137/4255 3193/4258
f 3202/4257 3193/4258 3195/4259
f 3235/4260 3237/4261 3195/4259
f 3195/4259 3237/4261 3202/4257
f 3202/4257 3237/4261 3302/4262
f 3157/4256 3124/4250 3175/4263
f 3175/4263 3124/4250 3202/4257
f 3157/4256 3175/4263 3184/4264
f 3202/4257 3302/4262 3212/4265
f 3175/4263 3202/4257 3201/4266
f 3175/4263 3201/4266 3184/4264
f 3201/4266 3202/4257 3212/4265
f 3157/4256 3184/4264 3190/4267
f 3190/4267 3184/4264 3201/4266
f 3190/4267 3201/4266 3212/4265
f 3190/4267 3212/4265 3302/4262
s 0
f 3157/4256 3190/4267 3207/4268
s 1
f 3207/4268 3190/4267 3302/4262
f 3070/4269 3061/4270 3060/4271
f 3060/4271 3061/4270 3046/4272
f 3070/4269 3060/4271 3056/4273
f 3070/4269 3056/4273 3116/4274
f 3116/4274 3056/4273 3059/4275
f 3116/4274 3059/4275 3115/4276
f 3115/4276 3059/4275 3086/4277
f 3086/4277 3059/4275 3076/4278
f 3076/4278 3059/4275 3049/4279
f 3049/4279 3059/4275 3056/4273
f 3076/4278 3049/4279 3067/4280
f 3100/4281 3067/4280 3048/4282
f 3048/4282 3067/4280 3049/4279
f 3049/4279 3056/4273 3047/4283
f 3047/4283 3056/4273 3060/4271
f 3048/4282 3049/4279 2765/4284
f 3048/4282 2765/4284 2772/4285
f 2772/4285 2765/4284 2777/4286
f 2765/4284 3049/4279 2762/4287
f 2765/4284 2762/4287 2777/4286
f 2762/4287 3049/4279 3047/4283
f 2777/4286 2762/4287 2778/4288
f 2762/4287 3047/4283 2764/4289
f 2762/4287 2764/4289 2778/4288
f 2764/4289 3047/4283 3045/4290
f 2764/4289 3045/4290 2778/4288
f 3045/4290 3047/4283 3060/4271
f 2778/4288 3045/4290 2769/4291
f 3045/4290 3060/4271 3046/4272
f 3045/4290 3046/4272 2769/4291
f 2769/4291 3046/4272 2768/4292
f 2768/4292 3046/4272 2770/4293
f 2768/4292 2770/4293 2769/4291
f 3088/4294 3051/4295 3052/4296
f 3088/4294 3052/4296 3077/4297
f 3077/4297 3052/4296 3062/4298
f 3088/4294 3077/4297 3102/4299
f 3102/4299 3077/4297 3062/4298
f 3062/4298 3052/4296 3084/4300
f 3062/4298 3084/4300 3102/4299
f 3084/4300 3052/4296 3109/4301
f 3084/4300 3109/4301 3112/4302
f 3112/4302 3109/4301 3121/4303
f 3084/4300 3112/4302 3118/4304
f 3118/4304 3112/4302 3121/4303
f 3084/4300 3118/4304 3102/4299
f 3121/4303 3109/4301 3128/4305
f 3121/4303 3128/4305 3126/4306
f 3126/4306 3128/4305 3125/4307
f 3121/4303 3126/4306 3149/4308
f 3121/4303 3149/4308 3118/4304
f 3126/4306 3125/4307 3143/4309
f 3126/4306 3143/4309 3149/4308
f 3143/4309 3125/4307 3127/4310
f 3127/4310 3125/4307 3122/4311
f 3127/4310 3122/4311 3123/4312
f 3127/4310 3123/4312 3131/4313
f 3127/4310 3131/4313 3153/4314
f 3127/4310 3153/4314 3143/4309
f 3153/4314 3131/4313 3154/4315
f 3159/4316 3149/4308 3143/4309
f 3159/4316 3143/4309 3153/4314
f 3149/4308 3159/4316 3158/4317
f 3158/4317 3159/4316 3153/4314
f 3149/4308 3158/4317 3140/4318
f 3140/4318 3158/4317 3153/4314
f 3149/4308 3140/4318 3118/4304
f 3136/4319 3153/4314 3154/4315
f 3153/4314 3136/4319 3140/4318
f 3136/4319 3154/4315 3167/4320
f 3136/4319 3167/4320 3151/4321
f 3136/4319 3151/4321 3152/4322
f 3140/4318 3136/4319 3133/4323
f 3140/4318 3133/4323 3118/4304
f 3136/4319 3152/4322 3144/4324
f 3136/4319 3144/4324 3133/4323
f 3118/4304 3133/4323 3137/4325
f 3144/4324 3152/4322 3176/4326
f 3176/4326 3152/4322 3164/4327
f 3164/4327 3152/4322 3142/4328
f 3164/4327 3142/4328 3150/4329
f 3144/4324 3176/4326 3168/4330
f 3144/4324 3168/4330 3166/4331
f 3148/4332 3133/4323 3144/4324
f 3148/4332 3144/4324 3166/4331
f 3133/4323 3148/4332 3137/4325
f 3148/4332 3166/4331 3160/4333
f 3148/4332 3160/4333 3137/4325
f 3118/4304 3137/4325 3102/4299
f 3102/4299 3137/4325 3113/4334
f 3113/4334 3137/4325 3111/4335
f 3113/4334 3111/4335 3102/4299
f 3102/4299 3111/4335 3110/4336
f 3102/4299 3110/4336 3088/4294
f 3110/4336 3111/4335 3070/4337
f 3088/4294 3110/4336 3107/4338
f 3110/4336 3070/4337 3116/4339
f 3110/4336 3116/4339 3107/4338
f 3128/4340 3117/4341 3155/4342
f 3155/4342 3117/4341 3207/4343
f 3128/4340 3155/4342 3203/4344
f 3155/4342 3207/4343 3205/4345
f 3155/4342 3205/4345 3203/4344
f 3203/4344 3205/4345 3296/4346
f 3296/4346 3205/4345 3207/4343
f 3203/4344 3296/4346 3128/4340
f 3302/4347 3345/4348 3207/4343
f 3207/4343 3345/4348 3296/4346
f 3128/4340 3296/4346 3181/4349
f 3128/4340 3181/4349 3125/4350
f 3125/4350 3181/4349 3178/4351
f 3181/4349 3296/4346 3220/4352
f 3296/4346 3345/4348 3335/4353
f 3335/4353 3345/4348 3349/4354
f 3335/4353 3349/4354 3347/4355
f 3335/4353 3347/4355 3334/4356
f 3335/4353 3334/4356 3296/4346
f 3334/4356 3347/4355 3346/4357
f 3296/4346 3334/4356 3322/4358
f 3276/4359 3220/4352 3296/4346
f 3276/4359 3296/4346 3322/4358
f 3220/4352 3276/4359 3272/4360
f 3272/4360 3276/4359 3273/4361
f 3334/4356 3346/4357 3325/4362
f 3334/4356 3325/4362 3322/4358
f 3322/4358 3325/4362 3276/4359
f 3276/4359 3325/4362 3273/4361
f 3325/4362 3346/4357 3344/4363
f 3273/4361 3325/4362 3275/4364
f 3325/4362 3344/4363 3323/4365
f 3325/4362 3323/4365 3275/4364
f 3122/4366 3125/4367 3178/4368
f 3122/4366 3178/4368 3189/4369
f 3122/4366 3189/4369 3188/4370
f 3122/4366 3188/4370 3123/4371
f 3189/4369 3178/4368 3197/4372
f 3189/4369 3197/4372 3188/4370
f 3188/4370 3197/4372 3198/4373
f 3197/4372 3178/4368 3209/4374
f 3198/4373 3197/4372 3214/4375
f 3214/4375 3197/4372 3217/4376
f 3217/4376 3197/4372 3209/4374
f 3214/4375 3217/4376 3218/4377
f 3217/4376 3209/4374 3215/4378
f 3215/4378 3209/4374 3208/4379
f 3217/4376 3215/4378 3271/4380
f 3217/4376 3271/4380 3218/4377
f 3271/4380 3215/4378 3299/4381
f 3218/4377 3271/4380 3224/4382
f 3218/4377 3224/4382 3219/4383
f 3178/4384 3181/4385 3199/4386
f 3178/4384 3199/4386 3209/4387
f 3209/4387 3199/4386 3208/4388
f 3199/4386 3181/4385 3192/4389
f 3192/4389 3181/4385 3220/4390
f 3208/4388 3199/4386 3210/4391
f 3210/4391 3199/4386 3192/4389
f 3210/4391 3192/4389 3220/4390
f 3208/4388 3210/4391 3215/4392
f 3215/4392 3210/4391 3299/4393
f 3210/4391 3220/4390 3293/4394
f 3210/4391 3293/4394 3299/4393
f 3293/4394 3220/4390 3272/4395
f 3299/4393 3293/4394 3288/4396
f 3288/4396 3293/4394 3272/4395
f 3299/4393 3288/4396 3298/4397
f 3288/4396 3272/4395 3273/4398
f 3298/4397 3288/4396 3279/4399
f 3279/4399 3288/4396 3273/4398
f 3298/4397 3279/4399 3289/4400
f 3279/4399 3273/4398 3275/4401
f 3279/4399 3275/4401 3289/4400
f 3289/4400 3275/4401 3330/4402
f 3330/4402 3275/4401 3323/4403
f 3330/4402 3323/4403 3344/4404
f 3123/4405 3188/4406 3200/4407
f 3200/4407 3188/4406 3198/4408
f 3200/4407 3198/4408 3214/4409
f 3123/4405 3200/4407 3156/4410
f 3123/4405 3156/4410 3131/4411
f 3131/4411 3156/4410 3154/4412
f 3218/4413 3219/4414 3214/4409
f 3214/4409 3219/4414 3225/4415
f 3214/4409 3225/4415 3200/4407
f 3225/4415 3219/4414 3240/4416
f 3156/4410 3200/4407 3204/4417
f 3204/4417 3200/4407 3225/4415
f 3154/4412 3156/4410 3191/4418
f 3191/4418 3156/4410 3204/4417
f 3154/4412 3191/4418 3167/4419
f 3167/4419 3191/4418 3185/4420
f 3225/4415 3240/4416 3256/4421
f 3225/4415 3256/4421 3204/4417
f 3256/4421 3240/4416 3239/4422
f 3191/4418 3204/4417 3196/4423
f 3191/4418 3196/4423 3185/4420
f 3196/4423 3204/4417 3256/4421
f 3185/4420 3196/4423 3176/4424
f 3176/4424 3196/4423 3168/4425
f 3168/4425 3196/4423 3183/4426
f 3196/4423 3256/4421 3213/4427
f 3196/4423 3213/4427 3183/4426
f 3168/4425 3183/4426 3166/4428
f 3213/4427 3256/4421 3260/4429
f 3260/4429 3256/4421 3239/4422
f 3183/4426 3213/4427 3216/4430
f 3216/4430 3213/4427 3260/4429
f 3166/4428 3183/4426 3180/4431
f 3180/4431 3183/4426 3216/4430
f 3260/4429 3239/4422 3235/4432
f 3260/4429 3235/4432 3216/4430
f 3235/4432 3239/4422 3226/4433
f 3235/4432 3226/4433 3237/4434
f 3216/4430 3235/4432 3194/4435
f 3216/4430 3194/4435 3180/4431
f 3180/4431 3194/4435 3166/4428
f 3194/4435 3235/4432 3195/4436
f 3166/4428 3194/4435 3179/4437
f 3179/4437 3194/4435 3195/4436
f 3166/4428 3179/4437 3160/4438
f 3179/4437 3195/4436 3186/4439
f 3179/4437 3186/4439 3160/4438
f 3186/4439 3195/4436 3193/4440
f 3186/4439 3193/4440 3160/4438
f 3160/4438 3193/4440 3137/4441
f 3167/4442 3185/4443 3162/4444
f 3167/4442 3162/4444 3151/4445
f 3162/4444 3185/4443 3187/4446
f 3187/4446 3185/4443 3176/4447
f 3187/4446 3176/4447 3164/4448
f 3151/4445 3162/4444 3139/4449
f 3151/4445 3139/4449 3152/4450
f 3152/4450 3139/4449 3142/4451
f 3187/4446 3164/4448 3169/4452
f 3169/4452 3164/4448 3150/4453
f 3162/4444 3187/4446 3170/4454
f 3170/4454 3187/4446 3169/4452
f 3139/4449 3162/4444 3147/4455
f 3147/4455 3162/4444 3170/4454
f 3142/4451 3139/4449 3138/4456
f 3138/4456 3139/4449 3147/4455
f 3142/4451 3138/4456 3150/4457
f 3169/4452 3150/4453 3172/4458
f 3169/4452 3172/4458 3170/4454
f 3172/4458 3150/4453 3146/4459
f 3150/4457 3138/4456 3134/4460
f 3134/4460 3138/4456 3147/4455
f 3150/4457 3134/4460 3146/4461
f 3145/4462 3146/4461 3135/4463
f 3135/4463 3146/4461 3134/4460
f 3135/4463 3134/4460 3132/4464
f 3132/4464 3134/4460 3141/4465
f 3134/4460 3147/4455 3163/4466
f 3134/4460 3163/4466 3141/4465
f 3163/4466 3147/4455 3170/4454
f 3141/4465 3163/4466 3171/4467
f 3163/4466 3170/4454 3177/4468
f 3163/4466 3177/4468 3171/4467
f 3177/4468 3170/4454 3172/4458
f 3171/4467 3177/4468 3173/4469
f 3173/4469 3177/4468 3172/4458
f 3171/4467 3173/4469 3182/4470
f 3173/4469 3172/4458 3146/4459
f 3173/4469 3146/4459 3145/4471
f 3132/4472 3141/4473 3129/4474
f 3129/4474 3141/4473 3206/4475
f 3132/4472 3129/4474 3135/4476
f 3129/4474 3206/4475 3065/4477
f 3135/4476 3129/4474 3145/4478
f 3129/4474 3065/4477 3087/4479
f 3145/4478 3129/4474 3119/4480
f 3129/4474 3087/4479 3104/4481
f 3129/4474 3104/4481 3119/4480
f 3119/4480 3104/4481 3106/4482
f 3119/4480 3106/4482 3114/4483
f 3141/4484 3171/4485 3221/4486
f 3221/4486 3171/4485 3182/4487
f 3221/4486 3182/4487 3252/4488
f 3221/4486 3252/4488 3241/4489
f 3221/4486 3241/4489 3231/4490
f 3141/4484 3221/4486 3206/4491
f 3206/4491 3221/4486 3231/4490
f 3206/4491 3231/4490 3233/4492
f 3206/4491 3233/4492 3165/4493
f 3206/4491 3165/4493 3130/4494
f 3206/4491 3130/4494 3065/4495
f 3065/4495 3130/4494 3089/4496
f 3089/4496 3130/4494 3120/4497
f 3120/4497 3130/4494 3165/4493
f 3089/4496 3120/4497 3114/4498
f 3165/4493 3233/4492 3211/4499
f 3165/4493 3211/4499 3120/4497
f 3211/4499 3233/4492 3245/4500
f 3114/4498 3120/4497 3161/4501
f 3161/4501 3120/4497 3211/4499
f 3114/4498 3161/4501 3174/4502
f 3174/4502 3161/4501 3211/4499
f 3174/4502 3211/4499 3245/4500
f 3114/4498 3174/4502 3119/4503
f 3119/4503 3174/4502 3145/4504
f 3145/4504 3174/4502 3173/4505
f 3173/4505 3174/4502 3182/4506
f 3182/4506 3174/4502 3245/4500
f 3182/4506 3245/4500 3252/4507
f 3065/4508 2763/4509 3050/4510
f 3065/4508 3050/4510 3066/4511
f 3065/4508 3066/4511 3087/4512
f 3087/4512 3066/4511 3074/4513
f 3087/4512 3074/4513 3081/4514
f 3074/4513 3066/4511 3064/4515
f 3074/4513 3064/4515 3081/4514
f 3064/4515 3066/4511 3069/4516
f 3064/4515 3069/4516 3073/4517
f 3073/4517 3069/4516 3090/4518
f 3081/4514 3064/4515 3072/4519
f 3081/4514 3072/4519 3079/4520
f 3064/4515 3073/4517 3085/4521
f 3085/4521 3073/4517 3090/4518
f 3072/4519 3064/4515 3075/4522
f 3075/4522 3064/4515 3085/4521
f 3072/4519 3075/4522 3082/4523
f 3082/4523 3075/4522 3085/4521
f 3079/4520 3072/4519 3063/4524
f 3079/4520 3063/4524 3080/4525
f 3079/4520 3080/4525 3094/4526
f 3094/4526 3080/4525 3083/4527
f 3083/4527 3080/4525 3067/4528
f 3067/4528 3080/4525 3063/4524
f 3083/4527 3067/4528 3100/4529
f 3063/4524 3072/4519 3071/4530
f 3063/4524 3071/4530 3067/4528
f 3071/4530 3072/4519 3082/4523
f 3067/4528 3071/4530 3076/4531
f 3076/4531 3071/4530 3091/4532
f 3091/4532 3071/4530 3082/4523
f 3076/4531 3091/4532 3086/4533
f 3086/4533 3091/4532 3101/4534
f 3086/4533 3101/4534 3100/4535
f 3101/4534 3091/4532 3103/4536
f 3091/4532 3082/4523 3096/4537
f 3091/4532 3096/4537 3103/4536
f 3096/4537 3082/4523 3085/4521
f 3103/4536 3096/4537 3095/4538
f 3103/4536 3095/4538 3094/4539
f 3094/4539 3095/4538 3079/4540
f 3079/4540 3095/4538 3098/4541
f 3098/4541 3095/4538 3096/4537
f 3079/4540 3098/4541 3081/4542
f 3096/4537 3085/4521 3099/4543
f 3099/4543 3085/4521 3090/4518
f 3098/4541 3096/4537 3105/4544
f 3098/4541 3105/4544 3081/4542
f 3105/4544 3096/4537 3099/4543
f 3099/4543 3090/4518 3106/4545
f 3099/4543 3106/4545 3105/4544
f 3106/4545 3090/4518 3114/4546
f 3105/4544 3106/4545 3104/4547
f 3081/4542 3105/4544 3097/4548
f 3097/4548 3105/4544 3104/4547
f 3081/4542 3097/4548 3087/4549
f 3087/4549 3097/4548 3104/4547
f 3094/4550 3083/4551 3100/4552
f 3094/4550 3100/4552 3103/4553
f 3103/4553 3100/4552 3101/4554
f 3345/4555 3302/4556 3350/4557
f 3345/4555 3350/4557 3349/4558
f 3349/4558 3350/4557 3352/4559
f 3352/4559 3350/4557 3302/4556
f 3349/4558 3352/4559 3347/4560
f 3352/4559 3302/4556 3339/4561
f 3339/4561 3302/4556 3237/4562
f 3347/4560 3352/4559 3353/4563
f 3353/4563 3352/4559 3339/4561
f 3347/4560 3353/4563 3357/4564
f 3347/4560 3357/4564 3346/4565
f 3353/4563 3339/4561 3343/4566
f 3339/4561 3237/4562 3337/4567
f 3339/4561 3337/4567 3343/4566
f 3353/4563 3343/4566 3355/4568
f 3353/4563 3355/4568 3357/4564
f 3355/4568 3343/4566 3354/4569
f 3355/4568 3354/4569 3357/4564
f 3351/4570 3346/4565 3357/4564
f 3346/4565 3351/4570 3344/4571
f 3344/4571 3351/4570 3348/4572
f 3351/4570 3357/4564 3356/4573
f 3351/4570 3356/4573 3348/4572
f 3356/4573 3357/4564 3354/4569
f 3344/4571 3348/4572 3330/4574
f 3330/4574 3348/4572 3356/4573
f 3330/4574 3356/4573 3354/4569
f 3341/4575 3354/4569 3343/4566
f 3341/4575 3343/4566 3337/4567
f 3330/4574 3354/4569 3342/4576
f 3342/4576 3354/4569 3341/4575
f 3341/4575 3337/4567 3331/4577
f 3341/4575 3331/4577 3342/4576
f 3331/4577 3337/4567 3327/4578
f 3327/4578 3337/4567 3243/4579
f 3243/4579 3337/4567 3237/4562
f 3243/4579 3237/4562 3226/4580
f 3243/4579 3226/4580 3239/4581
f 3327/4578 3243/4579 3282/4582
f 3282/4582 3243/4579 3239/4581
f 3327/4578 3282/4582 3331/4577
f 3282/4582 3239/4581 3240/4583
f 3340/4584 3342/4576 3331/4577
f 3340/4584 3331/4577 3282/4582
f 3282/4582 3240/4583 3259/4585
f 3282/4582 3259/4585 3281/4586
f 3259/4585 3240/4583 3244/4587
f 3282/4582 3281/4586 3308/4588
f 3282/4582 3308/4588 3340/4584
f 3244/4587 3240/4583 3219/4589
f 3244/4587 3219/4589 3234/4590
f 3234/4590 3219/4589 3224/4591
f 3340/4584 3308/4588 3328/4592
f 3340/4584 3328/4592 3311/4593
f 3311/4593 3328/4592 3303/4594
f 3316/4595 3342/4576 3340/4584
f 3316/4595 3340/4584 3311/4593
f 3342/4576 3316/4595 3330/4574
f 3330/4574 3316/4595 3301/4596
f 3301/4596 3316/4595 3311/4593
f 3330/4574 3301/4596 3289/4597
f 3289/4597 3301/4596 3298/4598
f 3298/4598 3301/4596 3299/4599
f 3299/4599 3301/4596 3271/4600
f 3271/4600 3301/4596 3311/4593
f 3271/4600 3311/4593 3303/4594
f 3271/4600 3303/4594 3261/4601
f 3271/4600 3261/4601 3224/4602
f 3244/4603 3234/4604 3238/4605
f 3238/4605 3234/4604 3236/4606
f 3238/4605 3236/4606 3249/4607
f 3249/4607 3236/4606 3248/4608
f 3236/4606 3234/4604 3229/4609
f 3229/4609 3234/4604 3224/4610
f 3229/4609 3224/4610 3223/4611
f 3229/4609 3223/4611 3227/4612
f 3229/4609 3227/4612 3236/4606
f 3227/4612 3223/4611 3232/4613
f 3227/4612 3232/4613 3230/4614
f 3227/4612 3230/4614 3231/4615
f 3227/4612 3231/4615 3236/4606
f 3236/4606 3231/4615 3241/4616
f 3244/4617 3238/4618 3259/4619
f 3259/4619 3238/4618 3264/4620
f 3264/4620 3238/4618 3249/4621
f 3259/4619 3264/4620 3281/4622
f 3264/4620 3249/4621 3255/4623
f 3255/4623 3249/4621 3250/4624
f 3250/4624 3249/4621 3248/4625
f 3250/4624 3248/4625 3251/4626
f 3250/4624 3251/4626 3262/4627
f 3250/4624 3262/4627 3255/4623
f 3255/4623 3262/4627 3269/4628
f 3255/4623 3269/4628 3264/4620
f 3269/4628 3262/4627 3277/4629
f 3264/4620 3269/4628 3278/4630
f 3264/4620 3278/4630 3281/4622
f 3278/4630 3269/4628 3277/4629
f 3281/4622 3278/4630 3306/4631
f 3306/4631 3278/4630 3277/4629
f 3281/4622 3306/4631 3308/4632
f 3306/4631 3277/4629 3326/4633
f 3308/4632 3306/4631 3332/4634
f 3332/4634 3306/4631 3326/4633
f 3308/4632 3332/4634 3328/4635
f 3326/4633 3277/4629 3297/4636
f 3328/4635 3332/4634 3324/4637
f 3328/4635 3324/4637 3313/4638
f 3324/4637 3332/4634 3320/4639
f 3320/4639 3332/4634 3326/4633
f 3328/4635 3313/4638 3303/4640
f 3324/4637 3320/4639 3318/4641
f 3324/4637 3318/4641 3313/4638
f 3320/4639 3326/4633 3319/4642
f 3320/4639 3319/4642 3318/4641
f 3303/4640 3313/4638 3310/4643
f 3318/4641 3319/4642 3315/4644
f 3318/4641 3315/4644 3313/4638
f 3303/4640 3310/4643 3287/4645
f 3303/4640 3287/4645 3261/4646
f 3310/4643 3313/4638 3305/4647
f 3305/4647 3313/4638 3315/4644
f 3310/4643 3305/4647 3287/4645
f 3261/4646 3287/4645 3286/4648
f 3286/4648 3287/4645 3305/4647
f 3305/4647 3315/4644 3304/4649
f 3305/4647 3304/4649 3286/4648
f 3286/4648 3304/4649 3265/4650
f 3304/4649 3315/4644 3314/4651
f 3314/4651 3315/4644 3319/4642
f 3304/4649 3314/4651 3309/4652
f 3314/4651 3319/4642 3329/4653
f 3314/4651 3329/4653 3309/4652
f 3329/4653 3319/4642 3326/4633
f 3309/4652 3329/4653 3321/4654
f 3329/4653 3326/4633 3338/4655
f 3329/4653 3338/4655 3321/4654
f 3338/4655 3326/4633 3297/4636
f 3321/4654 3338/4655 3307/4656
f 3338/4655 3297/4636 3290/4657
f 3338/4655 3290/4657 3307/4656
f 3254/4658 3286/4648 3265/4650
f 3254/4658 3265/4650 3232/4659
f 3286/4648 3254/4658 3261/4646
f 3254/4658 3232/4659 3223/4660
f 3261/4646 3254/4658 3242/4661
f 3242/4661 3254/4658 3223/4660
f 3261/4646 3242/4661 3224/4662
f 3224/4662 3242/4661 3223/4660
f 3262/4663 3251/4664 3266/4665
f 3266/4665 3251/4664 3252/4666
f 3262/4663 3266/4665 3277/4667
f 3266/4665 3252/4666 3245/4668
f 3277/4667 3266/4665 3280/4669
f 3277/4667 3280/4669 3297/4670
f 3297/4670 3280/4669 3266/4665
f 3297/4670 3266/4665 3290/4671
f 3266/4665 3245/4668 3263/4672
f 3266/4665 3263/4672 3290/4671
f 3263/4672 3245/4668 3233/4673
f 3290/4671 3263/4672 3268/4674
f 3268/4674 3263/4672 3233/4673
f 3290/4671 3268/4674 3284/4675
f 3284/4675 3268/4674 3246/4676
f 3246/4676 3268/4674 3274/4677
f 3274/4677 3268/4674 3267/4678
f 3267/4678 3268/4674 3233/4673
f 3267/4678 3233/4673 3222/4679
f 3222/4679 3233/4673 3231/4680
f 3222/4679 3231/4680 3228/4681
f 3228/4681 3231/4680 3230/4682
f 3228/4681 3230/4682 3232/4683
f 3222/4679 3228/4681 3247/4684
f 3247/4684 3228/4681 3232/4683
f 3222/4679 3247/4684 3267/4678
f 3247/4684 3232/4683 3265/4685
f 3267/4678 3247/4684 3270/4686
f 3270/4686 3247/4684 3265/4685
f 3267/4678 3270/4686 3309/4687
f 3270/4686 3265/4685 3294/4688
f 3270/4686 3294/4688 3309/4687
f 3294/4688 3265/4685 3304/4689
f 3294/4688 3304/4689 3309/4687
f 3251/4690 3248/4691 3241/4692
f 3241/4692 3248/4691 3236/4693
f 3251/4690 3241/4692 3252/4694
f 3290/4695 3284/4696 3307/4697
f 3307/4697 3284/4696 3291/4698
f 3291/4698 3284/4696 3246/4699
f 3307/4697 3291/4698 3333/4700
f 3307/4697 3333/4700 3336/4701
f 3291/4698 3246/4699 3257/4702
f 3333/4700 3291/4698 3292/4703
f 3292/4703 3291/4698 3257/4702
f 3333/4700 3292/4703 3317/4704
f 3333/4700 3317/4704 3336/4701
f 3292/4703 3257/4702 3283/4705
f 3292/4703 3283/4705 3317/4704
f 3257/4702 3246/4699 3258/4706
f 3257/4702 3258/4706 3283/4705
f 3317/4704 3283/4705 3295/4707
f 3317/4704 3295/4707 3336/4701
f 3295/4707 3283/4705 3258/4706
f 3258/4706 3246/4699 3253/4708
f 3258/4706 3253/4708 3295/4707
f 3253/4708 3246/4699 3274/4709
f 3312/4710 3307/4697 3336/4701
f 3312/4710 3336/4701 3295/4707
f 3307/4697 3312/4710 3321/4711
f 3295/4707 3253/4708 3285/4712
f 3285/4712 3253/4708 3274/4709
f 3295/4707 3285/4712 3312/4710
f 3285/4712 3274/4709 3300/4713
f 3285/4712 3300/4713 3312/4710
f 3312/4710 3300/4713 3321/4711
f 3300/4713 3274/4709 3267/4714
f 3321/4711 3300/4713 3309/4715
f 3309/4715 3300/4713 3267/4714
o tripo_part_4
v -0.142501 0.183328 0.097785
v -0.141825 0.198112 0.097922
v -0.141516 0.182173 -0.007157
v -0.141142 0.199684 -0.007127
v -0.140114 0.201173 0.051665
v -0.140086 0.197129 0.102416
v -0.139275 0.183404 0.103095
v -0.138680 0.198211 -0.106637
v -0.138349 0.180765 -0.057626
v -0.138219 0.180708 0.100142
v -0.137647 0.200737 -0.058618
v -0.137591 0.201308 0.099891
v -0.137573 0.201350 -0.030477
v -0.137079 0.201303 -0.064332
v -0.136961 0.201326 -0.052568
v -0.136355 0.180327 -0.052972
v -0.135526 0.200679 0.076777
v -0.135374 0.180957 0.077624
v -0.133543 0.180397 0.088534
v -0.133114 0.197190 -0.058747
v -0.132998 0.183125 -0.060243
v -0.132578 0.182717 -0.052110
v -0.132473 0.201256 0.089225
v -0.131955 0.198394 -0.053437
v -0.131460 0.201226 0.109267
v -0.131065 0.183534 0.074683
v -0.130840 0.198390 0.074370
v -0.130440 0.180194 0.054171
v -0.130156 0.184648 -0.055413
v -0.128110 0.199271 -0.054475
v -0.127958 0.180364 -0.060083
v -0.127661 0.198251 -0.073053
v -0.127622 0.201290 -0.059960
v -0.126933 0.200970 -0.053254
v -0.126554 0.180211 -0.084161
v -0.125978 0.182024 0.162375
v -0.125733 0.201013 0.055825
v -0.125690 0.180821 0.057164
v -0.125489 0.180654 -0.053636
v -0.124082 0.199529 0.162940
v -0.123591 0.182743 0.052909
v -0.123570 0.199131 0.053368
v -0.122607 0.198945 0.057277
v -0.122397 0.184715 0.056640
v -0.121459 0.180298 0.159827
v -0.120976 0.201163 -0.097406
v -0.120318 0.180505 0.050189
v -0.120006 0.180404 0.059863
v -0.119813 0.201314 0.048217
v -0.118529 0.201392 0.154380
v -0.118276 0.183062 0.163291
v -0.118236 0.181340 -0.099252
v -0.118043 0.199324 0.162543
v -0.116815 0.197474 -0.099221
v -0.116565 0.183295 -0.096856
v -0.116223 0.198139 0.050782
v -0.116050 0.183273 0.050841
v -0.115506 0.182815 0.167502
v -0.114980 0.201263 0.060546
v -0.114333 0.180273 0.165229
v -0.114228 0.200761 0.167655
v -0.113458 0.196816 0.056146
v -0.113196 0.183904 0.056313
v -0.112885 0.180507 0.052684
v -0.112472 0.201275 0.053103
v -0.111863 0.201276 -0.093186
v -0.110913 0.180346 -0.095857
v -0.110875 0.199394 -0.098786
v -0.110055 0.184132 -0.098916
v -0.109899 0.201124 0.027346
v -0.108850 0.201008 0.133643
v -0.108251 0.180199 0.133971
v -0.106301 0.198661 0.030059
v -0.106298 0.182486 0.139464
v -0.103269 0.198019 0.133780
v -0.103242 0.201315 0.032965
v -0.102334 0.201276 0.143371
v -0.101731 0.201141 0.119613
v -0.100873 0.180648 0.119521
v -0.100717 0.201323 0.002303
v -0.100644 0.180407 0.009696
v -0.100289 0.200363 0.007771
v -0.099534 0.182569 0.006814
v -0.098851 0.198212 0.117324
v -0.098657 0.183269 0.118094
v -0.097394 0.184017 0.121940
v -0.097295 0.198388 0.011178
v -0.097215 0.199895 0.122275
v -0.097123 0.183356 0.010540
v -0.096383 0.180602 0.004189
v -0.094327 0.180301 0.125411
v -0.093583 0.180320 0.067080
v -0.093526 0.180337 0.012033
v -0.093186 0.201053 -0.001815
v -0.092286 0.183386 0.004577
v -0.092179 0.201284 0.012104
v -0.091729 0.196870 0.063678
v -0.091641 0.197670 0.004315
v -0.090936 0.200580 0.060962
v -0.090936 0.201356 0.116645
v -0.090894 0.180572 0.116477
v -0.090592 0.200553 0.066619
v -0.088887 0.180361 -0.012197
v -0.088643 0.183263 0.009225
v -0.088620 0.197855 0.008849
v -0.087953 0.201363 0.004306
v -0.087667 0.197873 0.119246
v -0.087548 0.197941 -0.005933
v -0.087438 0.182644 0.118758
v -0.086919 0.180430 0.005944
v -0.086511 0.201423 0.046401
v -0.084973 0.200981 -0.021989
v -0.084752 0.183156 0.124839
v -0.084146 0.198166 0.124946
v -0.084062 0.200470 -0.041322
v -0.082871 0.180430 0.121650
v -0.082475 0.201303 -0.007341
v -0.081937 0.201290 -0.087220
v -0.081887 0.199801 0.109000
v -0.081815 0.201261 -0.028417
v -0.081079 0.201366 -0.036264
v -0.080297 0.201229 0.114692
v -0.078134 0.180400 -0.043557
v -0.077844 0.180377 -0.035775
v -0.077470 0.181701 -0.039697
v -0.077287 0.201227 -0.045816
v -0.076837 0.182222 0.098769
v -0.076516 0.198260 -0.039445
v -0.074044 0.183773 -0.035558
v -0.074037 0.198201 -0.035722
v -0.073915 0.201272 0.125182
v -0.073396 0.182877 -0.042985
v -0.073007 0.198681 -0.043435
v -0.071443 0.201333 0.079593
v -0.069604 0.201278 -0.034505
v -0.069467 0.180377 -0.033925
v -0.069406 0.183542 -0.038056
v -0.069383 0.180374 0.075313
v -0.069215 0.183442 0.071475
v -0.068948 0.180426 -0.042207
v -0.068444 0.197806 0.071376
v -0.068437 0.201125 0.182456
v -0.068223 0.197452 -0.038255
v -0.067742 0.197874 0.185126
v -0.067079 0.185052 0.185477
v -0.066934 0.198355 0.078250
v -0.066400 0.201154 0.135650
v -0.066209 0.183029 0.078025
v -0.066094 0.201385 -0.048104
v -0.065530 0.180327 0.183692
v -0.065515 0.198766 -0.061372
v -0.064752 0.180923 0.070060
v -0.064668 0.201359 0.066249
v -0.062753 0.183327 -0.084283
v -0.062570 0.201319 -0.078958
v -0.062188 0.180300 -0.079446
v -0.062058 0.201278 -0.039743
v -0.061791 0.198736 0.184409
v -0.061639 0.182473 0.071139
v -0.061273 0.198847 -0.083924
v -0.061250 0.180254 0.079574
v -0.060685 0.184134 0.183127
v -0.060548 0.198423 0.070006
v -0.059396 0.183746 0.076178
v -0.059052 0.197323 0.075652
v -0.057534 0.198805 -0.079972
v -0.057366 0.183403 -0.080361
v -0.057321 0.180446 0.073302
v -0.057160 0.201271 0.080928
v -0.054521 0.180329 0.045123
v -0.053254 0.201292 0.065238
v -0.053155 0.201265 0.074790
v -0.051988 0.197443 -0.082467
v -0.051065 0.201269 -0.078988
v -0.051019 0.180546 -0.081170
v -0.050729 0.200888 0.024587
v -0.050126 0.180197 0.141425
v -0.048600 0.201142 0.033318
v -0.045808 0.182935 0.023770
v -0.045304 0.201356 0.020455
v -0.044793 0.201181 0.144347
v -0.044480 0.180529 0.027135
v -0.043794 0.183093 0.140693
v -0.043565 0.198680 0.140555
v -0.043328 0.182255 0.145476
v -0.042626 0.196931 0.025039
v -0.042550 0.198379 0.144874
v -0.042512 0.182303 0.031226
v -0.041657 0.198977 0.031494
v -0.041520 0.180416 0.020439
v -0.039353 0.197740 0.083320
v -0.038865 0.180421 0.137809
v -0.038384 0.182162 0.023335
v -0.037850 0.199492 -0.028409
v -0.037759 0.199686 0.023308
v -0.037522 0.200571 0.139266
v -0.037210 0.180226 0.032202
v -0.037072 0.201026 0.031732
v -0.035165 0.183590 0.028855
v -0.035020 0.182466 0.139289
v -0.034493 0.197793 0.029229
v -0.034066 0.180463 0.024555
v -0.033174 0.201391 0.025469
v -0.026361 0.201281 -0.009778
v -0.025651 0.199182 -0.002942
v -0.023774 0.201197 -0.020181
v -0.021073 0.201563 -0.030072
v -0.020646 0.181354 -0.020864
v -0.020379 0.180388 -0.026414
v -0.019929 0.180236 0.099410
v -0.018411 0.182560 -0.017446
v -0.018182 0.197901 -0.017594
v -0.018014 0.197851 -0.023984
v -0.017777 0.198198 0.091300
v -0.017541 0.183182 0.091475
v -0.016900 0.201209 0.094520
v -0.016641 0.183743 -0.023606
v -0.014230 0.180275 -0.014901
v -0.014199 0.184187 0.096915
v -0.014047 0.198584 0.096396
v -0.012719 0.183697 -0.019014
v -0.012719 0.180432 0.088752
v -0.012307 0.180443 -0.022756
v -0.011224 0.199872 0.090117
v -0.011178 0.197011 -0.018815
v -0.010888 0.201181 -0.014867
v -0.010293 0.198132 -0.038865
v -0.009988 0.201186 -0.022515
v -0.009439 0.183634 0.089866
v -0.008004 0.201359 -0.063806
v -0.003396 0.199076 -0.067292
v -0.001885 0.201292 -0.041406
v -0.000909 0.180825 -0.065332
v 0.000113 0.199273 -0.062272
v 0.001121 0.183752 -0.062554
v 0.002799 0.200929 0.058551
v 0.006019 0.201083 0.046138
v 0.006736 0.200568 -0.064675
v 0.006888 0.180469 -0.064538
v 0.008506 0.198220 0.043706
v 0.008918 0.183230 0.043767
v 0.009665 0.180513 0.048436
v 0.010245 0.201305 0.040945
v 0.010535 0.197999 -0.011651
v 0.010581 0.197262 0.047778
v 0.011130 0.180415 0.040610
v 0.013099 0.201168 -0.014104
v 0.015555 0.197419 0.041060
v 0.015632 0.183397 0.040726
v 0.023978 0.201318 -0.002833
v 0.032081 0.183296 -0.003984
v 0.032691 0.197493 -0.003701
v 0.033133 0.200690 0.001367
v 0.033912 0.181108 -0.000150
v 0.035422 0.180370 -0.006692
v 0.038276 0.200955 -0.005578
v 0.039100 0.183853 -0.005368
v 0.043525 0.201280 -0.028855
v 0.048591 0.198867 -0.026075
v 0.055228 0.200967 -0.049539
v 0.055610 0.180618 -0.047975
v 0.057319 0.184481 -0.044671
v 0.057990 0.197658 -0.046289
v -0.145252 0.201403 0.038861
v -0.145551 0.199386 -0.024453
v -0.145810 0.201290 -0.012521
v -0.146175 0.180474 -0.012673
v -0.146210 0.198591 0.155967
v -0.146611 0.199815 0.044993
v -0.146788 0.180568 0.096427
v -0.147241 0.201175 -0.107080
v -0.147537 0.196716 -0.009389
v -0.147612 0.185331 -0.009622
v -0.148456 0.197572 0.099692
v -0.148870 0.184617 0.099517
v -0.149431 0.180441 -0.005551
v -0.149616 0.201356 -0.005521
v -0.149992 0.201500 0.095946
v -0.150240 0.182925 -0.013364
v -0.150284 0.180301 0.103026
v -0.150321 0.197999 -0.013440
v -0.152447 0.201212 0.105216
v -0.152903 0.190519 0.099288
v -0.154593 0.183618 -0.008603
v -0.154696 0.180435 -0.014909
v -0.154926 0.183800 0.153113
v -0.155030 0.197365 -0.008908
v -0.155396 0.184244 0.098716
v -0.155581 0.190718 0.099944
v -0.155777 0.199196 0.101691
v -0.155927 0.182062 0.102187
v -0.156222 0.201353 -0.015439
v -0.156721 0.198792 0.097297
v -0.157063 0.200954 -0.003640
v -0.157591 0.180472 -0.007909
v -0.159451 0.180357 0.099524
v -0.160075 0.201308 0.099624
v -0.160193 0.200131 -0.012326
v -0.160266 0.180445 0.014991
v -0.161988 0.183478 -0.113885
v -0.163232 0.183137 0.012175
v -0.163653 0.181706 -0.013185
v -0.163882 0.200745 0.018816
v -0.165343 0.180314 0.146636
v -0.165631 0.181918 0.121680
v -0.165643 0.196615 -0.115258
v -0.167247 0.182226 0.038188
v -0.167277 0.201042 -0.111749
v -0.167502 0.180228 -0.112100
v -0.167819 0.180568 0.034203
v -0.167888 0.180233 0.116210
v -0.167895 0.183046 0.093055
v -0.168857 0.200931 0.134269
v -0.169192 0.200889 0.036193
v -0.169631 0.201193 0.144072
v -0.170442 0.201223 0.120757
v -0.171231 0.180643 0.140822
v -0.171420 0.183684 -0.114083
v -0.171573 0.200982 0.095160
v -0.171693 0.198819 -0.113183
v -0.172042 0.198314 0.147246
v -0.172193 0.182413 0.146735
v -0.172633 0.198925 0.031500
v -0.172660 0.182028 0.032103
v -0.173463 0.185550 0.034953
v -0.174951 0.182424 0.141921
v -0.175130 0.183571 -0.117547
v -0.175145 0.201073 0.040295
v -0.175271 0.198054 -0.117868
v -0.175820 0.180319 -0.113961
v -0.175843 0.201155 -0.115304
v -0.176003 0.180267 0.039834
v -0.176129 0.196211 0.144240
v -0.176744 0.201257 0.031569
v -0.177621 0.193929 0.035921
v -0.178014 0.201150 -0.068452
v -0.178895 0.180391 0.031069
v -0.179112 0.181044 -0.069703
v -0.179662 0.180456 0.142119
v -0.179784 0.187026 0.036510
v -0.180047 0.182352 0.038900
v -0.180051 0.199474 0.039203
v -0.180879 0.197946 -0.094018
v -0.181195 0.201272 0.140700
v -0.181275 0.198388 0.144584
v -0.182046 0.183441 0.144393
v -0.182202 0.199375 0.034537
v -0.182752 0.201058 -0.076692
v -0.184495 0.201202 0.036917
v -0.184533 0.180318 0.037559
v -0.185166 0.180338 -0.075883
v -0.185365 0.181860 0.033564
v -0.187310 0.183317 -0.072915
v -0.187680 0.197548 -0.072251
v -0.188127 0.180340 -0.065515
v -0.188935 0.198124 -0.076348
v -0.189466 0.182365 0.058455
v -0.190099 0.183532 -0.071229
v -0.190297 0.183739 -0.075204
v -0.190637 0.199163 0.061019
v -0.191606 0.201320 -0.083955
v -0.192224 0.198318 -0.071550
v -0.192941 0.201282 0.054177
v -0.192945 0.180386 0.075961
v -0.194245 0.201212 0.079657
v -0.195043 0.180738 -0.074182
v -0.195233 0.180368 -0.069123
v -0.195382 0.200993 -0.072335
v -0.195504 0.201270 -0.051919
v -0.195691 0.180948 0.080531
v -0.197125 0.197638 0.082969
v -0.197469 0.199479 -0.054872
v -0.198117 0.184348 0.081939
v -0.198892 0.180889 0.085242
v -0.198979 0.182502 0.077918
v -0.199456 0.198532 0.079581
v -0.200345 0.201236 -0.121316
v -0.201894 0.201183 -0.055581
v -0.202611 0.197615 0.080985
v -0.203439 0.198999 -0.126733
v -0.203534 0.201320 0.077163
v -0.204030 0.180671 0.078338
v -0.204137 0.199255 0.027062
v -0.204167 0.183794 0.081378
v -0.204320 0.182631 0.136939
v -0.204507 0.182722 -0.026227
v -0.204816 0.180510 -0.030416
v -0.204831 0.199931 -0.028470
v -0.205483 0.201232 0.084189
v -0.207963 0.180363 -0.022863
v -0.208116 0.180231 0.088729
v -0.208352 0.198636 -0.031365
v -0.208833 0.182603 -0.030690
v -0.209001 0.201266 -0.023793
v -0.210237 0.197291 0.080863
v -0.210282 0.188513 0.081424
v -0.210786 0.181479 0.084605
v -0.210839 0.201292 -0.118035
v -0.211518 0.200496 0.084357
v -0.213059 0.183022 0.079371
v -0.213098 0.180691 -0.030320
v -0.213830 0.201330 -0.031514
v -0.213998 0.182171 -0.023660
v -0.215058 0.200963 -0.023591
v -0.215180 0.198463 -0.027806
v -0.215631 0.180197 0.082763
v -0.216325 0.181873 -0.025910
v -0.216973 0.201141 -0.079599
v -0.219811 0.201312 0.004174
v -0.220666 0.201081 0.072692
v -0.222238 0.197922 -0.132760
v -0.222871 0.200031 0.109694
v -0.223451 0.201245 -0.128778
v -0.223840 0.182255 -0.131921
v -0.224290 0.201288 0.016738
v -0.224580 0.180365 0.125594
v -0.225236 0.201465 0.125029
v -0.225579 0.198435 0.129645
v -0.226686 0.182742 0.129088
v -0.226869 0.180396 0.015249
v -0.227265 0.201264 0.107390
v -0.227502 0.199682 -0.129922
v -0.228196 0.199238 0.018954
v -0.228616 0.196803 -0.130670
v -0.229020 0.181793 0.121726
v -0.229211 0.201284 -0.003520
v -0.229363 0.199115 0.124411
v -0.229730 0.182810 0.018148
v -0.230004 0.185583 0.126334
v -0.230790 0.199119 0.012218
v -0.231408 0.183037 0.013385
v -0.231858 0.183899 -0.122857
v -0.232644 0.201196 -0.087175
v -0.233567 0.201270 0.020656
v -0.233644 0.201193 -0.037446
v -0.234239 0.195720 0.017717
v -0.234246 0.180461 0.021027
v -0.235055 0.180331 0.124045
v -0.236016 0.201450 -0.054536
v -0.236184 0.182265 0.126449
v -0.237138 0.197784 0.126685
v -0.237458 0.183960 0.018314
v -0.237458 0.180458 0.015276
v -0.238069 0.198474 -0.035241
v -0.238984 0.182814 0.021058
v -0.240167 0.180278 -0.094377
v -0.240495 0.200842 0.024050
v -0.240708 0.201019 -0.032155
v -0.241311 0.201207 -0.092462
v -0.241776 0.183589 0.018318
v -0.242333 0.201388 0.014117
v -0.242402 0.201259 -0.040536
v -0.242753 0.197795 0.018096
v -0.242883 0.201219 0.121863
v -0.243897 0.180651 0.022052
v -0.244020 0.182780 -0.089578
v -0.244142 0.198214 -0.089990
v -0.244294 0.201300 -0.084848
v -0.244859 0.201338 0.045003
v -0.245057 0.180502 -0.085046
v -0.245095 0.198113 -0.093965
v -0.245118 0.184121 -0.093759
v -0.247972 0.198924 -0.086373
v -0.248963 0.184283 -0.084413
v -0.250398 0.201416 0.036219
v -0.252069 0.201246 0.062133
v -0.252847 0.201176 -0.036267
v -0.253205 0.180429 0.061477
v -0.254457 0.183273 0.065436
v -0.255258 0.197626 0.064845
v -0.256013 0.199399 0.058314
v -0.256700 0.180243 0.068602
v -0.257043 0.182610 0.060759
v -0.257226 0.201250 0.068465
v -0.259904 0.180470 -0.046182
v -0.261621 0.201176 -0.047784
v -0.261735 0.184993 0.064971
v -0.262277 0.180504 -0.039865
v -0.262406 0.180692 0.061248
v -0.262887 0.183453 -0.043588
v -0.262979 0.201495 0.014792
v -0.263200 0.197795 -0.043351
v -0.263864 0.196620 0.066020
v -0.265183 0.184140 -0.049096
v -0.265336 0.197348 -0.048921
v -0.266053 0.182008 0.070369
v -0.267220 0.199731 0.074057
v -0.267678 0.200932 0.063456
v -0.267892 0.182155 0.063903
v -0.269357 0.201411 0.067397
v -0.269372 0.180429 0.067458
v -0.269509 0.184418 -0.041741
v -0.269616 0.200477 -0.040887
v -0.278680 0.201259 0.107459
v -0.278893 0.183551 0.112746
v -0.279305 0.180292 0.109527
v -0.279885 0.198248 0.112464
v -0.283563 0.182881 0.108054
v -0.283593 0.198675 0.108230
v -0.284524 0.201314 -0.000138
v -0.284554 0.180470 -0.000161
v -0.285836 0.183993 0.003333
v -0.285958 0.197519 0.003474
v -0.287835 0.185461 -0.002450
v -0.287911 0.198677 -0.001647
v -0.288247 0.180435 0.107070
v -0.288507 0.201429 0.105895
v -0.290704 0.183843 0.109649
v -0.291619 0.201481 0.005973
v -0.291894 0.180776 0.006146
v -0.293847 0.198932 0.108405
v -0.294381 0.197842 0.003974
v -0.294442 0.184824 0.004136
v -0.308572 0.199902 0.050923
v -0.310067 0.201553 0.045407
v -0.311364 0.181563 0.047538
v -0.313043 0.184897 0.043704
v -0.314385 0.197126 0.046920
v -0.315545 0.201338 0.052173
v -0.316888 0.180494 0.052297
v -0.320519 0.198666 0.049989
v -0.320550 0.184880 0.049844
v -0.325616 0.181626 0.065204
v -0.334786 0.201366 0.089644
v -0.334924 0.180470 0.092338
v -0.337289 0.198855 0.093635
v -0.338296 0.198208 0.088286
v -0.339868 0.184593 0.092902
vt 0.779878 0.668351
vt 0.772935 0.679604
vt 0.766231 0.667752
vt 0.781554 0.683075
vt 0.728044 0.685709
vt 0.796159 0.633994
vt 0.723255 0.668830
vt 0.717270 0.665238
vt 0.718467 0.682836
vt 0.721460 0.663084
vt 0.722298 0.637825
vt 0.792926 0.634952
vt 0.794124 0.626931
vt 0.773174 0.659014
vt 0.768147 0.662844
vt 0.733072 0.621784
vt 0.729480 0.620228
vt 0.781554 0.627769
vt 0.784068 0.617833
vt 0.738099 0.611489
vt 0.775928 0.622502
vt 0.786462 0.613763
vt 0.790891 0.614242
vt 0.789814 0.581681
vt 0.740972 0.608137
vt 0.737501 0.569111
vt 0.734867 0.606461
vt 0.729361 0.585033
vt 0.731396 0.604785
vt 0.717270 0.570787
vt 0.581012 0.868168
vt 0.581012 0.911383
vt 0.556830 0.871879
vt 0.536719 0.915812
vt 0.577899 0.864457
vt 0.535043 0.896898
vt 0.530015 0.915693
vt 0.529297 0.877745
vt 0.537796 0.868527
vt 0.551204 0.866133
vt 0.572153 0.857274
vt 0.552162 0.861584
vt 0.538754 0.862661
vt 0.527621 0.864337
vt 0.521037 0.870921
vt 0.536360 0.863499
vt 0.526544 0.840395
vt 0.526424 0.861823
vt 0.816921 0.147164
vt 0.821470 0.147763
vt 0.817520 0.163564
vt 0.819435 0.145129
vt 0.811893 0.160332
vt 0.761016 0.142376
vt 0.811175 0.187866
vt 0.766044 0.186190
vt 0.804112 0.184633
vt 0.760179 0.185112
vt 0.801119 0.189661
vt 0.806027 0.202350
vt 0.813090 0.202470
vt 0.812731 0.210012
vt 0.767720 0.215878
vt 0.813809 0.235271
vt 0.786874 0.206780
vt 0.775262 0.191217
vt 0.821470 0.243052
vt 0.784958 0.247361
vt 0.761974 0.220427
vt 0.759580 0.205463
vt 0.764608 0.208456
vt 0.762453 0.190619
vt 0.758622 0.189063
vt 0.055145 0.776312
vt 0.051434 0.770326
vt 0.063165 0.763862
vt 0.069031 0.771643
vt 0.064482 0.819527
vt 0.060891 0.823478
vt 0.023302 0.780382
vt 0.014443 0.777629
vt 0.002113 0.770207
vt 0.004986 0.768172
vt 0.009894 0.780621
vt 0.014084 0.786966
vt 0.010493 0.789600
vt 0.011570 0.821442
vt 0.021626 0.823118
vt 0.016598 0.826829
vt 0.034674 0.831259
vt 0.022703 0.831139
vt 0.042216 0.849215
vt 0.014443 0.831019
vt 0.016478 0.837005
vt 0.002113 0.860588
vt 0.045369 0.950315
vt 0.043453 0.949117
vt 0.047164 0.948040
vt 0.062128 0.959532
vt 0.048840 0.944808
vt 0.039024 0.937506
vt 0.036510 0.941097
vt 0.003350 0.959532
vt 0.031722 0.937745
vt 0.037109 0.900156
vt 0.616298 0.738193
vt 0.620009 0.773148
vt 0.613784 0.743699
vt 0.611868 0.750044
vt 0.611270 0.733764
vt 0.661548 0.702878
vt 0.611030 0.752079
vt 0.607918 0.745136
vt 0.608756 0.728017
vt 0.605643 0.730891
vt 0.553330 0.702878
vt 0.757041 0.143898
vt 0.750217 0.156109
vt 0.752851 0.139948
vt 0.745429 0.150602
vt 0.747584 0.158264
vt 0.754766 0.169397
vt 0.745429 0.195972
vt 0.749140 0.198726
vt 0.701496 0.197169
vt 0.745788 0.204472
vt 0.724600 0.201958
vt 0.700298 0.202556
vt 0.722684 0.206746
vt 0.695271 0.195493
vt 0.688088 0.203634
vt 0.690961 0.207464
vt 0.699101 0.208183
vt 0.722924 0.212013
vt 0.703411 0.209140
vt 0.702453 0.229850
vt 0.722684 0.228653
vt 0.745908 0.212373
vt 0.751055 0.210218
vt 0.754407 0.242899
vt 0.725318 0.260017
vt 0.757041 0.251398
vt 0.158298 0.865190
vt 0.152552 0.858606
vt 0.160094 0.861838
vt 0.156742 0.821855
vt 0.149200 0.855972
vt 0.149320 0.817425
vt 0.150517 0.813834
vt 0.160453 0.820777
vt 0.158418 0.814433
vt 0.171825 0.819221
vt 0.205943 0.865190
vt 0.204506 0.838494
vt 0.198880 0.814193
vt 0.182480 0.812637
vt 0.199838 0.808806
vt 0.197204 0.805454
vt 0.201394 0.805095
vt 0.197563 0.800546
vt 0.178050 0.809525
vt 0.160214 0.810123
vt 0.154707 0.808327
vt 0.151355 0.771696
vt 0.848682 0.080536
vt 0.856583 0.050010
vt 0.882560 0.055158
vt 0.892975 0.058151
vt 0.892137 0.053003
vt 0.894651 0.055277
vt 0.897404 0.043546
vt 0.894651 0.040433
vt 0.860893 0.038518
vt 0.855985 0.035166
vt 0.860414 0.034927
vt 0.892376 0.001767
vt 0.848682 0.001887
vt 0.017717 0.271361
vt 0.020709 0.269805
vt 0.014006 0.306436
vt 0.008978 0.304640
vt 0.009097 0.309549
vt 0.020709 0.340553
vt 0.010175 0.323555
vt 0.005626 0.309309
vt 0.872451 0.128983
vt 0.881789 0.116294
vt 0.885979 0.118927
vt 0.887535 0.122399
vt 0.874726 0.134729
vt 0.851023 0.135327
vt 0.831152 0.130419
vt 0.836060 0.181655
vt 0.879275 0.175909
vt 0.879275 0.135806
vt 0.892802 0.120603
vt 0.887295 0.132335
vt 0.883824 0.135567
vt 0.890408 0.156396
vt 0.886338 0.177106
vt 0.891725 0.178902
vt 0.889809 0.182613
vt 0.884901 0.179620
vt 0.892802 0.188239
vt 0.892084 0.196739
vt 0.883824 0.188718
vt 0.882507 0.184648
vt 0.054325 0.652683
vt 0.054684 0.646697
vt 0.066775 0.624072
vt 0.059831 0.619882
vt 0.069767 0.621080
vt 0.032897 0.620601
vt 0.001652 0.655795
vt 0.026911 0.621678
vt 0.028587 0.618566
vt 0.045107 0.615812
vt 0.060071 0.616291
vt 0.067014 0.616411
vt 0.075394 0.622875
vt 0.066775 0.608151
vt 0.061268 0.609348
vt 0.026552 0.614376
vt 0.024038 0.616531
vt 0.017215 0.626466
vt 0.016137 0.625150
vt 0.022721 0.609109
vt 0.018412 0.615573
vt 0.032777 0.568168
vt 0.028946 0.567928
vt 0.071802 0.564576
vt 0.032418 0.564696
vt 0.027510 0.563020
vt 0.070845 0.560027
vt 0.073838 0.560746
vt 0.075513 0.568647
vt 0.078626 0.566013
vt 0.078985 0.571280
vt 0.073239 0.613298
vt 0.111426 0.617728
vt 0.094906 0.622157
vt 0.111786 0.621319
vt 0.112145 0.572836
vt 0.114539 0.569963
vt 0.112983 0.578942
vt 0.118250 0.576787
vt 0.129742 0.565773
vt 0.131777 0.572118
vt 0.117053 0.612580
vt 0.124954 0.577385
vt 0.131777 0.575590
vt 0.124475 0.580977
vt 0.147938 0.594624
vt 0.122320 0.619643
vt 0.148417 0.639275
vt 0.146980 0.643465
vt 0.118848 0.625030
vt 0.117891 0.629818
vt 0.122919 0.630177
vt 0.146116 0.856877
vt 0.145398 0.860588
vt 0.137976 0.849335
vt 0.138574 0.845624
vt 0.135581 0.848377
vt 0.116667 0.837603
vt 0.123610 0.859510
vt 0.099429 0.825513
vt 0.122533 0.835329
vt 0.106013 0.819048
vt 0.097753 0.821442
vt 0.118822 0.822520
vt 0.143841 0.838202
vt 0.146116 0.776551
vt 0.112836 0.814021
vt 0.139173 0.776551
vt 0.105175 0.815457
vt 0.106372 0.807197
vt 0.098352 0.809471
vt 0.088775 0.808155
vt 0.089373 0.811507
vt 0.089493 0.814021
vt 0.085303 0.817133
vt 0.079437 0.815337
vt 0.859084 0.595547
vt 0.865190 0.595068
vt 0.863514 0.598420
vt 0.859204 0.598779
vt 0.857289 0.614461
vt 0.861120 0.614701
vt 0.813834 0.598899
vt 0.812398 0.595308
vt 0.858845 0.636727
vt 0.815271 0.634812
vt 0.853698 0.635530
vt 0.811320 0.598061
vt 0.849149 0.640319
vt 0.811919 0.635770
vt 0.809764 0.632657
vt 0.805215 0.596864
vt 0.807968 0.633016
vt 0.790969 0.618412
vt 0.813834 0.638044
vt 0.813236 0.641516
vt 0.809884 0.642234
vt 0.856571 0.641755
vt 0.864711 0.637565
vt 0.863993 0.640917
vt 0.865190 0.642833
vt 0.857528 0.645347
vt 0.853698 0.644987
vt 0.852381 0.680182
vt 0.845797 0.681379
vt 0.809046 0.655642
vt 0.797194 0.674197
vt 0.801504 0.674197
vt 0.799828 0.677309
vt 0.790132 0.683055
vt 0.790371 0.686048
vt 0.799110 0.681978
vt 0.802103 0.680302
vt 0.791568 0.689160
vt 0.010254 0.162947
vt 0.011092 0.158278
vt 0.015402 0.159475
vt 0.011811 0.145828
vt 0.011571 0.168094
vt 0.017437 0.142596
vt 0.001396 0.122126
vt 0.017437 0.145349
vt 0.024620 0.144631
vt 0.023662 0.153729
vt 0.018514 0.167496
vt 0.027612 0.165221
vt 0.017677 0.192036
vt 0.009297 0.208197
vt 0.001396 0.209394
vt 0.147266 0.884249
vt 0.118297 0.929020
vt 0.142957 0.883650
vt 0.110994 0.929619
vt 0.110994 0.856356
vt 0.413615 0.723083
vt 0.385602 0.735293
vt 0.411220 0.721048
vt 0.404756 0.756362
vt 0.383687 0.737688
vt 0.381053 0.733498
vt 0.393862 0.761989
vt 0.371118 0.742476
vt 0.379737 0.770847
vt 0.373272 0.754327
vt 0.367287 0.744391
vt 0.367646 0.739842
vt 0.379377 0.727512
vt 0.352203 0.748342
vt 0.339155 0.758517
vt 0.336521 0.757200
vt 0.340232 0.750856
vt 0.368364 0.734934
vt 0.364294 0.735653
vt 0.344662 0.699740
vt 0.341669 0.704049
vt 0.331733 0.749299
vt 0.331374 0.765460
vt 0.328501 0.763904
vt 0.331972 0.757320
vt 0.328261 0.757081
vt 0.315812 0.728470
vt 0.324670 0.756362
vt 0.314614 0.713386
vt 0.340472 0.696388
vt 0.305876 0.715541
vt 0.298454 0.720090
vt 0.304678 0.712908
vt 0.307911 0.711232
vt 0.295700 0.708239
vt 0.297376 0.707760
vt 0.304439 0.705486
vt 0.306953 0.704169
vt 0.320720 0.703570
vt 0.323234 0.695190
vt 0.339873 0.690522
vt 0.319762 0.663946
vt 0.350527 0.682142
vt 0.353999 0.685733
vt 0.380934 0.665143
vt 0.383807 0.668854
vt 0.354957 0.688726
vt 0.385842 0.674481
vt 0.388356 0.670411
vt 0.410023 0.716379
vt 0.414213 0.715302
vt 0.416488 0.712309
vt 0.416488 0.651856
vt 0.462508 0.454406
vt 0.462508 0.538443
vt 0.426356 0.506001
vt 0.488776 0.938823
vt 0.495959 0.878609
vt 0.501944 0.879806
vt 0.499670 0.871666
vt 0.520260 0.876095
vt 0.529238 0.938823
vt 0.646563 0.568914
vt 0.652907 0.551556
vt 0.651710 0.569392
vt 0.644168 0.573822
vt 0.656379 0.552753
vt 0.659731 0.533479
vt 0.710488 0.555985
vt 0.721262 0.511812
vt 0.661167 0.500918
vt 0.715037 0.504869
vt 0.660569 0.495412
vt 0.726409 0.493496
vt 0.658055 0.493496
vt 0.704383 0.561252
vt 0.713600 0.561132
vt 0.678286 0.575258
vt 0.654224 0.575258
vt 0.707854 0.576695
vt 0.714079 0.578131
vt 0.687384 0.583638
vt 0.664280 0.609375
vt 0.711086 0.584236
vt 0.724733 0.597764
vt 0.722100 0.615361
vt 0.727127 0.616678
vt 0.788976 0.941124
vt 0.788976 0.902936
vt 0.796159 0.904493
vt 0.062473 0.888079
vt 0.083063 0.913697
vt 0.063670 0.945300
vt 0.078993 0.943864
vt 0.092041 0.916091
vt 0.062473 0.950328
vt 0.457906 0.220060
vt 0.441506 0.283027
vt 0.441506 0.200188
vt 0.724959 0.911210
vt 0.724959 0.840821
vt 0.753809 0.887268
vt 0.757041 0.877811
vt 0.733099 0.837589
vt 0.290382 0.961833
vt 0.290382 0.924484
vt 0.328689 0.950700
vt 0.329048 0.914907
vt 0.324260 0.902098
vt 0.943597 0.585913
vt 0.945752 0.583758
vt 0.949223 0.585195
vt 0.939287 0.592257
vt 0.939287 0.547247
vt 0.942519 0.595968
vt 0.952575 0.587349
vt 0.951857 0.591180
vt 0.985376 0.593335
vt 0.986333 0.590222
vt 0.953054 0.583040
vt 0.942639 0.544254
vt 0.981665 0.549282
vt 0.985136 0.586392
vt 0.989446 0.586152
vt 0.985495 0.548563
vt 0.514660 0.555785
vt 0.498021 0.577572
vt 0.494310 0.575776
vt 0.496704 0.580325
vt 0.525674 0.587149
vt 0.531540 0.585234
vt 0.526153 0.595529
vt 0.528307 0.599958
vt 0.509752 0.593254
vt 0.509034 0.597205
vt 0.489761 0.630125
vt 0.491916 0.589782
vt 0.487007 0.587149
vt 0.492993 0.573981
vt 0.485930 0.605704
vt 0.475635 0.624977
vt 0.481142 0.605943
vt 0.471685 0.623541
vt 0.483296 0.584635
vt 0.468452 0.620189
vt 0.466776 0.626893
vt 0.481381 0.592416
vt 0.453010 0.623421
vt 0.456362 0.630484
vt 0.432659 0.606302
vt 0.430265 0.609654
vt 0.427272 0.616119
vt 0.449419 0.572185
vt 0.428350 0.603908
vt 0.418773 0.605584
vt 0.446426 0.569911
vt 0.417695 0.609894
vt 0.425955 0.612767
vt 0.402851 0.627970
vt 0.416379 0.613724
vt 0.415062 0.611330
vt 0.386930 0.624618
vt 0.452890 0.569073
vt 0.456122 0.559616
vt 0.450975 0.557820
vt 0.454686 0.555785
vt 0.285235 0.963415
vt 0.287630 0.966169
vt 0.254111 0.975147
vt 0.252076 0.971795
vt 0.241900 0.945339
vt 0.242858 0.937917
vt 0.248006 0.971915
vt 0.246689 0.984724
vt 0.241900 0.984844
vt 0.546568 0.646775
vt 0.566799 0.681491
vt 0.543935 0.703996
vt 0.543336 0.647374
vt 0.545850 0.641627
vt 0.540942 0.629656
vt 0.536752 0.703996
vt 0.539026 0.708426
vt 0.589065 0.745536
vt 0.519394 0.717284
vt 0.520591 0.712855
vt 0.534118 0.715728
vt 0.520711 0.723868
vt 0.535794 0.718122
vt 0.518317 0.721953
vt 0.468757 0.745536
vt 0.603395 0.835315
vt 0.600761 0.833879
vt 0.604951 0.831245
vt 0.624943 0.834477
vt 0.596332 0.869792
vt 0.624464 0.864764
vt 0.633442 0.833879
vt 0.638350 0.832442
vt 0.637512 0.828731
vt 0.628774 0.829809
vt 0.634759 0.824901
vt 0.618838 0.825619
vt 0.613211 0.825738
vt 0.602916 0.828133
vt 0.599804 0.828492
vt 0.598966 0.825020
vt 0.602318 0.822506
vt 0.606867 0.823943
vt 0.596332 0.779770
vt 0.619915 0.781446
vt 0.640864 0.819633
vt 0.637153 0.780368
vt 0.625063 0.775700
vt 0.637512 0.775221
vt 0.642899 0.785157
vt 0.643019 0.779052
vt 0.645294 0.821190
vt 0.648167 0.778812
vt 0.646012 0.774144
vt 0.641822 0.833161
vt 0.647568 0.831365
vt 0.678573 0.796290
vt 0.650920 0.825260
vt 0.662891 0.818556
vt 0.664806 0.822028
vt 0.653075 0.829689
vt 0.680009 0.816641
vt 0.684558 0.814965
vt 0.682882 0.820711
vt 0.667560 0.825738
vt 0.676658 0.833879
vt 0.709536 0.139310
vt 0.726629 0.165257
vt 0.701562 0.139381
vt 0.727128 0.167976
vt 0.702406 0.127059
vt 0.710903 0.132364
vt 0.676454 0.139445
vt 0.726815 0.060414
vt 0.690974 0.126811
vt 0.727128 0.046577
vt 0.632097 0.148523
vt 0.627375 0.155284
vt 0.404189 0.164820
vt 0.400119 0.163982
vt 0.389824 0.142075
vt 0.396648 0.147941
vt 0.380726 0.135850
vt 0.363488 0.178946
vt 0.386592 0.133336
vt 0.347926 0.167334
vt 0.384078 0.129625
vt 0.338708 0.147701
vt 0.336314 0.150814
vt 0.377733 0.132738
vt 0.381444 0.124717
vt 0.335715 0.143392
vt 0.330807 0.143392
vt 0.387550 0.126154
vt 0.317639 0.110950
vt 0.326857 0.118492
vt 0.375100 0.104486
vt 0.392099 0.090600
vt 0.364805 0.095508
vt 0.322906 0.106401
vt 0.319075 0.104247
vt 0.313329 0.106880
vt 0.340743 0.097184
vt 0.368875 0.094071
vt 0.373065 0.088086
vt 0.360256 0.091438
vt 0.365762 0.088924
vt 0.359178 0.087607
vt 0.363248 0.084375
vt 0.313928 0.101972
vt 0.351876 0.073002
vt 0.307823 0.097663
vt 0.309618 0.110112
vt 0.307224 0.080305
vt 0.307942 0.109394
vt 0.305668 0.109634
vt 0.303513 0.103409
vt 0.286395 0.098979
vt 0.268797 0.102571
vt 0.264129 0.100655
vt 0.250601 0.069890
vt 0.296211 0.086290
vt 0.294415 0.069411
vt 0.282684 0.065221
vt 0.253115 0.066299
vt 0.246890 0.066418
vt 0.290704 0.060792
vt 0.242940 0.062827
vt 0.236116 0.071087
vt 0.231807 0.062109
vt 0.295971 0.063904
vt 0.300760 0.067137
vt 0.329730 0.054328
vt 0.339666 0.044631
vt 0.344693 0.050377
vt 0.346609 0.045948
vt 0.349003 0.048342
vt 0.355348 0.066658
vt 0.354749 0.050617
vt 0.351876 0.045948
vt 0.391979 0.038167
vt 0.368037 0.083657
vt 0.397246 0.082819
vt 0.390901 0.086290
vt 0.410055 0.083417
vt 0.408858 0.079108
vt 0.753063 0.814021
vt 0.754978 0.800494
vt 0.759886 0.811148
vt 0.756654 0.797381
vt 0.758450 0.797142
vt 0.757851 0.754764
vt 0.753422 0.818929
vt 0.719903 0.839878
vt 0.761203 0.817852
vt 0.796159 0.839878
vt 0.428981 0.691907
vt 0.429580 0.683527
vt 0.436403 0.690590
vt 0.434368 0.695977
vt 0.424312 0.700885
vt 0.425509 0.702681
vt 0.470161 0.692864
vt 0.433530 0.670000
vt 0.429340 0.648452
vt 0.472077 0.697294
vt 0.473633 0.692864
vt 0.484167 0.694540
vt 0.485724 0.699089
vt 0.471718 0.655156
vt 0.459268 0.651924
vt 0.448973 0.650248
vt 0.489195 0.694899
vt 0.524629 0.704117
vt 0.483210 0.654797
vt 0.471358 0.649051
vt 0.450050 0.646297
vt 0.429939 0.645340
vt 0.415933 0.642586
vt 0.418327 0.637199
vt 0.427664 0.640312
vt 0.416890 0.626545
vt 0.412940 0.626904
vt 0.419524 0.624271
vt 0.431495 0.641748
vt 0.445980 0.633847
vt 0.445142 0.642945
vt 0.452923 0.643065
vt 0.470520 0.643424
vt 0.474471 0.644502
vt 0.487519 0.648213
vt 0.483928 0.643424
vt 0.488118 0.642347
vt 0.489195 0.653121
vt 0.526066 0.643185
vt 0.539593 0.624271
vt 0.532650 0.641629
vt 0.526305 0.645818
vt 0.526784 0.698012
vt 0.530854 0.694660
vt 0.528221 0.702920
vt 0.056719 0.506876
vt 0.058754 0.518488
vt 0.050973 0.506996
vt 0.052050 0.503644
vt 0.016137 0.503644
vt 0.014342 0.508432
vt 0.051571 0.516214
vt 0.024637 0.517291
vt 0.021883 0.520643
vt 0.053966 0.520763
vt 0.071922 0.556795
vt 0.067134 0.557274
vt 0.030503 0.560506
vt 0.026193 0.558112
vt 0.280529 0.062228
vt 0.284599 0.057679
vt 0.249763 0.063545
vt 0.260298 0.041279
vt 0.262453 0.039723
vt 0.254791 0.038406
vt 0.228934 0.042835
vt 0.224744 0.038167
vt 0.225103 0.044272
vt 0.204992 0.047025
vt 0.715217 0.877692
vt 0.712703 0.884037
vt 0.710668 0.877213
vt 0.705760 0.886072
vt 0.714019 0.837948
vt 0.677029 0.885713
vt 0.674036 0.889663
vt 0.710189 0.838427
vt 0.715456 0.833280
vt 0.672600 0.885234
vt 0.660749 0.890501
vt 0.675712 0.855187
vt 0.689718 0.845490
vt 0.711506 0.833998
vt 0.716773 0.829569
vt 0.711266 0.811493
vt 0.689479 0.841420
vt 0.676191 0.841540
vt 0.675712 0.844532
vt 0.672360 0.849800
vt 0.664699 0.843096
vt 0.660749 0.846687
vt 0.661347 0.885832
vt 0.658115 0.846568
vt 0.658115 0.886551
vt 0.793058 0.073672
vt 0.793058 0.039674
vt 0.801318 0.074151
vt 0.795093 0.079657
vt 0.801198 0.036442
vt 0.805029 0.082051
vt 0.805269 0.076904
vt 0.838309 0.079897
vt 0.805029 0.040512
vt 0.829689 0.037878
vt 0.844294 0.034886
vt 0.805867 0.086002
vt 0.843097 0.039435
vt 0.849082 0.041590
vt 0.839984 0.075946
vt 0.842977 0.076665
vt 0.844174 0.081213
vt 0.842498 0.086481
vt 0.846569 0.086241
vt 0.848843 0.120478
vt 0.844773 0.119640
vt 0.803952 0.120598
vt 0.845850 0.123591
vt 0.807663 0.124548
vt 0.844414 0.127062
vt 0.806945 0.128858
vt 0.797301 0.945699
vt 0.792154 0.945938
vt 0.792393 0.943784
vt 0.796703 0.940910
vt 0.801252 0.943424
vt 0.801012 0.938397
vt 0.801730 0.958747
vt 0.797660 0.960184
vt 0.799935 0.964134
vt 0.843389 0.961979
vt 0.820405 0.944502
vt 0.843509 0.957909
vt 0.853684 0.964134
vt 0.847938 0.954677
vt 0.840157 0.946178
vt 0.845784 0.941988
vt 0.841833 0.942467
vt 0.849614 0.920560
vt 0.848537 0.939594
vt 0.845185 0.917088
vt 0.800653 0.901406
vt 0.851769 0.902484
vt 0.771418 0.888625
vt 0.747476 0.826735
vt 0.781713 0.883957
vt 0.784107 0.861451
vt 0.787220 0.841220
vt 0.794163 0.852952
vt 0.786262 0.884196
vt 0.783389 0.887548
vt 0.747476 0.904307
vt 0.782431 0.893294
vt 0.784586 0.894371
vt 0.787459 0.894132
vt 0.791649 0.897244
vt 0.788537 0.892336
vt 0.791051 0.893055
vt 0.792367 0.888386
vt 0.791290 0.882281
vt 0.809965 0.891259
vt 0.496585 0.333476
vt 0.503647 0.335751
vt 0.490001 0.336230
vt 0.464263 0.294690
vt 0.510710 0.335871
vt 0.505683 0.340061
vt 0.499458 0.338025
vt 0.492993 0.339821
vt 0.510830 0.342455
vt 0.464263 0.370467
vt 0.507478 0.344011
vt 0.491317 0.344131
vt 0.507718 0.345567
vt 0.493712 0.342335
vt 0.761903 0.412409
vt 0.780051 0.372852
vt 0.770688 0.421540
vt 0.766687 0.421843
vt 0.763817 0.422727
vt 0.718428 0.397365
vt 0.767787 0.427847
vt 0.771409 0.451529
vt 0.780051 0.477465
vt 0.771918 0.429811
vt 0.771331 0.422830
vt 0.773810 0.428415
vt 0.772729 0.424078
vt 0.776460 0.425685
vt 0.383653 0.375020
vt 0.395385 0.370950
vt 0.388801 0.385675
vt 0.375752 0.382682
vt 0.273400 0.390822
vt 0.271964 0.396089
vt 0.383653 0.387710
vt 0.407834 0.415841
vt 0.392871 0.383161
vt 0.449853 0.277696
vt 0.409989 0.413687
vt 0.410827 0.424101
vt 0.423876 0.435115
vt 0.414897 0.415722
vt 0.396701 0.382921
vt 0.418010 0.411173
vt 0.449853 0.459057
vt 0.446022 0.451874
vt 0.416155 0.476540
vt 0.418789 0.505749
vt 0.413521 0.506228
vt 0.406219 0.463132
vt 0.411486 0.457147
vt 0.387185 0.498926
vt 0.410050 0.450683
vt 0.365398 0.449126
vt 0.376411 0.493060
vt 0.406578 0.448767
vt 0.416394 0.433923
vt 0.412085 0.431529
vt 0.382038 0.419319
vt 0.357976 0.495095
vt 0.384192 0.448288
vt 0.356061 0.441585
vt 0.381439 0.401242
vt 0.357856 0.400045
vt 0.351272 0.446373
vt 0.351392 0.441106
vt 0.351512 0.399806
vt 0.336308 0.438472
vt 0.336548 0.398848
vt 0.332717 0.446493
vt 0.331161 0.440627
vt 0.328288 0.398609
vt 0.277531 0.440148
vt 0.280045 0.446493
vt 0.274059 0.444338
vt 0.237667 0.428057
vt 0.274897 0.448647
vt 0.278608 0.503834
vt 0.273461 0.506228
vt 0.329844 0.453675
vt 0.334752 0.498686
vt 0.337266 0.484560
vt 0.336428 0.450683
vt 0.349716 0.493299
vt 0.352828 0.499045
vt 0.349955 0.450563
vt 0.353307 0.493180
vt 0.354983 0.451281
vt 0.440083 0.959705
vt 0.422964 0.964134
vt 0.436492 0.954916
vt 0.440801 0.955036
vt 0.420451 0.959466
vt 0.414824 0.961860
vt 0.414824 0.909666
vt 0.437449 0.926426
vt 0.444871 0.928939
vt 0.434337 0.907272
vt 0.448702 0.920081
vt 0.438646 0.906673
s 1
usemtl Material
f 3515/4716 3501/4717 3502/4718
f 3501/4717 3515/4716 3499/4719
f 3501/4717 3499/4719 3418/4720
f 3499/4719 3515/4716 3538/4721
f 3501/4717 3418/4720 3415/4722
f 3501/4717 3415/4722 3502/4718
f 3415/4722 3418/4720 3408/4723
f 3408/4723 3418/4720 3410/4724
f 3415/4722 3408/4723 3417/4725
f 3415/4722 3417/4725 3502/4718
f 3417/4725 3408/4723 3431/4726
f 3544/4727 3538/4721 3515/4716
f 3538/4721 3544/4727 3541/4728
f 3519/4729 3515/4716 3502/4718
f 3515/4716 3519/4729 3544/4727
f 3502/4718 3417/4725 3507/4730
f 3502/4718 3507/4730 3519/4729
f 3417/4725 3431/4726 3448/4731
f 3417/4725 3448/4731 3507/4730
f 3448/4731 3431/4726 3443/4732
f 3542/4733 3541/4728 3544/4727
f 3542/4733 3544/4727 3519/4729
f 3542/4733 3519/4729 3507/4730
f 3541/4728 3542/4733 3540/4734
f 3448/4731 3443/4732 3470/4735
f 3542/4733 3507/4730 3534/4736
f 3534/4736 3507/4730 3448/4731
f 3542/4733 3534/4736 3540/4734
f 3534/4736 3448/4731 3470/4735
f 3534/4736 3470/4735 3540/4734
f 3540/4734 3470/4735 3549/4737
f 3540/4734 3549/4737 3557/4738
f 3557/4738 3549/4737 3567/4739
f 3549/4737 3470/4735 3473/4740
f 3549/4737 3473/4740 3567/4739
f 3567/4739 3473/4740 3518/4741
f 3473/4740 3470/4735 3466/4742
f 3518/4741 3473/4740 3484/4743
f 3484/4743 3473/4740 3466/4742
f 3484/4743 3466/4742 3458/4744
f 3484/4743 3458/4744 3495/4745
f 3418/4746 3499/4747 3434/4748
f 3434/4748 3499/4747 3538/4749
f 3418/4746 3434/4748 3410/4750
f 3434/4748 3538/4749 3504/4751
f 3504/4751 3538/4749 3541/4752
f 3504/4751 3541/4752 3471/4753
f 3434/4748 3504/4751 3445/4754
f 3445/4754 3504/4751 3471/4753
f 3410/4750 3434/4748 3432/4755
f 3432/4755 3434/4748 3445/4754
f 3410/4750 3432/4755 3407/4756
f 3407/4756 3432/4755 3428/4757
f 3428/4757 3432/4755 3435/4758
f 3435/4758 3432/4755 3445/4754
f 3445/4754 3471/4753 3443/4759
f 3443/4759 3471/4753 3470/4760
f 3435/4758 3445/4754 3441/4761
f 3441/4761 3445/4754 3443/4759
f 3435/4758 3441/4761 3382/4762
f 3441/4761 3443/4759 3442/4763
f 3436/4764 3443/4765 3431/4766
f 3443/4765 3436/4764 3442/4767
f 3436/4764 3431/4766 3429/4768
f 3436/4764 3429/4768 3637/4769
f 3429/4768 3431/4766 3408/4770
f 3637/4769 3429/4768 3661/4771
f 3429/4768 3408/4770 3402/4772
f 3429/4768 3402/4772 3661/4771
f 3637/4769 3661/4771 3674/4773
f 3402/4772 3408/4770 3393/4774
f 3402/4772 3393/4774 3661/4771
f 3393/4774 3408/4770 3397/4775
f 3397/4775 3408/4770 3410/4776
f 3397/4775 3410/4776 3407/4777
f 3397/4775 3407/4777 3672/4778
f 3672/4778 3407/4777 3428/4779
f 3393/4774 3397/4775 3625/4780
f 3625/4780 3397/4775 3672/4778
f 3643/4781 3661/4771 3393/4774
f 3643/4781 3393/4774 3625/4780
f 3435/4782 3382/4783 3428/4779
f 3428/4779 3382/4783 3670/4784
f 3428/4779 3670/4784 3672/4778
f 3672/4778 3670/4784 3690/4785
f 3625/4780 3672/4778 3678/4786
f 3678/4786 3672/4778 3690/4785
f 3625/4780 3678/4786 3643/4781
f 3678/4786 3690/4785 3679/4787
f 3678/4786 3679/4787 3643/4781
f 3643/4781 3679/4787 3661/4771
f 3679/4787 3690/4785 3683/4788
f 3661/4771 3679/4787 3674/4773
f 3674/4773 3679/4787 3683/4788
f 3553/4789 3541/4790 3540/4791
f 3553/4789 3540/4791 3557/4792
f 3553/4789 3557/4792 3577/4793
f 3553/4789 3577/4793 3573/4794
f 3541/4790 3553/4789 3488/4795
f 3488/4795 3553/4789 3573/4794
f 3541/4790 3488/4795 3471/4796
f 3466/4797 3470/4798 3471/4796
f 3466/4797 3471/4796 3464/4799
f 3464/4799 3471/4796 3479/4800
f 3479/4800 3471/4796 3488/4795
f 3464/4799 3479/4800 3476/4801
f 3476/4801 3479/4800 3503/4802
f 3479/4800 3488/4795 3526/4803
f 3479/4800 3526/4803 3503/4802
f 3526/4803 3488/4795 3573/4794
f 3503/4802 3526/4803 3522/4804
f 3526/4803 3573/4794 3548/4805
f 3526/4803 3548/4805 3522/4804
f 3522/4804 3548/4805 3529/4806
f 3529/4806 3548/4805 3581/4807
f 3522/4804 3529/4806 3520/4808
f 3520/4808 3529/4806 3528/4809
f 3520/4808 3528/4809 3546/4810
f 3573/4811 3577/4812 3571/4813
f 3573/4811 3571/4813 3548/4814
f 3548/4814 3571/4813 3581/4815
f 3581/4815 3571/4813 3572/4816
f 3571/4813 3577/4812 3576/4817
f 3571/4813 3576/4817 3572/4816
f 3576/4817 3577/4812 3557/4818
f 3576/4817 3557/4818 3567/4819
f 3576/4817 3567/4819 3572/4816
f 3572/4816 3567/4819 3518/4820
f 3518/4821 3484/4822 3505/4823
f 3505/4823 3484/4822 3495/4824
f 3518/4821 3505/4823 3521/4825
f 3518/4821 3521/4825 3572/4826
f 3521/4825 3505/4823 3503/4827
f 3521/4825 3503/4827 3522/4828
f 3572/4826 3521/4825 3525/4829
f 3521/4825 3522/4828 3516/4830
f 3521/4825 3516/4830 3525/4829
f 3525/4829 3516/4830 3554/4831
f 3466/4832 3464/4833 3442/4834
f 3442/4834 3464/4833 3441/4835
f 3441/4835 3464/4833 3457/4836
f 3457/4836 3464/4833 3476/4837
f 3457/4836 3476/4837 3491/4838
f 3491/4838 3476/4837 3503/4839
f 3457/4836 3491/4838 3416/4840
f 3491/4838 3503/4839 3498/4841
f 3416/4840 3491/4838 3459/4842
f 3459/4842 3491/4838 3498/4841
f 3416/4840 3459/4842 3419/4843
f 3459/4842 3498/4841 3454/4844
f 3459/4842 3454/4844 3419/4843
f 3416/4840 3419/4843 3400/4845
f 3400/4845 3419/4843 3401/4846
f 3401/4846 3419/4843 3420/4847
f 3420/4847 3419/4843 3413/4848
f 3454/4844 3498/4841 3456/4849
f 3454/4844 3456/4849 3419/4843
f 3413/4848 3419/4843 3422/4850
f 3422/4850 3419/4843 3456/4849
f 3413/4848 3422/4850 3433/4851
f 3433/4851 3422/4850 3468/4852
f 3468/4852 3422/4850 3456/4849
f 3456/4849 3498/4841 3510/4853
f 3456/4849 3510/4853 3468/4852
f 3510/4853 3498/4841 3520/4854
f 3510/4853 3520/4854 3535/4855
f 3510/4853 3535/4855 3468/4852
f 3468/4852 3535/4855 3453/4856
f 3453/4856 3535/4855 3533/4857
f 3466/4858 3442/4859 3458/4860
f 3458/4860 3442/4859 3364/4861
f 3364/4861 3442/4859 3436/4862
f 3364/4861 3436/4862 3637/4863
f 3364/4861 3637/4863 3632/4864
f 3458/4860 3364/4861 3367/4865
f 3367/4865 3364/4861 3358/4866
f 3458/4860 3367/4865 3376/4867
f 3376/4867 3367/4865 3358/4866
f 3458/4860 3376/4867 3495/4868
f 3495/4868 3376/4867 3449/4869
f 3449/4869 3376/4867 3405/4870
f 3405/4870 3376/4867 3383/4871
f 3383/4871 3376/4867 3358/4866
f 3405/4870 3383/4871 3401/4872
f 3401/4872 3383/4871 3395/4873
f 3401/4872 3395/4873 3398/4874
f 3398/4874 3395/4873 3385/4875
f 3395/4873 3383/4871 3375/4876
f 3375/4876 3383/4871 3358/4866
f 3395/4873 3375/4876 3385/4875
f 3375/4876 3358/4866 3627/4877
f 3375/4876 3627/4877 3385/4875
f 3627/4877 3358/4866 3645/4878
f 3385/4875 3627/4877 3721/4879
f 3529/4880 3581/4881 3593/4882
f 3529/4880 3593/4882 3594/4883
f 3594/4883 3593/4882 3602/4884
f 3602/4884 3593/4882 3581/4881
f 3594/4883 3602/4884 3597/4885
f 3597/4885 3602/4884 3598/4886
f 3598/4886 3602/4884 3599/4887
f 3602/4884 3581/4881 3586/4888
f 3602/4884 3586/4888 3599/4887
f 3586/4888 3581/4881 3572/4889
f 3599/4887 3586/4888 3579/4890
f 3579/4890 3586/4888 3572/4889
f 3599/4887 3579/4890 3554/4891
f 3579/4890 3572/4889 3525/4892
f 3579/4890 3525/4892 3554/4891
f 3598/4893 3599/4894 3554/4895
f 3598/4893 3554/4895 3556/4896
f 3556/4896 3554/4895 3545/4897
f 3545/4897 3554/4895 3516/4898
f 3545/4897 3516/4898 3527/4899
f 3545/4897 3527/4899 3539/4900
f 3516/4901 3522/4902 3520/4903
f 3516/4901 3520/4903 3498/4904
f 3516/4901 3498/4904 3509/4905
f 3516/4901 3509/4905 3527/4906
f 3539/4907 3527/4906 3450/4908
f 3450/4908 3527/4906 3421/4909
f 3421/4909 3527/4906 3509/4905
f 3509/4905 3498/4904 3496/4910
f 3509/4905 3496/4910 3421/4909
f 3503/4911 3505/4912 3498/4904
f 3498/4904 3505/4912 3496/4910
f 3496/4910 3505/4912 3495/4913
f 3496/4910 3495/4913 3449/4914
f 3421/4909 3496/4910 3420/4915
f 3420/4915 3496/4910 3449/4914
f 3420/4915 3449/4914 3405/4916
f 3420/4915 3405/4916 3401/4917
f 3421/4909 3420/4915 3414/4918
f 3414/4918 3420/4915 3413/4919
f 3414/4918 3413/4919 3399/4920
f 3414/4918 3399/4920 3398/4921
f 3414/4918 3398/4921 3404/4922
f 3398/4923 3385/4924 3664/4925
f 3664/4925 3385/4924 3689/4926
f 3664/4925 3689/4926 3682/4927
f 3689/4926 3385/4924 3721/4928
f 3627/4929 3727/4930 3721/4928
f 3721/4928 3727/4930 3732/4931
f 3689/4926 3721/4928 3714/4932
f 3714/4932 3721/4928 3732/4931
f 3682/4927 3689/4926 3698/4933
f 3698/4933 3689/4926 3714/4932
f 3682/4927 3698/4933 3697/4934
f 3682/4927 3697/4934 3681/4935
f 3697/4934 3698/4933 3709/4936
f 3697/4934 3709/4936 3681/4935
f 3698/4933 3714/4932 3707/4937
f 3698/4933 3707/4937 3709/4936
f 3739/4938 3714/4932 3732/4931
f 3714/4932 3739/4938 3707/4937
f 3739/4938 3732/4931 3741/4939
f 3741/4939 3732/4931 3733/4940
f 3741/4939 3733/4940 3736/4941
f 3739/4938 3741/4939 3757/4942
f 3757/4942 3741/4939 3753/4943
f 3739/4938 3757/4942 3825/4944
f 3739/4938 3825/4944 3707/4937
f 3825/4944 3757/4942 3826/4945
f 3707/4937 3825/4944 3794/4946
f 3707/4937 3794/4946 3709/4936
f 3825/4944 3826/4945 3830/4947
f 3830/4947 3826/4945 3834/4948
f 3794/4946 3825/4944 3802/4949
f 3802/4949 3825/4944 3830/4947
f 3794/4946 3802/4949 3799/4950
f 3794/4946 3799/4950 3785/4951
f 3794/4946 3785/4951 3709/4936
f 3785/4951 3799/4950 3788/4952
f 3709/4936 3785/4951 3777/4953
f 3777/4953 3785/4951 3788/4952
f 3709/4936 3777/4953 3694/4954
f 3709/4936 3694/4954 3681/4935
f 3681/4935 3694/4954 3652/4955
f 3652/4955 3694/4954 3777/4953
f 3681/4935 3652/4955 3658/4956
f 3658/4956 3652/4955 3641/4957
f 3777/4953 3788/4952 3760/4958
f 3760/4958 3788/4952 3764/4959
f 3652/4955 3777/4953 3747/4960
f 3747/4960 3777/4953 3760/4958
f 3760/4958 3764/4959 3743/4961
f 3760/4958 3743/4961 3747/4960
f 3761/4962 3745/4963 3764/4959
f 3764/4959 3745/4963 3743/4961
f 3652/4955 3747/4960 3659/4964
f 3659/4964 3747/4960 3743/4961
f 3652/4955 3659/4964 3641/4957
f 3743/4961 3745/4963 3750/4965
f 3750/4965 3745/4963 3749/4966
f 3743/4961 3750/4965 3744/4967
f 3743/4961 3744/4967 3659/4964
f 3744/4967 3750/4965 3712/4968
f 3659/4964 3744/4967 3642/4969
f 3642/4969 3744/4967 3712/4968
f 3659/4964 3642/4969 3641/4957
f 3642/4969 3712/4968 3373/4970
f 3642/4969 3373/4970 3379/4971
f 3642/4969 3379/4971 3636/4972
f 3642/4969 3636/4972 3641/4957
f 3641/4957 3636/4972 3644/4973
f 3644/4973 3636/4972 3638/4974
f 3401/4975 3398/4976 3399/4977
f 3401/4975 3399/4977 3400/4978
f 3400/4978 3399/4977 3394/4979
f 3400/4978 3394/4979 3374/4980
f 3374/4980 3394/4979 3362/4981
f 3374/4980 3362/4981 3635/4982
f 3400/4978 3374/4980 3384/4983
f 3374/4980 3635/4982 3359/4984
f 3374/4980 3359/4984 3384/4983
f 3359/4984 3635/4982 3631/4985
f 3400/4978 3384/4983 3380/4986
f 3380/4986 3384/4983 3359/4984
f 3400/4978 3380/4986 3416/4987
f 3416/4987 3380/4986 3457/4988
f 3457/4988 3380/4986 3369/4989
f 3369/4989 3380/4986 3359/4984
f 3457/4988 3369/4989 3441/4990
f 3441/4990 3369/4989 3363/4991
f 3363/4991 3369/4989 3359/4984
f 3441/4990 3363/4991 3382/4992
f 3382/4992 3363/4991 3631/4993
f 3631/4993 3363/4991 3632/4994
f 3632/4994 3363/4991 3364/4995
f 3364/4995 3363/4991 3358/4996
f 3358/4996 3363/4991 3359/4984
f 3358/4996 3359/4984 3631/4985
f 3358/4996 3631/4985 3632/4997
f 3358/4996 3632/4997 3645/4998
f 3664/4999 3682/5000 3681/5001
f 3664/4999 3681/5001 3667/5002
f 3667/5002 3681/5001 3656/5003
f 3656/5003 3681/5001 3658/5004
f 3664/4999 3667/5002 3404/5005
f 3404/5005 3667/5002 3656/5003
f 3664/4999 3404/5005 3398/5006
f 3656/5003 3658/5004 3641/5007
f 3404/5005 3656/5003 3438/5008
f 3656/5003 3641/5007 3633/5009
f 3656/5003 3633/5009 3438/5008
f 3404/5005 3438/5008 3414/5010
f 3633/5009 3641/5007 3360/5011
f 3633/5009 3360/5011 3438/5008
f 3414/5010 3438/5008 3446/5012
f 3414/5010 3446/5012 3450/5013
f 3414/5010 3450/5013 3421/5014
f 3450/5013 3446/5012 3461/5015
f 3450/5013 3461/5015 3539/5016
f 3446/5012 3438/5008 3440/5017
f 3440/5017 3438/5008 3360/5011
f 3440/5017 3360/5011 3447/5018
f 3440/5017 3447/5018 3452/5019
f 3630/5020 3360/5011 3641/5007
f 3630/5020 3641/5007 3644/5021
f 3630/5020 3644/5021 3629/5022
f 3630/5020 3629/5022 3638/5023
f 3630/5020 3638/5023 3636/5024
f 3360/5011 3630/5020 3624/5025
f 3624/5025 3630/5020 3636/5024
f 3360/5011 3624/5025 3447/5018
f 3624/5025 3636/5024 3379/5026
f 3624/5025 3379/5026 3396/5027
f 3447/5018 3624/5025 3460/5028
f 3460/5028 3624/5025 3396/5027
f 3447/5018 3460/5028 3452/5019
f 3452/5019 3460/5028 3486/5029
f 3460/5028 3396/5027 3481/5030
f 3460/5028 3481/5030 3486/5029
f 3481/5030 3396/5027 3482/5031
f 3481/5030 3482/5031 3486/5029
f 3486/5029 3482/5031 3487/5032
f 3487/5032 3482/5031 3485/5033
f 3485/5033 3482/5031 3489/5034
f 3489/5034 3482/5031 3480/5035
f 3485/5033 3489/5034 3490/5036
f 3396/5037 3379/5038 3386/5039
f 3386/5039 3379/5038 3381/5040
f 3396/5037 3386/5039 3388/5041
f 3391/5042 3381/5040 3370/5043
f 3381/5040 3391/5042 3387/5044
f 3381/5040 3387/5044 3386/5039
f 3387/5044 3391/5042 3390/5045
f 3387/5044 3390/5045 3377/5046
f 3387/5044 3377/5046 3386/5039
f 3386/5039 3377/5046 3378/5047
f 3386/5039 3378/5047 3388/5041
f 3378/5047 3377/5046 3366/5048
f 3378/5047 3366/5048 3392/5049
f 3378/5047 3392/5049 3412/5050
f 3378/5047 3412/5050 3388/5041
f 3388/5041 3412/5050 3424/5051
f 3482/5052 3396/5053 3480/5054
f 3480/5054 3396/5053 3388/5055
f 3480/5054 3388/5055 3513/5056
f 3480/5057 3513/5058 3489/5059
f 3424/5060 3511/5061 3513/5058
f 3489/5059 3513/5058 3524/5062
f 3524/5062 3513/5058 3511/5061
f 3426/5063 3517/5064 3511/5061
f 3511/5061 3517/5064 3524/5062
f 3425/5065 3475/5066 3517/5064
f 3517/5064 3475/5066 3512/5067
f 3524/5062 3517/5064 3523/5068
f 3523/5068 3517/5064 3512/5067
f 3532/5069 3489/5059 3524/5062
f 3523/5068 3512/5067 3508/5070
f 3508/5070 3512/5067 3483/5071
f 3508/5070 3483/5071 3490/5072
f 3523/5068 3508/5070 3506/5073
f 3506/5073 3508/5070 3490/5072
f 3530/5074 3524/5062 3523/5068
f 3524/5062 3530/5074 3532/5069
f 3523/5068 3506/5073 3531/5075
f 3523/5068 3531/5075 3530/5074
f 3530/5074 3531/5075 3588/5076
f 3530/5074 3588/5076 3532/5069
f 3531/5075 3506/5073 3587/5077
f 3531/5075 3587/5077 3588/5076
f 3514/5078 3506/5073 3490/5072
f 3506/5073 3514/5078 3587/5077
f 3489/5079 3494/5080 3490/5072
f 3490/5072 3494/5080 3500/5081
f 3490/5072 3500/5081 3514/5078
f 3500/5081 3494/5080 3487/5082
f 3514/5078 3500/5081 3551/5083
f 3551/5083 3500/5081 3492/5084
f 3587/5077 3514/5078 3564/5085
f 3564/5085 3514/5078 3551/5083
f 3587/5077 3564/5085 3591/5086
f 3587/5077 3591/5086 3588/5076
f 3551/5083 3492/5084 3563/5087
f 3563/5087 3492/5084 3561/5088
f 3563/5087 3561/5088 3569/5089
f 3551/5083 3563/5087 3570/5090
f 3570/5090 3563/5087 3569/5089
f 3551/5083 3570/5090 3564/5085
f 3570/5090 3569/5089 3565/5091
f 3570/5090 3565/5091 3574/5092
f 3570/5090 3574/5092 3582/5093
f 3570/5090 3582/5093 3585/5094
f 3564/5085 3570/5090 3584/5095
f 3584/5095 3570/5090 3585/5094
f 3564/5085 3584/5095 3591/5086
f 3584/5095 3585/5094 3589/5096
f 3584/5095 3589/5096 3591/5086
f 3591/5086 3589/5096 3595/5097
f 3595/5097 3589/5096 3617/5098
f 3595/5097 3617/5098 3596/5099
f 3595/5097 3596/5099 3592/5100
f 3595/5097 3592/5100 3591/5086
f 3592/5100 3596/5099 3580/5101
f 3592/5100 3580/5101 3574/5102
f 3591/5086 3592/5100 3590/5103
f 3590/5103 3592/5100 3574/5102
f 3591/5086 3590/5103 3588/5076
f 3588/5076 3590/5103 3532/5069
f 3590/5103 3574/5102 3566/5104
f 3590/5103 3566/5104 3532/5069
f 3566/5104 3574/5102 3565/5105
f 3532/5069 3566/5104 3497/5106
f 3497/5106 3566/5104 3565/5105
f 3532/5069 3497/5106 3489/5059
f 3489/5059 3497/5106 3494/5107
f 3494/5107 3497/5106 3565/5105
f 3494/5107 3565/5105 3493/5108
f 3493/5108 3565/5105 3547/5109
f 3513/5110 3388/5111 3424/5112
f 3511/5113 3424/5114 3426/5115
f 3426/5115 3424/5114 3412/5116
f 3426/5115 3412/5116 3425/5117
f 3426/5115 3425/5117 3517/5118
f 3425/5119 3412/5120 3411/5121
f 3425/5119 3411/5121 3423/5122
f 3411/5121 3412/5120 3409/5123
f 3409/5123 3412/5120 3392/5124
f 3409/5123 3392/5124 3666/5125
f 3666/5125 3392/5124 3708/5126
f 3708/5126 3392/5124 3366/5127
f 3708/5126 3366/5127 3695/5128
f 3695/5128 3366/5127 3373/5129
f 3695/5128 3373/5129 3712/5130
f 3373/5129 3366/5127 3379/5131
f 3409/5123 3666/5125 3657/5132
f 3409/5123 3657/5132 3411/5121
f 3657/5132 3666/5125 3675/5133
f 3411/5121 3657/5132 3365/5134
f 3411/5121 3365/5134 3403/5135
f 3657/5132 3675/5133 3663/5136
f 3657/5132 3663/5136 3365/5134
f 3663/5136 3675/5133 3677/5137
f 3403/5135 3365/5134 3628/5138
f 3628/5138 3365/5134 3663/5136
f 3403/5135 3628/5138 3371/5139
f 3663/5136 3677/5137 3665/5140
f 3663/5136 3665/5140 3628/5138
f 3628/5138 3665/5140 3371/5139
f 3665/5140 3677/5137 3700/5141
f 3371/5139 3665/5140 3705/5142
f 3705/5142 3665/5140 3700/5141
f 3705/5142 3700/5141 3713/5143
f 3475/5144 3425/5145 3423/5146
f 3475/5147 3423/5148 3390/5149
f 3390/5149 3423/5148 3389/5150
f 3389/5150 3423/5148 3411/5151
f 3390/5149 3389/5150 3377/5152
f 3475/5153 3390/5154 3512/5155
f 3512/5156 3390/5157 3483/5158
f 3483/5158 3390/5157 3472/5159
f 3472/5159 3390/5157 3391/5160
f 3580/5161 3596/5162 3612/5163
f 3612/5163 3596/5162 3618/5164
f 3618/5164 3596/5162 3617/5165
f 3574/5166 3580/5167 3578/5168
f 3574/5166 3578/5168 3582/5169
f 3578/5168 3580/5167 3608/5170
f 3582/5169 3578/5168 3569/5171
f 3569/5171 3578/5168 3568/5172
f 3569/5171 3568/5172 3565/5173
f 3565/5173 3568/5172 3547/5174
f 3547/5174 3568/5172 3550/5175
f 3578/5168 3608/5170 3575/5176
f 3578/5168 3575/5176 3568/5172
f 3575/5176 3608/5170 3611/5177
f 3575/5176 3611/5177 3603/5178
f 3568/5172 3575/5176 3559/5179
f 3568/5172 3559/5179 3550/5175
f 3559/5179 3575/5176 3603/5178
f 3550/5175 3559/5179 3556/5180
f 3556/5180 3559/5179 3603/5178
f 3556/5180 3603/5178 3598/5181
f 3580/5182 3612/5183 3608/5184
f 3608/5184 3612/5183 3614/5185
f 3614/5185 3612/5183 3619/5186
f 3619/5186 3612/5183 3618/5187
f 3619/5186 3618/5187 3620/5188
f 3620/5188 3618/5187 3617/5189
f 3619/5186 3620/5188 3616/5190
f 3616/5190 3620/5188 3617/5189
f 3619/5186 3616/5190 3614/5185
f 3616/5190 3617/5189 3615/5191
f 3615/5191 3617/5189 3589/5192
f 3614/5185 3616/5190 3613/5193
f 3613/5193 3616/5190 3615/5191
f 3609/5194 3608/5184 3614/5185
f 3609/5194 3614/5185 3613/5193
f 3608/5184 3609/5194 3611/5195
f 3615/5191 3589/5192 3604/5196
f 3615/5191 3604/5196 3613/5193
f 3613/5193 3604/5196 3609/5194
f 3604/5196 3589/5192 3585/5197
f 3604/5196 3585/5197 3601/5198
f 3604/5196 3601/5198 3609/5194
f 3601/5198 3585/5197 3582/5199
f 3610/5200 3611/5195 3609/5194
f 3601/5198 3582/5199 3583/5201
f 3583/5201 3582/5199 3569/5202
f 3609/5194 3601/5198 3607/5203
f 3607/5203 3601/5198 3583/5201
f 3609/5194 3607/5203 3610/5200
f 3583/5201 3569/5202 3562/5204
f 3562/5204 3569/5202 3561/5205
f 3607/5203 3583/5201 3560/5206
f 3560/5206 3583/5201 3562/5204
f 3562/5204 3561/5205 3552/5207
f 3562/5204 3552/5207 3560/5206
f 3552/5207 3561/5205 3537/5208
f 3607/5203 3560/5206 3600/5209
f 3607/5203 3600/5209 3610/5200
f 3600/5209 3560/5206 3558/5210
f 3558/5210 3560/5206 3552/5207
f 3558/5210 3552/5207 3556/5211
f 3600/5209 3558/5210 3597/5212
f 3556/5211 3552/5207 3550/5213
f 3552/5207 3537/5208 3543/5214
f 3552/5207 3543/5214 3550/5213
f 3543/5214 3537/5208 3462/5215
f 3550/5213 3543/5214 3536/5216
f 3550/5213 3536/5216 3547/5217
f 3547/5217 3536/5216 3467/5218
f 3600/5209 3597/5212 3605/5219
f 3600/5209 3605/5219 3610/5200
f 3605/5219 3597/5212 3606/5220
f 3605/5219 3606/5220 3610/5200
f 3606/5220 3597/5212 3598/5221
f 3610/5200 3606/5220 3611/5195
f 3606/5220 3598/5221 3603/5222
f 3606/5220 3603/5222 3611/5195
f 3594/5223 3597/5224 3558/5225
f 3594/5223 3558/5225 3555/5226
f 3594/5223 3555/5226 3528/5227
f 3594/5223 3528/5227 3529/5228
f 3528/5227 3555/5226 3546/5229
f 3546/5229 3555/5226 3558/5225
f 3546/5229 3558/5225 3556/5230
f 3546/5229 3556/5230 3545/5231
f 3493/5232 3547/5233 3467/5234
f 3493/5232 3467/5234 3486/5235
f 3493/5232 3486/5235 3494/5236
f 3494/5236 3486/5235 3487/5237
f 3486/5235 3467/5234 3452/5238
f 3452/5238 3467/5234 3461/5239
f 3461/5239 3467/5234 3536/5240
f 3452/5238 3461/5239 3462/5241
f 3452/5238 3462/5241 3455/5242
f 3462/5241 3461/5239 3446/5243
f 3462/5241 3446/5243 3444/5244
f 3444/5244 3446/5243 3440/5245
f 3462/5241 3444/5244 3453/5246
f 3462/5241 3453/5246 3533/5247
f 3492/5248 3500/5249 3487/5250
f 3492/5248 3487/5250 3474/5251
f 3492/5248 3474/5251 3561/5252
f 3561/5252 3474/5251 3537/5253
f 3537/5253 3474/5251 3463/5254
f 3537/5253 3463/5254 3462/5255
f 3462/5255 3463/5254 3455/5256
f 3463/5254 3474/5251 3465/5257
f 3463/5254 3465/5257 3455/5256
f 3465/5257 3474/5251 3487/5250
f 3455/5256 3465/5257 3451/5258
f 3465/5257 3487/5250 3469/5259
f 3465/5257 3469/5259 3451/5258
f 3469/5259 3487/5250 3477/5260
f 3477/5260 3487/5250 3485/5261
f 3490/5262 3483/5263 3485/5261
f 3485/5261 3483/5263 3472/5264
f 3485/5261 3472/5264 3478/5265
f 3485/5261 3478/5265 3477/5260
f 3478/5265 3472/5264 3391/5266
f 3478/5265 3391/5266 3370/5267
f 3478/5265 3370/5267 3477/5260
f 3477/5260 3370/5267 3469/5259
f 3469/5259 3370/5267 3437/5268
f 3469/5259 3437/5268 3451/5258
f 3437/5268 3370/5267 3623/5269
f 3623/5269 3370/5267 3622/5270
f 3623/5269 3622/5270 3638/5271
f 3623/5269 3638/5271 3361/5272
f 3623/5269 3361/5272 3437/5268
f 3361/5272 3638/5271 3629/5273
f 3451/5258 3437/5268 3439/5274
f 3439/5274 3437/5268 3361/5272
f 3361/5272 3629/5273 3634/5275
f 3634/5275 3629/5273 3644/5276
f 3361/5272 3634/5275 3439/5274
f 3451/5258 3439/5274 3455/5256
f 3455/5256 3439/5274 3452/5277
f 3452/5277 3439/5274 3440/5278
f 3439/5274 3634/5275 3621/5279
f 3440/5278 3439/5274 3444/5280
f 3439/5274 3621/5279 3427/5281
f 3444/5280 3439/5274 3430/5282
f 3430/5282 3439/5274 3427/5281
f 3444/5280 3430/5282 3453/5283
f 3427/5281 3621/5279 3406/5284
f 3427/5281 3406/5284 3430/5282
f 3406/5284 3621/5279 3399/5285
f 3406/5284 3399/5285 3413/5286
f 3406/5284 3413/5286 3430/5282
f 3430/5282 3413/5286 3433/5287
f 3430/5282 3433/5287 3453/5283
f 3453/5283 3433/5287 3468/5288
f 3381/5289 3379/5290 3377/5291
f 3377/5291 3379/5290 3366/5292
f 3381/5289 3377/5291 3368/5293
f 3381/5289 3368/5293 3372/5294
f 3368/5293 3377/5291 3389/5295
f 3372/5294 3368/5293 3693/5296
f 3693/5296 3368/5293 3371/5297
f 3371/5297 3368/5293 3389/5295
f 3693/5296 3371/5297 3705/5298
f 3371/5297 3389/5295 3403/5299
f 3403/5299 3389/5295 3411/5300
f 3381/5301 3372/5302 3622/5303
f 3381/5301 3622/5303 3370/5304
f 3622/5303 3372/5302 3649/5305
f 3649/5305 3372/5302 3693/5306
f 3622/5303 3649/5305 3638/5307
f 3649/5305 3693/5306 3726/5308
f 3638/5307 3649/5305 3644/5309
f 3649/5305 3726/5308 3745/5310
f 3745/5310 3726/5308 3749/5311
f 3644/5309 3649/5305 3655/5312
f 3655/5312 3649/5305 3745/5310
f 3644/5309 3655/5312 3651/5313
f 3655/5312 3745/5310 3751/5314
f 3655/5312 3751/5314 3651/5313
f 3751/5314 3745/5310 3761/5315
f 3644/5309 3651/5313 3634/5316
f 3751/5314 3761/5315 3787/5317
f 3651/5313 3751/5314 3766/5318
f 3766/5318 3751/5314 3787/5317
f 3634/5316 3651/5313 3660/5319
f 3634/5316 3660/5319 3621/5320
f 3651/5313 3766/5318 3691/5321
f 3651/5313 3691/5321 3660/5319
f 3766/5318 3787/5317 3772/5322
f 3766/5318 3772/5322 3691/5321
f 3772/5322 3787/5317 3780/5323
f 3780/5323 3787/5317 3793/5324
f 3691/5321 3772/5322 3740/5325
f 3740/5325 3772/5322 3780/5323
f 3660/5319 3691/5321 3680/5326
f 3671/5327 3621/5320 3660/5319
f 3671/5327 3660/5319 3680/5326
f 3691/5321 3740/5325 3704/5328
f 3691/5321 3704/5328 3680/5326
f 3680/5326 3704/5328 3692/5329
f 3680/5326 3692/5329 3671/5327
f 3704/5328 3740/5325 3706/5330
f 3706/5330 3740/5325 3780/5323
f 3692/5329 3704/5328 3699/5331
f 3699/5331 3704/5328 3706/5330
f 3692/5329 3699/5331 3671/5327
f 3706/5330 3780/5323 3791/5332
f 3791/5332 3780/5323 3793/5324
f 3706/5330 3791/5332 3720/5333
f 3706/5330 3720/5333 3699/5331
f 3791/5332 3793/5324 3804/5334
f 3804/5334 3793/5324 3799/5335
f 3720/5333 3791/5332 3816/5336
f 3816/5336 3791/5332 3804/5334
f 3804/5334 3799/5335 3802/5337
f 3807/5338 3810/5339 3802/5337
f 3802/5337 3810/5339 3804/5334
f 3804/5334 3810/5339 3838/5340
f 3838/5340 3810/5339 3860/5341
f 3838/5340 3860/5341 3866/5342
f 3838/5340 3866/5342 3872/5343
f 3804/5334 3838/5340 3822/5344
f 3822/5344 3838/5340 3872/5343
f 3804/5334 3822/5344 3828/5345
f 3804/5334 3828/5345 3816/5336
f 3822/5344 3872/5343 3845/5346
f 3822/5344 3845/5346 3828/5345
f 3845/5346 3872/5343 3871/5347
f 3871/5347 3872/5343 3875/5348
f 3828/5345 3845/5346 3840/5349
f 3871/5347 3875/5348 3878/5350
f 3878/5350 3875/5348 3873/5351
f 3878/5350 3873/5351 3879/5352
f 3828/5345 3840/5349 3827/5353
f 3828/5345 3827/5353 3823/5354
f 3828/5345 3823/5354 3816/5336
f 3823/5354 3827/5353 3767/5355
f 3823/5354 3767/5355 3816/5336
f 3767/5355 3827/5353 3752/5356
f 3816/5336 3767/5355 3738/5357
f 3738/5357 3767/5355 3752/5356
f 3738/5357 3752/5356 3736/5358
f 3816/5336 3738/5357 3720/5333
f 3738/5357 3736/5358 3733/5359
f 3720/5333 3738/5357 3717/5360
f 3717/5360 3738/5357 3733/5359
f 3720/5333 3717/5360 3699/5331
f 3717/5360 3733/5359 3722/5361
f 3717/5360 3722/5361 3699/5331
f 3722/5361 3733/5359 3728/5362
f 3722/5361 3728/5362 3635/5363
f 3699/5331 3722/5361 3685/5364
f 3685/5364 3722/5361 3635/5363
f 3699/5331 3685/5364 3671/5327
f 3685/5364 3635/5363 3362/5365
f 3671/5327 3685/5364 3626/5366
f 3626/5366 3685/5364 3362/5365
f 3671/5327 3626/5366 3621/5320
f 3621/5320 3626/5366 3399/5367
f 3399/5367 3626/5366 3362/5365
f 3399/5367 3362/5365 3394/5368
f 3546/5369 3545/5370 3543/5371
f 3543/5371 3545/5370 3539/5372
f 3543/5371 3539/5372 3536/5373
f 3536/5373 3539/5372 3461/5374
f 3546/5369 3543/5371 3535/5375
f 3546/5369 3535/5375 3520/5376
f 3535/5375 3543/5371 3533/5377
f 3533/5377 3543/5371 3462/5378
f 3793/5379 3787/5380 3808/5381
f 3793/5379 3808/5381 3810/5382
f 3793/5379 3810/5382 3799/5383
f 3799/5383 3810/5382 3807/5384
f 3810/5382 3808/5381 3857/5385
f 3808/5381 3787/5380 3783/5386
f 3808/5381 3783/5386 3857/5385
f 3783/5386 3787/5380 3761/5387
f 3810/5382 3857/5385 3860/5388
f 3860/5388 3857/5385 3862/5389
f 3860/5388 3862/5389 3861/5390
f 3860/5388 3861/5390 3859/5391
f 3862/5389 3857/5385 3850/5392
f 3862/5389 3850/5392 3861/5390
f 3824/5393 3857/5385 3783/5386
f 3857/5385 3824/5393 3850/5392
f 3824/5393 3783/5386 3805/5394
f 3805/5394 3783/5386 3761/5387
f 3859/5391 3861/5390 3858/5395
f 3859/5391 3858/5395 3807/5396
f 3861/5390 3850/5392 3849/5397
f 3861/5390 3849/5397 3858/5395
f 3850/5392 3824/5393 3839/5398
f 3850/5392 3839/5398 3849/5397
f 3824/5393 3805/5394 3801/5399
f 3824/5393 3801/5399 3839/5398
f 3762/5400 3805/5394 3761/5387
f 3805/5394 3762/5400 3801/5399
f 3762/5400 3761/5387 3764/5401
f 3762/5400 3764/5401 3750/5402
f 3762/5400 3750/5402 3749/5403
f 3729/5404 3749/5403 3726/5405
f 3749/5403 3729/5404 3735/5406
f 3762/5400 3749/5403 3759/5407
f 3759/5407 3749/5403 3735/5406
f 3762/5400 3759/5407 3801/5399
f 3759/5407 3735/5406 3796/5408
f 3759/5407 3796/5408 3792/5409
f 3759/5407 3792/5409 3801/5399
f 3801/5399 3792/5409 3796/5408
f 3801/5399 3796/5408 3809/5410
f 3801/5399 3809/5410 3833/5411
f 3801/5399 3833/5411 3839/5398
f 3839/5398 3833/5411 3842/5412
f 3839/5398 3842/5412 3837/5413
f 3837/5413 3842/5412 3841/5414
f 3839/5398 3837/5413 3849/5397
f 3837/5413 3841/5414 3832/5415
f 3849/5397 3837/5413 3835/5416
f 3849/5397 3835/5416 3858/5395
f 3837/5413 3832/5415 3758/5417
f 3758/5417 3832/5415 3724/5418
f 3758/5417 3724/5418 3750/5419
f 3758/5417 3750/5419 3764/5420
f 3758/5417 3764/5420 3837/5413
f 3837/5413 3764/5420 3835/5416
f 3835/5416 3764/5420 3858/5395
f 3858/5395 3764/5420 3800/5421
f 3858/5395 3800/5421 3807/5396
f 3800/5421 3764/5420 3788/5422
f 3807/5396 3800/5421 3799/5423
f 3799/5423 3800/5421 3788/5422
f 3860/5424 3859/5425 3869/5426
f 3860/5424 3869/5426 3866/5427
f 3866/5427 3869/5426 3872/5428
f 3872/5428 3869/5426 3875/5429
f 3869/5426 3859/5425 3870/5430
f 3875/5429 3869/5426 3874/5431
f 3874/5431 3869/5426 3870/5430
f 3875/5429 3874/5431 3873/5432
f 3870/5430 3859/5425 3867/5433
f 3870/5430 3867/5433 3874/5431
f 3874/5431 3867/5433 3873/5432
f 3867/5433 3859/5425 3807/5434
f 3867/5433 3807/5434 3812/5435
f 3867/5433 3812/5435 3873/5432
f 3812/5435 3807/5434 3802/4949
f 3812/5435 3802/4949 3830/4947
f 3873/5432 3812/5435 3836/5436
f 3836/5436 3812/5435 3830/4947
f 3873/5432 3836/5436 3846/5437
f 3836/5436 3830/4947 3834/4948
f 3836/5436 3834/4948 3846/5437
f 3847/5438 3845/5346 3871/5347
f 3845/5346 3847/5438 3840/5349
f 3840/5349 3847/5438 3844/5439
f 3847/5438 3871/5347 3876/5440
f 3876/5440 3871/5347 3878/5350
f 3844/5439 3847/5438 3864/5441
f 3864/5441 3847/5438 3876/5440
f 3844/5439 3864/5441 3856/5442
f 3856/5442 3864/5441 3868/5443
f 3864/5441 3876/5440 3881/5444
f 3864/5441 3881/5444 3868/5443
f 3881/5444 3876/5440 3878/5350
f 3868/5443 3881/5444 3883/5445
f 3881/5444 3878/5350 3884/5446
f 3881/5444 3884/5446 3883/5445
f 3884/5446 3878/5350 3879/5352
f 3883/5445 3884/5446 3885/5447
f 3885/5447 3884/5446 3879/5352
f 3827/5448 3840/5449 3831/5450
f 3831/5450 3840/5449 3844/5451
f 3827/5448 3831/5450 3752/5452
f 3831/5450 3844/5451 3851/5453
f 3851/5453 3844/5451 3856/5454
f 3752/5452 3831/5450 3756/5455
f 3752/5452 3756/5455 3736/5456
f 3851/5453 3856/5454 3854/5457
f 3854/5457 3856/5454 3855/5458
f 3831/5450 3851/5453 3811/5459
f 3811/5459 3851/5453 3854/5457
f 3756/5455 3831/5450 3778/5460
f 3778/5460 3831/5450 3811/5459
f 3736/5456 3756/5455 3746/5461
f 3736/5456 3746/5461 3728/5462
f 3728/5462 3746/5461 3676/5463
f 3746/5461 3756/5455 3769/5464
f 3746/5461 3769/5464 3676/5463
f 3769/5464 3756/5455 3778/5460
f 3676/5463 3769/5464 3774/5465
f 3774/5465 3769/5464 3784/5466
f 3784/5466 3769/5464 3778/5460
f 3784/5466 3778/5460 3811/5459
f 3784/5466 3811/5459 3798/5467
f 3798/5467 3811/5459 3854/5457
f 3784/5466 3798/5467 3786/5468
f 3786/5468 3798/5467 3797/5469
f 3798/5467 3854/5457 3852/5470
f 3798/5467 3852/5470 3797/5469
f 3852/5470 3854/5457 3855/5458
f 3797/5469 3852/5470 3795/5471
f 3852/5470 3855/5458 3853/5472
f 3852/5470 3853/5472 3795/5471
f 3868/5473 3883/5474 3865/5475
f 3868/5473 3865/5475 3856/5476
f 3865/5475 3883/5474 3885/5477
f 3856/5476 3865/5475 3855/5478
f 3855/5478 3865/5475 3863/5479
f 3855/5478 3863/5479 3843/5480
f 3865/5475 3885/5477 3882/5481
f 3865/5475 3882/5481 3863/5479
f 3882/5481 3885/5477 3880/5482
f 3880/5482 3885/5477 3879/5483
f 3855/5478 3843/5480 3853/5484
f 3880/5482 3879/5483 3877/5485
f 3880/5482 3877/5485 3882/5481
f 3877/5485 3879/5483 3873/5486
f 3863/5479 3882/5481 3848/5487
f 3848/5487 3882/5481 3877/5485
f 3848/5487 3877/5485 3873/5486
f 3863/5479 3848/5487 3843/5480
f 3848/5487 3873/5486 3846/5488
f 3848/5487 3846/5488 3843/5480
f 3843/5480 3846/5488 3834/5489
f 3843/5480 3834/5489 3829/5490
f 3843/5480 3829/5490 3853/5484
f 3829/5490 3834/5489 3826/5491
f 3829/5490 3826/5491 3757/5492
f 3853/5484 3829/5490 3763/5493
f 3763/5493 3829/5490 3757/5492
f 3853/5484 3763/5493 3795/5494
f 3763/5493 3757/5492 3754/5495
f 3763/5493 3754/5495 3795/5494
f 3795/5494 3754/5495 3782/5496
f 3782/5496 3754/5495 3748/5497
f 3782/5496 3748/5497 3773/5498
f 3786/5499 3797/5500 3795/5501
f 3786/5499 3795/5501 3782/5502
f 3786/5499 3782/5502 3776/5503
f 3776/5503 3782/5502 3773/5504
f 3786/5499 3776/5503 3775/5505
f 3786/5499 3775/5505 3784/5506
f 3784/5506 3775/5505 3774/5507
f 3774/5507 3775/5505 3701/5508
f 3775/5505 3776/5503 3742/5509
f 3742/5509 3776/5503 3773/5504
f 3701/5508 3775/5505 3702/5510
f 3701/5508 3702/5510 3670/5511
f 3670/5511 3702/5510 3690/5512
f 3702/5510 3775/5505 3703/5513
f 3702/5510 3703/5513 3690/5512
f 3703/5513 3775/5505 3742/5509
f 3690/5512 3703/5513 3683/5514
f 3703/5513 3742/5509 3696/5515
f 3703/5513 3696/5515 3683/5514
f 3696/5515 3742/5509 3773/5504
f 3683/5514 3696/5515 3662/5516
f 3683/5514 3662/5516 3674/5517
f 3696/5515 3773/5504 3668/5518
f 3696/5515 3668/5518 3662/5516
f 3668/5518 3773/5504 3748/5519
f 3662/5516 3668/5518 3653/5520
f 3653/5520 3668/5518 3748/5519
f 3676/5521 3774/5522 3654/5523
f 3654/5523 3774/5522 3673/5524
f 3673/5524 3774/5522 3701/5525
f 3673/5524 3701/5525 3670/5526
f 3654/5523 3673/5524 3647/5527
f 3647/5527 3673/5524 3670/5526
f 3676/5521 3654/5523 3650/5528
f 3650/5528 3654/5523 3647/5527
f 3676/5521 3650/5528 3728/5529
f 3728/5529 3650/5528 3635/5530
f 3635/5530 3650/5528 3631/5531
f 3631/5531 3650/5528 3640/5532
f 3640/5532 3650/5528 3645/5533
f 3645/5533 3650/5528 3646/5534
f 3646/5534 3650/5528 3647/5527
f 3646/5534 3647/5527 3640/5535
f 3640/5535 3647/5527 3631/5536
f 3631/5536 3647/5527 3639/5537
f 3639/5537 3647/5527 3670/5526
f 3631/5536 3639/5537 3382/5538
f 3382/5538 3639/5537 3670/5526
f 3748/5539 3754/5540 3731/5541
f 3748/5539 3731/5541 3653/5542
f 3757/5543 3753/5544 3754/5540
f 3754/5540 3753/5544 3741/5545
f 3754/5540 3741/5545 3731/5541
f 3731/5541 3741/5545 3730/5546
f 3730/5546 3741/5545 3736/5547
f 3731/5541 3730/5546 3669/5548
f 3730/5546 3736/5547 3728/5549
f 3669/5548 3730/5546 3727/5550
f 3730/5546 3728/5549 3733/5551
f 3727/5550 3730/5546 3732/5552
f 3732/5552 3730/5546 3733/5551
f 3669/5553 3727/5554 3627/5555
f 3669/5553 3627/5555 3645/5556
f 3669/5553 3645/5556 3653/5557
f 3669/5553 3653/5557 3731/5558
f 3653/5557 3645/5556 3648/5559
f 3653/5557 3648/5559 3662/5560
f 3662/5560 3648/5559 3674/5561
f 3674/5561 3648/5559 3637/5562
f 3648/5559 3645/5556 3646/5563
f 3637/5562 3648/5559 3632/5564
f 3632/5564 3648/5559 3646/5563
f 3632/5564 3646/5563 3640/5565
f 3632/5564 3640/5565 3645/5566
f 3695/5567 3712/5568 3710/5569
f 3695/5567 3710/5569 3708/5570
f 3666/5571 3708/5570 3675/5572
f 3675/5572 3708/5570 3716/5573
f 3716/5573 3708/5570 3710/5569
f 3716/5573 3710/5569 3713/5574
f 3710/5569 3712/5568 3715/5575
f 3715/5575 3712/5568 3750/5576
f 3713/5574 3710/5569 3711/5577
f 3711/5577 3710/5569 3715/5575
f 3713/5574 3711/5577 3705/5578
f 3705/5578 3711/5577 3693/5579
f 3711/5577 3715/5575 3719/5580
f 3711/5577 3719/5580 3693/5579
f 3719/5580 3715/5575 3716/5581
f 3719/5580 3716/5581 3713/5582
f 3693/5579 3719/5580 3726/5583
f 3726/5583 3719/5580 3729/5584
f 3700/5585 3677/5586 3688/5587
f 3700/5585 3688/5587 3718/5588
f 3700/5585 3718/5588 3713/5589
f 3718/5588 3688/5587 3734/5590
f 3713/5589 3718/5588 3719/5591
f 3718/5588 3734/5590 3790/5592
f 3790/5592 3734/5590 3755/5593
f 3719/5591 3718/5588 3725/5594
f 3719/5591 3725/5594 3729/5595
f 3729/5595 3725/5594 3735/5596
f 3735/5596 3725/5594 3796/5597
f 3790/5592 3755/5593 3770/5598
f 3725/5594 3718/5588 3765/5599
f 3725/5594 3765/5599 3796/5597
f 3765/5599 3718/5588 3790/5592
f 3796/5597 3765/5599 3815/5600
f 3815/5600 3765/5599 3790/5592
f 3796/5597 3815/5600 3809/5601
f 3809/5601 3815/5600 3833/5602
f 3815/5600 3790/5592 3814/5603
f 3833/5602 3815/5600 3820/5604
f 3820/5604 3815/5600 3814/5603
f 3833/5602 3820/5604 3842/5605
f 3842/5605 3820/5604 3821/5606
f 3842/5605 3821/5606 3841/5607
f 3821/5606 3820/5604 3813/5608
f 3813/5608 3820/5604 3814/5603
f 3841/5607 3821/5606 3817/5609
f 3817/5609 3821/5606 3813/5608
f 3841/5607 3817/5609 3832/5610
f 3832/5610 3817/5609 3724/5611
f 3817/5609 3813/5608 3723/5612
f 3817/5609 3723/5612 3724/5611
f 3715/5613 3750/5614 3724/5611
f 3715/5613 3724/5611 3723/5612
f 3715/5613 3723/5612 3716/5615
f 3716/5615 3723/5612 3687/5616
f 3716/5615 3687/5616 3675/5617
f 3687/5616 3723/5612 3803/5618
f 3803/5618 3723/5612 3813/5608
f 3687/5616 3803/5618 3771/5619
f 3771/5619 3803/5618 3789/5620
f 3803/5618 3813/5608 3819/5621
f 3803/5618 3819/5621 3789/5620
f 3819/5621 3813/5608 3814/5603
f 3771/5619 3789/5620 3781/5622
f 3781/5622 3789/5620 3819/5621
f 3771/5619 3781/5622 3768/5623
f 3819/5621 3814/5603 3818/5624
f 3819/5621 3818/5624 3781/5622
f 3768/5623 3781/5622 3779/5625
f 3779/5625 3781/5622 3818/5624
f 3768/5623 3779/5625 3770/5598
f 3818/5624 3814/5603 3806/5626
f 3818/5624 3806/5626 3779/5625
f 3779/5625 3806/5626 3770/5598
f 3806/5626 3814/5603 3790/5592
f 3806/5626 3790/5592 3770/5598
f 3677/5627 3675/5628 3686/5629
f 3677/5627 3686/5629 3688/5630
f 3686/5629 3675/5628 3684/5631
f 3684/5631 3675/5628 3687/5632
f 3684/5631 3687/5632 3771/5633
f 3684/5631 3771/5633 3686/5629
f 3688/5630 3686/5629 3737/5634
f 3737/5634 3686/5629 3771/5633
f 3688/5630 3737/5634 3734/5635
f 3737/5634 3771/5633 3768/5636
f 3734/5635 3737/5634 3755/5637
f 3737/5634 3768/5636 3770/5638
f 3737/5634 3770/5638 3755/5637
o tripo_part_5
v 0.303162 0.156233 0.381522
v 0.303592 0.043348 0.386509
v 0.303650 0.047980 0.386295
v 0.305878 0.150160 0.387036
v 0.306275 0.137533 0.372072
v 0.308496 0.048037 0.373678
v 0.310146 0.151701 0.375170
v 0.312268 0.043207 0.374536
v 0.316592 0.052702 0.391921
v 0.318841 0.122811 0.387001
v 0.319273 0.139048 0.391552
v 0.319276 0.088808 0.387500
v 0.320039 0.131270 0.389940
v 0.320140 0.054995 0.387071
v 0.320219 0.132071 0.381862
v 0.320455 0.115545 0.387859
v 0.320535 0.085044 0.383303
v 0.320547 0.050043 0.377857
v 0.321107 0.122868 0.382316
v 0.321250 0.053660 0.383028
v 0.321516 0.115837 0.383260
v 0.321685 0.053175 0.378147
v 0.322998 0.115862 0.390600
v 0.323051 0.057146 0.382586
v 0.323370 0.057089 0.391350
v 0.323562 0.087848 0.392196
v 0.323652 0.121517 0.392014
v 0.324016 0.086293 0.381192
v 0.324253 0.148977 0.381316
v 0.324787 0.147349 0.389882
v 0.325181 0.128573 0.392232
v 0.325389 0.053888 0.380958
v 0.325464 0.053717 0.393358
v 0.326547 0.057177 0.382322
v 0.326845 0.116514 0.382544
v 0.327320 0.130404 0.380368
v 0.327400 0.088065 0.381873
v 0.327461 0.121933 0.381761
v 0.327835 0.129599 0.394571
v 0.328687 0.057814 0.390405
v 0.328714 0.115936 0.388208
v 0.329010 0.122593 0.388816
v 0.329629 0.086183 0.383952
v 0.329729 0.057085 0.385396
v 0.329769 0.085889 0.389349
v 0.330863 0.128279 0.385785
v 0.331129 0.135885 0.381631
v 0.331275 0.141878 0.381208
v 0.331419 0.053473 0.386174
v 0.331455 0.049959 0.380929
v 0.331459 0.042132 0.397026
v 0.332937 0.139166 0.397068
v 0.333478 0.042750 0.381928
v 0.333681 0.046923 0.381435
v 0.333822 0.044985 0.397945
v 0.333902 0.053007 0.397980
v 0.333967 0.142077 0.384535
v 0.335870 0.042486 0.384387
v 0.337224 0.139174 0.395664
v 0.338113 0.045164 0.384120
v 0.338155 0.053068 0.383784
v 0.341634 0.047285 0.349892
v 0.349206 0.010626 0.407553
v 0.350095 0.010443 0.402527
v 0.350385 0.021216 0.407042
v 0.350523 0.036402 0.406956
v 0.351732 0.131514 0.404236
v 0.351888 0.120608 0.404238
v 0.352018 0.137724 0.405489
v 0.352628 0.136091 0.400572
v 0.352663 0.118006 0.405092
v 0.355123 0.136458 0.393251
v 0.355459 0.133146 0.392929
v 0.355501 0.035475 0.390558
v 0.355718 0.115368 0.403742
v 0.356393 0.120434 0.391140
v 0.356504 0.131624 0.390961
v 0.356874 0.038187 0.405436
v 0.357160 0.054499 0.405577
v 0.359048 0.139162 0.389949
v 0.359262 0.118902 0.388937
v 0.359518 0.115069 0.393795
v 0.359628 0.010634 0.411854
v 0.360696 0.038355 0.395918
v 0.361104 0.114481 0.392796
v 0.361581 0.010420 0.405621
v 0.361639 0.140120 0.406610
v 0.362459 0.073347 0.393688
v 0.362859 0.037645 0.394913
v 0.364915 0.010428 0.392237
v 0.365091 0.035406 0.392799
v 0.365327 0.093705 0.408165
v 0.365564 0.037890 0.410465
v 0.365571 0.116001 0.407288
v 0.367212 0.021612 0.413383
v 0.367242 0.037764 0.409321
v 0.367876 0.025602 0.394733
v 0.367959 0.033976 0.394419
v 0.368173 0.118105 0.410557
v 0.368181 0.137098 0.411030
v 0.368539 0.035872 0.413467
v 0.369073 0.010672 0.415539
v 0.369287 0.114063 0.397146
v 0.369485 0.020933 0.412243
v 0.370752 0.051924 0.398293
v 0.370920 0.139273 0.393961
v 0.373880 0.136721 0.396240
v 0.374032 0.118294 0.394043
v 0.374658 0.036188 0.398432
v 0.374795 0.022970 0.398439
v 0.374979 0.010634 0.397121
v 0.376352 0.010626 0.400053
v 0.301523 0.158240 0.372718
v 0.301095 0.154062 0.381948
v 0.298782 0.016920 0.384950
v 0.295896 0.139582 0.382854
v 0.295587 0.067978 0.369288
v 0.295539 0.057547 0.369022
v 0.291031 0.062529 0.366686
v 0.290725 0.067537 0.382002
v 0.290611 0.057490 0.382327
v 0.289004 0.063135 0.353237
v 0.289004 0.017821 0.352814
v 0.288458 0.070595 0.353540
v 0.287418 0.014578 0.353565
v 0.285966 0.076973 0.355291
v 0.285837 0.071526 0.354757
v 0.285833 0.087972 0.355892
v 0.285808 0.180197 0.355226
v 0.285701 0.063276 0.364744
v 0.285657 0.068224 0.365430
v 0.285457 0.161688 0.365435
v 0.285285 0.162604 0.354753
v 0.284572 0.087647 0.354292
v 0.284555 0.014403 0.365064
v 0.284263 0.127436 0.360287
v 0.284235 0.157496 0.359518
v 0.283916 0.016722 0.370275
v 0.283561 0.161192 0.362809
v 0.283315 0.145186 0.362906
v 0.283132 0.153967 0.363104
v 0.282571 0.165564 0.365180
v 0.282142 0.079641 0.366309
v 0.281696 0.049753 0.380163
v 0.281579 0.018385 0.379246
v 0.281538 0.067841 0.379524
v 0.280529 0.108111 0.371019
v 0.280410 0.111401 0.352894
v 0.280235 0.077490 0.371424
v 0.279932 0.165548 0.373096
v 0.279832 0.144167 0.372076
v 0.279661 0.202208 0.369046
v 0.279624 0.092832 0.374201
v 0.279602 0.162268 0.374058
v 0.279554 0.191260 0.352566
v 0.279459 0.070658 0.384119
v 0.279350 0.014425 0.383265
v 0.279304 0.055823 0.383927
v 0.279064 0.086363 0.371795
v 0.278825 0.161261 0.376898
v 0.278669 0.185736 0.363834
v 0.278417 0.144934 0.377146
v 0.278327 0.180426 0.364001
v 0.278224 0.165030 0.352400
v 0.278137 0.076395 0.352787
v 0.277875 0.078690 0.380540
v 0.277732 0.071442 0.379169
v 0.277570 0.180113 0.380317
v 0.277406 0.096749 0.378727
v 0.277305 0.101188 0.352409
v 0.277162 0.017958 0.349432
v 0.276565 0.162260 0.379092
v 0.275798 0.135599 0.378835
v 0.275781 0.206877 0.355938
v 0.274429 0.015822 0.382470
v 0.274318 0.180121 0.350893
v 0.273616 0.040110 0.347181
v 0.273311 0.062136 0.381811
v 0.271770 0.078184 0.349920
v 0.271274 0.047251 0.380489
v 0.271224 0.014326 0.348467
v 0.271156 0.185583 0.370045
v 0.271154 0.191633 0.375872
v 0.270010 0.085801 0.377192
v 0.269884 0.185476 0.352903
v 0.269590 0.070208 0.380732
v 0.269205 0.120907 0.376986
v 0.268964 0.032877 0.380436
v 0.268346 0.069794 0.346558
v 0.267751 0.076433 0.349821
v 0.267408 0.079161 0.377467
v 0.267404 0.165388 0.377221
v 0.267004 0.203161 0.349199
v 0.266035 0.180327 0.371094
v 0.265695 0.071814 0.348125
v 0.265470 0.204260 0.373127
v 0.265214 0.153704 0.348270
v 0.264741 0.018309 0.345484
v 0.263902 0.191557 0.348572
v 0.263853 0.180708 0.352457
v 0.263074 0.086170 0.375269
v 0.261152 0.185721 0.368743
v 0.260366 0.076655 0.374141
v 0.260194 0.084639 0.346487
v 0.260152 0.071615 0.374765
v 0.259618 0.180281 0.346291
v 0.259195 0.071047 0.345629
v 0.259096 0.185385 0.359896
v 0.259042 0.124661 0.347073
v 0.258497 0.180327 0.362028
v 0.258432 0.078060 0.347975
v 0.258394 0.147921 0.373893
v 0.257806 0.165831 0.352777
v 0.257688 0.132738 0.348156
v 0.257375 0.135954 0.351671
v 0.257272 0.014441 0.376846
v 0.257078 0.137793 0.354574
v 0.257001 0.038946 0.343723
v 0.256986 0.124315 0.354429
v 0.256959 0.014319 0.345001
v 0.256887 0.199408 0.369901
v 0.256757 0.072971 0.354174
v 0.256673 0.017286 0.344517
v 0.256433 0.202665 0.356424
v 0.256368 0.064181 0.376354
v 0.256235 0.057028 0.347082
v 0.256135 0.162619 0.355825
v 0.256013 0.069859 0.347288
v 0.255472 0.027151 0.375665
v 0.255193 0.133803 0.358288
v 0.255022 0.124525 0.358946
v 0.254598 0.076067 0.362193
v 0.254251 0.119812 0.362142
v 0.254095 0.137175 0.364963
v 0.254072 0.191847 0.359236
v 0.254026 0.165144 0.364250
v 0.253038 0.071884 0.364980
v 0.252771 0.166212 0.366529
v 0.252191 0.151728 0.368955
v 0.252161 0.088891 0.371040
v 0.252008 0.021330 0.349371
v 0.251764 0.038695 0.361402
v 0.251684 0.020697 0.361575
v 0.251386 0.071489 0.371225
v 0.251371 0.179999 0.372148
v 0.251138 0.015158 0.375012
v 0.250089 0.054423 0.374794
v 0.248685 0.014692 0.371811
v 0.248525 0.033964 0.372638
v 0.248167 0.070330 0.373624
v 0.246847 0.023832 0.356590
v 0.238664 0.124575 0.337589
vt 0.673762 0.275148
vt 0.668562 0.287977
vt 0.664917 0.286254
vt 0.666698 0.270513
vt 0.641964 0.274838
vt 0.658904 0.302666
vt 0.660978 0.263495
vt 0.661668 0.258092
vt 0.680314 0.258101
vt 0.638400 0.295662
vt 0.687451 0.280967
vt 0.699515 0.278222
vt 0.690037 0.282635
vt 0.694142 0.300949
vt 0.684801 0.296656
vt 0.684991 0.313469
vt 0.675549 0.311996
vt 0.687589 0.321612
vt 0.687965 0.316923
vt 0.669756 0.332482
vt 0.686843 0.349768
vt 0.699515 0.385424
vt 0.658341 0.308431
vt 0.625043 0.361386
vt 0.654978 0.306807
vt 0.628678 0.311978
vt 0.629102 0.297030
vt 0.225109 0.339908
vt 0.227803 0.343858
vt 0.222416 0.339309
vt 0.220979 0.301840
vt 0.206015 0.262994
vt 0.220919 0.350622
vt 0.208529 0.345056
vt 0.206015 0.352059
vt 0.906262 0.883598
vt 0.909494 0.870729
vt 0.933196 0.828053
vt 0.925056 0.825599
vt 0.910691 0.838348
vt 0.927750 0.822247
vt 0.938823 0.825838
vt 0.938763 0.823803
vt 0.930084 0.820870
vt 0.935351 0.814825
vt 0.916557 0.822426
vt 0.909314 0.820212
vt 0.916557 0.818356
vt 0.906262 0.814585
vt 0.282954 0.844127
vt 0.292232 0.810669
vt 0.292232 0.860588
vt 0.321359 0.815717
vt 0.303343 0.846781
vt 0.321240 0.813203
vt 0.324592 0.819128
vt 0.327046 0.809611
vt 0.327465 0.820086
vt 0.346080 0.815657
vt 0.344463 0.819188
vt 0.343506 0.805661
vt 0.335844 0.801890
vt 0.325070 0.806260
vt 0.339136 0.800454
vt 0.340932 0.799676
vt 0.334288 0.777589
vt 0.342189 0.778068
vt 0.328063 0.774656
vt 0.337939 0.763463
vt 0.321958 0.778367
vt 0.343566 0.782198
vt 0.351646 0.775374
vt 0.357811 0.765977
vt 0.320342 0.772023
vt 0.316751 0.775255
vt 0.322616 0.768192
vt 0.313638 0.770047
vt 0.318606 0.765199
vt 0.316811 0.767952
vt 0.303343 0.750475
vt 0.304361 0.748799
vt 0.641171 0.567983
vt 0.626566 0.577560
vt 0.633270 0.561818
vt 0.620820 0.563315
vt 0.646259 0.550805
vt 0.620042 0.559963
vt 0.632073 0.556072
vt 0.622137 0.550566
vt 0.636383 0.548830
vt 0.626147 0.545059
vt 0.640273 0.547513
vt 0.633450 0.544281
vt 0.628182 0.521775
vt 0.619444 0.519321
vt 0.626866 0.502682
vt 0.619922 0.499809
vt 0.630637 0.503579
vt 0.634946 0.532489
vt 0.634767 0.507889
vt 0.631355 0.483528
vt 0.638118 0.530155
vt 0.648892 0.486162
vt 0.647156 0.500706
vt 0.642488 0.519561
vt 0.648892 0.527761
vt 0.647456 0.547513
vt 0.349757 0.008919
vt 0.327605 0.010407
vt 0.346560 0.001581
vt 0.324572 0.005854
vt 0.324591 0.010681
vt 0.319198 0.006886
vt 0.318827 0.012465
vt 0.313695 0.007746
vt 0.313987 0.013240
vt 0.290919 0.015168
vt 0.288752 0.008508
vt 0.265694 0.012215
vt 0.264542 0.007181
vt 0.261263 0.007489
vt 0.266122 0.017503
vt 0.289474 0.023985
vt 0.263222 0.022512
vt 0.260705 0.016491
vt 0.258520 0.024161
vt 0.253968 0.012731
vt 0.255732 0.004089
vt 0.249127 0.001581
vt 0.245708 0.016747
vt 0.247295 0.013308
vt 0.236237 0.015897
vt 0.563900 0.477551
vt 0.560728 0.478090
vt 0.558693 0.459415
vt 0.561865 0.460253
vt 0.564140 0.460971
vt 0.566055 0.447863
vt 0.551630 0.475157
vt 0.549894 0.444152
vt 0.557436 0.440261
vt 0.551031 0.458457
vt 0.548577 0.461869
vt 0.547799 0.483177
vt 0.549355 0.492754
vt 0.546842 0.459594
vt 0.541694 0.500475
vt 0.540976 0.462168
vt 0.543430 0.458278
vt 0.540916 0.451394
vt 0.544806 0.435772
vt 0.548577 0.429787
vt 0.558573 0.436490
vt 0.544268 0.426914
vt 0.540916 0.423741
vt 0.860588 0.946890
vt 0.855919 0.948027
vt 0.860588 0.904333
vt 0.852268 0.926838
vt 0.145535 0.581885
vt 0.147068 0.578306
vt 0.154627 0.576572
vt 0.143167 0.558077
vt 0.165675 0.577761
vt 0.143167 0.586764
vt 0.182832 0.348473
vt 0.182234 0.332253
vt 0.187860 0.335305
vt 0.185945 0.327824
vt 0.192648 0.367807
vt 0.179720 0.368166
vt 0.193427 0.352544
vt 0.189596 0.326686
vt 0.195462 0.333330
vt 0.200190 0.326926
vt 0.197078 0.328542
vt 0.193846 0.324472
vt 0.183910 0.322496
vt 0.190314 0.320880
vt 0.187202 0.320940
vt 0.179720 0.301667
vt 0.184688 0.299871
vt 0.351073 0.949855
vt 0.334374 0.966435
vt 0.353108 0.943930
vt 0.382078 0.946743
vt 0.351612 0.940937
vt 0.379564 0.942733
vt 0.383395 0.944349
vt 0.384592 0.950693
vt 0.379445 0.940099
vt 0.386687 0.943391
vt 0.389859 0.945187
vt 0.391176 0.939022
vt 0.390637 0.933276
vt 0.385610 0.941057
vt 0.383515 0.936448
vt 0.379923 0.936687
vt 0.350954 0.938124
vt 0.334374 0.936448
vt 0.351552 0.935790
vt 0.352749 0.930642
vt 0.336588 0.908855
vt 0.593833 0.925502
vt 0.585933 0.941124
vt 0.589703 0.924664
vt 0.589045 0.920594
vt 0.593833 0.918858
vt 0.585933 0.880371
vt 0.596647 0.915207
vt 0.602872 0.922449
vt 0.931201 0.171626
vt 0.939401 0.159176
vt 0.939641 0.163067
vt 0.949517 0.169112
vt 0.951432 0.165700
vt 0.949457 0.179347
vt 0.929046 0.140202
vt 0.940718 0.182938
vt 0.944369 0.185931
vt 0.920607 0.168454
vt 0.915339 0.146128
vt 0.909055 0.147145
vt 0.917913 0.173182
vt 0.901872 0.150736
vt 0.927310 0.183178
vt 0.933056 0.179227
vt 0.922582 0.185392
vt 0.914801 0.180305
vt 0.906481 0.172943
vt 0.898879 0.163665
vt 0.913963 0.188565
vt 0.903668 0.189822
vt 0.898879 0.195568
vt 0.909833 0.195448
vt 0.901932 0.197962
vt 0.921864 0.190600
vt 0.926532 0.196466
vt 0.941017 0.199698
vt 0.941676 0.196825
vt 0.952629 0.209394
vt 0.948499 0.194191
vt 0.935989 0.190360
vt 0.941436 0.189283
vt 0.766822 0.546369
vt 0.767421 0.540384
vt 0.774424 0.556604
vt 0.781188 0.558580
vt 0.814886 0.543676
vt 0.787772 0.523864
vt 0.769456 0.535416
vt 0.766822 0.516023
vt 0.785437 0.479751
vt 0.789627 0.510995
vt 0.796870 0.487053
vt 0.797109 0.471730
vt 0.795553 0.517878
vt 0.803573 0.504231
vt 0.818477 0.505787
vt 0.799324 0.520332
vt 0.811833 0.524582
vt 0.819974 0.523325
vt 0.821470 0.533560
vt 0.817998 0.542538
vt 0.815664 0.552055
vt 0.806267 0.555826
vt 0.806506 0.564864
vt 0.792321 0.567318
vt 0.790944 0.571808
vt 0.759335 0.929631
vt 0.738565 0.933821
vt 0.742037 0.909999
vt 0.773341 0.929332
vt 0.782080 0.900482
vt 0.776453 0.932923
vt 0.771904 0.944715
vt 0.737428 0.949802
vt 0.775077 0.942799
vt 0.784653 0.961833
vt 0.783696 0.941542
vt 0.779326 0.924963
vt 0.781960 0.911974
vt 0.784653 0.916284
vt 0.784234 0.905390
vt 0.883225 0.910930
vt 0.886936 0.904645
vt 0.892802 0.917035
vt 0.880472 0.959532
vt 0.878377 0.916975
vt 0.876641 0.952948
vt 0.874127 0.943671
vt 0.865269 0.911110
vt 0.869878 0.945825
vt 0.867124 0.946125
vt 0.865269 0.951033
vt 0.404982 0.932186
vt 0.397201 0.934221
vt 0.394388 0.926918
vt 0.396663 0.925063
vt 0.389959 0.921711
vt 0.396004 0.920514
vt 0.381519 0.920155
vt 0.379963 0.924764
vt 0.389061 0.917222
vt 0.399895 0.905490
vt 0.383195 0.905490
vt 0.374157 0.919437
vt 0.376132 0.911775
vt 0.379365 0.906209
vt 0.379185 0.864250
vt 0.373918 0.865567
vt 0.363922 0.865866
vt 0.374696 0.894477
vt 0.361109 0.880890
vt 0.370207 0.917521
vt 0.358056 0.914409
vt 0.359672 0.921292
vt 0.358056 0.925482
vt 0.020709 0.900796
vt 0.014484 0.911210
vt 0.011492 0.853869
vt 0.011492 0.903729
vt 0.017597 0.850278
vt 0.536141 0.794621
vt 0.534106 0.844480
vt 0.527941 0.780854
vt 0.527941 0.816708
vt 0.306038 0.770148
vt 0.306038 0.800973
vt 0.298616 0.791815
vt 0.305080 0.819169
vt 0.292211 0.788164
vt 0.831172 0.432560
vt 0.841048 0.442795
vt 0.827162 0.460572
vt 0.821476 0.433996
vt 0.845837 0.457998
vt 0.849608 0.441059
vt 0.857149 0.421008
vt 0.858287 0.429148
vt 0.851882 0.440940
vt 0.836080 0.466976
vt 0.848111 0.471466
vt 0.823750 0.468174
vt 0.809445 0.470209
vt 0.814353 0.471705
vt 0.822314 0.472842
vt 0.830274 0.473141
vt 0.821775 0.479366
vt 0.829736 0.486369
vt 0.839552 0.473082
vt 0.849548 0.474458
vt 0.839612 0.479127
vt 0.836739 0.489362
vt 0.836858 0.503129
vt 0.846196 0.487148
vt 0.858287 0.486549
vt 0.849189 0.498819
vt 0.853259 0.507379
vt 0.913984 0.229345
vt 0.918114 0.197622
vt 0.918114 0.257716
vt 0.753108 0.457553
vt 0.754629 0.454852
vt 0.759233 0.461609
vt 0.766245 0.451765
vt 0.746734 0.463053
vt 0.745338 0.459264
vt 0.724940 0.517125
vt 0.743000 0.483248
vt 0.731523 0.518613
vt 0.724675 0.529974
vt 0.748729 0.480123
vt 0.759843 0.468358
vt 0.762653 0.469028
vt 0.745841 0.527516
vt 0.726784 0.540041
vt 0.753735 0.535746
vt 0.738478 0.545039
vt 0.752597 0.541690
vt 0.757461 0.548792
vt 0.738491 0.554751
vt 0.724525 0.561453
vt 0.745929 0.560664
vt 0.756724 0.559192
vt 0.741780 0.546834
vt 0.766245 0.555749
vt 0.740611 0.553592
vt 0.157062 0.108149
vt 0.157062 0.092646
vt 0.161073 0.096896
vt 0.124635 0.197889
vt 0.124635 0.135820
vt 0.126909 0.132168
vt 0.131159 0.142643
vt 0.130680 0.174785
vt 0.103334 0.876302
vt 0.103334 0.861278
vt 0.105848 0.869059
vt 0.104890 0.920415
vt 0.937765 0.312208
vt 0.936448 0.304068
vt 0.945726 0.307899
vt 0.936448 0.363564
vt 0.032972 0.886552
vt 0.018607 0.841363
vt 0.037703 0.884233
vt 0.055225 0.898882
vt 0.043434 0.883364
vt 0.031861 0.893133
vt 0.018607 0.915812
vt 0.031346 0.898580
vt 0.102116 0.165003
vt 0.101039 0.158000
vt 0.109060 0.165122
vt 0.111394 0.157461
vt 0.102116 0.150997
vt 0.117858 0.167816
vt 0.113309 0.174879
vt 0.119654 0.152254
vt 0.110915 0.145310
vt 0.101039 0.140402
s 1
usemtl Material
f 3987/5639 3989/5640 3980/5641
f 3987/5639 3980/5641 3968/5642
f 3968/5642 3980/5641 3950/5643
f 3950/5643 3980/5641 3986/5644
f 3986/5644 3980/5641 3989/5640
f 3968/5642 3950/5643 3948/5645
f 3948/5645 3950/5643 3949/5646
f 3948/5645 3949/5646 3971/5647
f 3948/5645 3971/5647 3968/5642
f 3968/5642 3971/5647 3987/5639
f 3950/5643 3986/5644 3951/5648
f 3987/5639 3971/5647 3997/5649
f 3987/5639 3997/5649 3989/5640
f 3997/5649 3971/5647 3975/5650
f 3997/5649 3975/5650 3996/5651
f 3996/5651 3975/5650 3982/5652
f 3997/5649 3996/5651 3995/5653
f 3995/5653 3996/5651 3982/5652
f 3997/5649 3995/5653 3989/5640
f 3995/5653 3982/5652 3983/5654
f 3989/5640 3995/5653 3994/5655
f 3994/5655 3995/5653 3983/5654
f 3989/5640 3994/5655 3986/5644
f 3994/5655 3983/5654 3974/5656
f 3974/5656 3983/5654 3976/5657
f 3994/5655 3974/5656 3990/5658
f 3990/5658 3974/5656 3973/5659
f 3990/5658 3973/5659 3988/5660
f 3994/5655 3990/5658 3981/5661
f 3994/5655 3981/5661 3986/5644
f 3981/5661 3990/5658 3977/5662
f 3986/5644 3981/5661 3978/5663
f 3978/5663 3981/5661 3977/5662
f 3986/5644 3978/5663 3951/5648
f 3978/5663 3977/5662 3964/5664
f 3978/5663 3964/5664 3951/5648
f 3951/5648 3964/5664 3963/5665
f 3974/5666 3976/5667 3969/5668
f 3974/5666 3969/5668 3973/5669
f 3973/5669 3969/5668 3967/5670
f 3969/5668 3976/5667 3959/5671
f 3967/5670 3969/5668 3963/5672
f 3963/5672 3969/5668 3959/5671
f 3963/5672 3959/5671 3951/5673
f 3963/5674 3964/5675 3967/5676
f 3967/5676 3964/5675 3960/5677
f 3960/5677 3964/5675 3977/5678
f 3967/5676 3960/5677 3956/5679
f 3967/5676 3956/5679 3966/5680
f 3966/5680 3956/5679 3961/5681
f 3961/5681 3956/5679 3953/5682
f 3953/5682 3956/5679 3952/5683
f 3960/5677 3977/5678 3979/5684
f 3960/5677 3979/5684 3956/5679
f 3979/5684 3977/5678 3988/5685
f 3956/5679 3979/5684 3984/5686
f 3979/5684 3988/5685 3993/5687
f 3979/5684 3993/5687 3984/5686
f 3977/5688 3990/5689 3988/5690
f 3970/5691 3973/5692 3967/5693
f 3973/5692 3970/5691 3988/5694
f 3970/5691 3967/5693 3966/5695
f 3970/5691 3966/5695 3988/5694
f 3988/5694 3966/5695 3993/5696
f 3993/5696 3966/5695 3991/5697
f 3993/5696 3991/5697 3992/5698
f 3991/5697 3966/5695 3965/5699
f 3965/5699 3966/5695 3962/5700
f 3962/5700 3966/5695 3961/5701
f 3965/5699 3962/5700 3958/5702
f 3965/5699 3958/5702 3957/5703
f 3962/5700 3961/5701 3932/5704
f 3962/5700 3932/5704 3933/5705
f 3932/5704 3961/5701 3921/5706
f 3932/5704 3921/5706 3890/5707
f 3921/5706 3961/5701 3931/5708
f 3957/5703 3958/5702 3942/5709
f 3942/5709 3958/5702 3962/5700
f 3942/5709 3962/5700 3933/5705
f 3957/5703 3942/5709 3914/5710
f 3942/5709 3933/5705 3892/5711
f 3942/5709 3892/5711 3914/5710
f 3921/5706 3931/5708 3923/5712
f 3923/5712 3931/5708 3927/5713
f 3921/5706 3923/5712 3904/5714
f 3923/5712 3927/5713 3926/5715
f 3904/5714 3923/5712 3906/5716
f 3923/5712 3926/5715 3920/5717
f 3923/5712 3920/5717 3906/5716
f 3920/5717 3926/5715 3928/5718
f 3906/5716 3920/5717 3913/5719
f 3984/5720 3993/5721 3985/5722
f 3985/5722 3993/5721 3992/5723
f 3984/5720 3985/5722 3956/5724
f 3985/5722 3992/5723 3991/5725
f 3985/5722 3991/5725 3972/5726
f 3972/5726 3991/5725 3965/5727
f 3956/5724 3985/5722 3954/5728
f 3954/5728 3985/5722 3972/5726
f 3954/5728 3972/5726 3965/5727
f 3954/5728 3965/5727 3957/5729
f 3956/5724 3954/5728 3952/5730
f 3954/5728 3957/5729 3955/5731
f 3954/5728 3955/5731 3952/5730
f 3955/5731 3957/5729 3915/5732
f 3915/5732 3957/5729 3914/5733
f 3915/5732 3914/5733 3886/5734
f 3886/5734 3914/5733 3998/5735
f 3915/5732 3886/5734 3999/5736
f 3955/5731 3915/5732 3944/5737
f 3944/5737 3915/5732 3999/5736
f 3955/5731 3944/5737 3952/5730
f 3944/5737 3999/5736 3889/5738
f 3889/5738 3999/5736 4045/5739
f 3952/5730 3944/5737 3937/5740
f 3937/5740 3944/5737 3889/5738
f 3889/5738 4045/5739 4047/5741
f 3889/5738 4047/5741 4001/5742
f 3937/5740 3889/5738 3896/5743
f 3896/5743 3889/5738 4001/5742
f 3937/5740 3896/5743 3952/5730
f 3896/5743 4001/5742 3924/5744
f 3896/5743 3924/5744 3952/5730
f 3952/5730 3924/5744 3953/5745
f 3953/5746 3924/5747 3961/5748
f 3961/5748 3924/5747 3931/5749
f 3931/5749 3924/5747 3916/5750
f 3931/5749 3916/5750 3927/5751
f 3927/5751 3916/5750 3912/5752
f 3927/5751 3912/5752 3926/5753
f 3926/5753 3912/5752 3908/5754
f 3926/5753 3908/5754 3911/5755
f 3926/5753 3911/5755 3930/5756
f 3930/5756 3911/5755 3925/5757
f 3930/5756 3925/5757 3929/5758
f 3929/5758 3925/5757 3934/5759
f 3925/5757 3911/5755 3910/5760
f 3910/5760 3911/5755 3897/5761
f 3910/5760 3897/5761 3899/5762
f 3925/5757 3910/5760 3918/5763
f 3918/5763 3910/5760 3899/5762
f 3925/5757 3918/5763 3934/5759
f 3918/5763 3899/5762 3894/5764
f 3934/5759 3918/5763 3941/5765
f 3941/5765 3918/5763 3894/5764
f 3934/5759 3941/5765 3946/5766
f 3946/5766 3941/5765 3945/5767
f 3941/5765 3894/5764 3936/5768
f 3945/5767 3941/5765 3940/5769
f 3940/5769 3941/5765 3936/5768
f 3940/5769 3936/5768 3943/5770
f 3999/5771 3886/5772 4035/5773
f 3999/5771 4035/5773 4039/5774
f 3999/5771 4039/5774 4045/5775
f 4045/5775 4039/5774 4053/5776
f 4053/5776 4039/5774 4035/5773
f 4035/5773 3886/5772 3998/5777
f 4053/5776 4035/5773 4014/5778
f 4053/5776 4014/5778 4048/5779
f 4035/5773 3998/5777 4027/5780
f 4035/5773 4027/5780 4014/5778
f 4027/5780 3998/5777 4017/5781
f 4017/5781 3998/5777 3892/5782
f 3892/5782 3998/5777 3914/5783
f 4017/5781 3892/5782 4024/5784
f 4017/5781 4024/5784 4027/5780
f 4024/5784 3892/5782 3933/5785
f 4024/5784 3933/5785 4026/5786
f 4024/5784 4026/5786 4022/5787
f 4024/5784 4022/5787 4027/5780
f 4027/5780 4022/5787 4014/5778
f 4014/5778 4022/5787 4018/5788
f 4014/5778 4018/5788 4061/5789
f 4014/5778 4061/5789 4048/5779
f 4048/5779 4061/5789 4070/5790
f 4048/5779 4070/5790 4046/5791
f 4070/5790 4061/5789 4085/5792
f 4085/5792 4061/5789 4091/5793
f 3933/5794 3932/5795 4026/5796
f 4026/5796 3932/5795 3890/5797
f 4022/5798 4026/5799 4025/5800
f 4025/5800 4026/5799 3890/5801
f 4022/5798 4025/5800 4021/5802
f 4022/5798 4021/5802 4018/5803
f 3890/5804 3921/5805 3900/5806
f 3900/5806 3921/5805 3904/5807
f 4047/5808 4025/5809 3890/5804
f 4047/5808 3890/5804 4001/5810
f 4001/5810 3890/5804 3900/5806
f 3900/5806 3904/5807 3895/5811
f 4001/5810 3900/5806 3898/5812
f 3898/5812 3900/5806 3895/5811
f 4001/5810 3898/5812 3924/5813
f 3924/5813 3898/5812 3916/5814
f 3916/5814 3898/5812 3912/5815
f 3912/5815 3898/5812 3895/5811
f 3895/5811 3904/5807 3906/5816
f 3912/5815 3895/5811 3908/5817
f 3895/5811 3906/5816 3901/5818
f 3895/5811 3901/5818 3908/5817
f 3901/5818 3906/5816 3897/5819
f 3908/5817 3901/5818 3911/5820
f 3911/5820 3901/5818 3897/5819
f 3897/5821 3906/5822 3902/5823
f 3897/5821 3902/5823 3899/5824
f 3902/5823 3906/5822 3913/5825
f 3899/5824 3902/5823 3909/5826
f 3909/5826 3902/5823 3913/5825
f 3899/5824 3909/5826 3905/5827
f 3899/5824 3905/5827 3894/5828
f 3909/5826 3913/5825 3919/5829
f 3894/5828 3905/5827 3907/5830
f 3894/5828 3907/5830 3903/5831
f 3903/5831 3907/5830 3935/5832
f 3935/5832 3907/5830 3946/5833
f 3907/5830 3905/5827 3917/5834
f 3917/5834 3905/5827 3909/5826
f 3907/5830 3917/5834 3946/5833
f 3917/5834 3909/5826 3919/5829
f 3946/5833 3917/5834 3934/5835
f 3934/5835 3917/5834 3919/5829
f 3934/5835 3919/5829 3929/5836
f 3922/5837 3919/5829 3913/5825
f 3922/5837 3913/5825 3920/5838
f 3929/5836 3919/5829 3928/5839
f 3922/5837 3920/5838 3928/5839
f 3922/5837 3928/5839 3919/5829
f 3929/5836 3928/5839 3930/5840
f 3930/5840 3928/5839 3926/5841
f 3945/5842 3940/5843 3943/5844
f 3945/5842 3943/5844 3938/5845
f 3945/5842 3938/5845 3939/5846
f 3939/5846 3938/5845 3947/5847
f 3939/5846 3947/5847 3935/5848
f 3939/5846 3935/5848 3945/5842
f 3945/5842 3935/5848 3946/5849
f 4006/5850 3887/5851 3888/5852
f 3888/5852 3887/5851 3891/5853
f 3888/5852 3891/5853 4006/5850
f 3891/5853 3887/5851 3893/5854
f 3891/5853 3893/5854 4003/5855
f 3891/5853 4003/5855 4006/5850
f 3887/5851 4006/5850 4000/5856
f 4006/5850 4003/5855 4002/5857
f 4002/5857 4003/5855 4004/5858
f 4000/5856 4006/5850 4029/5859
f 4000/5856 4029/5859 4030/5860
f 4030/5860 4029/5859 4042/5861
f 4042/5861 4029/5859 4043/5862
f 4042/5861 4043/5862 4060/5863
f 4029/5859 4006/5850 4031/5864
f 4006/5850 4002/5857 4005/5865
f 4006/5850 4005/5865 4031/5864
f 4031/5864 4005/5865 4002/5857
f 4043/5862 4029/5859 4041/5866
f 4041/5866 4029/5859 4031/5864
f 4060/5863 4043/5862 4063/5867
f 4063/5867 4043/5862 4041/5866
f 4060/5863 4063/5867 4065/5868
f 4060/5863 4065/5868 4073/5869
f 4065/5868 4063/5867 4071/5870
f 4065/5868 4071/5870 4073/5869
f 4071/5870 4063/5867 4041/5866
f 4073/5869 4071/5870 4110/5871
f 4110/5871 4071/5870 4135/5872
f 4135/5872 4071/5870 4090/5873
f 4135/5872 4090/5873 4129/5874
f 4090/5873 4071/5870 4052/5875
f 4052/5875 4071/5870 4041/5866
f 4034/5876 4052/5875 4012/5877
f 4012/5877 4052/5875 4009/5878
f 4009/5878 4052/5875 4041/5866
f 4012/5877 4009/5878 4074/5879
f 4074/5879 4009/5878 4007/5880
f 4009/5878 4041/5866 4016/5881
f 4016/5881 4041/5866 4031/5864
f 4016/5881 4031/5864 4002/5857
f 4009/5878 4016/5881 4015/5882
f 4009/5878 4015/5882 4007/5880
f 4015/5882 4016/5881 4002/5857
f 4007/5880 4015/5882 4004/5858
f 4004/5858 4015/5882 4002/5857
f 4030/5883 4042/5884 4023/5885
f 4023/5885 4042/5884 4020/5886
f 4020/5886 4042/5884 4105/5887
f 4105/5887 4042/5884 4101/5888
f 4101/5888 4042/5884 4060/5889
f 4101/5888 4060/5889 4073/5890
f 4101/5888 4073/5890 4110/5891
f 4101/5888 4110/5891 4114/5892
f 4114/5892 4110/5891 4132/5893
f 4132/5893 4110/5891 4135/5894
f 4101/5888 4114/5892 4131/5895
f 4131/5895 4114/5892 4132/5893
f 4132/5893 4135/5894 4134/5896
f 4132/5893 4134/5896 4131/5895
f 4134/5896 4135/5894 4127/5897
f 4101/5888 4131/5895 4133/5898
f 4133/5898 4131/5895 4134/5896
f 4133/5898 4134/5896 4127/5897
f 4101/5888 4133/5898 4105/5887
f 4133/5898 4127/5897 4128/5899
f 4133/5898 4128/5899 4105/5887
f 4128/5899 4127/5897 4136/5900
f 4128/5899 4136/5900 4126/5901
f 4128/5899 4126/5901 4108/5902
f 4128/5899 4108/5902 4105/5887
f 4105/5887 4108/5902 4083/5903
f 4105/5887 4083/5903 4066/5904
f 4066/5904 4083/5903 4056/5905
f 4105/5887 4066/5904 4020/5886
f 4066/5904 4056/5905 4010/5906
f 4066/5904 4010/5906 4020/5886
f 4010/5906 4056/5905 4008/5907
f 4010/5906 4008/5907 4020/5886
f 4111/5908 4103/5909 4127/5910
f 4111/5908 4127/5910 4113/5911
f 4113/5911 4127/5910 4135/5912
f 4103/5909 4111/5908 4092/5913
f 4092/5913 4111/5908 4113/5911
f 4103/5909 4092/5913 4074/5914
f 4103/5909 4074/5914 4062/5915
f 4074/5914 4092/5913 4080/5916
f 4074/5914 4080/5916 4012/5917
f 4080/5916 4092/5913 4089/5918
f 4092/5913 4113/5911 4107/5919
f 4107/5919 4113/5911 4122/5920
f 4122/5920 4113/5911 4135/5912
f 4107/5919 4122/5920 4117/5921
f 4122/5920 4135/5912 4129/5922
f 4122/5923 4129/5924 4125/5925
f 4122/5923 4125/5925 4124/5926
f 4122/5923 4124/5926 4117/5927
f 4117/5927 4124/5926 4119/5928
f 4117/5927 4119/5928 4118/5929
f 4117/5927 4118/5929 4107/5930
f 4107/5930 4118/5929 4116/5931
f 4107/5930 4116/5931 4104/5932
f 4116/5931 4118/5929 4115/5933
f 4125/5934 4129/5935 4090/5936
f 4125/5934 4090/5936 4088/5937
f 4088/5937 4090/5936 4076/5938
f 4088/5937 4076/5938 4086/5939
f 4076/5938 4090/5936 4051/5940
f 4051/5940 4090/5936 4052/5941
f 4086/5939 4076/5938 4069/5942
f 4069/5942 4076/5938 4051/5940
f 4086/5939 4069/5942 4072/5943
f 4072/5943 4069/5942 4054/5944
f 4054/5944 4069/5942 4051/5940
f 4051/5940 4052/5941 4034/5945
f 4054/5944 4051/5940 4044/5946
f 4044/5946 4051/5940 4034/5945
f 4054/5944 4044/5946 4038/5947
f 4054/5944 4038/5947 4047/5948
f 4047/5948 4038/5947 4036/5949
f 4047/5948 4036/5949 4025/5950
f 4036/5949 4038/5947 4032/5951
f 4036/5949 4032/5951 4025/5950
f 4032/5951 4038/5947 4044/5946
f 4025/5950 4032/5951 4021/5952
f 4032/5951 4044/5946 4028/5953
f 4032/5951 4028/5953 4021/5952
f 4028/5953 4044/5946 4034/5945
f 4021/5952 4028/5953 4013/5954
f 4013/5954 4028/5953 4011/5955
f 4011/5955 4028/5953 4034/5945
f 4011/5955 4034/5945 4012/5956
f 4125/5957 4088/5958 4097/5959
f 4097/5959 4088/5958 4086/5960
f 4125/5957 4097/5959 4124/5961
f 4097/5962 4086/5963 4077/5964
f 4077/5964 4086/5963 4072/5965
f 4077/5966 4072/5967 4058/5968
f 4058/5968 4072/5967 4054/5969
f 4058/5968 4054/5969 4047/5970
f 4097/5971 4077/5972 4130/5973
f 4097/5971 4130/5973 4124/5974
f 4130/5973 4077/5972 4053/5975
f 4053/5975 4077/5972 4057/5976
f 4057/5976 4077/5972 4058/5977
f 4057/5976 4058/5977 4047/5978
f 4057/5976 4047/5978 4045/5979
f 4057/5976 4045/5979 4053/5975
f 4130/5973 4053/5975 4079/5980
f 4079/5980 4053/5975 4048/5981
f 4130/5973 4079/5980 4095/5982
f 4130/5973 4095/5982 4091/5983
f 4091/5983 4095/5982 4085/5984
f 4085/5984 4095/5982 4093/5985
f 4093/5985 4095/5982 4087/5986
f 4087/5986 4095/5982 4079/5980
f 4093/5985 4087/5986 4120/5987
f 4120/5987 4087/5986 4106/5988
f 4067/5989 4079/5980 4048/5981
f 4079/5980 4067/5989 4087/5986
f 4067/5989 4048/5981 4046/5990
f 4087/5986 4067/5989 4068/5991
f 4087/5986 4068/5991 4106/5988
f 4068/5991 4067/5989 4046/5990
f 4106/5988 4068/5991 4081/5992
f 4106/5988 4081/5992 4109/5993
f 4068/5991 4046/5990 4037/5994
f 4068/5991 4037/5994 4081/5992
f 4037/5994 4046/5990 4040/5995
f 4109/5993 4081/5992 4059/5996
f 4059/5996 4081/5992 4037/5994
f 4059/5996 4037/5994 4040/5995
f 4109/5993 4059/5996 4078/5997
f 4078/5997 4059/5996 4040/5995
f 4021/5998 4013/5999 4018/6000
f 4011/6001 4012/6002 4050/6003
f 4050/6003 4012/6002 4080/6004
f 4011/6001 4050/6003 4019/6005
f 4011/6001 4019/6005 4013/6006
f 4013/6006 4019/6005 4018/6007
f 4019/6005 4050/6003 4033/6008
f 4019/6005 4033/6008 4018/6007
f 4018/6007 4033/6008 4049/6009
f 4018/6007 4049/6009 4061/6010
f 4033/6008 4050/6003 4055/6011
f 4033/6008 4055/6011 4049/6009
f 4055/6011 4050/6003 4064/6012
f 4064/6012 4050/6003 4075/6013
f 4064/6012 4075/6013 4082/6014
f 4064/6012 4082/6014 4055/6011
f 4055/6011 4082/6014 4049/6009
f 4049/6009 4082/6014 4061/6010
f 4061/6010 4082/6014 4091/6015
f 4091/6015 4082/6014 4100/6016
f 4091/6015 4100/6016 4098/6017
f 4098/6017 4100/6016 4102/6018
f 4102/6018 4100/6016 4115/6019
f 4091/6015 4098/6017 4123/6020
f 4091/6015 4123/6020 4130/6021
f 4130/6021 4123/6020 4124/6022
f 4124/6022 4123/6020 4119/6023
f 4102/6018 4115/6019 4112/6024
f 4102/6018 4112/6024 4098/6017
f 4112/6024 4115/6019 4118/6025
f 4123/6020 4098/6017 4121/6026
f 4121/6026 4098/6017 4112/6024
f 4123/6020 4121/6026 4119/6023
f 4121/6026 4112/6024 4118/6025
f 4121/6026 4118/6025 4119/6023
f 4050/6027 4080/6028 4075/6029
f 4082/6030 4075/6031 4080/6032
f 4082/6030 4080/6032 4089/6033
f 4082/6030 4089/6033 4094/6034
f 4089/6035 4092/6036 4096/6037
f 4089/6035 4096/6037 4094/6038
f 4096/6039 4092/6040 4107/6041
f 4096/6039 4107/6041 4104/6042
f 4094/6043 4096/6044 4104/6045
f 4094/6043 4104/6045 4137/6046
f 4137/6046 4104/6045 4116/6047
f 4094/6043 4137/6046 4099/6048
f 4094/6043 4099/6048 4082/6049
f 4082/6049 4099/6048 4100/6050
f 4085/6051 4093/6052 4070/6053
f 4070/6053 4093/6052 4084/6054
f 4084/6054 4093/6052 4120/6055
f 4070/6053 4084/6054 4040/6056
f 4070/6053 4040/6056 4046/6057
f 4040/6056 4084/6054 4078/6058
f 4078/6058 4084/6054 4109/6059
f 4109/6059 4084/6054 4120/6055
f 4109/6059 4120/6055 4106/6060
o tripo_part_6
v 0.334577 0.055304 0.256746
v 0.335173 0.135202 0.267535
v 0.335221 0.111973 0.258673
v 0.335222 0.053394 0.267670
v 0.335352 0.039617 0.267378
v 0.335545 0.055185 0.262193
v 0.335601 0.126554 0.262743
v 0.335741 0.084284 0.261994
v 0.335806 0.126833 0.256251
v 0.335916 0.054338 0.259116
v 0.336058 0.083729 0.258359
v 0.336156 0.117292 0.258728
v 0.337927 0.043398 0.266710
v 0.338964 0.052631 0.265216
v 0.339961 0.043562 0.253107
v 0.340477 0.053263 0.253349
v 0.344590 0.043093 0.267561
v 0.345504 0.016146 0.267172
v 0.345581 0.005907 0.266178
v 0.346016 0.013849 0.253976
v 0.347696 0.000444 0.262305
v 0.348170 0.043367 0.253927
v 0.348437 0.005472 0.265711
v 0.349188 0.011660 0.253533
v 0.349455 0.005045 0.249617
v 0.349723 0.124426 0.268913
v 0.349880 0.050165 0.269586
v 0.350969 0.005823 0.253732
v 0.351839 0.123743 0.265383
v 0.352545 0.050358 0.254248
v 0.352642 0.085570 0.264218
v 0.353403 0.055355 0.263733
v 0.353478 0.115713 0.262871
v 0.353485 0.053028 0.254892
v 0.354113 0.053616 0.258543
v 0.355128 0.087341 0.258626
v 0.355814 0.117044 0.267947
v 0.356178 0.088304 0.268522
v 0.356934 0.116251 0.258887
v 0.357252 0.056244 0.258739
v 0.358046 0.123877 0.257201
v 0.358593 0.056412 0.268696
v 0.359167 0.113295 0.267735
v 0.360424 0.053390 0.270283
v 0.361208 0.039972 0.270757
v 0.361265 0.083229 0.258492
v 0.361374 0.116625 0.259700
v 0.362055 0.121302 0.267198
v 0.362280 0.049322 0.272066
v 0.362715 0.113577 0.263539
v 0.362852 0.085950 0.266646
v 0.362961 0.042608 0.271555
v 0.363190 0.056192 0.262511
v 0.364041 0.122133 0.260396
v 0.364218 0.053488 0.260069
v 0.366183 0.042417 0.270622
v 0.366343 0.028837 0.270363
v 0.367525 0.053110 0.272248
v 0.367815 0.045076 0.272191
v 0.369242 0.029074 0.257583
v 0.369257 0.042364 0.257543
v 0.370848 0.053022 0.257710
v 0.370936 0.045134 0.258673
v 0.375002 0.129236 0.271978
v 0.375570 0.121172 0.271547
v 0.376444 0.118738 0.272437
v 0.377745 0.121130 0.259464
v 0.377829 0.140375 0.261841
v 0.377840 0.129293 0.259161
v 0.377958 0.132437 0.269732
v 0.378344 0.036348 0.271850
v 0.379252 0.132662 0.261872
v 0.379625 0.138342 0.275212
v 0.380610 0.115263 0.269086
v 0.380633 0.118715 0.256406
v 0.380743 0.129137 0.256343
v 0.381174 0.010630 0.259917
v 0.381540 0.028967 0.260523
v 0.382048 0.035536 0.275139
v 0.382139 0.114580 0.270542
v 0.382437 0.070937 0.269309
v 0.383219 0.023661 0.256840
v 0.383238 0.036169 0.254713
v 0.383402 0.115610 0.260095
v 0.383715 0.010729 0.254626
v 0.383845 0.038420 0.269880
v 0.385004 0.023043 0.255751
v 0.385534 0.039427 0.271075
v 0.385977 0.132212 0.257894
v 0.386110 0.038401 0.258489
v 0.386229 0.053411 0.259379
v 0.387213 0.136755 0.278621
v 0.387430 0.146509 0.269867
v 0.390654 0.131117 0.275544
v 0.390959 0.142408 0.258773
v 0.392386 0.077707 0.260637
v 0.393065 0.116228 0.271812
v 0.393820 0.021582 0.257438
v 0.394270 0.010569 0.279077
v 0.394625 0.039614 0.273065
v 0.394781 0.079213 0.272891
v 0.394873 0.116087 0.262483
v 0.394953 0.010881 0.256677
v 0.395334 0.137960 0.275177
v 0.395823 0.119154 0.276893
v 0.396086 0.128416 0.276939
v 0.396349 0.132387 0.262083
v 0.397173 0.040018 0.272848
v 0.397776 0.037859 0.274473
v 0.397898 0.073859 0.262427
v 0.398020 0.140505 0.266072
v 0.398302 0.010851 0.263759
v 0.399378 0.023355 0.277995
v 0.399454 0.129328 0.260128
v 0.399477 0.011057 0.279359
v 0.399576 0.039289 0.262001
v 0.399721 0.119013 0.259731
v 0.400118 0.036516 0.278440
v 0.400835 0.011270 0.277297
v 0.400866 0.038069 0.261507
v 0.402086 0.025026 0.259286
v 0.403193 0.011011 0.258510
v 0.403300 0.023577 0.261419
v 0.404619 0.011728 0.261738
v 0.404848 0.035990 0.258965
v 0.334182 0.139620 0.263583
v 0.333724 0.007624 0.245923
v 0.333047 0.113333 0.263396
v 0.332828 0.013857 0.251308
v 0.332701 0.016771 0.252294
v 0.332685 0.083026 0.254632
v 0.332676 0.139673 0.257856
v 0.332580 0.086425 0.265020
v 0.332092 0.016123 0.265639
v 0.332031 0.055304 0.264849
v 0.331595 0.118448 0.264587
v 0.331223 0.117041 0.254246
v 0.331074 0.112081 0.255281
v 0.330871 0.055323 0.255248
v 0.330805 0.011263 0.265113
v 0.330157 0.052814 0.251632
v 0.329821 0.016878 0.264895
v 0.329719 0.002283 0.258353
v 0.329548 0.129217 0.254041
v 0.328743 0.011057 0.263358
v 0.328595 0.113741 0.263388
v 0.328305 0.127706 0.265177
v 0.328249 0.054666 0.263542
v 0.327943 0.084215 0.255252
v 0.327238 0.080843 0.264229
v 0.326670 0.118444 0.262579
v 0.326618 0.128565 0.266588
v 0.326520 0.054539 0.258667
v 0.326420 0.112057 0.258692
v 0.326332 0.117525 0.256831
v 0.326100 0.128462 0.255749
v 0.325842 0.043241 0.251521
v 0.325584 0.084776 0.258655
v 0.324356 0.052822 0.253366
v 0.324089 0.040480 0.266056
v 0.323559 0.137934 0.253534
v 0.323541 0.043333 0.265164
v 0.323261 0.052938 0.265954
v 0.322430 0.016878 0.251145
v 0.321129 0.016802 0.264274
v 0.317919 0.018030 0.251127
v 0.317885 0.043001 0.251057
v 0.317339 0.049955 0.257139
v 0.317101 0.044062 0.256641
v 0.317076 0.051180 0.250986
v 0.316523 0.017893 0.265953
v 0.316376 0.052849 0.255860
v 0.315489 0.043333 0.264755
v 0.315420 0.040777 0.265390
v 0.311403 0.040758 0.279981
v 0.308567 0.131613 0.253725
v 0.308275 0.092346 0.257815
v 0.307535 0.123976 0.260127
v 0.306948 0.063530 0.254981
v 0.306832 0.123152 0.254524
v 0.306488 0.117956 0.259706
v 0.306376 0.089966 0.262000
v 0.306112 0.062963 0.262327
v 0.305542 0.090438 0.253116
v 0.305458 0.132097 0.263077
v 0.304932 0.118387 0.253411
v 0.303065 0.122927 0.262994
v 0.302931 0.134073 0.251231
v 0.302778 0.090727 0.263243
v 0.302122 0.117823 0.261778
v 0.301657 0.123217 0.252722
v 0.301363 0.133604 0.263848
v 0.301233 0.090986 0.252763
v 0.300993 0.063698 0.253469
v 0.300890 0.143038 0.263844
v 0.299616 0.062853 0.261954
v 0.298784 0.117994 0.256724
v 0.298170 0.093175 0.255463
v 0.298151 0.063515 0.257394
v 0.298109 0.090714 0.260480
v 0.297442 0.133772 0.256372
v 0.297369 0.122805 0.258193
v 0.284952 0.136667 0.249391
v 0.279925 0.051531 0.263623
v 0.279513 0.051136 0.248719
v 0.279070 0.151171 0.251067
v 0.278498 0.038713 0.264551
v 0.278090 0.037825 0.249427
v 0.278002 0.137735 0.253773
v 0.277746 0.090487 0.254820
v 0.277529 0.124681 0.254047
v 0.276667 0.052639 0.258046
v 0.276106 0.119394 0.256617
v 0.275942 0.056370 0.253045
v 0.275301 0.126902 0.259589
v 0.275271 0.152895 0.255806
v 0.275168 0.092203 0.260445
v 0.275000 0.138201 0.260183
v 0.274798 0.090172 0.250801
v 0.274409 0.148569 0.248222
v 0.273955 0.119593 0.250794
v 0.273565 0.138544 0.249329
v 0.271883 0.052765 0.251435
v 0.271517 0.125120 0.260474
v 0.271418 0.055431 0.261318
v 0.270701 0.119703 0.259053
v 0.270701 0.125292 0.249626
v 0.269861 0.140200 0.250086
v 0.269396 0.089069 0.250815
v 0.268427 0.039450 0.265575
v 0.268168 0.119459 0.255099
v 0.267504 0.052807 0.257211
v 0.267359 0.125475 0.256298
v 0.267267 0.140520 0.257367
v 0.267115 0.089060 0.257593
v 0.265581 0.038622 0.263713
v 0.265345 0.038572 0.249721
v 0.265337 0.051664 0.263595
v 0.264506 0.051252 0.249355
v 0.259920 0.142866 0.259684
v 0.247919 0.162516 0.248550
v 0.246348 0.163149 0.255170
v 0.245516 0.159693 0.245659
v 0.244555 0.150896 0.245498
v 0.244028 0.158701 0.258214
v 0.240709 0.151255 0.245118
v 0.240275 0.151407 0.257722
v 0.233210 0.172190 0.253651
v 0.231753 0.171274 0.248592
v 0.227671 0.165041 0.253278
vt 0.230443 0.599520
vt 0.233914 0.594552
vt 0.232118 0.601076
vt 0.224876 0.602872
vt 0.229395 0.599430
vt 0.224517 0.592666
vt 0.221225 0.598562
vt 0.234094 0.586890
vt 0.222931 0.597933
vt 0.217274 0.598921
vt 0.211229 0.601166
vt 0.210810 0.598143
vt 0.217484 0.593534
vt 0.222991 0.591858
vt 0.213593 0.591738
vt 0.212576 0.591170
vt 0.217394 0.584287
vt 0.211858 0.588417
vt 0.225953 0.585933
vt 0.210870 0.583927
vt 0.218890 0.580994
vt 0.213893 0.580785
vt 0.226402 0.583329
vt 0.234333 0.584795
vt 0.241067 0.586621
vt 0.242623 0.591379
vt 0.243910 0.590272
vt 0.226702 0.582431
vt 0.233106 0.582850
vt 0.228258 0.564026
vt 0.235381 0.562469
vt 0.232687 0.543046
vt 0.224577 0.561302
vt 0.226552 0.543226
vt 0.227031 0.540353
vt 0.219130 0.571837
vt 0.210810 0.563487
vt 0.219639 0.542149
vt 0.214940 0.540503
vt 0.213833 0.536911
vt 0.219758 0.538707
vt 0.221674 0.534248
vt 0.220058 0.533859
vt 0.220477 0.531524
vt 0.217873 0.535295
vt 0.217125 0.526945
vt 0.216646 0.529669
vt 0.214102 0.535984
vt 0.213085 0.532512
vt 0.214072 0.529220
vt 0.716966 0.891338
vt 0.717923 0.892205
vt 0.715739 0.892834
vt 0.712566 0.912616
vt 0.709933 0.893612
vt 0.709993 0.891218
vt 0.701224 0.905643
vt 0.701763 0.925305
vt 0.707209 0.929824
vt 0.700386 0.926353
vt 0.704606 0.934044
vt 0.696495 0.930453
vt 0.712088 0.936319
vt 0.691587 0.938174
vt 0.703558 0.939820
vt 0.711070 0.946045
vt 0.717923 0.951462
vt 0.709304 0.947601
vt 0.700775 0.941466
vt 0.691408 0.939700
vt 0.695448 0.942903
vt 0.692635 0.947930
vt 0.699219 0.943561
vt 0.698052 0.947452
vt 0.700386 0.952629
vt 0.702092 0.945387
vt 0.702571 0.948589
vt 0.203918 0.064845
vt 0.202152 0.066730
vt 0.202152 0.057303
vt 0.204097 0.059428
vt 0.209394 0.062271
vt 0.204307 0.055208
vt 0.209005 0.054729
vt 0.204456 0.051287
vt 0.511927 0.381972
vt 0.509114 0.380506
vt 0.513454 0.368594
vt 0.514890 0.374490
vt 0.514740 0.369552
vt 0.509892 0.360514
vt 0.506869 0.381074
vt 0.507049 0.359287
vt 0.517733 0.348603
vt 0.503607 0.359018
vt 0.502650 0.381523
vt 0.500315 0.380865
vt 0.498999 0.356085
vt 0.492295 0.373233
vt 0.493252 0.358419
vt 0.492295 0.349441
vt 0.950876 0.038711
vt 0.953899 0.039339
vt 0.953241 0.042781
vt 0.957999 0.039998
vt 0.950158 0.042691
vt 0.945968 0.038352
vt 0.946746 0.042571
vt 0.951385 0.059720
vt 0.947614 0.057685
vt 0.944203 0.058612
vt 0.941359 0.056547
vt 0.940402 0.074085
vt 0.944502 0.074384
vt 0.938247 0.075432
vt 0.941030 0.078035
vt 0.935793 0.076479
vt 0.948303 0.073846
vt 0.946268 0.075671
vt 0.945519 0.079292
vt 0.946896 0.077287
vt 0.951924 0.075940
vt 0.952672 0.074085
vt 0.952732 0.080070
vt 0.957071 0.076330
vt 0.956772 0.074504
vt 0.957790 0.078963
vt 0.960154 0.077616
vt 0.959406 0.082345
vt 0.961770 0.082076
vt 0.956563 0.058672
vt 0.960393 0.057445
vt 0.954557 0.083273
vt 0.956084 0.044457
vt 0.960064 0.044277
vt 0.964134 0.042541
vt 0.961201 0.042003
vt 0.962309 0.038352
vt 0.954438 0.084709
vt 0.955276 0.092041
vt 0.960244 0.083991
vt 0.964134 0.089378
vt 0.962698 0.082584
vt 0.949872 0.273823
vt 0.944755 0.273315
vt 0.944845 0.245811
vt 0.940715 0.268825
vt 0.954930 0.255807
vt 0.941014 0.244045
vt 0.934729 0.259638
vt 0.949184 0.242938
vt 0.951937 0.227047
vt 0.943139 0.231775
vt 0.947358 0.229321
vt 0.943827 0.223515
vt 0.941463 0.216392
vt 0.941822 0.223485
vt 0.934729 0.227316
vt 0.940146 0.230638
vt 0.935358 0.231057
vt 0.943425 0.444338
vt 0.940013 0.463701
vt 0.930975 0.463462
vt 0.933070 0.483244
vt 0.929808 0.476839
vt 0.927743 0.481568
vt 0.940881 0.495155
vt 0.923523 0.487134
vt 0.937619 0.495574
vt 0.943425 0.506228
vt 0.932681 0.497998
vt 0.932681 0.494257
vt 0.914485 0.485069
vt 0.917777 0.491115
vt 0.901078 0.487344
vt 0.152752 0.957613
vt 0.145420 0.961833
vt 0.151106 0.957554
vt 0.148652 0.956895
vt 0.155775 0.949114
vt 0.157122 0.958212
vt 0.152064 0.948486
vt 0.155655 0.944834
vt 0.152573 0.945164
vt 0.147874 0.927446
vt 0.150717 0.927327
vt 0.145420 0.907365
vt 0.153680 0.926638
vt 0.160055 0.944326
vt 0.158259 0.926998
vt 0.163915 0.944505
vt 0.159995 0.948755
vt 0.163197 0.949204
vt 0.161641 0.957344
vt 0.166190 0.947588
vt 0.181782 0.948755
vt 0.168015 0.949832
vt 0.164514 0.950910
vt 0.165322 0.957613
vt 0.029913 0.927906
vt 0.027878 0.932065
vt 0.028118 0.926439
vt 0.017314 0.933891
vt 0.019349 0.937512
vt 0.012765 0.931138
vt 0.012077 0.938799
vt 0.009832 0.930390
vt 0.001991 0.920484
vt 0.014740 0.941702
vt 0.020097 0.941553
vt 0.016057 0.944336
vt 0.013334 0.944635
vt 0.011209 0.942031
vt 0.008036 0.939877
vt 0.001991 0.954930
vt 0.008755 0.936285
vt 0.005732 0.938530
vt 0.006061 0.934729
vt 0.005762 0.929821
vt 0.003817 0.933921
vt 0.499797 0.931920
vt 0.499109 0.914472
vt 0.503927 0.895797
vt 0.503927 0.916687
vt 0.004602 0.013151
vt 0.001400 0.032215
vt 0.001400 0.011654
vt 0.173207 0.066531
vt 0.177180 0.086705
vt 0.173207 0.087439
vt 0.317865 0.149567
vt 0.318733 0.130474
vt 0.322145 0.129486
vt 0.317865 0.127361
vt 0.492272 0.883598
vt 0.489010 0.868425
vt 0.492422 0.867198
vt 0.489010 0.846009
vt 0.458195 0.438310
vt 0.453916 0.422928
vt 0.462116 0.436605
vt 0.461966 0.439029
vt 0.453916 0.453304
vt 0.464809 0.441034
vt 0.195092 0.570939
vt 0.195960 0.566660
vt 0.199821 0.568665
vt 0.197726 0.563188
vt 0.193746 0.562171
vt 0.193746 0.559118
vt 0.201497 0.554270
vt 0.206525 0.561333
vt 0.207093 0.568396
vt 0.206166 0.576027
vt 0.198863 0.574201
vt 0.193746 0.574980
vt 0.194404 0.578750
vt 0.204160 0.577583
vt 0.202395 0.582162
vt 0.042592 0.217641
vt 0.047979 0.214259
vt 0.051690 0.217102
vt 0.046572 0.213391
vt 0.052708 0.215576
vt 0.052738 0.218598
vt 0.057526 0.217551
vt 0.055551 0.215187
vt 0.048159 0.209261
vt 0.046333 0.209291
vt 0.055581 0.208872
vt 0.049146 0.203725
vt 0.054593 0.204173
vt 0.057526 0.203485
vt 0.055551 0.201211
vt 0.057316 0.200133
vt 0.052109 0.201959
vt 0.041575 0.205460
vt 0.049326 0.201031
vt 0.045555 0.198577
vt 0.041305 0.202527
vt 0.048039 0.199026
vt 0.969957 0.314035
vt 0.964809 0.314334
vt 0.967592 0.298173
vt 0.970316 0.298323
vt 0.956250 0.310623
vt 0.961487 0.318853
vt 0.970765 0.291619
vt 0.973338 0.290901
vt 0.967323 0.290362
vt 0.966695 0.289584
vt 0.961367 0.296647
vt 0.964749 0.288746
vt 0.969149 0.278032
vt 0.956040 0.275368
vt 0.960470 0.294731
vt 0.950893 0.310982
vt 0.952659 0.293325
vt 0.949217 0.318195
vt 0.950594 0.290751
vt 0.951282 0.318255
vt 0.963911 0.289015
vt 0.953706 0.319781
vt 0.952359 0.322145
vt 0.957686 0.318225
vt 0.956878 0.322025
vt 0.957537 0.290631
vt 0.959332 0.285873
vt 0.951342 0.287758
vt 0.949217 0.286920
vt 0.953467 0.282072
vt 0.953856 0.276595
vt 0.457457 0.912004
vt 0.455751 0.909071
vt 0.458953 0.911705
vt 0.455452 0.910777
vt 0.454314 0.928464
vt 0.456559 0.927506
vt 0.457457 0.943069
vt 0.460150 0.911495
vt 0.459851 0.908083
vt 0.458564 0.927117
vt 0.460090 0.941961
vt 0.461258 0.926908
vt 0.462305 0.911645
vt 0.460300 0.946750
vt 0.456768 0.945253
vt 0.463442 0.942321
vt 0.464041 0.927596
vt 0.465477 0.911136
vt 0.466704 0.927596
vt 0.467093 0.941991
vt 0.470565 0.925382
vt 0.468171 0.910837
vt 0.470266 0.910986
vt 0.475264 0.927686
vt 0.470356 0.942620
vt 0.472361 0.943278
vt 0.472869 0.946660
vt 0.470984 0.947857
vt 0.472181 0.950491
vt 0.467872 0.946840
vt 0.466285 0.951688
vt 0.473528 0.951389
vt 0.478616 0.959678
vt 0.474396 0.958751
vt 0.475952 0.961833
vt 0.464759 0.951239
vt 0.464011 0.945583
vt 0.459073 0.953813
vt 0.451441 0.961833
vt 0.457068 0.951389
vt 0.450933 0.958960
vt 0.450753 0.956865
vt 0.186996 0.120674
vt 0.186277 0.117562
vt 0.191096 0.120614
vt 0.189719 0.125074
vt 0.197889 0.118430
vt 0.189988 0.126241
vt 0.196034 0.126091
vt 0.186277 0.138062
vt 0.429625 0.453589
vt 0.430762 0.451135
vt 0.433725 0.451255
vt 0.432917 0.454338
vt 0.430164 0.467356
vt 0.427201 0.467865
vt 0.432379 0.468852
vt 0.435401 0.454577
vt 0.426064 0.481811
vt 0.431032 0.482769
vt 0.434384 0.468613
vt 0.437197 0.468673
vt 0.434384 0.483218
vt 0.436898 0.483188
vt 0.425046 0.467176
vt 0.422922 0.481123
vt 0.426034 0.453021
vt 0.423251 0.465560
vt 0.420408 0.480704
vt 0.420408 0.466099
s 1
usemtl Material
f 4252/6061 4250/6062 4236/6063
f 4252/6061 4236/6063 4249/6064
f 4250/6062 4252/6061 4256/6065
f 4256/6065 4252/6061 4249/6064
f 4250/6062 4256/6065 4260/6066
f 4256/6065 4249/6064 4259/6067
f 4250/6062 4260/6066 4255/6068
f 4260/6066 4256/6065 4261/6069
f 4261/6069 4256/6065 4259/6067
f 4261/6069 4259/6067 4260/6066
f 4259/6067 4249/6064 4240/6070
f 4240/6070 4249/6064 4214/6071
f 4240/6070 4214/6071 4222/6072
f 4259/6067 4240/6070 4235/6073
f 4235/6073 4240/6070 4222/6072
f 4260/6066 4259/6067 4258/6074
f 4258/6074 4259/6067 4235/6073
f 4235/6073 4222/6072 4224/6075
f 4235/6073 4224/6075 4258/6074
f 4224/6075 4222/6072 4219/6076
f 4224/6075 4219/6076 4220/6077
f 4224/6075 4220/6077 4258/6074
f 4220/6077 4219/6076 4215/6078
f 4260/6066 4258/6074 4262/6079
f 4262/6079 4258/6074 4220/6077
f 4260/6066 4262/6079 4255/6068
f 4220/6077 4215/6078 4208/6080
f 4220/6077 4208/6080 4227/6081
f 4227/6081 4208/6080 4223/6082
f 4262/6079 4220/6077 4257/6083
f 4257/6083 4220/6077 4227/6081
f 4255/6068 4262/6079 4246/6084
f 4246/6084 4262/6079 4257/6083
f 4255/6068 4246/6084 4223/6085
f 4255/6068 4223/6085 4216/6086
f 4216/6086 4223/6085 4208/6087
f 4246/6084 4257/6083 4253/6088
f 4253/6088 4257/6083 4227/6081
f 4246/6084 4253/6088 4245/6089
f 4245/6089 4253/6088 4247/6090
f 4245/6089 4247/6090 4238/6091
f 4238/6091 4247/6090 4234/6092
f 4247/6090 4253/6088 4233/6093
f 4233/6093 4253/6088 4227/6081
f 4234/6092 4247/6090 4239/6094
f 4239/6094 4247/6090 4233/6093
f 4234/6092 4239/6094 4254/6095
f 4233/6093 4227/6081 4228/6096
f 4228/6096 4227/6081 4223/6082
f 4228/6096 4223/6082 4218/6097
f 4233/6093 4228/6096 4221/6098
f 4233/6093 4221/6098 4239/6094
f 4221/6098 4228/6096 4218/6097
f 4239/6094 4221/6098 4254/6095
f 4221/6098 4218/6097 4211/6099
f 4221/6098 4211/6099 4203/6100
f 4254/6095 4221/6098 4212/6101
f 4212/6101 4221/6098 4203/6100
f 4254/6095 4212/6101 4213/6102
f 4213/6102 4212/6101 4206/6103
f 4213/6102 4206/6103 4209/6104
f 4206/6103 4212/6101 4204/6105
f 4204/6105 4212/6101 4203/6100
f 4206/6103 4204/6105 4178/6106
f 4178/6106 4204/6105 4191/6107
f 4204/6105 4203/6100 4202/6108
f 4204/6105 4202/6108 4191/6107
f 4202/6108 4203/6100 4201/6109
f 4191/6107 4202/6108 4185/6110
f 4246/6111 4245/6112 4237/6113
f 4237/6113 4245/6112 4238/6114
f 4246/6111 4237/6113 4225/6115
f 4225/6115 4237/6113 4238/6114
f 4246/6111 4225/6115 4223/6116
f 4223/6116 4225/6115 4218/6117
f 4225/6115 4238/6114 4217/6118
f 4225/6115 4217/6118 4218/6117
f 4217/6118 4238/6114 4234/6119
f 4218/6117 4217/6118 4211/6120
f 4211/6120 4217/6118 4234/6119
f 4211/6120 4234/6119 4242/6121
f 4211/6120 4242/6121 4203/6122
f 4242/6121 4234/6119 4254/6123
f 4203/6122 4242/6121 4201/6124
f 4242/6121 4254/6123 4243/6125
f 4242/6121 4243/6125 4201/6124
f 4243/6125 4254/6123 4251/6126
f 4251/6126 4254/6123 4213/6127
f 4243/6125 4251/6126 4244/6128
f 4201/6124 4243/6125 4231/6129
f 4231/6129 4243/6125 4244/6128
f 4201/6124 4231/6129 4207/6130
f 4207/6130 4231/6129 4210/6131
f 4207/6130 4210/6131 4205/6132
f 4210/6131 4231/6129 4229/6133
f 4205/6132 4210/6131 4230/6134
f 4230/6134 4210/6131 4229/6133
f 4205/6132 4230/6134 4232/6135
f 4229/6133 4231/6129 4241/6136
f 4229/6133 4241/6136 4230/6134
f 4241/6136 4231/6129 4244/6128
f 4232/6135 4230/6134 4248/6137
f 4248/6137 4230/6134 4241/6136
f 4232/6135 4248/6137 4244/6128
f 4244/6128 4248/6137 4241/6136
f 4244/6138 4251/6139 4213/6140
f 4244/6138 4213/6140 4226/6141
f 4244/6138 4226/6141 4232/6142
f 4226/6141 4213/6140 4209/6143
f 4232/6142 4226/6141 4205/6144
f 4205/6144 4226/6141 4209/6143
f 4205/6144 4209/6143 4207/6145
f 4202/6146 4201/6147 4163/6148
f 4202/6146 4163/6148 4185/6149
f 4185/6149 4163/6148 4166/6150
f 4163/6148 4201/6147 4139/6151
f 4139/6151 4201/6147 4207/6152
f 4139/6151 4207/6152 4263/6153
f 4139/6151 4263/6153 4332/6154
f 4263/6153 4207/6152 4269/6155
f 4269/6155 4207/6152 4209/6156
f 4269/6155 4209/6156 4206/6157
f 4269/6155 4206/6157 4298/6158
f 4298/6158 4206/6157 4178/6159
f 4298/6158 4178/6159 4281/6160
f 4298/6158 4281/6160 4325/6161
f 4178/6162 4191/6163 4184/6164
f 4184/6164 4191/6163 4185/6165
f 4178/6162 4184/6164 4176/6166
f 4178/6162 4176/6166 4166/6167
f 4166/6167 4176/6166 4170/6168
f 4176/6166 4184/6164 4183/6169
f 4170/6168 4176/6166 4173/6170
f 4173/6170 4176/6166 4183/6169
f 4170/6168 4173/6170 4168/6171
f 4170/6168 4168/6171 4175/6172
f 4175/6172 4168/6171 4179/6173
f 4179/6173 4168/6171 4169/6174
f 4169/6174 4168/6171 4173/6170
f 4179/6173 4169/6174 4181/6175
f 4181/6175 4169/6174 4164/6176
f 4181/6175 4164/6176 4186/6177
f 4169/6174 4173/6170 4177/6178
f 4177/6178 4173/6170 4183/6169
f 4164/6176 4169/6174 4172/6179
f 4172/6179 4169/6174 4177/6178
f 4164/6176 4172/6179 4167/6180
f 4167/6180 4172/6179 4171/6181
f 4172/6179 4177/6178 4192/6182
f 4172/6179 4192/6182 4171/6181
f 4177/6178 4183/6169 4190/6183
f 4177/6178 4190/6183 4192/6182
f 4167/6180 4171/6181 4199/6184
f 4199/6184 4171/6181 4192/6182
f 4192/6182 4190/6183 4181/6185
f 4181/6185 4190/6183 4179/6186
f 4192/6182 4181/6185 4195/6187
f 4192/6182 4195/6187 4199/6184
f 4195/6187 4181/6185 4186/6188
f 4195/6187 4186/6188 4196/6189
f 4195/6187 4196/6189 4199/6184
f 4196/6189 4186/6188 4189/6190
f 4179/6186 4190/6183 4188/6191
f 4188/6191 4190/6183 4183/6169
f 4179/6186 4188/6191 4175/6192
f 4199/6184 4196/6189 4200/6193
f 4188/6191 4183/6169 4187/6194
f 4187/6194 4183/6169 4184/6164
f 4187/6194 4184/6164 4185/6165
f 4188/6191 4187/6194 4180/6195
f 4188/6191 4180/6195 4175/6192
f 4180/6195 4187/6194 4185/6165
f 4175/6192 4180/6195 4170/6196
f 4180/6195 4185/6165 4174/6197
f 4180/6195 4174/6197 4170/6196
f 4174/6197 4185/6165 4166/6198
f 4174/6197 4166/6198 4170/6196
f 4198/6199 4199/6184 4200/6193
f 4198/6199 4200/6193 4196/6189
f 4199/6184 4198/6199 4167/6180
f 4167/6180 4198/6199 4197/6200
f 4198/6199 4196/6189 4193/6201
f 4198/6199 4193/6201 4197/6200
f 4193/6201 4196/6189 4189/6190
f 4197/6200 4193/6201 4194/6202
f 4193/6201 4189/6190 4182/6203
f 4193/6201 4182/6203 4194/6202
f 4263/6204 4269/6205 4343/6206
f 4343/6206 4269/6205 4298/6207
f 4263/6204 4343/6206 4332/6208
f 4343/6206 4298/6207 4357/6209
f 4357/6209 4298/6207 4325/6210
f 4332/6208 4343/6206 4353/6211
f 4332/6208 4353/6211 4382/6212
f 4343/6206 4357/6209 4378/6213
f 4343/6206 4378/6213 4353/6211
f 4382/6212 4353/6211 4379/6214
f 4379/6214 4353/6211 4378/6213
f 4382/6212 4379/6214 4385/6215
f 4385/6215 4379/6214 4378/6213
f 4382/6212 4385/6215 4387/6216
f 4387/6216 4385/6215 4386/6217
f 4386/6217 4385/6215 4378/6213
f 4387/6216 4386/6217 4383/6218
f 4380/6219 4378/6213 4357/6209
f 4378/6213 4380/6219 4386/6217
f 4386/6217 4380/6219 4383/6218
f 4380/6219 4357/6209 4381/6220
f 4380/6219 4381/6220 4383/6218
f 4139/6221 4332/6222 4329/6223
f 4329/6223 4332/6222 4377/6224
f 4329/6223 4377/6224 4355/6225
f 4355/6225 4377/6224 4371/6226
f 4377/6224 4332/6222 4382/6227
f 4371/6226 4377/6224 4365/6228
f 4377/6224 4382/6227 4384/6229
f 4384/6229 4382/6227 4387/6230
f 4384/6229 4387/6230 4383/6231
f 4384/6229 4383/6231 4381/6232
f 4384/6229 4381/6232 4377/6224
f 4377/6224 4381/6232 4365/6228
f 4365/6228 4381/6232 4340/6233
f 4340/6233 4381/6232 4357/6234
f 4340/6233 4357/6234 4325/6235
f 4365/6236 4340/6237 4359/6238
f 4359/6238 4340/6237 4346/6239
f 4365/6236 4359/6238 4364/6240
f 4364/6240 4359/6238 4346/6239
f 4365/6236 4364/6240 4371/6241
f 4364/6240 4346/6239 4348/6242
f 4364/6240 4348/6242 4358/6243
f 4358/6243 4348/6242 4350/6244
f 4358/6243 4350/6244 4347/6245
f 4358/6243 4347/6245 4356/6246
f 4356/6246 4347/6245 4351/6247
f 4356/6246 4351/6247 4366/6248
f 4356/6246 4366/6248 4358/6243
f 4358/6243 4366/6248 4368/6249
f 4358/6243 4368/6249 4364/6240
f 4368/6249 4366/6248 4372/6250
f 4368/6249 4372/6250 4363/6251
f 4364/6240 4368/6249 4370/6252
f 4370/6252 4368/6249 4363/6251
f 4364/6240 4370/6252 4371/6241
f 4371/6241 4370/6252 4361/6253
f 4361/6253 4370/6252 4363/6251
f 4371/6241 4361/6253 4355/6254
f 4361/6253 4363/6251 4350/6255
f 4350/6255 4363/6251 4354/6256
f 4361/6253 4350/6255 4348/6257
f 4355/6254 4361/6253 4352/6258
f 4352/6258 4361/6253 4348/6257
f 4355/6254 4352/6258 4346/6259
f 4346/6259 4352/6258 4348/6257
f 4346/6260 4340/6261 4355/6262
f 4355/6262 4340/6261 4338/6263
f 4338/6263 4340/6261 4325/6264
f 4355/6262 4338/6263 4329/6265
f 4338/6263 4325/6264 4339/6266
f 4338/6263 4339/6266 4329/6265
f 4322/6267 4289/6268 4329/6265
f 4339/6266 4325/6264 4328/6269
f 4328/6269 4325/6264 4313/6270
f 4328/6269 4313/6270 4317/6271
f 4328/6269 4317/6271 4323/6272
f 4328/6269 4323/6272 4334/6273
f 4328/6269 4334/6273 4339/6266
f 4339/6266 4334/6273 4327/6274
f 4327/6274 4334/6273 4337/6275
f 4339/6266 4327/6274 4324/6276
f 4339/6266 4324/6276 4329/6265
f 4329/6265 4324/6276 4322/6267
f 4324/6276 4327/6274 4318/6277
f 4324/6276 4318/6277 4315/6278
f 4324/6276 4315/6278 4322/6267
f 4322/6267 4315/6278 4313/6279
f 4313/6279 4315/6278 4317/6280
f 4363/6281 4372/6282 4362/6283
f 4363/6281 4362/6283 4354/6284
f 4362/6285 4372/6286 4369/6287
f 4369/6288 4372/6289 4366/6290
f 4354/6291 4362/6292 4349/6293
f 4349/6293 4362/6292 4369/6294
f 4350/6295 4354/6296 4347/6297
f 4347/6297 4354/6296 4349/6298
f 4351/6299 4347/6300 4349/6301
f 4351/6299 4349/6301 4360/6302
f 4351/6299 4360/6302 4366/6303
f 4366/6303 4360/6302 4369/6304
f 4369/6305 4360/6306 4376/6307
f 4376/6307 4360/6306 4342/6308
f 4342/6308 4360/6306 4349/6309
f 4342/6308 4349/6309 4341/6310
f 4342/6308 4341/6310 4344/6311
f 4342/6308 4344/6311 4345/6312
f 4342/6308 4345/6312 4376/6307
f 4376/6307 4345/6312 4374/6313
f 4376/6307 4374/6313 4373/6314
f 4375/6315 4369/6305 4376/6307
f 4375/6315 4376/6307 4373/6314
f 4369/6305 4375/6315 4349/6316
f 4349/6316 4375/6315 4341/6317
f 4375/6315 4373/6314 4367/6318
f 4375/6315 4367/6318 4341/6317
f 4367/6318 4373/6314 4344/6319
f 4367/6318 4344/6319 4341/6317
f 4312/6320 4310/6321 4305/6322
f 4310/6321 4312/6320 4311/6323
f 4305/6322 4310/6321 4306/6324
f 4305/6322 4306/6324 4309/6325
f 4309/6325 4306/6324 4307/6326
f 4307/6326 4306/6324 4304/6327
f 4304/6327 4306/6324 4310/6321
f 4310/6321 4311/6323 4299/6328
f 4310/6321 4299/6328 4304/6327
f 4299/6328 4311/6323 4297/6329
f 4304/6327 4299/6328 4294/6330
f 4299/6328 4297/6329 4300/6331
f 4294/6330 4299/6328 4296/6332
f 4296/6332 4299/6328 4300/6331
f 4294/6330 4296/6332 4278/6333
f 4278/6333 4296/6332 4276/6334
f 4278/6333 4276/6334 4138/6335
f 4276/6334 4296/6332 4290/6336
f 4290/6336 4296/6332 4300/6331
f 4142/6337 4300/6331 4297/6329
f 4290/6336 4300/6331 4285/6338
f 4300/6331 4142/6337 4141/6339
f 4300/6331 4141/6339 4285/6338
f 4141/6339 4142/6337 4150/6340
f 4285/6338 4141/6339 4272/6341
f 4304/6342 4294/6343 4301/6344
f 4304/6342 4301/6344 4303/6345
f 4301/6344 4294/6343 4152/6346
f 4152/6346 4294/6343 4278/6347
f 4303/6345 4301/6344 4302/6348
f 4303/6345 4302/6348 4308/6349
f 4308/6349 4302/6348 4279/6350
f 4308/6349 4279/6350 4271/6351
f 4302/6348 4301/6344 4267/6352
f 4302/6348 4267/6352 4279/6350
f 4267/6352 4301/6344 4152/6346
f 4279/6350 4267/6352 4271/6351
f 4271/6351 4267/6352 4277/6353
f 4271/6351 4277/6353 4155/6354
f 4155/6354 4277/6353 4156/6355
f 4277/6353 4267/6352 4266/6356
f 4267/6352 4152/6346 4159/6357
f 4267/6352 4159/6357 4157/6358
f 4267/6352 4157/6358 4266/6356
f 4159/6357 4152/6346 4154/6359
f 4266/6356 4157/6358 4161/6360
f 4154/6359 4152/6346 4150/6361
f 4277/6353 4266/6356 4282/6362
f 4150/6361 4152/6346 4151/6363
f 4150/6361 4151/6363 4141/6364
f 4151/6363 4152/6346 4153/6365
f 4151/6363 4153/6365 4141/6364
f 4153/6365 4152/6346 4278/6347
f 4141/6364 4153/6365 4147/6366
f 4147/6366 4153/6365 4278/6347
f 4264/6367 4282/6362 4266/6356
f 4264/6367 4266/6356 4161/6360
f 4280/6368 4277/6353 4282/6362
f 4280/6368 4282/6362 4264/6367
f 4277/6353 4280/6368 4156/6355
f 4264/6367 4161/6360 4162/6369
f 4264/6367 4162/6369 4280/6368
f 4162/6369 4161/6360 4165/6370
f 4156/6355 4280/6368 4158/6371
f 4158/6371 4280/6368 4162/6369
f 4158/6371 4162/6369 4165/6370
f 4156/6355 4158/6371 4160/6372
f 4160/6372 4158/6371 4165/6370
f 4143/6373 4141/6374 4147/6375
f 4141/6374 4143/6373 4272/6376
f 4272/6376 4143/6373 4270/6377
f 4270/6377 4143/6373 4145/6378
f 4145/6378 4143/6373 4147/6375
f 4270/6377 4145/6378 4265/6379
f 4138/6380 4147/6375 4278/6381
f 4145/6378 4147/6375 4148/6382
f 4148/6382 4147/6375 4138/6380
f 4145/6378 4148/6382 4140/6383
f 4145/6378 4140/6383 4265/6379
f 4148/6382 4138/6380 4268/6384
f 4148/6382 4268/6384 4140/6383
f 4268/6384 4138/6380 4276/6385
f 4265/6379 4140/6383 4149/6386
f 4265/6379 4149/6386 4273/6387
f 4140/6383 4268/6384 4275/6388
f 4140/6383 4275/6388 4149/6386
f 4268/6384 4276/6385 4286/6389
f 4268/6384 4286/6389 4275/6388
f 4286/6389 4276/6385 4290/6390
f 4286/6389 4290/6390 4295/6391
f 4275/6388 4286/6389 4291/6392
f 4291/6392 4286/6389 4295/6391
f 4295/6391 4290/6390 4287/6393
f 4295/6391 4287/6393 4291/6392
f 4287/6393 4290/6390 4285/6394
f 4287/6393 4285/6394 4272/6395
f 4287/6393 4272/6395 4270/6396
f 4287/6393 4270/6396 4283/6397
f 4287/6393 4283/6397 4291/6392
f 4283/6397 4270/6396 4265/6398
f 4283/6397 4265/6398 4273/6399
f 4283/6397 4273/6399 4288/6400
f 4288/6400 4273/6399 4284/6401
f 4291/6392 4283/6397 4292/6402
f 4292/6402 4283/6397 4288/6400
f 4288/6400 4284/6401 4293/6403
f 4288/6400 4293/6403 4292/6402
f 4293/6403 4284/6401 4289/6404
f 4293/6403 4289/6404 4322/6405
f 4293/6403 4322/6405 4313/6406
f 4293/6403 4313/6406 4325/6407
f 4293/6403 4325/6407 4281/6408
f 4293/6403 4281/6408 4292/6402
f 4274/6409 4291/6392 4292/6402
f 4274/6409 4292/6402 4281/6408
f 4291/6392 4274/6409 4275/6388
f 4275/6388 4274/6409 4149/6386
f 4274/6409 4281/6408 4146/6410
f 4274/6409 4146/6410 4149/6386
f 4146/6410 4281/6408 4178/6411
f 4149/6386 4146/6410 4144/6412
f 4146/6410 4178/6411 4166/6413
f 4144/6412 4146/6410 4163/6414
f 4163/6414 4146/6410 4166/6413
f 4273/6415 4149/6416 4144/6417
f 4273/6415 4144/6417 4284/6418
f 4284/6418 4144/6417 4163/6419
f 4284/6418 4163/6419 4289/6420
f 4289/6420 4163/6419 4139/6421
f 4289/6420 4139/6421 4329/6422
f 4323/6423 4317/6424 4315/6425
f 4323/6423 4315/6425 4318/6426
f 4323/6423 4318/6426 4314/6427
f 4323/6423 4314/6427 4321/6428
f 4314/6427 4318/6426 4319/6429
f 4319/6429 4318/6426 4327/6430
f 4321/6428 4314/6427 4316/6431
f 4314/6427 4319/6429 4320/6432
f 4314/6427 4320/6432 4316/6431
f 4319/6429 4327/6430 4326/6433
f 4319/6429 4326/6433 4320/6432
f 4326/6433 4327/6430 4337/6434
f 4320/6432 4326/6433 4333/6435
f 4333/6435 4326/6433 4337/6434
f 4333/6435 4337/6434 4336/6436
f 4330/6437 4321/6428 4316/6431
f 4321/6428 4330/6437 4323/6423
f 4330/6437 4316/6431 4331/6438
f 4323/6423 4330/6437 4334/6439
f 4330/6437 4331/6438 4335/6440
f 4330/6437 4335/6440 4334/6439
f 4335/6440 4331/6438 4336/6441
f 4334/6439 4335/6440 4337/6442
f 4337/6442 4335/6440 4336/6441
o tripo_part_7
v 0.338916 0.017887 0.288217
v 0.339135 0.027769 0.356355
v 0.339448 0.049806 0.348875
v 0.339714 0.040312 0.285066
v 0.340660 0.029099 0.345976
v 0.341636 0.047285 0.349891
v 0.342012 0.047949 0.277601
v 0.342182 0.016614 0.280992
v 0.342631 0.005462 0.325527
v 0.342780 0.005462 0.278280
v 0.343586 0.042426 0.343170
v 0.343669 0.049854 0.278917
v 0.343727 0.039677 0.333049
v 0.343808 0.040193 0.268591
v 0.343841 0.017840 0.268320
v 0.343992 0.027420 0.372873
v 0.344591 0.043091 0.267561
v 0.345504 0.016145 0.267172
v 0.345582 0.005910 0.266180
v 0.345757 0.027781 0.330568
v 0.345834 0.027612 0.399736
v 0.346016 0.013849 0.253977
v 0.346202 0.049110 0.312714
v 0.347182 0.028782 0.400705
v 0.347418 0.033858 0.400667
v 0.348045 0.048373 0.255556
v 0.348169 0.043366 0.253931
v 0.348436 0.005471 0.265711
v 0.348522 0.049873 0.317499
v 0.348832 0.026906 0.401552
v 0.349188 0.011659 0.253534
v 0.349252 0.027845 0.387987
v 0.349478 0.008989 0.401834
v 0.349813 0.049657 0.253710
v 0.349881 0.050164 0.269586
v 0.350095 0.010444 0.402528
v 0.350244 0.049814 0.310780
v 0.350258 0.045793 0.318037
v 0.350346 0.039912 0.309658
v 0.350387 0.021216 0.407045
v 0.350457 0.034793 0.402384
v 0.350523 0.036402 0.406954
v 0.350970 0.005822 0.253732
v 0.351017 0.029336 0.385294
v 0.351046 0.028388 0.309422
v 0.351305 0.042844 0.314838
v 0.352246 0.047733 0.310857
v 0.352546 0.050357 0.254251
v 0.353112 0.027720 0.372438
v 0.354009 0.035138 0.382814
v 0.354495 0.033467 0.373228
v 0.355039 0.027436 0.327900
v 0.355500 0.035474 0.390558
v 0.356294 0.027755 0.255068
v 0.357591 0.027815 0.287176
v 0.357816 0.049915 0.277239
v 0.358321 0.028732 0.281297
v 0.358750 0.028469 0.353567
v 0.359986 0.006322 0.255861
v 0.360507 0.048094 0.279638
v 0.360799 0.005443 0.404695
v 0.361207 0.039973 0.270757
v 0.361306 0.028120 0.271238
v 0.361329 0.005471 0.256902
v 0.361405 0.034671 0.349844
v 0.361581 0.010421 0.405618
v 0.362279 0.049321 0.272066
v 0.362962 0.042608 0.271555
v 0.363786 0.006055 0.395044
v 0.364711 0.023337 0.393205
v 0.364919 0.010429 0.392236
v 0.365088 0.035408 0.392801
v 0.365210 0.028072 0.330321
v 0.365878 0.005452 0.382784
v 0.366342 0.028838 0.270364
v 0.367360 0.027683 0.271288
v 0.367879 0.025606 0.394731
v 0.367961 0.033976 0.394418
v 0.368930 0.034011 0.318850
v 0.368977 0.035290 0.346765
v 0.369243 0.029074 0.257581
v 0.369275 0.027710 0.310471
v 0.370128 0.006595 0.371336
v 0.370303 0.027634 0.258085
v 0.370315 0.034402 0.382868
v 0.370501 0.023256 0.369405
v 0.371177 0.028851 0.308896
v 0.372298 0.032610 0.304876
v 0.372661 0.035388 0.309581
v 0.372870 0.005498 0.355612
v 0.373416 0.026037 0.372221
v 0.373481 0.018919 0.357774
v 0.373965 0.035111 0.300117
v 0.375735 0.034978 0.358202
v 0.375968 0.028714 0.290586
v 0.376174 0.006257 0.347286
v 0.376182 0.024213 0.346672
v 0.376258 0.034500 0.308682
v 0.376441 0.035288 0.327772
v 0.376628 0.032394 0.360334
v 0.378344 0.036349 0.271848
v 0.378730 0.005462 0.332621
v 0.378737 0.028812 0.271986
v 0.378905 0.028047 0.275793
v 0.378982 0.006164 0.260092
v 0.380019 0.020324 0.333179
v 0.380401 0.028048 0.260484
v 0.380519 0.034433 0.274656
v 0.380523 0.035397 0.312057
v 0.380565 0.025950 0.344587
v 0.381053 0.005426 0.315608
v 0.381175 0.010627 0.259916
v 0.381537 0.028967 0.260523
v 0.381850 0.020934 0.260023
v 0.381854 0.024293 0.323841
v 0.382049 0.035534 0.275140
v 0.382975 0.009258 0.312486
v 0.383059 0.006297 0.319646
v 0.383220 0.023662 0.256841
v 0.383544 0.034388 0.330914
v 0.383716 0.010726 0.254625
v 0.383960 0.035301 0.324154
v 0.384520 0.005224 0.310244
v 0.384662 0.005468 0.262220
v 0.385589 0.006643 0.310652
v 0.385882 0.013282 0.309453
v 0.386374 0.024585 0.306590
v 0.387111 0.026040 0.319216
v 0.388190 0.033134 0.315180
v 0.388713 0.021460 0.299261
v 0.389151 0.005485 0.296440
v 0.390357 0.024695 0.291910
v 0.391120 0.035565 0.284589
v 0.391307 0.026649 0.303828
v 0.391368 0.035405 0.297229
v 0.392363 0.025671 0.296499
v 0.393763 0.005439 0.276315
v 0.393821 0.006250 0.280195
v 0.394271 0.010568 0.279077
v 0.394317 0.024368 0.278955
v 0.395335 0.034223 0.288049
v 0.395911 0.030538 0.285520
v 0.396666 0.026148 0.282968
v 0.397120 0.034580 0.279646
v 0.397468 0.005513 0.264257
v 0.398303 0.010854 0.263757
v 0.399383 0.023356 0.277994
v 0.400119 0.036516 0.278440
v 0.338111 0.005548 0.296301
v 0.337927 0.043400 0.266710
v 0.337659 0.005489 0.398065
v 0.337587 0.039680 0.357179
v 0.337126 0.049777 0.298635
v 0.336112 0.016593 0.304032
v 0.335936 0.049510 0.307296
v 0.335870 0.042487 0.384386
v 0.335620 0.028689 0.385263
v 0.335617 0.047548 0.302219
v 0.335352 0.039616 0.267378
v 0.335175 0.027726 0.383730
v 0.334876 0.049945 0.325269
v 0.333826 0.017892 0.306462
v 0.333487 0.049802 0.352575
v 0.333477 0.042751 0.381929
v 0.333207 0.027590 0.396555
v 0.332092 0.016124 0.265638
v 0.331913 0.029166 0.397005
v 0.331864 0.005483 0.319918
v 0.331695 0.028389 0.381571
v 0.331458 0.042130 0.397028
v 0.331454 0.049960 0.380930
v 0.331046 0.039580 0.381563
v 0.330919 0.039970 0.317266
v 0.330898 0.048246 0.320970
v 0.330440 0.016563 0.325741
v 0.328731 0.005441 0.334360
v 0.328454 0.017895 0.328504
v 0.326701 0.006053 0.339418
v 0.326408 0.049785 0.343237
v 0.325604 0.016629 0.343775
v 0.324848 0.005443 0.348415
v 0.324089 0.040480 0.266058
v 0.323691 0.040860 0.347433
v 0.322958 0.017870 0.348203
v 0.321919 0.048173 0.353708
v 0.321233 0.062183 0.255937
v 0.321195 0.055827 0.255960
v 0.320939 0.016479 0.361372
v 0.320546 0.050044 0.377855
v 0.320527 0.039549 0.354006
v 0.320479 0.061601 0.261072
v 0.319981 0.005889 0.364908
v 0.319869 0.049804 0.369039
v 0.319064 0.028744 0.392427
v 0.318751 0.055755 0.264097
v 0.318583 0.005458 0.378992
v 0.317920 0.018031 0.251131
v 0.317883 0.043000 0.251054
v 0.317506 0.061969 0.268682
v 0.317340 0.049955 0.257139
v 0.317328 0.039517 0.266531
v 0.317075 0.051179 0.250986
v 0.316794 0.016439 0.376726
v 0.316592 0.052701 0.391924
v 0.316523 0.017891 0.265951
v 0.316375 0.052850 0.255861
v 0.316308 0.017875 0.374605
v 0.316230 0.050002 0.390344
v 0.316070 0.005487 0.391275
v 0.315965 0.039667 0.374914
v 0.315963 0.009563 0.378069
v 0.315675 0.062688 0.264333
v 0.315444 0.039268 0.319005
v 0.315419 0.040778 0.265390
v 0.313634 0.054927 0.276563
v 0.313525 0.012075 0.390604
v 0.312653 0.016027 0.375913
v 0.312543 0.016196 0.390085
v 0.312268 0.043205 0.374536
v 0.312228 0.062843 0.282915
v 0.312154 0.048788 0.389467
v 0.311994 0.043071 0.389703
v 0.311404 0.040759 0.279981
v 0.309924 0.061790 0.253214
v 0.309907 0.017020 0.388590
v 0.307052 0.039456 0.304293
v 0.307032 0.053657 0.296749
v 0.306949 0.063529 0.254984
v 0.306113 0.062963 0.262327
v 0.305629 0.040728 0.302528
v 0.304393 0.017850 0.274690
v 0.304263 0.062154 0.315152
v 0.304130 0.055993 0.318638
v 0.303592 0.043350 0.386507
v 0.302497 0.016767 0.372602
v 0.301917 0.062698 0.288339
v 0.301631 0.055703 0.326755
v 0.300990 0.063697 0.253465
v 0.300467 0.055587 0.323487
v 0.299617 0.062852 0.261953
v 0.299357 0.053752 0.325112
v 0.298781 0.016917 0.384950
v 0.298747 0.052987 0.252237
v 0.298633 0.062568 0.337814
v 0.298152 0.063514 0.257395
v 0.297267 0.061097 0.251848
v 0.297145 0.055778 0.252001
v 0.296859 0.053283 0.264364
v 0.296771 0.039931 0.264593
v 0.295539 0.057546 0.369024
v 0.295375 0.062951 0.292715
v 0.294597 0.055692 0.353441
v 0.294288 0.040028 0.344782
v 0.294173 0.039526 0.368444
v 0.293925 0.052020 0.249292
v 0.293788 0.062495 0.267576
v 0.293639 0.039624 0.249010
v 0.293334 0.052083 0.263105
v 0.293101 0.040440 0.263139
v 0.292037 0.062537 0.328506
v 0.291247 0.055927 0.366953
v 0.291030 0.062530 0.366686
v 0.290309 0.017943 0.248949
v 0.289908 0.040350 0.290008
v 0.289218 0.017830 0.300264
v 0.289004 0.063136 0.353235
v 0.289004 0.017822 0.352812
v 0.288802 0.039172 0.366510
v 0.288447 0.053966 0.365804
v 0.288314 0.062848 0.321783
v 0.288188 0.039155 0.290333
v 0.287932 0.062013 0.288507
v 0.287059 0.039030 0.261553
v 0.285972 0.054292 0.298433
v 0.285312 0.017691 0.365907
v 0.284556 0.014400 0.365064
v 0.283915 0.016725 0.370275
v 0.283198 0.017541 0.378816
v 0.281714 0.039694 0.317296
v 0.281581 0.018384 0.379247
v 0.280772 0.063077 0.349786
v 0.279647 0.062076 0.320469
v 0.277163 0.017958 0.349432
v 0.274928 0.018598 0.249559
v 0.274501 0.018512 0.301143
v 0.274135 0.053077 0.347685
v 0.273616 0.040110 0.347181
v 0.272021 0.062366 0.347393
v 0.271853 0.056195 0.347210
v 0.268344 0.069795 0.346557
vt 0.688010 0.971543
vt 0.685616 0.973338
vt 0.678373 0.964300
vt 0.676997 0.965617
vt 0.679032 0.952090
vt 0.673705 0.929165
vt 0.681306 0.931679
vt 0.658501 0.947361
vt 0.661734 0.964240
vt 0.659639 0.961068
vt 0.659758 0.962804
vt 0.655449 0.965437
vt 0.654731 0.968011
vt 0.667480 0.973338
vt 0.652755 0.971722
vt 0.331919 0.596494
vt 0.328627 0.596613
vt 0.328686 0.587934
vt 0.337126 0.587096
vt 0.324975 0.579016
vt 0.304924 0.602180
vt 0.284513 0.605173
vt 0.280144 0.595476
vt 0.293851 0.531491
vt 0.326951 0.567344
vt 0.324556 0.551123
vt 0.324856 0.531371
vt 0.327190 0.543642
vt 0.341735 0.554954
vt 0.342752 0.530653
vt 0.326292 0.519700
vt 0.322940 0.517186
vt 0.322402 0.512876
vt 0.322342 0.503419
vt 0.326951 0.512936
vt 0.324497 0.511440
vt 0.331021 0.507908
vt 0.341914 0.504377
vt 0.348439 0.523171
vt 0.348139 0.509943
vt 0.347002 0.544061
vt 0.355082 0.518143
vt 0.356160 0.503838
vt 0.356998 0.507669
vt 0.367353 0.511859
vt 0.351731 0.541188
vt 0.348139 0.565010
vt 0.351132 0.587695
vt 0.355920 0.591166
vt 0.353167 0.566087
vt 0.357656 0.557408
vt 0.360888 0.590209
vt 0.360888 0.578537
vt 0.363402 0.587396
vt 0.366395 0.528019
vt 0.362564 0.555134
vt 0.369986 0.521795
vt 0.372201 0.498511
vt 0.379683 0.515151
vt 0.376870 0.529276
vt 0.385070 0.514432
vt 0.391714 0.516108
vt 0.375373 0.548490
vt 0.386027 0.553817
vt 0.393090 0.526643
vt 0.394228 0.513535
vt 0.397819 0.517066
vt 0.381538 0.584822
vt 0.376151 0.590927
vt 0.381119 0.601342
vt 0.381119 0.605173
vt 0.383573 0.600564
vt 0.397460 0.535442
vt 0.400393 0.518323
vt 0.405720 0.538195
vt 0.393449 0.558785
vt 0.386087 0.576442
vt 0.391833 0.586558
vt 0.387943 0.601940
vt 0.395185 0.575724
vt 0.394287 0.588533
vt 0.390217 0.601821
vt 0.404942 0.574527
vt 0.403804 0.590448
vt 0.401769 0.602359
vt 0.404523 0.592304
vt 0.403385 0.603078
vt 0.416314 0.596793
vt 0.409790 0.586677
vt 0.415237 0.565968
vt 0.417930 0.547233
vt 0.419486 0.531671
vt 0.420085 0.560221
vt 0.419067 0.590688
vt 0.420624 0.595596
vt 0.430919 0.573090
vt 0.442950 0.563035
vt 0.436126 0.554056
vt 0.432116 0.533347
vt 0.436964 0.536698
vt 0.214315 0.975726
vt 0.198753 0.977881
vt 0.213418 0.973391
vt 0.204799 0.970040
vt 0.197975 0.976803
vt 0.191750 0.970878
vt 0.185705 0.977940
vt 0.195341 0.958248
vt 0.203542 0.959146
vt 0.214854 0.971835
vt 0.220899 0.977821
vt 0.220899 0.967645
vt 0.207492 0.955914
vt 0.203003 0.948671
vt 0.197376 0.956752
vt 0.193725 0.949210
vt 0.195701 0.943105
vt 0.190134 0.944182
vt 0.200669 0.956153
vt 0.195760 0.934186
vt 0.204380 0.946098
vt 0.223718 0.627602
vt 0.224855 0.641727
vt 0.220665 0.640111
vt 0.219049 0.658607
vt 0.223778 0.627961
vt 0.226471 0.639752
vt 0.227728 0.644062
vt 0.228147 0.629457
vt 0.225992 0.659145
vt 0.226651 0.676024
vt 0.252807 0.665490
vt 0.225394 0.682010
vt 0.226351 0.699488
vt 0.288780 0.738633
vt 0.222221 0.701523
vt 0.207736 0.716726
vt 0.202050 0.719419
vt 0.217253 0.686379
vt 0.209592 0.702780
vt 0.186368 0.727380
vt 0.214261 0.690090
vt 0.216834 0.676503
vt 0.217253 0.643583
vt 0.200075 0.701463
vt 0.167274 0.738633
vt 0.353342 0.358443
vt 0.342568 0.351140
vt 0.350349 0.348148
vt 0.354360 0.359101
vt 0.345980 0.362453
vt 0.337900 0.343479
vt 0.337900 0.365865
vt 0.199228 0.282455
vt 0.200663 0.281673
vt 0.200384 0.289934
vt 0.199497 0.294006
vt 0.202491 0.294597
vt 0.199228 0.306038
vt 0.175517 0.881721
vt 0.188685 0.868792
vt 0.176594 0.921046
vt 0.165940 0.932239
vt 0.188685 0.938823
vt 0.163067 0.925176
vt 0.163426 0.891059
vt 0.171985 0.881542
vt 0.152892 0.905484
vt 0.155046 0.915120
vt 0.150797 0.904705
vt 0.157620 0.894590
vt 0.158039 0.877890
vt 0.148462 0.891837
vt 0.143075 0.900755
vt 0.434896 0.269332
vt 0.430347 0.277951
vt 0.428013 0.277652
vt 0.414366 0.280705
vt 0.432382 0.228691
vt 0.422147 0.283278
vt 0.385276 0.247665
vt 0.414605 0.283578
vt 0.425020 0.286331
vt 0.396469 0.277712
vt 0.385755 0.263407
vt 0.399402 0.283398
vt 0.405148 0.300098
vt 0.384019 0.260414
vt 0.381266 0.238746
vt 0.381146 0.260833
vt 0.382044 0.275797
vt 0.386653 0.274121
vt 0.396768 0.285373
vt 0.394194 0.294232
vt 0.390244 0.284715
vt 0.389286 0.296267
vt 0.394075 0.300277
vt 0.395152 0.300277
vt 0.391321 0.309315
vt 0.385695 0.308178
vt 0.387191 0.312069
vt 0.391022 0.312428
vt 0.386114 0.323441
vt 0.381146 0.327631
vt 0.385276 0.338824
vt 0.383959 0.337088
vt 0.401377 0.311291
vt 0.389047 0.356661
vt 0.396589 0.342236
vt 0.402694 0.310752
vt 0.405986 0.301355
vt 0.420770 0.297045
vt 0.425140 0.308896
vt 0.429150 0.306742
vt 0.429868 0.288426
vt 0.430586 0.304108
vt 0.841008 0.261168
vt 0.829037 0.250454
vt 0.854655 0.243391
vt 0.855852 0.236867
vt 0.832210 0.231659
vt 0.820837 0.254464
vt 0.845737 0.226392
vt 0.850525 0.225314
vt 0.859264 0.234831
vt 0.865190 0.235490
vt 0.862855 0.228906
vt 0.842744 0.219748
vt 0.834364 0.219688
vt 0.829696 0.221424
vt 0.845378 0.215438
vt 0.834364 0.216516
vt 0.821615 0.197901
vt 0.824668 0.197901
vt 0.820837 0.176353
vt 0.837297 0.187007
vt 0.851902 0.222501
vt 0.850465 0.189042
vt 0.856870 0.209154
vt 0.855972 0.221424
vt 0.860461 0.223758
vt 0.863993 0.225674
vt 0.861060 0.221843
vt 0.864352 0.221184
vt 0.900264 0.065485
vt 0.906608 0.084758
vt 0.894578 0.103792
vt 0.906608 0.140363
vt 0.885360 0.067220
vt 0.878955 0.102056
vt 0.923806 0.246211
vt 0.923806 0.199943
vt 0.934221 0.202876
vt 0.826291 0.538442
vt 0.826291 0.489601
vt 0.839878 0.534253
vt 0.955562 0.145404
vt 0.933834 0.137024
vt 0.943890 0.109491
vt 0.933834 0.111526
vt 0.947122 0.106738
vt 0.956938 0.099435
vt 0.952569 0.105241
vt 0.961367 0.106379
vt 0.959871 0.126071
vt 0.963642 0.151868
vt 0.971363 0.124156
vt 0.973338 0.118948
vt 0.971603 0.149594
vt 0.978499 0.952608
vt 0.984844 0.946743
vt 0.976284 0.957816
vt 0.967067 0.946324
vt 0.965151 0.952908
vt 0.974967 0.967093
vt 0.964553 0.964460
vt 0.960782 0.947581
vt 0.972454 0.969847
vt 0.976224 0.971163
vt 0.970359 0.970565
vt 0.948571 0.963382
vt 0.956891 0.980680
vt 0.970837 0.979663
vt 0.973770 0.983074
vt 0.983467 0.984152
vt 0.984844 0.987145
vt 0.966435 0.617162
vt 0.964400 0.623806
vt 0.942793 0.601241
vt 0.948239 0.622071
vt 0.963682 0.632545
vt 0.951292 0.633383
vt 0.948838 0.631288
vt 0.948658 0.633084
vt 0.942793 0.653494
vt 0.946623 0.630450
vt 0.103905 0.939334
vt 0.092772 0.923233
vt 0.109651 0.941369
vt 0.098398 0.958727
vt 0.094747 0.953220
vt 0.099057 0.937718
vt 0.092772 0.961121
vt 0.101570 0.961780
vt 0.114499 0.951844
vt 0.128445 0.933408
vt 0.107436 0.964413
vt 0.097620 0.967586
vt 0.110788 0.962318
vt 0.135448 0.935503
vt 0.137184 0.932511
vt 0.105401 0.971835
vt 0.098578 0.971237
vt 0.107556 0.977941
vt 0.107915 0.969381
vt 0.112284 0.968064
vt 0.112584 0.975187
vt 0.120185 0.962079
vt 0.115337 0.976324
vt 0.130660 0.951425
vt 0.141135 0.933289
vt 0.135807 0.968244
vt 0.144965 0.953999
vt 0.869792 0.104444
vt 0.856863 0.124256
vt 0.856863 0.082058
vt 0.822726 0.828665
vt 0.806086 0.853684
vt 0.821828 0.827827
vt 0.847326 0.824775
vt 0.852354 0.815677
vt 0.854030 0.816275
vt 0.854150 0.808913
vt 0.811772 0.816275
vt 0.852175 0.799935
vt 0.814286 0.802628
vt 0.837570 0.795505
vt 0.812012 0.792154
vt 0.849780 0.794308
vt 0.852953 0.797660
vt 0.851277 0.792453
vt 0.824941 0.788862
vt 0.819374 0.786707
vt 0.806086 0.790777
vt 0.812910 0.780063
vt 0.817159 0.778806
vt 0.810515 0.776591
vt 0.828592 0.786587
vt 0.813448 0.771324
vt 0.844992 0.787485
vt 0.819913 0.775873
vt 0.820511 0.773718
vt 0.843855 0.772162
vt 0.845231 0.784492
vt 0.859477 0.786168
vt 0.862889 0.788383
vt 0.861033 0.784073
vt 0.850080 0.780422
vt 0.861273 0.781859
vt 0.848164 0.769469
vt 0.841101 0.768930
vt 0.847087 0.763483
vt 0.813927 0.767673
vt 0.736092 0.806559
vt 0.736332 0.821763
vt 0.722385 0.790159
vt 0.722385 0.826072
vt 0.722060 0.918532
vt 0.734031 0.948399
vt 0.722060 0.959532
vt 0.044171 0.834191
vt 0.081759 0.822639
vt 0.070866 0.831198
vt 0.050934 0.851788
vt 0.070447 0.840176
vt 0.080502 0.846521
vt 0.053388 0.857893
vt 0.072123 0.854122
vt 0.054166 0.861425
vt 0.099357 0.839518
vt 0.080143 0.862562
vt 0.077450 0.869924
vt 0.103547 0.857414
vt 0.046265 0.872258
vt 0.078467 0.874473
vt 0.046445 0.876508
vt 0.044171 0.880039
vt 0.074816 0.880099
vt 0.097202 0.902006
vt 0.460207 0.054699
vt 0.460207 0.087439
vt 0.457155 0.055058
vt 0.449852 0.065532
vt 0.446560 0.086063
vt 0.447877 0.067987
vt 0.444525 0.053921
vt 0.448775 0.057093
vt 0.446560 0.053502
vt 0.078235 0.207093
vt 0.068060 0.192130
vt 0.076619 0.197457
vt 0.072489 0.193925
vt 0.075602 0.190274
vt 0.078235 0.186324
vt 0.072968 0.189496
vt 0.960370 0.501533
vt 0.958694 0.487706
vt 0.967133 0.483337
vt 0.962584 0.481840
vt 0.944149 0.490759
vt 0.946304 0.477770
vt 0.964200 0.478309
vt 0.963003 0.474538
vt 0.951272 0.475675
vt 0.969707 0.477291
vt 0.976770 0.485970
vt 0.971503 0.503927
vt 0.977847 0.487048
vt 0.980241 0.486808
vt 0.971203 0.475017
vt 0.966176 0.470468
vt 0.962105 0.470767
vt 0.966295 0.460472
vt 0.944149 0.457300
vt 0.948159 0.466817
vt 0.953426 0.471246
vt 0.944388 0.470049
s 1
usemtl Material
f 4448/6443 4453/6444 4420/6445
f 4420/6445 4453/6444 4423/6446
f 4448/6443 4420/6445 4538/6447
f 4603/6448 4596/6449 4538/6447
f 4603/6448 4538/6447 4552/6450
f 4538/6447 4420/6445 4417/6451
f 4538/6447 4417/6451 4552/6450
f 4417/6451 4420/6445 4423/6446
f 4552/6450 4417/6451 4408/6452
f 4408/6452 4417/6451 4411/6453
f 4411/6453 4417/6451 4412/6454
f 4412/6454 4417/6451 4428/6455
f 4428/6455 4417/6451 4423/6446
f 4428/6455 4423/6446 4427/6456
f 4428/6455 4427/6456 4429/6457
f 4453/6458 4448/6459 4456/6460
f 4453/6458 4456/6460 4458/6461
f 4456/6460 4448/6459 4461/6462
f 4461/6462 4448/6459 4538/6463
f 4596/6464 4583/6465 4538/6463
f 4538/6463 4583/6465 4461/6462
f 4461/6462 4583/6465 4396/6466
f 4456/6460 4461/6462 4470/6467
f 4456/6460 4470/6467 4458/6461
f 4461/6462 4396/6466 4477/6468
f 4461/6462 4477/6468 4470/6467
f 4477/6468 4396/6466 4489/6469
f 4470/6467 4477/6468 4483/6470
f 4483/6470 4477/6468 4489/6469
f 4458/6461 4470/6467 4479/6471
f 4470/6467 4483/6470 4493/6472
f 4470/6467 4493/6472 4479/6471
f 4483/6470 4489/6469 4505/6473
f 4483/6470 4505/6473 4493/6472
f 4498/6474 4489/6469 4396/6466
f 4489/6469 4498/6474 4505/6473
f 4498/6474 4396/6466 4510/6475
f 4510/6475 4396/6466 4518/6476
f 4505/6473 4498/6474 4504/6477
f 4510/6475 4518/6476 4512/6478
f 4510/6475 4512/6478 4498/6474
f 4498/6474 4512/6478 4504/6477
f 4512/6478 4518/6476 4513/6479
f 4512/6478 4513/6479 4504/6477
f 4504/6477 4513/6479 4505/6473
f 4505/6473 4513/6479 4493/6472
f 4493/6472 4513/6479 4517/6480
f 4493/6472 4517/6480 4502/6481
f 4502/6481 4517/6480 4514/6482
f 4493/6472 4502/6481 4484/6483
f 4493/6472 4484/6483 4479/6471
f 4502/6481 4514/6482 4515/6484
f 4515/6484 4514/6482 4523/6485
f 4515/6484 4523/6485 4521/6486
f 4515/6484 4521/6486 4516/6487
f 4502/6481 4515/6484 4497/6488
f 4502/6481 4497/6488 4484/6483
f 4497/6488 4515/6484 4516/6487
f 4473/6489 4479/6471 4484/6483
f 4479/6471 4473/6489 4458/6461
f 4458/6461 4473/6489 4457/6490
f 4458/6461 4457/6490 4464/6491
f 4473/6489 4484/6483 4478/6492
f 4473/6489 4478/6492 4457/6490
f 4478/6492 4484/6483 4497/6488
f 4457/6490 4478/6492 4464/6491
f 4478/6492 4497/6488 4487/6493
f 4478/6492 4487/6493 4464/6491
f 4487/6493 4497/6488 4516/6487
f 4464/6491 4487/6493 4465/6494
f 4465/6494 4487/6493 4472/6495
f 4465/6494 4472/6495 4459/6496
f 4487/6493 4516/6487 4507/6497
f 4472/6495 4487/6493 4481/6498
f 4481/6498 4487/6493 4507/6497
f 4472/6495 4481/6498 4459/6496
f 4507/6497 4516/6487 4509/6499
f 4507/6497 4509/6499 4481/6498
f 4509/6499 4516/6487 4522/6500
f 4509/6499 4522/6500 4496/6501
f 4509/6499 4496/6501 4486/6502
f 4509/6499 4486/6502 4481/6498
f 4486/6502 4496/6501 4485/6503
f 4486/6502 4485/6503 4476/6504
f 4481/6498 4486/6502 4467/6505
f 4467/6505 4486/6502 4476/6504
f 4481/6498 4467/6505 4459/6496
f 4467/6505 4476/6504 4452/6506
f 4467/6505 4452/6506 4459/6496
f 4452/6506 4476/6504 4466/6507
f 4466/6507 4476/6504 4475/6508
f 4466/6507 4475/6508 4474/6509
f 4459/6496 4452/6506 4437/6510
f 4459/6496 4437/6510 4440/6511
f 4428/6512 4429/6513 4440/6511
f 4428/6512 4440/6511 4412/6514
f 4412/6514 4440/6511 4437/6510
f 4466/6507 4474/6509 4460/6515
f 4460/6515 4474/6509 4469/6516
f 4460/6515 4469/6516 4439/6517
f 4466/6507 4460/6515 4445/6518
f 4466/6507 4445/6518 4452/6506
f 4445/6518 4460/6515 4439/6517
f 4438/6519 4437/6510 4452/6506
f 4437/6510 4438/6519 4412/6514
f 4438/6519 4452/6506 4445/6518
f 4412/6514 4438/6519 4431/6520
f 4431/6520 4438/6519 4445/6518
f 4412/6514 4431/6520 4411/6521
f 4431/6520 4445/6518 4436/6522
f 4411/6521 4431/6520 4419/6523
f 4419/6523 4431/6520 4436/6522
f 4411/6521 4419/6523 4408/6524
f 4436/6522 4445/6518 4403/6525
f 4436/6522 4403/6525 4419/6523
f 4403/6525 4445/6518 4439/6517
f 4408/6524 4419/6523 4547/6526
f 4547/6526 4419/6523 4403/6525
f 4408/6524 4547/6526 4552/6527
f 4552/6527 4547/6526 4544/6528
f 4552/6527 4544/6528 4554/6529
f 4554/6529 4544/6528 4543/6530
f 4543/6530 4544/6528 4547/6526
f 4547/6526 4403/6525 4556/6531
f 4547/6526 4556/6531 4543/6530
f 4389/6532 4403/6525 4439/6517
f 4403/6525 4389/6532 4556/6531
f 4389/6532 4439/6517 4407/6533
f 4407/6533 4439/6517 4432/6534
f 4389/6532 4407/6533 4392/6535
f 4389/6532 4392/6535 4556/6531
f 4392/6535 4407/6533 4432/6534
f 4559/6536 4543/6530 4556/6531
f 4559/6536 4556/6531 4392/6535
f 4543/6530 4559/6536 4551/6537
f 4551/6537 4559/6536 4539/6538
f 4539/6538 4559/6536 4392/6535
f 4551/6537 4539/6538 4398/6539
f 4392/6535 4432/6534 4400/6540
f 4392/6535 4400/6540 4539/6538
f 4539/6538 4400/6540 4398/6539
f 4400/6540 4432/6534 4426/6541
f 4400/6540 4426/6541 4398/6539
f 4398/6539 4426/6541 4433/6542
f 4603/6543 4552/6544 4605/6545
f 4605/6545 4552/6544 4581/6546
f 4581/6546 4552/6544 4554/6547
f 4581/6546 4554/6547 4557/6548
f 4557/6548 4554/6547 4543/6549
f 4581/6546 4557/6548 4591/6550
f 4605/6545 4581/6546 4609/6551
f 4609/6551 4581/6546 4591/6550
f 4612/6552 4590/6553 4605/6545
f 4612/6552 4605/6545 4609/6551
f 4612/6552 4609/6551 4629/6554
f 4629/6554 4609/6551 4621/6555
f 4621/6555 4609/6551 4606/6556
f 4609/6551 4591/6550 4595/6557
f 4595/6557 4591/6550 4576/6558
f 4595/6557 4576/6558 4580/6559
f 4580/6559 4576/6558 4558/6560
f 4609/6551 4595/6557 4608/6561
f 4608/6561 4595/6557 4580/6559
f 4609/6551 4608/6561 4606/6556
f 4608/6561 4580/6559 4572/6562
f 4608/6561 4572/6562 4606/6556
f 4606/6556 4572/6562 4597/6563
f 4605/6564 4590/6565 4598/6566
f 4598/6566 4590/6565 4579/6567
f 4612/6568 4604/6569 4590/6565
f 4590/6565 4604/6569 4594/6570
f 4594/6570 4604/6569 4622/6571
f 4590/6565 4594/6570 4575/6572
f 4590/6565 4575/6572 4579/6567
f 4575/6572 4594/6570 4571/6573
f 4571/6573 4594/6570 4654/6574
f 4579/6567 4575/6572 4567/6575
f 4567/6575 4575/6572 4571/6573
f 4571/6573 4654/6574 4564/6576
f 4571/6573 4564/6576 4567/6575
f 4564/6576 4654/6574 4618/6577
f 4567/6575 4564/6576 4562/6578
f 4562/6578 4564/6576 4549/6579
f 4562/6578 4549/6579 4541/6580
f 4567/6575 4562/6578 4565/6581
f 4567/6575 4565/6581 4579/6567
f 4562/6578 4541/6580 4555/6582
f 4562/6578 4555/6582 4565/6581
f 4555/6582 4541/6580 4536/6583
f 4565/6581 4555/6582 4563/6584
f 4579/6567 4565/6581 4568/6585
f 4568/6585 4565/6581 4563/6584
f 4579/6567 4568/6585 4583/6586
f 4583/6586 4568/6585 4396/6587
f 4396/6587 4568/6585 4563/6584
f 4396/6587 4563/6584 4555/6582
f 4396/6587 4555/6582 4536/6583
f 4396/6587 4536/6583 4397/6588
f 4665/6589 4622/6590 4629/6591
f 4665/6589 4629/6591 4667/6592
f 4622/6590 4665/6589 4662/6593
f 4622/6590 4662/6593 4594/6594
f 4594/6594 4662/6593 4654/6595
f 4665/6596 4667/6597 4664/6598
f 4665/6596 4664/6598 4662/6599
f 4662/6599 4664/6598 4663/6600
f 4662/6599 4663/6600 4654/6601
f 4549/6602 4564/6603 4618/6604
f 4584/6605 4618/6604 4650/6606
f 4618/6604 4584/6605 4592/6607
f 4549/6602 4618/6604 4388/6608
f 4549/6602 4388/6608 4541/6609
f 4618/6604 4592/6607 4402/6610
f 4618/6604 4402/6610 4388/6608
f 4402/6610 4592/6607 4553/6611
f 4402/6610 4553/6611 4405/6612
f 4388/6608 4402/6610 4395/6613
f 4388/6608 4395/6613 4541/6609
f 4395/6613 4402/6610 4405/6612
f 4541/6609 4395/6613 4536/6614
f 4536/6614 4395/6613 4397/6615
f 4397/6615 4395/6613 4405/6612
f 4397/6615 4405/6612 4406/6616
f 4397/6617 4406/6618 4415/6619
f 4397/6617 4415/6619 4451/6620
f 4397/6617 4451/6620 4396/6621
f 4451/6620 4415/6619 4430/6622
f 4396/6621 4451/6620 4518/6623
f 4451/6620 4430/6622 4446/6624
f 4446/6624 4430/6622 4418/6625
f 4518/6623 4451/6620 4511/6626
f 4518/6623 4511/6626 4524/6627
f 4451/6620 4446/6624 4492/6628
f 4451/6620 4492/6628 4511/6626
f 4446/6624 4418/6625 4471/6629
f 4446/6624 4471/6629 4492/6628
f 4518/6623 4524/6627 4525/6630
f 4518/6623 4525/6630 4513/6631
f 4513/6631 4525/6630 4526/6632
f 4526/6632 4525/6630 4533/6633
f 4525/6630 4524/6627 4532/6634
f 4525/6630 4532/6634 4533/6633
f 4532/6634 4524/6627 4511/6626
f 4532/6634 4511/6626 4492/6628
f 4532/6634 4492/6628 4533/6633
f 4533/6633 4492/6628 4499/6635
f 4499/6635 4492/6628 4501/6636
f 4499/6635 4501/6636 4508/6637
f 4508/6637 4501/6636 4506/6638
f 4506/6638 4501/6636 4500/6639
f 4501/6636 4492/6628 4494/6640
f 4501/6636 4494/6640 4500/6639
f 4494/6640 4492/6628 4471/6629
f 4500/6639 4494/6640 4490/6641
f 4500/6639 4490/6641 4488/6642
f 4488/6642 4490/6641 4495/6643
f 4490/6641 4494/6640 4491/6644
f 4490/6641 4491/6644 4495/6643
f 4495/6643 4491/6644 4482/6645
f 4495/6643 4482/6645 4480/6646
f 4482/6645 4491/6644 4469/6647
f 4482/6645 4469/6647 4474/6648
f 4491/6644 4494/6640 4463/6649
f 4491/6644 4463/6649 4469/6647
f 4463/6649 4494/6640 4471/6629
f 4469/6647 4463/6649 4439/6650
f 4439/6650 4463/6649 4432/6651
f 4463/6649 4471/6629 4462/6652
f 4462/6652 4471/6629 4468/6653
f 4468/6653 4471/6629 4441/6654
f 4468/6653 4441/6654 4435/6655
f 4441/6654 4471/6629 4418/6625
f 4435/6655 4441/6654 4421/6656
f 4421/6656 4441/6654 4418/6625
f 4421/6656 4418/6625 4409/6657
f 4421/6656 4409/6657 4414/6658
f 4584/6659 4650/6660 4585/6661
f 4585/6661 4650/6660 4589/6662
f 4589/6662 4650/6660 4644/6663
f 4644/6663 4650/6660 4671/6664
f 4589/6662 4644/6663 4642/6665
f 4589/6662 4642/6665 4630/6666
f 4589/6662 4630/6666 4593/6667
f 4593/6667 4630/6666 4574/6668
f 4574/6668 4630/6666 4611/6669
f 4642/6665 4644/6663 4645/6670
f 4642/6665 4645/6670 4630/6666
f 4645/6670 4644/6663 4646/6671
f 4646/6671 4644/6663 4660/6672
f 4630/6666 4645/6670 4635/6673
f 4635/6673 4645/6670 4646/6671
f 4646/6671 4660/6672 4636/6674
f 4646/6671 4636/6674 4635/6673
f 4636/6674 4660/6672 4658/6675
f 4636/6674 4658/6675 4651/6676
f 4651/6676 4658/6675 4666/6677
f 4651/6676 4666/6677 4661/6678
f 4651/6676 4661/6678 4636/6674
f 4636/6674 4661/6678 4635/6673
f 4635/6673 4661/6678 4634/6679
f 4635/6673 4634/6679 4630/6666
f 4634/6679 4661/6678 4659/6680
f 4634/6679 4659/6680 4643/6681
f 4634/6679 4643/6681 4633/6682
f 4634/6679 4633/6682 4630/6666
f 4630/6666 4633/6682 4611/6669
f 4611/6669 4633/6682 4625/6683
f 4611/6669 4625/6683 4615/6684
f 4625/6683 4633/6682 4632/6685
f 4632/6685 4633/6682 4627/6686
f 4650/6687 4618/6688 4652/6689
f 4652/6689 4618/6688 4654/6690
f 4650/6687 4652/6689 4671/6691
f 4671/6691 4652/6689 4672/6692
f 4652/6693 4654/6694 4670/6695
f 4652/6696 4670/6697 4672/6698
f 4661/6699 4666/6700 4673/6701
f 4673/6701 4666/6700 4674/6702
f 4673/6701 4674/6702 4676/6703
f 4673/6701 4676/6703 4661/6699
f 4676/6703 4674/6702 4677/6704
f 4676/6703 4677/6704 4675/6705
f 4675/6705 4677/6704 4668/6706
f 4661/6699 4676/6703 4669/6707
f 4669/6707 4676/6703 4675/6705
f 4669/6707 4675/6705 4668/6706
f 4661/6699 4669/6707 4659/6708
f 4669/6707 4668/6706 4657/6709
f 4669/6707 4657/6709 4659/6708
f 4657/6709 4668/6706 4647/6710
f 4659/6708 4657/6709 4638/6711
f 4668/6712 4677/6713 4653/6714
f 4668/6712 4653/6714 4647/6715
f 4647/6715 4653/6714 4631/6716
f 4631/6716 4653/6714 4649/6717
f 4631/6716 4649/6717 4639/6718
f 4631/6716 4639/6718 4624/6719
f 4639/6718 4649/6717 4648/6720
f 4648/6720 4649/6717 4637/6721
f 4639/6718 4648/6720 4656/6722
f 4656/6722 4648/6720 4637/6721
f 4639/6718 4656/6722 4628/6723
f 4628/6723 4656/6722 4640/6724
f 4640/6724 4656/6722 4655/6725
f 4655/6725 4656/6722 4637/6721
f 4640/6724 4655/6725 4641/6726
f 4641/6726 4655/6725 4637/6721
f 4641/6726 4637/6721 4606/6727
f 4641/6726 4606/6727 4597/6728
f 4657/6729 4647/6730 4623/6731
f 4623/6731 4647/6730 4619/6732
f 4619/6732 4647/6730 4631/6733
f 4619/6732 4631/6733 4624/6734
f 4619/6732 4624/6734 4626/6735
f 4626/6735 4624/6734 4628/6736
f 4628/6736 4624/6734 4639/6737
f 4626/6735 4628/6736 4620/6738
f 4638/6739 4657/6740 4623/6741
f 4638/6739 4623/6741 4627/6742
f 4638/6739 4627/6742 4643/6743
f 4638/6739 4643/6743 4659/6744
f 4643/6743 4627/6742 4633/6745
f 4627/6742 4623/6741 4616/6746
f 4616/6746 4623/6741 4607/6747
f 4607/6747 4623/6741 4619/6748
f 4616/6746 4607/6747 4599/6749
f 4616/6746 4599/6749 4615/6750
f 4607/6747 4619/6748 4586/6751
f 4607/6747 4586/6751 4599/6749
f 4586/6751 4619/6748 4620/6752
f 4620/6752 4619/6748 4626/6753
f 4615/6750 4599/6749 4573/6754
f 4615/6750 4573/6754 4611/6755
f 4611/6755 4573/6754 4574/6756
f 4573/6754 4599/6749 4578/6757
f 4573/6754 4578/6757 4574/6756
f 4578/6757 4599/6749 4582/6758
f 4578/6757 4582/6758 4574/6756
f 4582/6758 4599/6749 4586/6751
f 4574/6756 4582/6758 4593/6759
f 4582/6758 4586/6751 4602/6760
f 4582/6758 4602/6760 4593/6759
f 4602/6760 4586/6751 4620/6752
f 4593/6759 4602/6760 4587/6761
f 4602/6760 4620/6752 4614/6762
f 4602/6760 4614/6762 4587/6761
f 4614/6762 4620/6752 4628/6763
f 4587/6761 4614/6762 4610/6764
f 4614/6762 4628/6763 4617/6765
f 4614/6762 4617/6765 4610/6764
f 4628/6766 4640/6767 4617/6768
f 4617/6769 4640/6770 4613/6771
f 4617/6769 4613/6771 4610/6772
f 4610/6772 4613/6771 4588/6773
f 4610/6772 4588/6773 4601/6774
f 4601/6774 4588/6773 4569/6775
f 4588/6773 4613/6771 4600/6776
f 4569/6775 4588/6773 4546/6777
f 4546/6777 4588/6773 4600/6776
f 4546/6777 4600/6776 4560/6778
f 4546/6777 4560/6778 4391/6779
f 4391/6779 4560/6778 4561/6780
f 4546/6777 4391/6779 4401/6781
f 4546/6777 4401/6781 4537/6782
f 4537/6782 4401/6781 4404/6783
f 4404/6783 4401/6781 4391/6779
f 4391/6779 4561/6780 4545/6784
f 4545/6784 4561/6780 4542/6785
f 4542/6785 4561/6780 4548/6786
f 4542/6785 4548/6786 4416/6787
f 4542/6785 4416/6787 4410/6788
f 4542/6785 4410/6788 4545/6784
f 4410/6788 4416/6787 4425/6789
f 4391/6779 4545/6784 4540/6790
f 4540/6790 4545/6784 4410/6788
f 4410/6788 4425/6789 4433/6791
f 4391/6779 4540/6790 4394/6792
f 4391/6779 4394/6792 4404/6783
f 4540/6790 4410/6788 4424/6793
f 4424/6793 4410/6788 4433/6791
f 4424/6793 4433/6791 4434/6794
f 4540/6790 4424/6793 4443/6795
f 4443/6795 4424/6793 4434/6794
f 4394/6792 4540/6790 4399/6796
f 4399/6796 4540/6790 4443/6795
f 4413/6797 4404/6783 4394/6792
f 4413/6797 4394/6792 4399/6796
f 4404/6783 4413/6797 4414/6798
f 4414/6798 4413/6797 4421/6799
f 4421/6799 4413/6797 4399/6796
f 4421/6799 4399/6796 4422/6800
f 4422/6800 4399/6796 4443/6795
f 4421/6799 4422/6800 4435/6801
f 4422/6800 4443/6795 4454/6802
f 4454/6802 4443/6795 4447/6803
f 4447/6803 4443/6795 4434/6794
f 4447/6803 4434/6794 4433/6791
f 4454/6802 4447/6803 4455/6804
f 4455/6804 4447/6803 4433/6791
f 4455/6804 4433/6791 4426/6805
f 4640/6806 4641/6807 4600/6808
f 4600/6808 4641/6807 4597/6809
f 4640/6810 4600/6811 4613/6812
f 4600/6813 4597/6814 4577/6815
f 4600/6813 4577/6815 4560/6816
f 4577/6815 4597/6814 4570/6817
f 4577/6815 4570/6817 4560/6816
f 4570/6817 4597/6814 4572/6818
f 4560/6816 4570/6817 4561/6819
f 4561/6819 4570/6817 4572/6818
f 4561/6819 4572/6818 4566/6820
f 4561/6819 4566/6820 4548/6821
f 4566/6820 4572/6818 4580/6822
f 4548/6821 4566/6820 4550/6823
f 4550/6823 4566/6820 4580/6822
f 4548/6821 4550/6823 4390/6824
f 4390/6824 4550/6823 4580/6822
f 4390/6824 4580/6822 4558/6825
f 4548/6821 4390/6824 4416/6826
f 4390/6824 4558/6825 4393/6827
f 4390/6824 4393/6827 4416/6826
f 4416/6826 4393/6827 4425/6828
f 4425/6828 4393/6827 4433/6829
f 4433/6829 4393/6827 4398/6830
f 4398/6830 4393/6827 4551/6831
f 4455/6832 4426/6833 4449/6834
f 4449/6834 4426/6833 4444/6835
f 4444/6835 4426/6833 4432/6836
f 4444/6835 4432/6836 4442/6837
f 4442/6837 4432/6836 4463/6838
f 4449/6834 4444/6835 4450/6839
f 4450/6839 4444/6835 4442/6837
f 4450/6839 4442/6837 4463/6838
f 4449/6834 4450/6839 4462/6840
f 4462/6840 4450/6839 4463/6838
f 4482/6841 4474/6842 4480/6843
f 4480/6843 4474/6842 4475/6844
f 4480/6843 4475/6844 4485/6845
f 4480/6843 4485/6845 4496/6846
f 4485/6845 4475/6844 4476/6847
f 4496/6848 4522/6849 4520/6850
f 4520/6850 4522/6849 4528/6851
f 4528/6851 4522/6849 4516/6852
f 4528/6851 4516/6852 4521/6853
f 4520/6850 4528/6851 4529/6854
f 4528/6851 4521/6853 4530/6855
f 4528/6851 4530/6855 4529/6854
f 4530/6855 4521/6853 4523/6856
f 4520/6850 4529/6854 4531/6857
f 4531/6857 4529/6854 4530/6855
f 4503/6858 4496/6848 4520/6850
f 4503/6858 4520/6850 4531/6857
f 4496/6848 4503/6858 4480/6859
f 4480/6859 4503/6858 4495/6860
f 4495/6860 4503/6858 4488/6861
f 4503/6858 4531/6857 4535/6862
f 4535/6862 4531/6857 4530/6855
f 4535/6862 4530/6855 4534/6863
f 4534/6863 4530/6855 4527/6864
f 4527/6864 4530/6855 4523/6856
f 4534/6863 4527/6864 4526/6865
f 4526/6865 4527/6864 4513/6866
f 4513/6866 4527/6864 4517/6867
f 4527/6864 4523/6856 4519/6868
f 4527/6864 4519/6868 4517/6867
f 4519/6868 4523/6856 4514/6869
f 4519/6868 4514/6869 4517/6867
o tripo_part_8
v 0.309786 0.012983 0.389151
v 0.309906 0.017021 0.388593
v 0.312263 0.011831 0.376620
v 0.312542 0.016196 0.390086
v 0.312654 0.016026 0.375912
v 0.312666 0.004589 0.394465
v 0.312809 0.013029 0.388680
v 0.313525 0.012075 0.390603
v 0.315963 0.009563 0.378069
v 0.315989 0.007650 0.377101
v 0.316070 0.005486 0.391275
v 0.316602 0.000000 0.381885
v 0.318583 0.005457 0.378993
v 0.319981 0.005889 0.364908
v 0.302498 0.016767 0.372604
v 0.302493 0.012918 0.373466
v 0.301786 0.010332 0.372280
v 0.300194 0.002371 0.377324
v 0.299826 0.014060 0.385727
v 0.298782 0.016918 0.384950
v 0.298074 0.006113 0.389834
vt 0.023775 0.216620
vt 0.020840 0.215678
vt 0.024581 0.210520
vt 0.019765 0.216519
vt 0.020120 0.215358
vt 0.020319 0.214258
vt 0.017294 0.218598
vt 0.018808 0.214217
vt 0.020651 0.209760
vt 0.019273 0.209525
vt 0.018787 0.204184
vt 0.020232 0.204539
vt 0.017294 0.200328
vt 0.021621 0.203787
vt 0.025747 0.205069
vt 0.032215 0.206068
vt 0.483823 0.222426
vt 0.486719 0.222493
vt 0.485379 0.225209
vt 0.491111 0.229609
vt 0.489958 0.215700
vt 0.488597 0.233110
vt 0.501061 0.238572
vt 0.503927 0.233432
vt 0.489794 0.235295
vt 0.485290 0.236312
vt 0.489307 0.236993
vt 0.492240 0.238924
vt 0.500530 0.240959
vt 0.493557 0.242298
vt 0.486689 0.246188
vt 0.485424 0.245163
vt 0.483793 0.246211
s 1
usemtl Material
f 4683/6870 4685/6871 4698/6872
f 4681/6873 4684/6874 4685/6871
f 4685/6871 4684/6874 4678/6875
f 4685/6871 4678/6875 4698/6872
f 4682/6876 4679/6877 4678/6875
f 4678/6875 4679/6877 4696/6878
f 4678/6875 4696/6878 4698/6872
f 4696/6878 4679/6877 4697/6879
f 4696/6878 4697/6879 4692/6880
f 4696/6878 4692/6880 4693/6881
f 4696/6878 4693/6881 4698/6872
f 4693/6881 4692/6880 4682/6882
f 4698/6872 4693/6881 4694/6883
f 4698/6872 4694/6883 4695/6884
f 4698/6872 4695/6884 4689/6885
f 4685/6886 4683/6887 4688/6888
f 4688/6888 4683/6887 4689/6889
f 4689/6889 4683/6887 4698/6890
f 4688/6888 4689/6889 4690/6891
f 4690/6891 4689/6889 4694/6892
f 4694/6892 4689/6889 4695/6893
f 4690/6891 4694/6892 4687/6894
f 4690/6891 4687/6894 4691/6895
f 4691/6895 4687/6894 4686/6896
f 4687/6894 4694/6892 4680/6897
f 4687/6894 4680/6897 4686/6896
f 4680/6897 4694/6892 4693/6898
f 4680/6897 4693/6898 4682/6899
f 4680/6897 4682/6899 4678/6900
f 4680/6897 4678/6900 4686/6896
f 4686/6896 4678/6900 4684/6901
f 4686/6896 4684/6901 4681/6902
